label,n_nodes,n_sos,station,route_expiry,branch,seed,pdr,delivered_sources,delivered_after_recovery,latency_p50_s,latency_p95_s,transmissions,beacon_transmissions,dropped_no_route,dropped_duplicate,dropped_ttl,collisions,copies_per_sos
SIM-UNCALIBRATED,50,5,always_up,on,A_always_up_expiry_on,0,1.0,5,5,70.378912,71.023482,1612,1564,4,352,0,8,8.6
SIM-UNCALIBRATED,50,5,always_up,on,A_always_up_expiry_on,1,1.0,5,5,70.729627,71.017700,1834,1781,0,288,0,5,9.6
SIM-UNCALIBRATED,50,5,always_up,on,A_always_up_expiry_on,2,0.8,4,4,70.316010,70.974263,1817,1768,0,267,0,3,8.8
SIM-UNCALIBRATED,50,5,always_up,on,A_always_up_expiry_on,3,0.8,4,4,70.494234,70.767002,1663,1624,0,217,0,77,7.0
SIM-UNCALIBRATED,50,5,always_up,on,A_always_up_expiry_on,4,1.0,5,5,70.666542,70.779409,1724,1678,4,277,0,64,8.2
SIM-UNCALIBRATED,50,5,always_up,on,A_always_up_expiry_on,5,0.6,3,3,70.441074,70.547282,1140,1116,19,86,0,68,3.8
SIM-UNCALIBRATED,50,5,always_up,on,A_always_up_expiry_on,6,1.0,5,5,70.624811,71.016534,1676,1634,5,218,0,6,7.6
SIM-UNCALIBRATED,50,5,always_up,on,A_always_up_expiry_on,7,0.8,4,4,70.000000,70.649092,1507,1473,5,171,0,10,5.8
SIM-UNCALIBRATED,50,5,always_up,on,A_always_up_expiry_on,8,0.6,3,3,70.020450,70.489427,1523,1486,9,269,0,72,6.4
SIM-UNCALIBRATED,50,5,always_up,on,A_always_up_expiry_on,9,1.0,5,5,70.495659,70.724156,1338,1298,12,193,0,75,7.0
SIM-UNCALIBRATED,50,5,always_up,on,A_always_up_expiry_on,10,1.0,5,5,70.882580,71.029575,1760,1704,3,472,0,72,10.4
SIM-UNCALIBRATED,50,5,always_up,on,A_always_up_expiry_on,11,1.0,5,5,70.729213,70.809944,1778,1737,1,214,0,142,7.2
SIM-UNCALIBRATED,50,5,always_up,on,A_always_up_expiry_on,12,0.6,3,3,70.710789,70.812898,1774,1732,1,256,0,3,7.4
SIM-UNCALIBRATED,50,5,always_up,on,A_always_up_expiry_on,13,0.8,4,4,70.055556,70.313215,316,299,31,49,0,3,2.4
SIM-UNCALIBRATED,50,5,always_up,on,A_always_up_expiry_on,14,0.4,2,2,70.000000,70.000000,393,375,42,74,0,5,2.6
SIM-UNCALIBRATED,50,5,always_up,on,A_always_up_expiry_on,15,0.8,4,4,70.192213,70.533616,1495,1463,5,157,0,143,5.4
SIM-UNCALIBRATED,50,5,always_up,on,A_always_up_expiry_on,16,0.8,4,4,70.000000,70.597360,1344,1305,6,156,0,132,6.8
SIM-UNCALIBRATED,50,5,always_up,on,A_always_up_expiry_on,17,0.8,4,4,70.274055,70.538410,1255,1222,10,147,0,6,5.6
SIM-UNCALIBRATED,50,5,always_up,on,A_always_up_expiry_on,18,1.0,5,5,70.225305,70.912982,1595,1552,6,288,0,12,7.6
SIM-UNCALIBRATED,50,5,always_up,on,A_always_up_expiry_on,19,1.0,5,5,70.724780,70.968543,1461,1411,9,303,0,4,9.0
SIM-UNCALIBRATED,50,5,always_up,on,A_always_up_expiry_on,20,0.6,3,3,70.000000,70.285178,843,821,12,109,0,8,3.4
SIM-UNCALIBRATED,50,5,always_up,on,A_always_up_expiry_on,21,0.8,4,4,70.606949,70.897662,1540,1499,2,163,0,1,7.2
SIM-UNCALIBRATED,50,5,always_up,on,A_always_up_expiry_on,22,1.0,5,5,70.648280,70.729129,1128,1087,15,243,0,8,7.2
SIM-UNCALIBRATED,50,5,always_up,on,A_always_up_expiry_on,23,0.6,3,3,70.422903,70.491632,1076,1048,24,143,0,10,4.6
SIM-UNCALIBRATED,50,5,always_up,on,A_always_up_expiry_on,24,1.0,5,5,70.538463,70.669175,1403,1362,15,197,0,70,7.2
SIM-UNCALIBRATED,50,5,always_up,on,A_always_up_expiry_on,25,1.0,5,5,70.527184,70.943585,1461,1415,11,333,0,6,8.4
SIM-UNCALIBRATED,50,5,always_up,on,A_always_up_expiry_on,26,0.8,4,4,70.176141,70.339897,539,516,20,90,0,2,3.6
SIM-UNCALIBRATED,50,5,always_up,on,A_always_up_expiry_on,27,1.0,5,5,70.767388,70.871506,1795,1746,2,248,0,6,8.8
SIM-UNCALIBRATED,50,5,always_up,on,A_always_up_expiry_on,28,0.8,4,4,70.111012,70.643076,1911,1875,0,172,0,71,6.4
SIM-UNCALIBRATED,50,5,always_up,on,A_always_up_expiry_on,29,0.8,4,4,70.409826,70.584036,1044,1010,20,191,0,12,5.8
SIM-UNCALIBRATED,50,5,always_up,off,B_always_up_expiry_off,0,0.8,4,4,70.190375,70.691586,1608,1564,0,306,0,5,7.8
SIM-UNCALIBRATED,50,5,always_up,off,B_always_up_expiry_off,1,1.0,5,5,70.729627,71.057700,1838,1782,0,300,0,6,10.2
SIM-UNCALIBRATED,50,5,always_up,off,B_always_up_expiry_off,2,0.8,4,4,70.316010,70.954263,1817,1768,0,256,0,3,8.8
SIM-UNCALIBRATED,50,5,always_up,off,B_always_up_expiry_off,3,0.8,4,4,70.494234,70.767002,1663,1624,0,217,0,77,7.0
SIM-UNCALIBRATED,50,5,always_up,off,B_always_up_expiry_off,4,1.0,5,5,70.702142,70.799409,1728,1678,0,281,0,65,9.0
SIM-UNCALIBRATED,50,5,always_up,off,B_always_up_expiry_off,5,1.0,5,5,70.848431,70.927282,1162,1115,0,189,0,68,8.4
SIM-UNCALIBRATED,50,5,always_up,off,B_always_up_expiry_off,6,1.0,5,5,70.644811,70.900282,1675,1636,0,171,0,6,6.8
SIM-UNCALIBRATED,50,5,always_up,off,B_always_up_expiry_off,7,1.0,5,5,70.424539,70.749092,1511,1473,0,195,0,4,6.6
SIM-UNCALIBRATED,50,5,always_up,off,B_always_up_expiry_off,8,0.8,4,4,70.020450,70.704702,1525,1486,1,246,0,72,6.8
SIM-UNCALIBRATED,50,5,always_up,off,B_always_up_expiry_off,9,1.0,5,5,70.595659,70.884156,1351,1300,0,248,0,77,9.2
SIM-UNCALIBRATED,50,5,always_up,off,B_always_up_expiry_off,10,0.8,4,4,70.721773,70.969575,1761,1704,0,456,0,73,10.4
SIM-UNCALIBRATED,50,5,always_up,off,B_always_up_expiry_off,11,1.0,5,5,70.729213,70.829944,1778,1737,0,218,0,142,7.2
SIM-UNCALIBRATED,50,5,always_up,off,B_always_up_expiry_off,12,0.6,3,3,70.710789,70.812898,1776,1732,1,269,0,3,7.8
SIM-UNCALIBRATED,50,5,always_up,off,B_always_up_expiry_off,13,1.0,5,5,70.443666,70.875287,347,299,0,273,0,6,8.6
SIM-UNCALIBRATED,50,5,always_up,off,B_always_up_expiry_off,14,0.8,4,4,70.000000,71.021978,427,374,0,306,0,7,9.6
SIM-UNCALIBRATED,50,5,always_up,off,B_always_up_expiry_off,15,0.8,4,4,70.272213,70.613616,1494,1458,1,169,0,142,6.2
SIM-UNCALIBRATED,50,5,always_up,off,B_always_up_expiry_off,16,1.0,5,5,70.595431,70.876642,1337,1290,0,246,0,131,8.6
SIM-UNCALIBRATED,50,5,always_up,off,B_always_up_expiry_off,17,1.0,5,5,70.522278,70.971823,1255,1216,0,163,0,5,6.8
SIM-UNCALIBRATED,50,5,always_up,off,B_always_up_expiry_off,18,1.0,5,5,70.225305,70.892982,1594,1552,0,282,0,12,7.4
SIM-UNCALIBRATED,50,5,always_up,off,B_always_up_expiry_off,19,1.0,5,5,70.704780,70.928543,1459,1411,0,263,0,4,8.6
SIM-UNCALIBRATED,50,5,always_up,off,B_always_up_expiry_off,20,0.8,4,4,70.000000,70.693898,853,821,1,165,0,9,5.4
SIM-UNCALIBRATED,50,5,always_up,off,B_always_up_expiry_off,21,1.0,5,5,70.824679,70.897662,1540,1499,0,147,0,3,7.6
SIM-UNCALIBRATED,50,5,always_up,off,B_always_up_expiry_off,22,1.0,5,5,70.728280,70.789129,1135,1087,0,272,0,10,8.6
SIM-UNCALIBRATED,50,5,always_up,off,B_always_up_expiry_off,23,1.0,5,5,70.776537,70.931632,1097,1048,0,256,0,11,8.8
SIM-UNCALIBRATED,50,5,always_up,off,B_always_up_expiry_off,24,1.0,5,5,70.658463,70.723415,1409,1362,0,230,0,70,8.4
SIM-UNCALIBRATED,50,5,always_up,off,B_always_up_expiry_off,25,0.8,4,4,70.000000,70.943585,1463,1416,0,334,0,7,8.4
SIM-UNCALIBRATED,50,5,always_up,off,B_always_up_expiry_off,26,1.0,5,5,70.609592,70.845209,555,516,0,158,0,2,7.2
SIM-UNCALIBRATED,50,5,always_up,off,B_always_up_expiry_off,27,1.0,5,5,70.807388,70.851506,1793,1744,0,242,0,5,8.8
SIM-UNCALIBRATED,50,5,always_up,off,B_always_up_expiry_off,28,0.8,4,4,70.111012,70.643076,1910,1875,0,168,0,71,6.2
SIM-UNCALIBRATED,50,5,always_up,off,B_always_up_expiry_off,29,1.0,5,5,70.720525,70.865814,1054,1010,0,205,0,15,7.8
SIM-UNCALIBRATED,50,5,fails_then_recovers,on,C_recovers_expiry_on,0,0.8,4,4,70.633597,70.708369,1106,1064,4,308,0,6,7.6
SIM-UNCALIBRATED,50,5,fails_then_recovers,on,C_recovers_expiry_on,1,1.0,5,5,70.729627,71.019644,1261,1205,0,309,0,6,10.2
SIM-UNCALIBRATED,50,5,fails_then_recovers,on,C_recovers_expiry_on,2,1.0,5,5,70.833087,70.974263,1262,1212,0,282,0,2,9.0
SIM-UNCALIBRATED,50,5,fails_then_recovers,on,C_recovers_expiry_on,3,0.6,3,3,70.609159,70.767002,1132,1093,0,219,0,56,7.0
SIM-UNCALIBRATED,50,5,fails_then_recovers,on,C_recovers_expiry_on,4,1.0,5,5,70.666542,70.779409,1177,1130,4,283,0,42,8.4
SIM-UNCALIBRATED,50,5,fails_then_recovers,on,C_recovers_expiry_on,5,0.6,3,3,70.441074,70.547282,782,758,19,87,0,46,3.8
SIM-UNCALIBRATED,50,5,fails_then_recovers,on,C_recovers_expiry_on,6,1.0,5,5,70.643000,70.816550,1157,1116,5,222,0,2,7.2
SIM-UNCALIBRATED,50,5,fails_then_recovers,on,C_recovers_expiry_on,7,0.8,4,4,70.000000,70.649092,1033,999,5,171,0,6,5.8
SIM-UNCALIBRATED,50,5,fails_then_recovers,on,C_recovers_expiry_on,8,0.6,3,3,70.000000,70.489427,1050,1013,9,276,0,50,6.4
SIM-UNCALIBRATED,50,5,fails_then_recovers,on,C_recovers_expiry_on,9,1.0,5,5,70.495659,70.708594,924,882,12,210,0,54,7.4
SIM-UNCALIBRATED,50,5,fails_then_recovers,on,C_recovers_expiry_on,10,0.8,4,4,70.721773,70.929575,1206,1155,3,427,0,51,9.4
SIM-UNCALIBRATED,50,5,fails_then_recovers,on,C_recovers_expiry_on,11,1.0,5,5,70.729213,70.809944,1224,1183,1,219,0,100,7.2
SIM-UNCALIBRATED,50,5,fails_then_recovers,on,C_recovers_expiry_on,12,0.8,4,4,70.730789,70.920998,1213,1167,1,269,0,4,8.2
SIM-UNCALIBRATED,50,5,fails_then_recovers,on,C_recovers_expiry_on,13,0.8,4,4,70.055556,70.313215,221,204,31,49,0,3,2.4
SIM-UNCALIBRATED,50,5,fails_then_recovers,on,C_recovers_expiry_on,14,0.4,2,2,70.000000,70.000000,273,255,42,77,0,5,2.6
SIM-UNCALIBRATED,50,5,fails_then_recovers,on,C_recovers_expiry_on,15,0.8,4,4,70.192213,70.533616,1027,995,5,163,0,96,5.4
SIM-UNCALIBRATED,50,5,fails_then_recovers,on,C_recovers_expiry_on,16,0.8,4,4,70.000000,70.597360,918,881,6,149,0,94,6.4
SIM-UNCALIBRATED,50,5,fails_then_recovers,on,C_recovers_expiry_on,17,0.8,4,4,70.274055,70.538410,853,819,10,158,0,7,5.8
SIM-UNCALIBRATED,50,5,fails_then_recovers,on,C_recovers_expiry_on,18,1.0,5,5,70.225305,70.872982,1098,1057,6,272,0,11,7.2
SIM-UNCALIBRATED,50,5,fails_then_recovers,on,C_recovers_expiry_on,19,1.0,5,5,70.711244,70.928543,1003,955,9,276,0,4,8.6
SIM-UNCALIBRATED,50,5,fails_then_recovers,on,C_recovers_expiry_on,20,0.6,3,3,70.000000,70.285178,579,557,12,108,0,8,3.4
SIM-UNCALIBRATED,50,5,fails_then_recovers,on,C_recovers_expiry_on,21,0.8,4,4,70.586949,70.857662,1059,1019,2,155,0,2,7.0
SIM-UNCALIBRATED,50,5,fails_then_recovers,on,C_recovers_expiry_on,22,1.0,5,5,70.648280,70.709129,786,746,15,234,0,6,7.0
SIM-UNCALIBRATED,50,5,fails_then_recovers,on,C_recovers_expiry_on,23,0.6,3,3,70.402903,70.471632,739,712,24,137,0,8,4.4
SIM-UNCALIBRATED,50,5,fails_then_recovers,on,C_recovers_expiry_on,24,1.0,5,5,70.538463,70.669175,958,918,15,186,0,48,7.0
SIM-UNCALIBRATED,50,5,fails_then_recovers,on,C_recovers_expiry_on,25,0.8,4,4,70.000000,70.923585,1008,962,11,354,0,9,8.2
SIM-UNCALIBRATED,50,5,fails_then_recovers,on,C_recovers_expiry_on,26,0.8,4,4,70.189932,70.359897,376,351,20,104,0,3,4.0
SIM-UNCALIBRATED,50,5,fails_then_recovers,on,C_recovers_expiry_on,27,1.0,5,5,70.767388,70.871506,1231,1182,2,247,0,4,8.8
SIM-UNCALIBRATED,50,5,fails_then_recovers,on,C_recovers_expiry_on,28,0.8,4,4,70.111012,70.643076,1311,1275,0,171,0,47,6.4
SIM-UNCALIBRATED,50,5,fails_then_recovers,on,C_recovers_expiry_on,29,0.8,4,4,70.429826,70.584036,719,685,19,185,0,9,5.8
SIM-UNCALIBRATED,50,5,fails_then_recovers,off,D_recovers_expiry_off,0,0.8,4,4,70.691586,70.708369,1107,1064,0,296,0,5,7.8
SIM-UNCALIBRATED,50,5,fails_then_recovers,off,D_recovers_expiry_off,1,1.0,5,5,70.729627,71.079644,1264,1205,0,323,0,7,10.8
SIM-UNCALIBRATED,50,5,fails_then_recovers,off,D_recovers_expiry_off,2,1.0,5,5,70.833087,70.994263,1260,1212,0,262,0,2,8.6
SIM-UNCALIBRATED,50,5,fails_then_recovers,off,D_recovers_expiry_off,3,0.6,3,3,70.609159,70.767002,1132,1093,0,219,0,56,7.0
SIM-UNCALIBRATED,50,5,fails_then_recovers,off,D_recovers_expiry_off,4,1.0,5,5,70.702142,70.799409,1180,1130,0,285,0,43,9.0
SIM-UNCALIBRATED,50,5,fails_then_recovers,off,D_recovers_expiry_off,5,1.0,5,5,70.848431,70.911486,803,758,0,183,0,48,8.0
SIM-UNCALIBRATED,50,5,fails_then_recovers,off,D_recovers_expiry_off,6,0.8,4,4,70.626656,70.816550,1154,1116,0,171,0,4,6.6
SIM-UNCALIBRATED,50,5,fails_then_recovers,off,D_recovers_expiry_off,7,0.8,4,4,70.000000,70.749092,1037,999,0,193,0,4,6.6
SIM-UNCALIBRATED,50,5,fails_then_recovers,off,D_recovers_expiry_off,8,0.8,4,4,70.000000,70.704702,1053,1014,1,254,0,51,6.8
SIM-UNCALIBRATED,50,5,fails_then_recovers,off,D_recovers_expiry_off,9,1.0,5,5,70.595659,70.848594,936,884,0,260,0,56,9.4
SIM-UNCALIBRATED,50,5,fails_then_recovers,off,D_recovers_expiry_off,10,0.8,4,4,70.721773,70.949575,1211,1155,0,462,0,53,10.2
SIM-UNCALIBRATED,50,5,fails_then_recovers,off,D_recovers_expiry_off,11,1.0,5,5,70.729213,70.829944,1224,1183,0,223,0,100,7.2
SIM-UNCALIBRATED,50,5,fails_then_recovers,off,D_recovers_expiry_off,12,0.8,4,4,70.730789,70.920998,1216,1168,1,282,0,4,8.6
SIM-UNCALIBRATED,50,5,fails_then_recovers,off,D_recovers_expiry_off,13,1.0,5,5,70.443666,70.875287,252,204,0,273,0,6,8.6
SIM-UNCALIBRATED,50,5,fails_then_recovers,off,D_recovers_expiry_off,14,0.8,4,4,70.000000,71.021978,307,254,0,310,0,7,9.6
SIM-UNCALIBRATED,50,5,fails_then_recovers,off,D_recovers_expiry_off,15,0.8,4,4,70.272213,70.613616,1024,988,1,178,0,95,6.2
SIM-UNCALIBRATED,50,5,fails_then_recovers,off,D_recovers_expiry_off,16,1.0,5,5,70.595431,70.876642,928,882,0,242,0,92,8.4
SIM-UNCALIBRATED,50,5,fails_then_recovers,off,D_recovers_expiry_off,17,1.0,5,5,70.522278,70.992327,858,819,0,161,0,5,6.8
SIM-UNCALIBRATED,50,5,fails_then_recovers,off,D_recovers_expiry_off,18,1.0,5,5,70.225305,70.872982,1098,1057,0,272,0,11,7.2
SIM-UNCALIBRATED,50,5,fails_then_recovers,off,D_recovers_expiry_off,19,1.0,5,5,70.704780,70.928543,1003,955,0,258,0,5,8.6
SIM-UNCALIBRATED,50,5,fails_then_recovers,off,D_recovers_expiry_off,20,0.8,4,4,70.000000,70.693898,589,557,1,161,0,9,5.4
SIM-UNCALIBRATED,50,5,fails_then_recovers,off,D_recovers_expiry_off,21,1.0,5,5,70.762326,70.897662,1064,1023,0,142,0,5,7.4
SIM-UNCALIBRATED,50,5,fails_then_recovers,off,D_recovers_expiry_off,22,1.0,5,5,70.728280,70.789129,794,746,0,270,0,8,8.6
SIM-UNCALIBRATED,50,5,fails_then_recovers,off,D_recovers_expiry_off,23,1.0,5,5,70.756537,70.911632,760,712,0,250,0,9,8.6
SIM-UNCALIBRATED,50,5,fails_then_recovers,off,D_recovers_expiry_off,24,1.0,5,5,70.658463,70.723415,964,918,0,217,0,48,8.2
SIM-UNCALIBRATED,50,5,fails_then_recovers,off,D_recovers_expiry_off,25,0.8,4,4,70.000000,70.943585,1007,960,0,333,0,7,8.4
SIM-UNCALIBRATED,50,5,fails_then_recovers,off,D_recovers_expiry_off,26,1.0,5,5,70.629592,70.865209,393,351,0,182,0,3,7.6
SIM-UNCALIBRATED,50,5,fails_then_recovers,off,D_recovers_expiry_off,27,1.0,5,5,70.807388,70.851506,1231,1182,0,244,0,3,8.8
SIM-UNCALIBRATED,50,5,fails_then_recovers,off,D_recovers_expiry_off,28,0.8,4,4,70.111012,70.643076,1310,1275,0,167,0,47,6.2
SIM-UNCALIBRATED,50,5,fails_then_recovers,off,D_recovers_expiry_off,29,1.0,5,5,70.740525,70.885814,730,685,0,212,0,11,8.0
SIM-UNCALIBRATED,50,20,always_up,on,A_always_up_expiry_on,0,0.4,8,8,70.000000,70.954851,1622,1561,12,323,0,42,2.05
SIM-UNCALIBRATED,50,20,always_up,on,A_always_up_expiry_on,1,0.45,9,9,70.000000,71.022585,1841,1782,1,224,0,40,2.05
SIM-UNCALIBRATED,50,20,always_up,on,A_always_up_expiry_on,2,0.4,8,8,70.239724,70.999719,1828,1760,1,274,0,35,2.4
SIM-UNCALIBRATED,50,20,always_up,on,A_always_up_expiry_on,3,0.25,5,5,70.187002,70.874234,1681,1625,5,229,0,105,1.8
SIM-UNCALIBRATED,50,20,always_up,on,A_always_up_expiry_on,4,0.4,8,8,70.000000,70.871641,1736,1677,6,260,0,93,1.95
SIM-UNCALIBRATED,50,20,always_up,on,A_always_up_expiry_on,5,0.55,11,11,70.594381,70.938363,1177,1114,49,176,0,90,2.15
SIM-UNCALIBRATED,50,20,always_up,on,A_always_up_expiry_on,6,0.35,7,7,70.402660,70.904054,1696,1635,10,261,0,27,2.05
SIM-UNCALIBRATED,50,20,always_up,on,A_always_up_expiry_on,7,0.6,12,12,70.444539,71.012895,1532,1468,27,264,0,49,2.2
SIM-UNCALIBRATED,50,20,always_up,on,A_always_up_expiry_on,8,0.3,6,6,70.000000,70.972773,1566,1499,9,360,0,110,2.35
SIM-UNCALIBRATED,50,20,always_up,on,A_always_up_expiry_on,9,0.4,8,8,70.000000,70.758062,1375,1311,26,213,0,103,2.2
SIM-UNCALIBRATED,50,20,always_up,on,A_always_up_expiry_on,10,0.4,8,8,70.000000,70.699464,1760,1700,10,357,0,96,2.0
SIM-UNCALIBRATED,50,20,always_up,on,A_always_up_expiry_on,11,0.35,7,7,70.813500,71.449944,1816,1737,4,382,0,159,3.0
SIM-UNCALIBRATED,50,20,always_up,on,A_always_up_expiry_on,12,0.4,8,8,70.000000,70.929968,1800,1732,1,357,0,35,2.4
SIM-UNCALIBRATED,50,20,always_up,on,A_always_up_expiry_on,13,0.5,10,10,70.211380,70.834382,361,299,136,184,0,34,2.2
SIM-UNCALIBRATED,50,20,always_up,on,A_always_up_expiry_on,14,0.55,11,11,70.581022,70.867536,429,375,128,173,0,39,1.75
SIM-UNCALIBRATED,50,20,always_up,on,A_always_up_expiry_on,15,0.55,11,11,70.322211,70.893616,1524,1460,20,233,0,168,2.2
SIM-UNCALIBRATED,50,20,always_up,on,A_always_up_expiry_on,16,0.35,7,7,70.482988,70.695431,1362,1300,32,224,0,166,2.1
SIM-UNCALIBRATED,50,20,always_up,on,A_always_up_expiry_on,17,0.45,9,9,70.548947,71.022266,1272,1205,27,259,0,26,2.35
SIM-UNCALIBRATED,50,20,always_up,on,A_always_up_expiry_on,18,0.5,10,10,70.000000,70.538135,1604,1552,22,260,0,51,1.6
SIM-UNCALIBRATED,50,20,always_up,on,A_always_up_expiry_on,19,0.3,6,6,70.000000,70.671244,1476,1411,14,348,0,30,2.25
SIM-UNCALIBRATED,50,20,always_up,on,A_always_up_expiry_on,20,0.45,9,9,70.211559,71.156065,895,821,62,289,0,40,2.85
SIM-UNCALIBRATED,50,20,always_up,on,A_always_up_expiry_on,21,0.4,8,8,70.000000,70.940994,1560,1496,18,210,0,28,2.25
SIM-UNCALIBRATED,50,20,always_up,on,A_always_up_expiry_on,22,0.7,14,14,70.000000,70.820197,1155,1093,34,275,0,54,2.1
SIM-UNCALIBRATED,50,20,always_up,on,A_always_up_expiry_on,23,0.35,7,7,70.380291,70.931632,1115,1048,40,299,0,43,2.35
SIM-UNCALIBRATED,50,20,always_up,on,A_always_up_expiry_on,24,0.55,11,11,70.658463,71.123139,1429,1352,38,290,0,102,2.85
SIM-UNCALIBRATED,50,20,always_up,on,A_always_up_expiry_on,25,0.6,12,12,70.383997,71.227130,1491,1415,42,375,0,30,2.8
SIM-UNCALIBRATED,50,20,always_up,on,A_always_up_expiry_on,26,0.45,9,9,70.588593,70.889271,576,516,61,203,0,27,2.0
SIM-UNCALIBRATED,50,20,always_up,on,A_always_up_expiry_on,27,0.45,9,9,70.401699,71.112999,1820,1750,4,282,0,33,2.5
SIM-UNCALIBRATED,50,20,always_up,on,A_always_up_expiry_on,28,0.6,12,12,70.276795,71.112748,1948,1873,0,346,0,109,2.75
SIM-UNCALIBRATED,50,20,always_up,on,A_always_up_expiry_on,29,0.3,6,6,70.457465,70.935556,1075,1010,39,317,0,45,2.35
SIM-UNCALIBRATED,50,20,always_up,off,B_always_up_expiry_off,0,0.4,8,8,70.000000,70.954851,1622,1561,0,323,0,42,2.05
SIM-UNCALIBRATED,50,20,always_up,off,B_always_up_expiry_off,1,0.45,9,9,70.000000,71.022585,1841,1782,0,224,0,40,2.05
SIM-UNCALIBRATED,50,20,always_up,off,B_always_up_expiry_off,2,0.4,8,8,70.259724,70.979719,1827,1760,0,261,0,34,2.35
SIM-UNCALIBRATED,50,20,always_up,off,B_always_up_expiry_off,3,0.25,5,5,70.187002,70.874234,1681,1625,0,229,0,105,1.8
SIM-UNCALIBRATED,50,20,always_up,off,B_always_up_expiry_off,4,0.4,8,8,70.000000,70.871641,1737,1677,0,263,0,93,2.0
SIM-UNCALIBRATED,50,20,always_up,off,B_always_up_expiry_off,5,0.4,8,8,70.117026,71.045561,1184,1116,0,223,0,90,2.4
SIM-UNCALIBRATED,50,20,always_up,off,B_always_up_expiry_off,6,0.3,6,6,70.047310,70.864054,1692,1635,0,220,0,27,1.85
SIM-UNCALIBRATED,50,20,always_up,off,B_always_up_expiry_off,7,0.5,10,10,70.000000,70.999193,1536,1473,0,252,0,53,2.2
SIM-UNCALIBRATED,50,20,always_up,off,B_always_up_expiry_off,8,0.3,6,6,70.000000,70.939121,1568,1499,0,369,0,109,2.45
SIM-UNCALIBRATED,50,20,always_up,off,B_always_up_expiry_off,9,0.4,8,8,70.000000,70.758062,1373,1311,0,199,0,104,2.1
SIM-UNCALIBRATED,50,20,always_up,off,B_always_up_expiry_off,10,0.4,8,8,70.000000,70.699464,1764,1704,0,325,0,95,2.0
SIM-UNCALIBRATED,50,20,always_up,off,B_always_up_expiry_off,11,0.35,7,7,70.793500,71.207580,1812,1737,0,319,0,161,2.85
SIM-UNCALIBRATED,50,20,always_up,off,B_always_up_expiry_off,12,0.4,8,8,70.000000,70.929968,1800,1732,1,357,0,35,2.4
SIM-UNCALIBRATED,50,20,always_up,off,B_always_up_expiry_off,13,0.3,6,6,70.000000,70.926599,360,299,0,253,0,35,2.05
SIM-UNCALIBRATED,50,20,always_up,off,B_always_up_expiry_off,14,0.4,8,8,70.270716,71.152282,439,375,0,290,0,34,2.2
SIM-UNCALIBRATED,50,20,always_up,off,B_always_up_expiry_off,15,0.5,10,10,70.290366,70.853616,1522,1460,3,193,0,168,2.1
SIM-UNCALIBRATED,50,20,always_up,off,B_always_up_expiry_off,16,0.3,6,6,70.112023,70.665093,1345,1290,0,211,0,165,1.75
SIM-UNCALIBRATED,50,20,always_up,off,B_always_up_expiry_off,17,0.35,7,7,70.444027,71.135515,1284,1217,0,239,0,28,2.35
SIM-UNCALIBRATED,50,20,always_up,off,B_always_up_expiry_off,18,0.5,10,10,70.000000,70.538135,1604,1552,0,260,0,51,1.6
SIM-UNCALIBRATED,50,20,always_up,off,B_always_up_expiry_off,19,0.35,7,7,70.490960,70.815065,1472,1411,0,280,0,31,2.05
SIM-UNCALIBRATED,50,20,always_up,off,B_always_up_expiry_off,20,0.45,9,9,70.271559,71.424879,889,821,0,270,0,36,2.4
SIM-UNCALIBRATED,50,20,always_up,off,B_always_up_expiry_off,21,0.4,8,8,70.000000,70.940994,1560,1496,0,214,0,28,2.25
SIM-UNCALIBRATED,50,20,always_up,off,B_always_up_expiry_off,22,0.7,14,14,70.000000,70.826789,1149,1087,0,249,0,53,2.15
SIM-UNCALIBRATED,50,20,always_up,off,B_always_up_expiry_off,23,0.35,7,7,70.700291,71.042903,1115,1048,0,270,0,44,2.35
SIM-UNCALIBRATED,50,20,always_up,off,B_always_up_expiry_off,24,0.5,10,10,70.625091,71.043658,1429,1356,0,281,0,102,2.65
SIM-UNCALIBRATED,50,20,always_up,off,B_always_up_expiry_off,25,0.55,11,11,70.403997,71.301532,1495,1416,0,370,0,32,3.0
SIM-UNCALIBRATED,50,20,always_up,off,B_always_up_expiry_off,26,0.35,7,7,70.985209,71.235130,597,516,0,274,0,31,3.1
SIM-UNCALIBRATED,50,20,always_up,off,B_always_up_expiry_off,27,0.45,9,9,70.441699,71.112999,1820,1750,0,264,0,34,2.5
SIM-UNCALIBRATED,50,20,always_up,off,B_always_up_expiry_off,28,0.6,12,12,70.276795,71.112748,1948,1873,0,350,0,108,2.75
SIM-UNCALIBRATED,50,20,always_up,off,B_always_up_expiry_off,29,0.25,5,5,70.557465,70.935556,1071,1010,0,276,0,42,2.1
SIM-UNCALIBRATED,50,20,fails_then_recovers,on,C_recovers_expiry_on,0,0.4,8,8,70.000000,70.954851,1122,1061,12,326,0,42,2.05
SIM-UNCALIBRATED,50,20,fails_then_recovers,on,C_recovers_expiry_on,1,0.45,9,9,70.000000,71.022585,1266,1207,1,218,0,41,2.05
SIM-UNCALIBRATED,50,20,fails_then_recovers,on,C_recovers_expiry_on,2,0.4,8,8,70.239724,70.958510,1259,1192,1,280,0,34,2.35
SIM-UNCALIBRATED,50,20,fails_then_recovers,on,C_recovers_expiry_on,3,0.3,6,6,70.187002,70.902407,1150,1093,5,227,0,82,1.9
SIM-UNCALIBRATED,50,20,fails_then_recovers,on,C_recovers_expiry_on,4,0.35,7,7,70.000000,70.748865,1188,1130,6,257,0,70,1.9
SIM-UNCALIBRATED,50,20,fails_then_recovers,on,C_recovers_expiry_on,5,0.55,11,11,70.594381,70.835688,820,757,49,176,0,68,2.15
SIM-UNCALIBRATED,50,20,fails_then_recovers,on,C_recovers_expiry_on,6,0.35,7,7,70.402660,70.861547,1177,1116,10,260,0,27,2.05
SIM-UNCALIBRATED,50,20,fails_then_recovers,on,C_recovers_expiry_on,7,0.55,11,11,70.444539,70.999193,1064,1000,27,268,0,49,2.2
SIM-UNCALIBRATED,50,20,fails_then_recovers,on,C_recovers_expiry_on,8,0.25,5,5,70.000000,70.908015,1077,1014,9,342,0,88,2.15
SIM-UNCALIBRATED,50,20,fails_then_recovers,on,C_recovers_expiry_on,9,0.45,9,9,70.144815,70.868594,948,884,26,207,0,80,2.2
SIM-UNCALIBRATED,50,20,fails_then_recovers,on,C_recovers_expiry_on,10,0.35,7,7,70.055615,70.699464,1219,1159,10,349,0,75,2.0
SIM-UNCALIBRATED,50,20,fails_then_recovers,on,C_recovers_expiry_on,11,0.3,6,6,70.165406,71.247580,1263,1184,4,382,0,118,3.0
SIM-UNCALIBRATED,50,20,fails_then_recovers,on,C_recovers_expiry_on,12,0.4,8,8,70.000000,70.929968,1247,1179,1,356,0,35,2.4
SIM-UNCALIBRATED,50,20,fails_then_recovers,on,C_recovers_expiry_on,13,0.5,10,10,70.211380,70.834382,269,204,136,194,0,32,2.3
SIM-UNCALIBRATED,50,20,fails_then_recovers,on,C_recovers_expiry_on,14,0.55,11,11,70.561022,70.847536,307,254,128,163,0,39,1.7
SIM-UNCALIBRATED,50,20,fails_then_recovers,on,C_recovers_expiry_on,15,0.55,11,11,70.302211,70.913616,1058,993,20,235,0,122,2.25
SIM-UNCALIBRATED,50,20,fails_then_recovers,on,C_recovers_expiry_on,16,0.4,8,8,70.478191,71.254471,949,883,32,224,0,127,2.3
SIM-UNCALIBRATED,50,20,fails_then_recovers,on,C_recovers_expiry_on,17,0.4,8,8,70.204027,70.961724,884,819,27,246,0,25,2.25
SIM-UNCALIBRATED,50,20,fails_then_recovers,on,C_recovers_expiry_on,18,0.5,10,10,70.000000,70.558135,1109,1057,22,272,0,49,1.6
SIM-UNCALIBRATED,50,20,fails_then_recovers,on,C_recovers_expiry_on,19,0.3,6,6,70.000000,70.671244,1020,955,16,340,0,32,2.25
SIM-UNCALIBRATED,50,20,fails_then_recovers,on,C_recovers_expiry_on,20,0.45,9,9,70.231559,71.196065,629,557,62,282,0,38,2.65
SIM-UNCALIBRATED,50,20,fails_then_recovers,on,C_recovers_expiry_on,21,0.4,8,8,70.000000,70.939636,1085,1019,18,221,0,27,2.3
SIM-UNCALIBRATED,50,20,fails_then_recovers,on,C_recovers_expiry_on,22,0.7,14,14,70.000000,70.820197,808,746,34,274,0,52,2.1
SIM-UNCALIBRATED,50,20,fails_then_recovers,on,C_recovers_expiry_on,23,0.35,7,7,70.380291,70.931632,779,712,40,302,0,38,2.35
SIM-UNCALIBRATED,50,20,fails_then_recovers,on,C_recovers_expiry_on,24,0.6,12,12,70.658463,71.205990,985,907,39,304,0,84,3.0
SIM-UNCALIBRATED,50,20,fails_then_recovers,on,C_recovers_expiry_on,25,0.6,12,12,70.363997,71.147130,1034,962,42,333,0,29,2.6
SIM-UNCALIBRATED,50,20,fails_then_recovers,on,C_recovers_expiry_on,26,0.45,9,9,70.628593,70.929271,413,351,61,215,0,30,2.1
SIM-UNCALIBRATED,50,20,fails_then_recovers,on,C_recovers_expiry_on,27,0.45,9,9,70.401699,71.092999,1253,1182,4,272,0,33,2.55
SIM-UNCALIBRATED,50,20,fails_then_recovers,on,C_recovers_expiry_on,28,0.5,10,10,70.276795,71.046634,1345,1274,0,313,0,85,2.6
SIM-UNCALIBRATED,50,20,fails_then_recovers,on,C_recovers_expiry_on,29,0.3,6,6,70.477465,70.935556,750,685,38,315,0,43,2.3
SIM-UNCALIBRATED,50,20,fails_then_recovers,off,D_recovers_expiry_off,0,0.4,8,8,70.000000,70.954851,1122,1061,0,326,0,42,2.05
SIM-UNCALIBRATED,50,20,fails_then_recovers,off,D_recovers_expiry_off,1,0.45,9,9,70.000000,71.022585,1266,1207,0,218,0,41,2.05
SIM-UNCALIBRATED,50,20,fails_then_recovers,off,D_recovers_expiry_off,2,0.4,8,8,70.259724,70.938510,1258,1192,0,265,0,33,2.3
SIM-UNCALIBRATED,50,20,fails_then_recovers,off,D_recovers_expiry_off,3,0.3,6,6,70.187002,70.902407,1150,1093,0,227,0,82,1.9
SIM-UNCALIBRATED,50,20,fails_then_recovers,off,D_recovers_expiry_off,4,0.35,7,7,70.000000,70.748865,1189,1130,0,260,0,70,1.95
SIM-UNCALIBRATED,50,20,fails_then_recovers,off,D_recovers_expiry_off,5,0.45,9,9,70.912626,71.062260,823,758,0,206,0,70,2.3
SIM-UNCALIBRATED,50,20,fails_then_recovers,off,D_recovers_expiry_off,6,0.35,7,7,70.402660,70.841547,1173,1116,0,219,0,27,1.85
SIM-UNCALIBRATED,50,20,fails_then_recovers,off,D_recovers_expiry_off,7,0.45,9,9,70.000000,70.999193,1063,1000,0,254,0,52,2.2
SIM-UNCALIBRATED,50,20,fails_then_recovers,off,D_recovers_expiry_off,8,0.3,6,6,70.000000,70.939121,1079,1014,0,346,0,87,2.25
SIM-UNCALIBRATED,50,20,fails_then_recovers,off,D_recovers_expiry_off,9,0.45,9,9,70.164815,70.808594,945,884,0,192,0,83,2.05
SIM-UNCALIBRATED,50,20,fails_then_recovers,off,D_recovers_expiry_off,10,0.35,7,7,70.055615,70.699464,1219,1159,0,319,0,74,2.0
SIM-UNCALIBRATED,50,20,fails_then_recovers,off,D_recovers_expiry_off,11,0.35,7,7,70.793500,71.207580,1259,1184,0,326,0,120,2.85
SIM-UNCALIBRATED,50,20,fails_then_recovers,off,D_recovers_expiry_off,12,0.4,8,8,70.000000,70.929968,1247,1179,1,356,0,35,2.4
SIM-UNCALIBRATED,50,20,fails_then_recovers,off,D_recovers_expiry_off,13,0.3,6,6,70.000000,70.815352,261,204,0,223,0,35,1.85
SIM-UNCALIBRATED,50,20,fails_then_recovers,off,D_recovers_expiry_off,14,0.4,8,8,70.270716,71.132282,319,255,0,289,0,35,2.2
SIM-UNCALIBRATED,50,20,fails_then_recovers,off,D_recovers_expiry_off,15,0.55,11,11,70.402211,70.952880,1059,993,3,220,0,123,2.3
SIM-UNCALIBRATED,50,20,fails_then_recovers,off,D_recovers_expiry_off,16,0.3,6,6,70.112023,70.665093,935,879,0,220,0,126,1.8
SIM-UNCALIBRATED,50,20,fails_then_recovers,off,D_recovers_expiry_off,17,0.35,7,7,70.444027,71.135515,886,820,0,227,0,27,2.3
SIM-UNCALIBRATED,50,20,fails_then_recovers,off,D_recovers_expiry_off,18,0.5,10,10,70.000000,70.558135,1109,1057,0,272,0,49,1.6
SIM-UNCALIBRATED,50,20,fails_then_recovers,off,D_recovers_expiry_off,19,0.35,7,7,70.470960,70.815065,1016,955,0,278,0,29,2.05
SIM-UNCALIBRATED,50,20,fails_then_recovers,off,D_recovers_expiry_off,20,0.4,8,8,70.000000,70.931613,617,557,0,223,0,38,2.0
SIM-UNCALIBRATED,50,20,fails_then_recovers,off,D_recovers_expiry_off,21,0.4,8,8,70.000000,70.939636,1085,1019,0,224,0,28,2.3
SIM-UNCALIBRATED,50,20,fails_then_recovers,off,D_recovers_expiry_off,22,0.7,14,14,70.000000,70.826789,808,746,0,246,0,52,2.15
SIM-UNCALIBRATED,50,20,fails_then_recovers,off,D_recovers_expiry_off,23,0.35,7,7,70.700291,71.042903,779,712,0,272,0,42,2.35
SIM-UNCALIBRATED,50,20,fails_then_recovers,off,D_recovers_expiry_off,24,0.5,10,10,70.605091,71.083658,987,912,0,291,0,82,2.75
SIM-UNCALIBRATED,50,20,fails_then_recovers,off,D_recovers_expiry_off,25,0.6,12,12,70.383997,71.221532,1037,962,0,324,0,31,2.75
SIM-UNCALIBRATED,50,20,fails_then_recovers,off,D_recovers_expiry_off,26,0.35,7,7,70.985209,71.235130,432,351,0,281,0,29,3.1
SIM-UNCALIBRATED,50,20,fails_then_recovers,off,D_recovers_expiry_off,27,0.45,9,9,70.441699,71.112999,1252,1182,0,255,0,35,2.5
SIM-UNCALIBRATED,50,20,fails_then_recovers,off,D_recovers_expiry_off,28,0.5,10,10,70.276795,71.026634,1344,1274,0,309,0,84,2.55
SIM-UNCALIBRATED,50,20,fails_then_recovers,off,D_recovers_expiry_off,29,0.25,5,5,70.577465,70.955556,747,685,0,276,0,41,2.15
SIM-UNCALIBRATED,100,5,always_up,on,A_always_up_expiry_on,0,0.8,4,4,70.733597,71.014194,3442,3373,12,533,0,214,12.8
SIM-UNCALIBRATED,100,5,always_up,on,A_always_up_expiry_on,1,1.0,5,5,71.060466,71.366591,2896,2802,1,614,0,12,17.8
SIM-UNCALIBRATED,100,5,always_up,on,A_always_up_expiry_on,2,0.8,4,4,70.585734,71.072532,3236,3185,8,257,0,143,9.2
SIM-UNCALIBRATED,100,5,always_up,on,A_always_up_expiry_on,3,1.0,5,5,70.612534,71.028785,2768,2724,20,253,0,75,7.8
SIM-UNCALIBRATED,100,5,always_up,on,A_always_up_expiry_on,4,0.8,4,4,70.728742,71.036894,1541,1482,38,360,0,66,10.8
SIM-UNCALIBRATED,100,5,always_up,on,A_always_up_expiry_on,5,0.8,4,4,71.069434,71.539216,2698,2625,8,659,0,81,13.6
SIM-UNCALIBRATED,100,5,always_up,on,A_always_up_expiry_on,6,0.8,4,4,70.629516,70.920282,1986,1934,22,282,0,7,9.4
SIM-UNCALIBRATED,100,5,always_up,on,A_always_up_expiry_on,7,0.2,1,1,70.064854,70.064854,223,217,32,3,0,0,0.2
SIM-UNCALIBRATED,100,5,always_up,on,A_always_up_expiry_on,8,0.2,1,1,70.596132,70.596132,1768,1735,27,200,0,82,5.6
SIM-UNCALIBRATED,100,5,always_up,on,A_always_up_expiry_on,9,1.0,5,5,70.936198,71.321238,3270,3206,5,446,0,19,12.0
SIM-UNCALIBRATED,100,5,always_up,on,A_always_up_expiry_on,10,0.8,4,4,70.000000,71.012272,3066,3015,2,422,0,113,9.2
SIM-UNCALIBRATED,100,5,always_up,on,A_always_up_expiry_on,11,0.8,4,4,70.093263,70.631331,1749,1724,31,93,0,66,4.0
SIM-UNCALIBRATED,100,5,always_up,on,A_always_up_expiry_on,12,0.8,4,4,70.693218,71.070812,2894,2834,3,573,0,100,11.0
SIM-UNCALIBRATED,100,5,always_up,on,A_always_up_expiry_on,13,0.8,4,4,70.732409,71.086443,3473,3412,7,457,0,81,11.2
SIM-UNCALIBRATED,100,5,always_up,on,A_always_up_expiry_on,14,0.2,1,1,70.070000,70.070000,1431,1424,28,10,0,1,0.4
SIM-UNCALIBRATED,100,5,always_up,on,A_always_up_expiry_on,15,0.4,2,2,70.000000,70.144969,2111,2086,27,206,0,218,4.0
SIM-UNCALIBRATED,100,5,always_up,on,A_always_up_expiry_on,16,1.0,5,5,70.970919,71.119114,3299,3235,3,439,0,158,11.8
SIM-UNCALIBRATED,100,5,always_up,on,A_always_up_expiry_on,17,0.8,4,4,70.468245,70.904379,1972,1925,15,288,0,331,8.4
SIM-UNCALIBRATED,100,5,always_up,on,A_always_up_expiry_on,18,0.8,4,4,70.592129,70.612007,2561,2524,22,261,0,93,6.4
SIM-UNCALIBRATED,100,5,always_up,on,A_always_up_expiry_on,19,0.6,3,3,70.902467,71.129031,3658,3589,1,609,0,176,13.0
SIM-UNCALIBRATED,100,5,always_up,on,A_always_up_expiry_on,20,0.4,2,2,70.315848,70.393968,1415,1390,33,130,0,68,4.0
SIM-UNCALIBRATED,100,5,always_up,on,A_always_up_expiry_on,21,1.0,5,5,71.198569,71.523397,2581,2497,4,509,0,64,16.0
SIM-UNCALIBRATED,100,5,always_up,on,A_always_up_expiry_on,22,0.6,3,3,70.574244,70.582742,2409,2362,7,270,0,69,8.4
SIM-UNCALIBRATED,100,5,always_up,on,A_always_up_expiry_on,23,0.8,4,4,70.893638,71.224235,2754,2696,9,395,0,88,10.6
SIM-UNCALIBRATED,100,5,always_up,on,A_always_up_expiry_on,24,0.4,2,2,70.000000,70.636212,3021,2987,15,237,0,141,6.0
SIM-UNCALIBRATED,100,5,always_up,on,A_always_up_expiry_on,25,1.0,5,5,71.061695,71.253874,2213,2141,12,527,0,27,13.4
SIM-UNCALIBRATED,100,5,always_up,on,A_always_up_expiry_on,26,0.8,4,4,70.496880,71.015001,1975,1928,5,186,0,6,8.6
SIM-UNCALIBRATED,100,5,always_up,on,A_always_up_expiry_on,27,1.0,5,5,70.886552,71.311395,3356,3288,10,365,0,136,12.6
SIM-UNCALIBRATED,100,5,always_up,on,A_always_up_expiry_on,28,0.8,4,4,70.262482,70.979459,3785,3741,0,328,0,338,7.8
SIM-UNCALIBRATED,100,5,always_up,on,A_always_up_expiry_on,29,0.6,3,3,70.815556,70.831514,2230,2180,21,355,0,208,9.0
SIM-UNCALIBRATED,100,5,always_up,off,B_always_up_expiry_off,0,0.8,4,4,70.793597,70.918669,3422,3373,0,377,0,215,8.8
SIM-UNCALIBRATED,100,5,always_up,off,B_always_up_expiry_off,1,1.0,5,5,70.940466,71.086591,2881,2818,0,406,0,11,11.6
SIM-UNCALIBRATED,100,5,always_up,off,B_always_up_expiry_off,2,0.8,4,4,70.805734,71.021627,3239,3183,0,265,0,144,10.2
SIM-UNCALIBRATED,100,5,always_up,off,B_always_up_expiry_off,3,1.0,5,5,70.732534,71.104197,2773,2724,0,278,0,78,9.0
SIM-UNCALIBRATED,100,5,always_up,off,B_always_up_expiry_off,4,1.0,5,5,70.828742,71.170258,1540,1482,0,339,0,63,10.6
SIM-UNCALIBRATED,100,5,always_up,off,B_always_up_expiry_off,5,0.6,3,3,70.989434,71.213522,2680,2625,0,553,0,84,10.0
SIM-UNCALIBRATED,100,5,always_up,off,B_always_up_expiry_off,6,1.0,5,5,70.955268,71.087552,1989,1934,0,284,0,9,10.0
SIM-UNCALIBRATED,100,5,always_up,off,B_always_up_expiry_off,7,1.0,5,5,71.034504,71.401551,278,217,0,412,0,3,11.2
SIM-UNCALIBRATED,100,5,always_up,off,B_always_up_expiry_off,8,0.8,4,4,71.224022,71.552442,1812,1735,0,435,0,84,14.4
SIM-UNCALIBRATED,100,5,always_up,off,B_always_up_expiry_off,9,1.0,5,5,70.896198,71.141238,3261,3206,0,353,0,21,10.2
SIM-UNCALIBRATED,100,5,always_up,off,B_always_up_expiry_off,10,1.0,5,5,70.695615,71.077822,3067,3015,0,401,0,111,9.4
SIM-UNCALIBRATED,100,5,always_up,off,B_always_up_expiry_off,11,1.0,5,5,70.675053,71.151331,1778,1724,0,316,0,66,9.8
SIM-UNCALIBRATED,100,5,always_up,off,B_always_up_expiry_off,12,0.8,4,4,70.753218,71.098129,2896,2834,0,552,0,110,11.4
SIM-UNCALIBRATED,100,5,always_up,off,B_always_up_expiry_off,13,0.6,3,3,70.772409,70.966443,3459,3411,0,388,0,80,8.6
SIM-UNCALIBRATED,100,5,always_up,off,B_always_up_expiry_off,14,1.0,5,5,71.161751,71.309052,1495,1424,0,376,0,6,13.2
SIM-UNCALIBRATED,100,5,always_up,off,B_always_up_expiry_off,15,1.0,5,5,71.081888,71.273616,2153,2086,0,417,0,217,12.4
SIM-UNCALIBRATED,100,5,always_up,off,B_always_up_expiry_off,16,1.0,5,5,70.930919,71.079114,3293,3235,0,376,0,158,10.6
SIM-UNCALIBRATED,100,5,always_up,off,B_always_up_expiry_off,17,1.0,5,5,70.853374,71.290386,1982,1921,0,362,0,331,11.2
SIM-UNCALIBRATED,100,5,always_up,off,B_always_up_expiry_off,18,0.8,4,4,70.832129,70.852007,2573,2524,0,349,0,93,8.8
SIM-UNCALIBRATED,100,5,always_up,off,B_always_up_expiry_off,19,0.6,3,3,70.962467,71.049031,3557,3498,0,615,0,171,11.0
SIM-UNCALIBRATED,100,5,always_up,off,B_always_up_expiry_off,20,0.8,4,4,71.013968,71.137762,1447,1390,0,339,0,69,10.4
SIM-UNCALIBRATED,100,5,always_up,off,B_always_up_expiry_off,21,1.0,5,5,71.118569,71.166966,2560,2497,0,353,0,64,11.6
SIM-UNCALIBRATED,100,5,always_up,off,B_always_up_expiry_off,22,0.6,3,3,70.634244,70.642742,2422,2362,0,320,0,70,11.0
SIM-UNCALIBRATED,100,5,always_up,off,B_always_up_expiry_off,23,1.0,5,5,71.082315,71.424235,2766,2696,0,452,0,87,13.2
SIM-UNCALIBRATED,100,5,always_up,off,B_always_up_expiry_off,24,1.0,5,5,71.083701,71.196212,3052,2989,0,328,0,141,11.6
SIM-UNCALIBRATED,100,5,always_up,off,B_always_up_expiry_off,25,0.8,4,4,70.700525,71.165249,2203,2141,0,476,0,26,11.4
SIM-UNCALIBRATED,100,5,always_up,off,B_always_up_expiry_off,26,0.8,4,4,70.576880,70.995991,1952,1896,0,229,0,7,10.2
SIM-UNCALIBRATED,100,5,always_up,off,B_always_up_expiry_off,27,1.0,5,5,70.886552,71.271395,3351,3288,0,351,0,133,11.6
SIM-UNCALIBRATED,100,5,always_up,off,B_always_up_expiry_off,28,0.8,4,4,70.262482,70.979459,3785,3741,0,328,0,338,7.8
SIM-UNCALIBRATED,100,5,always_up,off,B_always_up_expiry_off,29,1.0,5,5,71.196333,71.407277,2251,2180,0,517,0,205,13.2
SIM-UNCALIBRATED,100,5,fails_then_recovers,on,C_recovers_expiry_on,0,0.8,4,4,70.733597,71.134194,2332,2285,12,366,0,145,8.4
SIM-UNCALIBRATED,100,5,fails_then_recovers,on,C_recovers_expiry_on,1,1.0,5,5,71.040466,71.306591,2028,1945,2,550,0,10,15.6
SIM-UNCALIBRATED,100,5,fails_then_recovers,on,C_recovers_expiry_on,2,0.8,4,4,70.605734,71.092532,2223,2172,8,256,0,100,9.2
SIM-UNCALIBRATED,100,5,fails_then_recovers,on,C_recovers_expiry_on,3,1.0,5,5,70.612534,71.008785,1879,1836,20,244,0,52,7.6
SIM-UNCALIBRATED,100,5,fails_then_recovers,on,C_recovers_expiry_on,4,0.8,4,4,70.708742,71.016894,1129,1071,38,352,0,48,10.6
SIM-UNCALIBRATED,100,5,fails_then_recovers,on,C_recovers_expiry_on,5,0.8,4,4,70.989434,71.539216,1858,1785,8,665,0,55,13.6
SIM-UNCALIBRATED,100,5,fails_then_recovers,on,C_recovers_expiry_on,6,0.8,4,4,70.649516,70.940282,1368,1315,22,292,0,6,9.6
SIM-UNCALIBRATED,100,5,fails_then_recovers,on,C_recovers_expiry_on,7,0.2,1,1,70.064854,70.064854,154,148,32,3,0,0,0.2
SIM-UNCALIBRATED,100,5,fails_then_recovers,on,C_recovers_expiry_on,8,0.2,1,1,70.596132,70.596132,1216,1183,27,207,0,58,5.6
SIM-UNCALIBRATED,100,5,fails_then_recovers,on,C_recovers_expiry_on,9,1.0,5,5,70.896198,71.281238,2238,2176,5,443,0,13,11.6
SIM-UNCALIBRATED,100,5,fails_then_recovers,on,C_recovers_expiry_on,10,0.8,4,4,70.000000,71.032420,2100,2049,2,419,0,75,9.2
SIM-UNCALIBRATED,100,5,fails_then_recovers,on,C_recovers_expiry_on,11,0.8,4,4,70.093263,70.631331,1198,1173,31,93,0,44,4.0
SIM-UNCALIBRATED,100,5,fails_then_recovers,on,C_recovers_expiry_on,12,0.8,4,4,70.693218,71.208257,1986,1926,3,567,0,73,11.0
SIM-UNCALIBRATED,100,5,fails_then_recovers,on,C_recovers_expiry_on,13,0.8,4,4,70.719217,71.166443,2383,2320,7,474,0,57,11.6
SIM-UNCALIBRATED,100,5,fails_then_recovers,on,C_recovers_expiry_on,14,0.2,1,1,70.070000,70.070000,985,978,28,10,0,1,0.4
SIM-UNCALIBRATED,100,5,fails_then_recovers,on,C_recovers_expiry_on,15,0.4,2,2,70.000000,70.144969,1441,1416,27,199,0,148,4.0
SIM-UNCALIBRATED,100,5,fails_then_recovers,on,C_recovers_expiry_on,16,1.0,5,5,70.970919,71.059114,2261,2198,3,420,0,107,11.6
SIM-UNCALIBRATED,100,5,fails_then_recovers,on,C_recovers_expiry_on,17,0.8,4,4,70.488245,70.863325,1359,1312,15,288,0,226,8.4
SIM-UNCALIBRATED,100,5,fails_then_recovers,on,C_recovers_expiry_on,18,0.8,4,4,70.486358,70.611954,1747,1709,22,272,0,65,6.6
SIM-UNCALIBRATED,100,5,fails_then_recovers,on,C_recovers_expiry_on,19,0.6,3,3,70.902467,71.089031,2302,2233,1,613,0,107,12.8
SIM-UNCALIBRATED,100,5,fails_then_recovers,on,C_recovers_expiry_on,20,0.4,2,2,70.315848,70.393968,969,944,33,128,0,47,4.0
SIM-UNCALIBRATED,100,5,fails_then_recovers,on,C_recovers_expiry_on,21,1.0,5,5,71.226966,71.390128,1774,1686,4,527,0,43,17.0
SIM-UNCALIBRATED,100,5,fails_then_recovers,on,C_recovers_expiry_on,22,0.8,4,4,70.602742,70.870288,1633,1586,7,278,0,48,8.4
SIM-UNCALIBRATED,100,5,fails_then_recovers,on,C_recovers_expiry_on,23,0.8,4,4,70.933541,71.284235,1876,1816,9,414,0,57,11.2
SIM-UNCALIBRATED,100,5,fails_then_recovers,on,C_recovers_expiry_on,24,0.4,2,2,70.000000,70.695183,2073,2039,15,236,0,97,6.0
SIM-UNCALIBRATED,100,5,fails_then_recovers,on,C_recovers_expiry_on,25,1.0,5,5,71.084521,71.273874,1529,1456,12,528,0,22,13.6
SIM-UNCALIBRATED,100,5,fails_then_recovers,on,C_recovers_expiry_on,26,0.8,4,4,70.456880,70.975001,1345,1300,5,178,0,4,8.2
SIM-UNCALIBRATED,100,5,fails_then_recovers,on,C_recovers_expiry_on,27,1.0,5,5,70.886552,71.311395,2322,2254,10,359,0,91,12.6
SIM-UNCALIBRATED,100,5,fails_then_recovers,on,C_recovers_expiry_on,28,0.6,3,3,70.233681,70.979459,2589,2545,0,324,0,239,7.8
SIM-UNCALIBRATED,100,5,fails_then_recovers,on,C_recovers_expiry_on,29,0.6,3,3,70.711514,70.835556,1525,1478,21,329,0,144,8.4
SIM-UNCALIBRATED,100,5,fails_then_recovers,off,D_recovers_expiry_off,0,0.8,4,4,70.793597,70.918669,2334,2285,0,381,0,144,8.8
SIM-UNCALIBRATED,100,5,fails_then_recovers,off,D_recovers_expiry_off,1,1.0,5,5,70.920466,71.006591,2005,1946,0,369,0,10,10.8
SIM-UNCALIBRATED,100,5,fails_then_recovers,off,D_recovers_expiry_off,2,0.8,4,4,70.825734,71.041627,2205,2148,0,277,0,99,10.4
SIM-UNCALIBRATED,100,5,fails_then_recovers,off,D_recovers_expiry_off,3,1.0,5,5,70.732534,71.084197,1884,1836,0,267,0,57,8.8
SIM-UNCALIBRATED,100,5,fails_then_recovers,off,D_recovers_expiry_off,4,1.0,5,5,70.828742,71.170258,1128,1071,0,347,0,47,10.4
SIM-UNCALIBRATED,100,5,fails_then_recovers,off,D_recovers_expiry_off,5,0.6,3,3,70.909434,71.233522,1840,1785,0,557,0,57,10.0
SIM-UNCALIBRATED,100,5,fails_then_recovers,off,D_recovers_expiry_off,6,1.0,5,5,70.935268,71.067552,1369,1315,0,290,0,8,9.8
SIM-UNCALIBRATED,100,5,fails_then_recovers,off,D_recovers_expiry_off,7,1.0,5,5,71.034504,71.401551,209,148,0,412,0,3,11.2
SIM-UNCALIBRATED,100,5,fails_then_recovers,off,D_recovers_expiry_off,8,0.8,4,4,71.239281,71.532442,1266,1189,0,439,0,61,14.4
SIM-UNCALIBRATED,100,5,fails_then_recovers,off,D_recovers_expiry_off,9,1.0,5,5,70.856198,71.101238,2229,2176,0,347,0,14,9.8
SIM-UNCALIBRATED,100,5,fails_then_recovers,off,D_recovers_expiry_off,10,1.0,5,5,70.695615,71.057822,2099,2047,0,403,0,73,9.4
SIM-UNCALIBRATED,100,5,fails_then_recovers,off,D_recovers_expiry_off,11,1.0,5,5,70.675053,71.151331,1227,1173,0,314,0,45,9.8
SIM-UNCALIBRATED,100,5,fails_then_recovers,off,D_recovers_expiry_off,12,0.8,4,4,70.753218,71.098129,1988,1926,0,545,0,79,11.4
SIM-UNCALIBRATED,100,5,fails_then_recovers,off,D_recovers_expiry_off,13,0.8,4,4,70.732409,71.026443,2372,2320,0,408,0,56,9.4
SIM-UNCALIBRATED,100,5,fails_then_recovers,off,D_recovers_expiry_off,14,1.0,5,5,71.161751,71.274338,1049,978,0,378,0,6,13.2
SIM-UNCALIBRATED,100,5,fails_then_recovers,off,D_recovers_expiry_off,15,1.0,5,5,71.081888,71.273616,1483,1416,0,416,0,147,12.4
SIM-UNCALIBRATED,100,5,fails_then_recovers,off,D_recovers_expiry_off,16,1.0,5,5,70.910919,71.039114,2255,2198,0,362,0,105,10.4
SIM-UNCALIBRATED,100,5,fails_then_recovers,off,D_recovers_expiry_off,17,0.8,4,4,70.588245,71.003325,1356,1308,0,287,0,225,8.6
SIM-UNCALIBRATED,100,5,fails_then_recovers,off,D_recovers_expiry_off,18,0.8,4,4,70.726358,70.851954,1758,1709,0,347,0,64,8.8
SIM-UNCALIBRATED,100,5,fails_then_recovers,off,D_recovers_expiry_off,19,0.6,3,3,70.922467,70.989031,2385,2328,0,586,0,116,10.4
SIM-UNCALIBRATED,100,5,fails_then_recovers,off,D_recovers_expiry_off,20,0.8,4,4,71.013968,71.137762,1001,944,0,338,0,47,10.4
SIM-UNCALIBRATED,100,5,fails_then_recovers,off,D_recovers_expiry_off,21,0.8,4,4,71.078569,71.140994,1769,1711,0,330,0,47,10.8
SIM-UNCALIBRATED,100,5,fails_then_recovers,off,D_recovers_expiry_off,22,0.8,4,4,70.662742,71.010288,1646,1586,0,332,0,49,11.0
SIM-UNCALIBRATED,100,5,fails_then_recovers,off,D_recovers_expiry_off,23,0.8,4,4,70.993541,71.250561,1883,1816,0,455,0,58,12.4
SIM-UNCALIBRATED,100,5,fails_then_recovers,off,D_recovers_expiry_off,24,1.0,5,5,71.083701,71.255183,2103,2040,0,323,0,98,11.6
SIM-UNCALIBRATED,100,5,fails_then_recovers,off,D_recovers_expiry_off,25,0.8,4,4,70.700525,71.185249,1519,1456,0,475,0,21,11.6
SIM-UNCALIBRATED,100,5,fails_then_recovers,off,D_recovers_expiry_off,26,0.8,4,4,70.556880,70.975991,1337,1291,0,174,0,5,8.2
SIM-UNCALIBRATED,100,5,fails_then_recovers,off,D_recovers_expiry_off,27,1.0,5,5,70.946552,71.291395,2318,2254,0,357,0,91,11.8
SIM-UNCALIBRATED,100,5,fails_then_recovers,off,D_recovers_expiry_off,28,0.6,3,3,70.233681,70.959459,2588,2545,0,312,0,239,7.6
SIM-UNCALIBRATED,100,5,fails_then_recovers,off,D_recovers_expiry_off,29,1.0,5,5,71.156333,71.347277,1546,1478,0,486,0,140,12.6
SIM-UNCALIBRATED,100,20,always_up,on,A_always_up_expiry_on,0,0.25,5,5,70.837861,71.226948,3469,3373,29,647,0,245,3.8
SIM-UNCALIBRATED,100,20,always_up,on,A_always_up_expiry_on,1,0.35,7,7,71.135053,71.829097,2936,2806,7,755,0,25,5.5
SIM-UNCALIBRATED,100,20,always_up,on,A_always_up_expiry_on,2,0.35,7,7,71.313171,71.536010,3270,3171,13,484,0,163,3.95
SIM-UNCALIBRATED,100,20,always_up,on,A_always_up_expiry_on,3,0.4,8,8,70.000000,71.112702,2818,2746,41,409,0,98,2.6
SIM-UNCALIBRATED,100,20,always_up,on,A_always_up_expiry_on,4,0.4,8,8,71.310980,71.808147,1584,1479,74,558,0,86,4.35
SIM-UNCALIBRATED,100,20,always_up,on,A_always_up_expiry_on,5,0.2,4,4,70.735577,71.293522,2703,2625,23,589,0,108,2.9
SIM-UNCALIBRATED,100,20,always_up,on,A_always_up_expiry_on,6,0.3,6,6,70.705849,71.207080,2007,1934,75,399,0,19,2.7
SIM-UNCALIBRATED,100,20,always_up,on,A_always_up_expiry_on,7,0.3,6,6,70.160857,70.322358,251,217,132,64,0,15,0.7
SIM-UNCALIBRATED,100,20,always_up,on,A_always_up_expiry_on,8,0.3,6,6,70.000000,71.165788,1815,1735,65,423,0,97,3.0
SIM-UNCALIBRATED,100,20,always_up,on,A_always_up_expiry_on,9,0.3,6,6,70.542729,71.092350,3279,3207,27,397,0,30,2.6
SIM-UNCALIBRATED,100,20,always_up,on,A_always_up_expiry_on,10,0.45,9,9,70.989755,71.499061,3116,3021,16,593,0,127,3.75
SIM-UNCALIBRATED,100,20,always_up,on,A_always_up_expiry_on,11,0.55,11,11,70.898170,71.556179,1815,1724,104,328,0,78,3.55
SIM-UNCALIBRATED,100,20,always_up,on,A_always_up_expiry_on,12,0.3,6,6,70.300840,71.363110,2920,2833,12,567,0,118,3.35
SIM-UNCALIBRATED,100,20,always_up,on,A_always_up_expiry_on,13,0.3,6,6,70.326443,71.140390,3471,3401,11,392,0,101,2.5
SIM-UNCALIBRATED,100,20,always_up,on,A_always_up_expiry_on,14,0.35,7,7,70.902206,71.353861,1512,1424,79,515,0,14,3.4
SIM-UNCALIBRATED,100,20,always_up,on,A_always_up_expiry_on,15,0.45,9,9,70.416021,71.237665,2165,2086,56,518,0,234,3.0
SIM-UNCALIBRATED,100,20,always_up,on,A_always_up_expiry_on,16,0.4,8,8,70.796642,71.795235,3339,3230,20,528,0,177,4.45
SIM-UNCALIBRATED,100,20,always_up,on,A_always_up_expiry_on,17,0.35,7,7,70.516738,71.330667,2008,1921,64,525,0,349,3.35
SIM-UNCALIBRATED,100,20,always_up,on,A_always_up_expiry_on,18,0.3,6,6,70.832007,70.948853,2585,2525,60,303,0,111,2.0
SIM-UNCALIBRATED,100,20,always_up,on,A_always_up_expiry_on,19,0.25,5,5,70.582467,71.017628,3552,3476,7,538,0,178,2.8
SIM-UNCALIBRATED,100,20,always_up,on,A_always_up_expiry_on,20,0.45,9,9,70.575197,71.132798,1451,1371,111,342,0,84,3.0
SIM-UNCALIBRATED,100,20,always_up,on,A_always_up_expiry_on,21,0.25,5,5,70.758879,71.057398,2551,2472,30,393,0,81,2.95
SIM-UNCALIBRATED,100,20,always_up,on,A_always_up_expiry_on,22,0.35,7,7,71.493703,71.842742,2472,2365,52,521,0,88,4.35
SIM-UNCALIBRATED,100,20,always_up,on,A_always_up_expiry_on,23,0.25,5,5,71.113701,71.459238,2795,2696,25,539,0,102,3.95
SIM-UNCALIBRATED,100,20,always_up,on,A_always_up_expiry_on,24,0.3,6,6,70.360625,71.443658,3088,2998,29,460,0,157,3.5
SIM-UNCALIBRATED,100,20,always_up,on,A_always_up_expiry_on,25,0.3,6,6,70.000000,70.919685,2209,2137,65,388,0,43,2.6
SIM-UNCALIBRATED,100,20,always_up,on,A_always_up_expiry_on,26,0.4,8,8,70.776880,71.660654,2011,1912,55,390,0,18,3.95
SIM-UNCALIBRATED,100,20,always_up,on,A_always_up_expiry_on,27,0.3,6,6,70.896201,71.154566,3415,3331,18,411,0,152,3.2
SIM-UNCALIBRATED,100,20,always_up,on,A_always_up_expiry_on,28,0.25,5,5,71.203569,71.429270,3834,3741,1,532,0,357,3.65
SIM-UNCALIBRATED,100,20,always_up,on,A_always_up_expiry_on,29,0.2,4,4,70.135556,70.956157,2238,2179,71,359,0,218,1.95
SIM-UNCALIBRATED,100,20,always_up,off,B_always_up_expiry_off,0,0.25,5,5,70.837861,71.266948,3464,3373,0,618,0,244,3.55
SIM-UNCALIBRATED,100,20,always_up,off,B_always_up_expiry_off,1,0.3,6,6,70.741023,71.249097,2899,2818,0,443,0,22,3.05
SIM-UNCALIBRATED,100,20,always_up,off,B_always_up_expiry_off,2,0.35,7,7,71.313171,71.498414,3254,3165,0,413,0,160,3.45
SIM-UNCALIBRATED,100,20,always_up,off,B_always_up_expiry_off,3,0.4,8,8,70.000000,71.072702,2814,2746,3,386,0,98,2.4
SIM-UNCALIBRATED,100,20,always_up,off,B_always_up_expiry_off,4,0.25,5,5,70.998175,71.297938,1552,1482,0,287,0,85,2.5
SIM-UNCALIBRATED,100,20,always_up,off,B_always_up_expiry_off,5,0.2,4,4,70.735577,71.293522,2703,2625,5,589,0,108,2.9
SIM-UNCALIBRATED,100,20,always_up,off,B_always_up_expiry_off,6,0.3,6,6,70.963000,71.460282,2024,1934,0,459,0,24,3.55
SIM-UNCALIBRATED,100,20,always_up,off,B_always_up_expiry_off,7,0.2,4,4,70.976480,71.177655,289,217,0,422,0,16,2.6
SIM-UNCALIBRATED,100,20,always_up,off,B_always_up_expiry_off,8,0.3,6,6,70.000000,71.033055,1804,1735,0,312,0,96,2.45
SIM-UNCALIBRATED,100,20,always_up,off,B_always_up_expiry_off,9,0.4,8,8,70.844298,71.414616,3303,3207,0,400,0,30,3.8
SIM-UNCALIBRATED,100,20,always_up,off,B_always_up_expiry_off,10,0.45,9,9,71.029755,71.953742,3137,3019,0,771,0,132,4.9
SIM-UNCALIBRATED,100,20,always_up,off,B_always_up_expiry_off,11,0.3,6,6,70.224416,71.353263,1810,1724,0,396,0,78,3.3
SIM-UNCALIBRATED,100,20,always_up,off,B_always_up_expiry_off,12,0.3,6,6,70.300840,71.183110,2906,2833,0,419,0,120,2.65
SIM-UNCALIBRATED,100,20,always_up,off,B_always_up_expiry_off,13,0.3,6,6,70.326443,71.100390,3467,3401,0,365,0,102,2.3
SIM-UNCALIBRATED,100,20,always_up,off,B_always_up_expiry_off,14,0.3,6,6,70.246735,70.969052,1491,1424,0,333,0,14,2.4
SIM-UNCALIBRATED,100,20,always_up,off,B_always_up_expiry_off,15,0.5,10,10,70.536021,71.493616,2177,2086,0,538,0,235,3.6
SIM-UNCALIBRATED,100,20,always_up,off,B_always_up_expiry_off,16,0.3,6,6,70.705093,70.860009,3296,3235,0,243,0,177,2.05
SIM-UNCALIBRATED,100,20,always_up,off,B_always_up_expiry_off,17,0.3,6,6,70.562278,71.170557,1993,1921,0,334,0,349,2.6
SIM-UNCALIBRATED,100,20,always_up,off,B_always_up_expiry_off,18,0.25,5,5,70.852007,70.988853,2587,2525,0,311,0,107,2.1
SIM-UNCALIBRATED,100,20,always_up,off,B_always_up_expiry_off,19,0.25,5,5,70.582467,70.997628,3576,3502,0,564,0,186,2.7
SIM-UNCALIBRATED,100,20,always_up,off,B_always_up_expiry_off,20,0.35,7,7,70.962354,71.201995,1452,1373,0,435,0,86,2.95
SIM-UNCALIBRATED,100,20,always_up,off,B_always_up_expiry_off,21,0.2,4,4,70.738879,71.097398,2570,2496,0,358,0,79,2.75
SIM-UNCALIBRATED,100,20,always_up,off,B_always_up_expiry_off,22,0.25,5,5,71.290673,71.676523,2463,2362,0,475,0,88,4.05
SIM-UNCALIBRATED,100,20,always_up,off,B_always_up_expiry_off,23,0.3,6,6,71.390561,71.497187,2788,2696,0,464,0,100,3.6
SIM-UNCALIBRATED,100,20,always_up,off,B_always_up_expiry_off,24,0.25,5,5,70.480625,70.879076,3066,3000,1,307,0,157,2.3
SIM-UNCALIBRATED,100,20,always_up,off,B_always_up_expiry_off,25,0.3,6,6,70.000000,71.180525,2218,2139,0,497,0,42,2.95
SIM-UNCALIBRATED,100,20,always_up,off,B_always_up_expiry_off,26,0.35,7,7,71.063686,71.534704,1981,1896,0,311,0,20,3.25
SIM-UNCALIBRATED,100,20,always_up,off,B_always_up_expiry_off,27,0.3,6,6,70.855824,71.071395,3352,3285,0,307,0,146,2.35
SIM-UNCALIBRATED,100,20,always_up,off,B_always_up_expiry_off,28,0.25,5,5,71.065489,71.309270,3830,3741,0,489,0,358,3.45
SIM-UNCALIBRATED,100,20,always_up,off,B_always_up_expiry_off,29,0.2,4,4,70.335556,71.086737,2242,2179,0,353,0,217,2.15
SIM-UNCALIBRATED,100,20,fails_then_recovers,on,C_recovers_expiry_on,0,0.2,4,4,70.777861,71.186948,2371,2277,29,626,0,170,3.7
SIM-UNCALIBRATED,100,20,fails_then_recovers,on,C_recovers_expiry_on,1,0.35,7,7,71.175053,71.886591,2075,1939,8,792,0,26,5.8
SIM-UNCALIBRATED,100,20,fails_then_recovers,on,C_recovers_expiry_on,2,0.3,6,6,71.351515,71.536010,2271,2172,13,487,0,118,3.95
SIM-UNCALIBRATED,100,20,fails_then_recovers,on,C_recovers_expiry_on,3,0.4,8,8,70.000000,71.112702,1935,1858,41,434,0,78,2.85
SIM-UNCALIBRATED,100,20,fails_then_recovers,on,C_recovers_expiry_on,4,0.4,8,8,71.290980,71.788147,1175,1071,74,553,0,68,4.25
SIM-UNCALIBRATED,100,20,fails_then_recovers,on,C_recovers_expiry_on,5,0.2,4,4,70.735577,71.212626,1861,1784,23,598,0,85,2.85
SIM-UNCALIBRATED,100,20,fails_then_recovers,on,C_recovers_expiry_on,6,0.3,6,6,70.725849,71.207080,1388,1315,75,390,0,20,2.7
SIM-UNCALIBRATED,100,20,fails_then_recovers,on,C_recovers_expiry_on,7,0.3,6,6,70.160857,70.322358,182,148,132,64,0,15,0.7
SIM-UNCALIBRATED,100,20,fails_then_recovers,on,C_recovers_expiry_on,8,0.3,6,6,70.000000,71.185788,1269,1188,65,427,0,74,3.05
SIM-UNCALIBRATED,100,20,fails_then_recovers,on,C_recovers_expiry_on,9,0.3,6,6,70.542729,71.092350,2247,2175,27,400,0,26,2.6
SIM-UNCALIBRATED,100,20,fails_then_recovers,on,C_recovers_expiry_on,10,0.45,9,9,70.989755,71.519061,2145,2049,16,593,0,88,3.8
SIM-UNCALIBRATED,100,20,fails_then_recovers,on,C_recovers_expiry_on,11,0.5,10,10,70.655053,71.458396,1266,1173,104,342,0,57,3.65
SIM-UNCALIBRATED,100,20,fails_then_recovers,on,C_recovers_expiry_on,12,0.35,7,7,70.300840,71.383110,2012,1924,12,574,0,89,3.4
SIM-UNCALIBRATED,100,20,fails_then_recovers,on,C_recovers_expiry_on,13,0.3,6,6,70.326443,71.052409,2378,2306,11,400,0,80,2.6
SIM-UNCALIBRATED,100,20,fails_then_recovers,on,C_recovers_expiry_on,14,0.35,7,7,70.902206,71.339826,1058,970,79,513,0,14,3.4
SIM-UNCALIBRATED,100,20,fails_then_recovers,on,C_recovers_expiry_on,15,0.4,8,8,70.416021,71.237665,1495,1416,56,516,0,165,3.0
SIM-UNCALIBRATED,100,20,fails_then_recovers,on,C_recovers_expiry_on,16,0.35,7,7,70.796642,71.523844,2306,2197,20,506,0,121,4.45
SIM-UNCALIBRATED,100,20,fails_then_recovers,on,C_recovers_expiry_on,17,0.35,7,7,70.476738,71.330667,1392,1305,65,519,0,245,3.35
SIM-UNCALIBRATED,100,20,fails_then_recovers,on,C_recovers_expiry_on,18,0.3,6,6,70.706358,70.968853,1771,1710,60,311,0,81,2.05
SIM-UNCALIBRATED,100,20,fails_then_recovers,on,C_recovers_expiry_on,19,0.25,5,5,70.622467,71.017628,2350,2276,7,515,0,123,2.7
SIM-UNCALIBRATED,100,20,fails_then_recovers,on,C_recovers_expiry_on,20,0.45,9,9,70.575197,71.132798,1020,941,111,335,0,63,2.95
SIM-UNCALIBRATED,100,20,fails_then_recovers,on,C_recovers_expiry_on,21,0.25,5,5,70.738879,71.057398,1762,1682,31,387,0,61,3.0
SIM-UNCALIBRATED,100,20,fails_then_recovers,on,C_recovers_expiry_on,22,0.4,8,8,71.490673,71.862742,1694,1586,52,516,0,64,4.4
SIM-UNCALIBRATED,100,20,fails_then_recovers,on,C_recovers_expiry_on,23,0.2,4,4,70.975849,71.424914,1908,1819,25,467,0,73,3.45
SIM-UNCALIBRATED,100,20,fails_then_recovers,on,C_recovers_expiry_on,24,0.3,6,6,70.528105,71.363658,2125,2039,29,443,0,109,3.3
SIM-UNCALIBRATED,100,20,fails_then_recovers,on,C_recovers_expiry_on,25,0.3,6,6,70.000000,70.919685,1531,1457,65,402,0,40,2.7
SIM-UNCALIBRATED,100,20,fails_then_recovers,on,C_recovers_expiry_on,26,0.4,8,8,70.756880,71.560654,1392,1300,55,340,0,16,3.6
SIM-UNCALIBRATED,100,20,fails_then_recovers,on,C_recovers_expiry_on,27,0.3,6,6,70.896201,71.171395,2333,2251,18,395,0,103,3.1
SIM-UNCALIBRATED,100,20,fails_then_recovers,on,C_recovers_expiry_on,28,0.3,6,6,71.203569,71.876329,2638,2540,1,539,0,254,3.9
SIM-UNCALIBRATED,100,20,fails_then_recovers,on,C_recovers_expiry_on,29,0.2,4,4,70.135556,70.956157,1536,1478,71,340,0,156,1.9
SIM-UNCALIBRATED,100,20,fails_then_recovers,off,D_recovers_expiry_off,0,0.2,4,4,70.777861,71.166948,2355,2277,0,528,0,171,2.9
SIM-UNCALIBRATED,100,20,fails_then_recovers,off,D_recovers_expiry_off,1,0.3,6,6,70.741023,71.266591,2029,1947,0,436,0,23,3.1
SIM-UNCALIBRATED,100,20,fails_then_recovers,off,D_recovers_expiry_off,2,0.3,6,6,71.253171,71.478414,2260,2172,0,411,0,119,3.4
SIM-UNCALIBRATED,100,20,fails_then_recovers,off,D_recovers_expiry_off,3,0.4,8,8,70.000000,71.072702,1926,1858,3,376,0,78,2.4
SIM-UNCALIBRATED,100,20,fails_then_recovers,off,D_recovers_expiry_off,4,0.25,5,5,70.998175,71.297938,1143,1073,0,286,0,68,2.5
SIM-UNCALIBRATED,100,20,fails_then_recovers,off,D_recovers_expiry_off,5,0.2,4,4,70.735577,71.212626,1861,1784,5,598,0,85,2.85
SIM-UNCALIBRATED,100,20,fails_then_recovers,off,D_recovers_expiry_off,6,0.3,6,6,70.943000,71.360282,1399,1315,0,417,0,21,3.3
SIM-UNCALIBRATED,100,20,fails_then_recovers,off,D_recovers_expiry_off,7,0.2,4,4,70.976480,71.177655,220,148,0,422,0,16,2.6
SIM-UNCALIBRATED,100,20,fails_then_recovers,off,D_recovers_expiry_off,8,0.3,6,6,70.000000,71.033055,1258,1189,0,312,0,73,2.45
SIM-UNCALIBRATED,100,20,fails_then_recovers,off,D_recovers_expiry_off,9,0.4,8,8,70.844298,71.394616,2272,2176,0,404,0,27,3.8
SIM-UNCALIBRATED,100,20,fails_then_recovers,off,D_recovers_expiry_off,10,0.45,9,9,71.029755,71.973742,2168,2049,0,769,0,95,4.95
SIM-UNCALIBRATED,100,20,fails_then_recovers,off,D_recovers_expiry_off,11,0.3,6,6,70.224416,71.313263,1257,1173,0,386,0,55,3.2
SIM-UNCALIBRATED,100,20,fails_then_recovers,off,D_recovers_expiry_off,12,0.35,7,7,70.300840,71.163110,1996,1924,0,423,0,85,2.6
SIM-UNCALIBRATED,100,20,fails_then_recovers,off,D_recovers_expiry_off,13,0.3,6,6,70.326443,71.032409,2377,2309,0,373,0,80,2.4
SIM-UNCALIBRATED,100,20,fails_then_recovers,off,D_recovers_expiry_off,14,0.3,6,6,70.246735,70.969052,1038,970,0,340,0,14,2.4
SIM-UNCALIBRATED,100,20,fails_then_recovers,off,D_recovers_expiry_off,15,0.45,9,9,70.800473,71.493616,1507,1416,0,541,0,166,3.6
SIM-UNCALIBRATED,100,20,fails_then_recovers,off,D_recovers_expiry_off,16,0.3,6,6,70.705093,70.860009,2258,2198,0,225,0,122,2.05
SIM-UNCALIBRATED,100,20,fails_then_recovers,off,D_recovers_expiry_off,17,0.3,6,6,70.542278,71.190557,1377,1305,0,331,0,243,2.6
SIM-UNCALIBRATED,100,20,fails_then_recovers,off,D_recovers_expiry_off,18,0.25,5,5,70.832129,70.988853,1772,1710,0,313,0,78,2.1
SIM-UNCALIBRATED,100,20,fails_then_recovers,off,D_recovers_expiry_off,19,0.25,5,5,70.622467,70.977628,2438,2365,0,555,0,129,2.65
SIM-UNCALIBRATED,100,20,fails_then_recovers,off,D_recovers_expiry_off,20,0.35,7,7,70.962354,71.201995,1023,944,0,434,0,65,2.95
SIM-UNCALIBRATED,100,20,fails_then_recovers,off,D_recovers_expiry_off,21,0.2,4,4,70.738879,71.097398,1780,1706,0,356,0,62,2.75
SIM-UNCALIBRATED,100,20,fails_then_recovers,off,D_recovers_expiry_off,22,0.25,5,5,71.290673,71.662742,1687,1586,0,474,0,66,4.05
SIM-UNCALIBRATED,100,20,fails_then_recovers,off,D_recovers_expiry_off,23,0.3,6,6,71.270561,71.519238,1909,1819,0,441,0,70,3.5
SIM-UNCALIBRATED,100,20,fails_then_recovers,off,D_recovers_expiry_off,24,0.25,5,5,70.648105,70.926163,2092,2027,1,319,0,108,2.25
SIM-UNCALIBRATED,100,20,fails_then_recovers,off,D_recovers_expiry_off,25,0.3,6,6,70.000000,71.180525,1536,1457,0,500,0,39,2.95
SIM-UNCALIBRATED,100,20,fails_then_recovers,off,D_recovers_expiry_off,26,0.35,7,7,70.970916,71.554704,1387,1300,0,322,0,21,3.35
SIM-UNCALIBRATED,100,20,fails_then_recovers,off,D_recovers_expiry_off,27,0.3,6,6,70.875824,71.111395,2319,2251,0,316,0,104,2.4
SIM-UNCALIBRATED,100,20,fails_then_recovers,off,D_recovers_expiry_off,28,0.25,5,5,71.123569,71.511127,2628,2540,0,472,0,256,3.4
SIM-UNCALIBRATED,100,20,fails_then_recovers,off,D_recovers_expiry_off,29,0.2,4,4,70.335556,71.086737,1541,1478,0,354,0,155,2.15
SIM-UNCALIBRATED,100,50,always_up,on,A_always_up_expiry_on,0,0.22,11,11,70.000000,71.262046,3481,3380,41,499,0,325,1.02
SIM-UNCALIBRATED,100,50,always_up,on,A_always_up_expiry_on,1,0.2,10,10,70.000000,71.534581,2941,2806,22,612,0,112,1.7
SIM-UNCALIBRATED,100,50,always_up,on,A_always_up_expiry_on,2,0.14,7,7,70.000000,71.138510,3288,3178,22,370,0,233,1.22
SIM-UNCALIBRATED,100,50,always_up,on,A_always_up_expiry_on,3,0.22,11,11,70.000000,71.332887,2811,2710,72,359,0,190,1.02
SIM-UNCALIBRATED,100,50,always_up,on,A_always_up_expiry_on,4,0.18,9,9,70.957792,71.442751,1580,1464,147,407,0,177,1.32
SIM-UNCALIBRATED,100,50,always_up,on,A_always_up_expiry_on,5,0.14,7,7,70.000000,71.293522,2732,2625,50,592,0,189,1.14
SIM-UNCALIBRATED,100,50,always_up,on,A_always_up_expiry_on,6,0.12,6,6,70.760282,70.885849,2026,1934,148,344,0,113,0.84
SIM-UNCALIBRATED,100,50,always_up,on,A_always_up_expiry_on,7,0.32,16,16,70.374286,70.849721,307,217,292,170,0,96,0.8
SIM-UNCALIBRATED,100,50,always_up,on,A_always_up_expiry_on,8,0.22,11,11,70.000000,71.529323,1860,1735,129,519,0,186,1.5
SIM-UNCALIBRATED,100,50,always_up,on,A_always_up_expiry_on,9,0.26,13,13,70.269544,71.804298,3338,3207,47,571,0,106,1.62
SIM-UNCALIBRATED,100,50,always_up,on,A_always_up_expiry_on,10,0.26,13,13,70.000000,71.265717,3132,3020,34,494,0,226,1.24
SIM-UNCALIBRATED,100,50,always_up,on,A_always_up_expiry_on,11,0.18,9,9,70.442438,71.267872,1833,1723,166,316,0,163,1.2
SIM-UNCALIBRATED,100,50,always_up,on,A_always_up_expiry_on,12,0.18,9,9,70.000000,71.083110,2892,2797,42,373,0,225,0.9
SIM-UNCALIBRATED,100,50,always_up,on,A_always_up_expiry_on,13,0.2,10,10,70.000000,71.657923,3487,3373,14,403,0,178,1.28
SIM-UNCALIBRATED,100,50,always_up,on,A_always_up_expiry_on,14,0.2,10,10,70.000000,71.142206,1529,1424,151,388,0,97,1.1
SIM-UNCALIBRATED,100,50,always_up,on,A_always_up_expiry_on,15,0.2,10,10,70.000000,71.056428,2188,2086,104,437,0,318,1.04
SIM-UNCALIBRATED,100,50,always_up,on,A_always_up_expiry_on,16,0.12,6,6,70.000000,70.577181,3318,3235,32,353,0,278,0.66
SIM-UNCALIBRATED,100,50,always_up,on,A_always_up_expiry_on,17,0.2,10,10,70.225520,71.556193,2047,1916,96,571,0,432,1.64
SIM-UNCALIBRATED,100,50,always_up,on,A_always_up_expiry_on,18,0.18,9,9,70.832129,71.106951,2623,2525,139,355,0,199,0.96
SIM-UNCALIBRATED,100,50,always_up,on,A_always_up_expiry_on,19,0.18,9,9,70.000000,71.088543,3699,3598,27,414,0,300,1.02
SIM-UNCALIBRATED,100,50,always_up,on,A_always_up_expiry_on,20,0.18,9,9,70.000000,71.182361,1473,1371,193,279,0,167,1.04
SIM-UNCALIBRATED,100,50,always_up,on,A_always_up_expiry_on,21,0.26,13,13,70.698879,71.415586,2666,2519,72,572,0,164,1.96
SIM-UNCALIBRATED,100,50,always_up,on,A_always_up_expiry_on,22,0.18,9,9,71.334076,71.962280,2496,2362,98,500,0,157,1.68
SIM-UNCALIBRATED,100,50,always_up,on,A_always_up_expiry_on,23,0.12,6,6,70.790490,71.324235,2796,2688,72,458,0,187,1.16
SIM-UNCALIBRATED,100,50,always_up,on,A_always_up_expiry_on,24,0.18,9,9,70.671250,71.083658,3075,2971,33,355,0,234,1.08
SIM-UNCALIBRATED,100,50,always_up,on,A_always_up_expiry_on,25,0.2,10,10,70.000000,71.009392,2246,2139,122,432,0,138,1.14
SIM-UNCALIBRATED,100,50,always_up,on,A_always_up_expiry_on,26,0.16,8,8,70.819365,71.455991,2048,1930,100,384,0,85,1.38
SIM-UNCALIBRATED,100,50,always_up,on,A_always_up_expiry_on,27,0.18,9,9,70.000000,71.050750,3389,3289,30,303,0,237,1.02
SIM-UNCALIBRATED,100,50,always_up,on,A_always_up_expiry_on,28,0.14,7,7,71.116563,71.669052,3870,3741,1,620,0,476,1.6
SIM-UNCALIBRATED,100,50,always_up,on,A_always_up_expiry_on,29,0.08,4,4,70.000000,71.036157,2273,2180,135,364,0,309,0.86
SIM-UNCALIBRATED,100,50,always_up,off,B_always_up_expiry_off,0,0.22,11,11,70.000000,71.262046,3481,3380,0,499,0,325,1.02
SIM-UNCALIBRATED,100,50,always_up,off,B_always_up_expiry_off,1,0.2,10,10,70.000000,71.234581,2928,2818,0,436,0,109,1.2
SIM-UNCALIBRATED,100,50,always_up,off,B_always_up_expiry_off,2,0.14,7,7,70.000000,71.238510,3278,3170,0,347,0,230,1.2
SIM-UNCALIBRATED,100,50,always_up,off,B_always_up_expiry_off,3,0.22,11,11,70.000000,71.372887,2825,2723,6,371,0,190,1.04
SIM-UNCALIBRATED,100,50,always_up,off,B_always_up_expiry_off,4,0.14,7,7,70.000000,71.100319,1558,1461,0,326,0,174,0.94
SIM-UNCALIBRATED,100,50,always_up,off,B_always_up_expiry_off,5,0.16,8,8,70.000000,71.363304,2739,2625,7,610,0,187,1.28
SIM-UNCALIBRATED,100,50,always_up,off,B_always_up_expiry_off,6,0.08,4,4,70.839010,71.153221,2027,1934,0,287,0,109,0.86
SIM-UNCALIBRATED,100,50,always_up,off,B_always_up_expiry_off,7,0.12,6,6,70.994504,71.218659,321,217,0,461,0,100,1.08
SIM-UNCALIBRATED,100,50,always_up,off,B_always_up_expiry_off,8,0.16,8,8,70.000000,70.963276,1835,1735,0,301,0,188,1.0
SIM-UNCALIBRATED,100,50,always_up,off,B_always_up_expiry_off,9,0.24,12,12,70.000000,71.260568,3318,3205,0,371,0,107,1.26
SIM-UNCALIBRATED,100,50,always_up,off,B_always_up_expiry_off,10,0.26,13,13,70.000000,71.505717,3147,3020,0,603,0,224,1.54
SIM-UNCALIBRATED,100,50,always_up,off,B_always_up_expiry_off,11,0.16,8,8,70.000000,71.173624,1832,1724,0,344,0,160,1.16
SIM-UNCALIBRATED,100,50,always_up,off,B_always_up_expiry_off,12,0.16,8,8,70.000000,70.697950,2882,2797,0,295,0,225,0.7
SIM-UNCALIBRATED,100,50,always_up,off,B_always_up_expiry_off,13,0.2,10,10,70.000000,71.095287,3483,3384,0,304,0,179,0.98
SIM-UNCALIBRATED,100,50,always_up,off,B_always_up_expiry_off,14,0.22,11,11,70.344032,71.362206,1536,1424,0,412,0,98,1.24
SIM-UNCALIBRATED,100,50,always_up,off,B_always_up_expiry_off,15,0.2,10,10,70.000000,71.346290,2204,2086,0,560,0,315,1.36
SIM-UNCALIBRATED,100,50,always_up,off,B_always_up_expiry_off,16,0.12,6,6,70.000000,70.577181,3318,3235,0,353,0,278,0.66
SIM-UNCALIBRATED,100,50,always_up,off,B_always_up_expiry_off,17,0.18,9,9,70.565520,71.422278,2040,1925,0,392,0,434,1.3
SIM-UNCALIBRATED,100,50,always_up,off,B_always_up_expiry_off,18,0.12,6,6,70.671954,70.841779,2619,2525,0,345,0,200,0.88
SIM-UNCALIBRATED,100,50,always_up,off,B_always_up_expiry_off,19,0.18,9,9,70.000000,71.121071,3706,3598,0,515,0,299,1.16
SIM-UNCALIBRATED,100,50,always_up,off,B_always_up_expiry_off,20,0.2,10,10,70.000000,71.302361,1480,1373,0,305,0,168,1.16
SIM-UNCALIBRATED,100,50,always_up,off,B_always_up_expiry_off,21,0.2,10,10,70.000000,71.014475,2599,2504,0,282,0,157,0.9
SIM-UNCALIBRATED,100,50,always_up,off,B_always_up_expiry_off,22,0.14,7,7,70.909434,71.161583,2471,2362,0,353,0,155,1.18
SIM-UNCALIBRATED,100,50,always_up,off,B_always_up_expiry_off,23,0.12,6,6,70.814728,71.504235,2802,2688,0,465,0,190,1.28
SIM-UNCALIBRATED,100,50,always_up,off,B_always_up_expiry_off,24,0.16,8,8,70.000000,71.127209,3074,2971,1,283,0,234,1.06
SIM-UNCALIBRATED,100,50,always_up,off,B_always_up_expiry_off,25,0.2,10,10,70.000000,71.679076,2267,2141,0,589,0,139,1.52
SIM-UNCALIBRATED,100,50,always_up,off,B_always_up_expiry_off,26,0.16,8,8,70.839365,71.250297,2001,1896,0,283,0,85,1.1
SIM-UNCALIBRATED,100,50,always_up,off,B_always_up_expiry_off,27,0.18,9,9,70.000000,70.970750,3386,3289,0,298,0,235,0.94
SIM-UNCALIBRATED,100,50,always_up,off,B_always_up_expiry_off,28,0.14,7,7,71.036563,71.429052,3859,3741,0,504,0,472,1.36
SIM-UNCALIBRATED,100,50,always_up,off,B_always_up_expiry_off,29,0.08,4,4,70.000000,71.106737,2272,2180,0,348,0,309,0.84
SIM-UNCALIBRATED,100,50,fails_then_recovers,on,C_recovers_expiry_on,0,0.22,11,11,70.000000,71.202046,2376,2278,41,466,0,252,0.96
SIM-UNCALIBRATED,100,50,fails_then_recovers,on,C_recovers_expiry_on,1,0.2,10,10,70.000000,71.477626,2066,1939,22,549,0,112,1.54
SIM-UNCALIBRATED,100,50,fails_then_recovers,on,C_recovers_expiry_on,2,0.14,7,7,70.000000,71.138510,2283,2172,22,376,0,188,1.22
SIM-UNCALIBRATED,100,50,fails_then_recovers,on,C_recovers_expiry_on,3,0.22,11,11,70.000000,71.312887,1957,1857,72,348,0,171,1.0
SIM-UNCALIBRATED,100,50,fails_then_recovers,on,C_recovers_expiry_on,4,0.18,9,9,70.957792,71.442751,1168,1052,147,414,0,157,1.32
SIM-UNCALIBRATED,100,50,fails_then_recovers,on,C_recovers_expiry_on,5,0.14,7,7,70.000000,71.192626,1890,1784,50,584,0,163,1.12
SIM-UNCALIBRATED,100,50,fails_then_recovers,on,C_recovers_expiry_on,6,0.12,6,6,70.760282,71.085849,1415,1315,149,428,0,111,1.02
SIM-UNCALIBRATED,100,50,fails_then_recovers,on,C_recovers_expiry_on,7,0.32,16,16,70.374286,70.849721,238,148,292,171,0,96,0.8
SIM-UNCALIBRATED,100,50,fails_then_recovers,on,C_recovers_expiry_on,8,0.22,11,11,70.000000,71.498379,1314,1189,129,537,0,164,1.5
SIM-UNCALIBRATED,100,50,fails_then_recovers,on,C_recovers_expiry_on,9,0.26,13,13,70.249544,71.664298,2288,2164,47,479,0,103,1.48
SIM-UNCALIBRATED,100,50,fails_then_recovers,on,C_recovers_expiry_on,10,0.28,14,14,70.000000,71.285717,2159,2046,34,512,0,188,1.26
SIM-UNCALIBRATED,100,50,fails_then_recovers,on,C_recovers_expiry_on,11,0.2,10,10,70.442438,71.347872,1287,1173,166,332,0,139,1.28
SIM-UNCALIBRATED,100,50,fails_then_recovers,on,C_recovers_expiry_on,12,0.16,8,8,70.000000,71.083110,1983,1889,42,364,0,192,0.88
SIM-UNCALIBRATED,100,50,fails_then_recovers,on,C_recovers_expiry_on,13,0.2,10,10,70.000000,71.098846,2421,2316,14,360,0,160,1.1
SIM-UNCALIBRATED,100,50,fails_then_recovers,on,C_recovers_expiry_on,14,0.2,10,10,70.000000,71.162206,1077,971,151,405,0,98,1.12
SIM-UNCALIBRATED,100,50,fails_then_recovers,on,C_recovers_expiry_on,15,0.2,10,10,70.000000,71.073616,1520,1416,105,453,0,248,1.08
SIM-UNCALIBRATED,100,50,fails_then_recovers,on,C_recovers_expiry_on,16,0.12,6,6,70.000000,70.577181,2282,2198,32,382,0,224,0.68
SIM-UNCALIBRATED,100,50,fails_then_recovers,on,C_recovers_expiry_on,17,0.2,10,10,70.225520,71.596193,1442,1309,96,572,0,325,1.68
SIM-UNCALIBRATED,100,50,fails_then_recovers,on,C_recovers_expiry_on,18,0.18,9,9,70.832129,71.106951,1808,1710,139,351,0,170,0.96
SIM-UNCALIBRATED,100,50,fails_then_recovers,on,C_recovers_expiry_on,19,0.18,9,9,70.000000,71.044589,2351,2251,27,408,0,230,1.0
SIM-UNCALIBRATED,100,50,fails_then_recovers,on,C_recovers_expiry_on,20,0.2,10,10,70.000000,71.182361,1041,941,193,270,0,146,1.0
SIM-UNCALIBRATED,100,50,fails_then_recovers,on,C_recovers_expiry_on,21,0.26,13,13,70.718879,71.455586,1870,1720,72,587,0,148,2.02
SIM-UNCALIBRATED,100,50,fails_then_recovers,on,C_recovers_expiry_on,22,0.18,9,9,71.274076,71.762280,1713,1586,98,462,0,133,1.54
SIM-UNCALIBRATED,100,50,fails_then_recovers,on,C_recovers_expiry_on,23,0.12,6,6,70.790490,71.403292,1920,1814,72,432,0,159,1.12
SIM-UNCALIBRATED,100,50,fails_then_recovers,on,C_recovers_expiry_on,24,0.2,10,10,70.703415,71.103658,2117,2013,32,352,0,189,1.08
SIM-UNCALIBRATED,100,50,fails_then_recovers,on,C_recovers_expiry_on,25,0.2,10,10,70.000000,71.008057,1563,1459,122,393,0,136,1.1
SIM-UNCALIBRATED,100,50,fails_then_recovers,on,C_recovers_expiry_on,26,0.16,8,8,70.819365,71.455991,1418,1300,100,382,0,84,1.4
SIM-UNCALIBRATED,100,50,fails_then_recovers,on,C_recovers_expiry_on,27,0.18,9,9,70.000000,70.990750,2352,2254,30,283,0,196,0.98
SIM-UNCALIBRATED,100,50,fails_then_recovers,on,C_recovers_expiry_on,28,0.14,7,7,71.067695,71.669052,2669,2540,1,624,0,372,1.58
SIM-UNCALIBRATED,100,50,fails_then_recovers,on,C_recovers_expiry_on,29,0.08,4,4,70.000000,71.036157,1571,1478,135,367,0,247,0.86
SIM-UNCALIBRATED,100,50,fails_then_recovers,off,D_recovers_expiry_off,0,0.22,11,11,70.000000,71.202046,2376,2278,0,466,0,252,0.96
SIM-UNCALIBRATED,100,50,fails_then_recovers,off,D_recovers_expiry_off,1,0.18,9,9,70.000000,71.011820,2048,1947,0,373,0,108,1.02
SIM-UNCALIBRATED,100,50,fails_then_recovers,off,D_recovers_expiry_off,2,0.14,7,7,70.000000,71.238510,2281,2172,0,350,0,186,1.2
SIM-UNCALIBRATED,100,50,fails_then_recovers,off,D_recovers_expiry_off,3,0.22,11,11,70.000000,71.352887,1958,1857,6,362,0,171,1.02
SIM-UNCALIBRATED,100,50,fails_then_recovers,off,D_recovers_expiry_off,4,0.16,8,8,70.000000,71.261716,1154,1052,0,330,0,157,1.04
SIM-UNCALIBRATED,100,50,fails_then_recovers,off,D_recovers_expiry_off,5,0.16,8,8,70.000000,71.323304,1895,1781,7,600,0,161,1.28
SIM-UNCALIBRATED,100,50,fails_then_recovers,off,D_recovers_expiry_off,6,0.06,3,3,70.839010,70.887552,1407,1315,0,285,0,107,0.84
SIM-UNCALIBRATED,100,50,fails_then_recovers,off,D_recovers_expiry_off,7,0.12,6,6,70.994504,71.218659,252,148,0,461,0,100,1.08
SIM-UNCALIBRATED,100,50,fails_then_recovers,off,D_recovers_expiry_off,8,0.18,9,9,70.000000,70.963276,1289,1189,0,305,0,165,1.0
SIM-UNCALIBRATED,100,50,fails_then_recovers,off,D_recovers_expiry_off,9,0.24,12,12,70.000000,71.180568,2269,2164,0,311,0,104,1.1
SIM-UNCALIBRATED,100,50,fails_then_recovers,off,D_recovers_expiry_off,10,0.28,14,14,70.000000,71.525717,2174,2046,0,622,0,186,1.56
SIM-UNCALIBRATED,100,50,fails_then_recovers,off,D_recovers_expiry_off,11,0.16,8,8,70.000000,71.173624,1281,1173,0,347,0,138,1.16
SIM-UNCALIBRATED,100,50,fails_then_recovers,off,D_recovers_expiry_off,12,0.16,8,8,70.000000,71.263110,1977,1889,0,296,0,195,0.76
SIM-UNCALIBRATED,100,50,fails_then_recovers,off,D_recovers_expiry_off,13,0.2,10,10,70.000000,70.955029,2404,2306,0,316,0,160,0.96
SIM-UNCALIBRATED,100,50,fails_then_recovers,off,D_recovers_expiry_off,14,0.22,11,11,70.344032,71.463832,1088,978,0,398,0,98,1.2
SIM-UNCALIBRATED,100,50,fails_then_recovers,off,D_recovers_expiry_off,15,0.2,10,10,70.000000,71.346290,1534,1416,0,568,0,247,1.36
SIM-UNCALIBRATED,100,50,fails_then_recovers,off,D_recovers_expiry_off,16,0.12,6,6,70.000000,70.577181,2282,2198,0,382,0,224,0.68
SIM-UNCALIBRATED,100,50,fails_then_recovers,off,D_recovers_expiry_off,17,0.18,9,9,70.565520,71.422278,1424,1309,0,393,0,328,1.3
SIM-UNCALIBRATED,100,50,fails_then_recovers,off,D_recovers_expiry_off,18,0.12,6,6,70.671954,70.841779,1804,1710,0,347,0,172,0.88
SIM-UNCALIBRATED,100,50,fails_then_recovers,off,D_recovers_expiry_off,19,0.18,9,9,70.000000,71.081071,2358,2251,0,509,0,229,1.14
SIM-UNCALIBRATED,100,50,fails_then_recovers,off,D_recovers_expiry_off,20,0.22,11,11,70.632445,71.282361,1048,942,0,295,0,147,1.14
SIM-UNCALIBRATED,100,50,fails_then_recovers,off,D_recovers_expiry_off,21,0.2,10,10,70.000000,71.014475,1840,1745,0,281,0,142,0.9
SIM-UNCALIBRATED,100,50,fails_then_recovers,off,D_recovers_expiry_off,22,0.14,7,7,70.909434,71.161583,1695,1586,0,350,0,133,1.18
SIM-UNCALIBRATED,100,50,fails_then_recovers,off,D_recovers_expiry_off,23,0.14,7,7,70.794728,71.344235,1931,1818,0,450,0,161,1.26
SIM-UNCALIBRATED,100,50,fails_then_recovers,off,D_recovers_expiry_off,24,0.18,9,9,70.783415,71.127209,2117,2013,1,291,0,190,1.08
SIM-UNCALIBRATED,100,50,fails_then_recovers,off,D_recovers_expiry_off,25,0.2,10,10,70.000000,71.659076,1586,1461,0,557,0,138,1.5
SIM-UNCALIBRATED,100,50,fails_then_recovers,off,D_recovers_expiry_off,26,0.16,8,8,70.839365,71.250297,1396,1291,0,281,0,84,1.1
SIM-UNCALIBRATED,100,50,fails_then_recovers,off,D_recovers_expiry_off,27,0.18,9,9,70.000000,71.050750,2352,2254,0,305,0,196,0.98
SIM-UNCALIBRATED,100,50,fails_then_recovers,off,D_recovers_expiry_off,28,0.14,7,7,70.987695,71.429052,2658,2540,0,503,0,371,1.36
SIM-UNCALIBRATED,100,50,fails_then_recovers,off,D_recovers_expiry_off,29,0.08,4,4,70.000000,71.106737,1570,1478,0,354,0,247,0.84
SIM-UNCALIBRATED,200,5,always_up,on,A_always_up_expiry_on,0,0.4,2,2,70.000000,70.468702,5822,5791,22,291,0,416,5.2
SIM-UNCALIBRATED,200,5,always_up,on,A_always_up_expiry_on,1,0.6,3,3,70.478343,70.761023,3584,3548,19,205,0,60,6.2
SIM-UNCALIBRATED,200,5,always_up,on,A_always_up_expiry_on,2,0.4,2,2,70.862649,71.126165,7110,7053,7,353,0,81,10.4
SIM-UNCALIBRATED,200,5,always_up,on,A_always_up_expiry_on,3,0.6,3,3,70.862682,71.407800,4540,4486,31,355,0,282,9.8
SIM-UNCALIBRATED,200,5,always_up,on,A_always_up_expiry_on,4,0.4,2,2,70.302751,70.503175,581,565,40,74,0,1,2.2
SIM-UNCALIBRATED,200,5,always_up,on,A_always_up_expiry_on,5,0.8,4,4,71.372181,71.937297,6285,6195,8,725,0,33,17.0
SIM-UNCALIBRATED,200,5,always_up,on,A_always_up_expiry_on,6,0.8,4,4,71.399871,71.999754,6386,6287,11,690,0,146,18.8
SIM-UNCALIBRATED,200,5,always_up,on,A_always_up_expiry_on,7,0.4,2,2,70.452496,70.466260,1579,1550,37,165,0,69,4.8
SIM-UNCALIBRATED,200,5,always_up,on,A_always_up_expiry_on,8,0.8,4,4,70.669323,71.031694,3358,3312,22,306,0,223,8.2
SIM-UNCALIBRATED,200,5,always_up,on,A_always_up_expiry_on,9,0.8,4,4,70.724815,71.191589,7227,7167,0,431,0,328,11.0
SIM-UNCALIBRATED,200,5,always_up,on,A_always_up_expiry_on,10,0.8,4,4,71.186943,71.931216,7327,7222,0,832,0,314,20.0
SIM-UNCALIBRATED,200,5,always_up,on,A_always_up_expiry_on,11,0.8,4,4,70.523215,71.248771,3769,3701,14,453,0,140,12.6
SIM-UNCALIBRATED,200,5,always_up,on,A_always_up_expiry_on,12,1.0,5,5,71.524837,72.098129,4531,4419,19,1175,0,175,21.4
SIM-UNCALIBRATED,200,5,always_up,on,A_always_up_expiry_on,13,0.6,3,3,71.156481,71.450735,5031,4951,26,617,0,345,15.0
SIM-UNCALIBRATED,200,5,always_up,on,A_always_up_expiry_on,14,0.6,3,3,70.984294,71.290634,5529,5455,6,621,0,122,13.8
SIM-UNCALIBRATED,200,5,always_up,on,A_always_up_expiry_on,15,0.8,4,4,71.133678,71.261336,6239,6167,6,732,0,301,13.4
SIM-UNCALIBRATED,200,5,always_up,on,A_always_up_expiry_on,16,1.0,5,5,71.730096,72.216028,6497,6378,14,807,0,169,23.0
SIM-UNCALIBRATED,200,5,always_up,on,A_always_up_expiry_on,17,0.6,3,3,70.739051,71.226504,3755,3684,22,695,0,177,13.2
SIM-UNCALIBRATED,200,5,always_up,on,A_always_up_expiry_on,18,0.8,4,4,71.134204,71.949944,6834,6757,2,656,0,226,14.6
SIM-UNCALIBRATED,200,5,always_up,on,A_always_up_expiry_on,19,0.8,4,4,71.324115,71.764710,6722,6621,3,661,0,345,19.2
SIM-UNCALIBRATED,200,5,always_up,on,A_always_up_expiry_on,20,0.2,1,1,70.267487,70.267487,1402,1388,43,77,0,15,1.8
SIM-UNCALIBRATED,200,5,always_up,on,A_always_up_expiry_on,21,0.8,4,4,71.993207,72.226966,4960,4831,16,966,0,91,24.8
SIM-UNCALIBRATED,200,5,always_up,on,A_always_up_expiry_on,22,0.6,3,3,71.074737,71.335547,5825,5766,6,482,0,96,10.8
SIM-UNCALIBRATED,200,5,always_up,on,A_always_up_expiry_on,23,0.8,4,4,71.032286,71.515849,6795,6720,12,546,0,406,14.0
SIM-UNCALIBRATED,200,5,always_up,on,A_always_up_expiry_on,24,1.0,5,5,70.732333,71.809998,6911,6825,3,793,0,402,16.2
SIM-UNCALIBRATED,200,5,always_up,on,A_always_up_expiry_on,25,0.8,4,4,71.019685,71.535428,4676,4596,11,592,0,76,15.0
SIM-UNCALIBRATED,200,5,always_up,on,A_always_up_expiry_on,26,1.0,5,5,71.935001,72.125240,5157,5050,10,622,0,128,20.4
SIM-UNCALIBRATED,200,5,always_up,on,A_always_up_expiry_on,27,0.6,3,3,70.730750,70.971395,5405,5355,23,333,0,210,9.0
SIM-UNCALIBRATED,200,5,always_up,on,A_always_up_expiry_on,28,0.6,3,3,70.134382,70.747695,6652,6609,4,387,0,361,7.6
SIM-UNCALIBRATED,200,5,always_up,on,A_always_up_expiry_on,29,0.4,2,2,70.878561,70.913025,3424,3382,44,430,0,259,7.4
SIM-UNCALIBRATED,200,5,always_up,off,B_always_up_expiry_off,0,0.8,4,4,70.708702,71.224633,5853,5791,0,481,0,417,11.4
SIM-UNCALIBRATED,200,5,always_up,off,B_always_up_expiry_off,1,1.0,5,5,70.961023,71.113505,3602,3548,0,286,0,61,9.8
SIM-UNCALIBRATED,200,5,always_up,off,B_always_up_expiry_off,2,1.0,5,5,71.998510,72.407785,7151,7027,0,859,0,85,24.0
SIM-UNCALIBRATED,200,5,always_up,off,B_always_up_expiry_off,3,0.6,3,3,71.883108,72.071936,4577,4472,0,802,0,286,20.0
SIM-UNCALIBRATED,200,5,always_up,off,B_always_up_expiry_off,4,0.6,3,3,70.984137,71.201716,627,565,0,426,0,5,11.4
SIM-UNCALIBRATED,200,5,always_up,off,B_always_up_expiry_off,5,0.8,4,4,71.272181,71.672097,6283,6195,0,699,0,31,16.6
SIM-UNCALIBRATED,200,5,always_up,off,B_always_up_expiry_off,6,0.8,4,4,71.314163,71.730918,6372,6287,0,575,0,140,16.0
SIM-UNCALIBRATED,200,5,always_up,off,B_always_up_expiry_off,7,0.8,4,4,70.903105,71.216480,1614,1550,0,449,0,69,11.8
SIM-UNCALIBRATED,200,5,always_up,off,B_always_up_expiry_off,8,0.8,4,4,70.809323,71.091188,3362,3312,0,374,0,223,9.0
SIM-UNCALIBRATED,200,5,always_up,off,B_always_up_expiry_off,9,0.8,4,4,70.724815,71.031589,7215,7163,0,350,0,328,9.4
SIM-UNCALIBRATED,200,5,always_up,off,B_always_up_expiry_off,10,0.8,4,4,71.066943,71.411216,7300,7225,0,638,0,310,14.0
SIM-UNCALIBRATED,200,5,always_up,off,B_always_up_expiry_off,11,0.8,4,4,70.845451,70.959861,3754,3702,0,309,0,143,9.4
SIM-UNCALIBRATED,200,5,always_up,off,B_always_up_expiry_off,12,0.8,4,4,71.116284,72.178129,4539,4419,0,1130,0,173,23.0
SIM-UNCALIBRATED,200,5,always_up,off,B_always_up_expiry_off,13,1.0,5,5,71.356481,71.553893,5023,4951,0,467,0,341,13.4
SIM-UNCALIBRATED,200,5,always_up,off,B_always_up_expiry_off,14,0.8,4,4,71.064294,71.333143,5520,5455,0,504,0,128,12.0
SIM-UNCALIBRATED,200,5,always_up,off,B_always_up_expiry_off,15,0.8,4,4,71.013678,71.198705,6234,6167,0,662,0,301,12.4
SIM-UNCALIBRATED,200,5,always_up,off,B_always_up_expiry_off,16,1.0,5,5,72.079647,72.230531,6559,6442,0,843,0,174,22.4
SIM-UNCALIBRATED,200,5,always_up,off,B_always_up_expiry_off,17,0.6,3,3,70.879051,71.289459,3755,3684,0,708,0,178,13.2
SIM-UNCALIBRATED,200,5,always_up,off,B_always_up_expiry_off,18,0.8,4,4,71.274204,71.746358,6844,6757,0,700,0,227,16.6
SIM-UNCALIBRATED,200,5,always_up,off,B_always_up_expiry_off,19,0.8,4,4,71.124115,71.284710,6686,6621,0,419,0,343,12.0
SIM-UNCALIBRATED,200,5,always_up,off,B_always_up_expiry_off,20,0.8,4,4,71.178861,71.226788,1458,1388,0,460,0,16,13.0
SIM-UNCALIBRATED,200,5,always_up,off,B_always_up_expiry_off,21,0.8,4,4,71.336793,71.745404,4933,4848,0,623,0,86,16.0
SIM-UNCALIBRATED,200,5,always_up,off,B_always_up_expiry_off,22,0.6,3,3,71.529321,71.575547,5850,5771,0,609,0,94,14.8
SIM-UNCALIBRATED,200,5,always_up,off,B_always_up_expiry_off,23,0.8,4,4,71.192286,71.615849,6797,6720,0,538,0,407,14.4
SIM-UNCALIBRATED,200,5,always_up,off,B_always_up_expiry_off,24,1.0,5,5,70.732333,70.985463,6877,6825,0,377,0,398,9.4
SIM-UNCALIBRATED,200,5,always_up,off,B_always_up_expiry_off,25,0.8,4,4,70.899685,71.154348,4698,4631,0,487,0,77,12.4
SIM-UNCALIBRATED,200,5,always_up,off,B_always_up_expiry_off,26,1.0,5,5,71.710280,71.795001,5141,5049,0,560,0,131,17.4
SIM-UNCALIBRATED,200,5,always_up,off,B_always_up_expiry_off,27,0.8,4,4,70.870750,71.211395,5419,5355,0,428,0,212,11.8
SIM-UNCALIBRATED,200,5,always_up,off,B_always_up_expiry_off,28,1.0,5,5,70.967695,71.549190,6731,6666,0,496,0,367,12.0
SIM-UNCALIBRATED,200,5,always_up,off,B_always_up_expiry_off,29,0.6,3,3,71.915909,71.956803,3469,3382,0,762,0,264,16.4
SIM-UNCALIBRATED,200,5,fails_then_recovers,on,C_recovers_expiry_on,0,0.4,2,2,70.000000,70.468702,3970,3939,22,288,0,282,5.2
SIM-UNCALIBRATED,200,5,fails_then_recovers,on,C_recovers_expiry_on,1,0.6,3,3,70.478343,70.761023,2354,2318,19,209,0,39,6.2
SIM-UNCALIBRATED,200,5,fails_then_recovers,on,C_recovers_expiry_on,2,0.6,3,3,71.086165,71.307785,4866,4809,7,356,0,56,10.4
SIM-UNCALIBRATED,200,5,fails_then_recovers,on,C_recovers_expiry_on,3,0.6,3,3,70.842682,71.367800,3114,3051,31,447,0,197,11.6
SIM-UNCALIBRATED,200,5,fails_then_recovers,on,C_recovers_expiry_on,4,0.4,2,2,70.302751,70.499107,417,401,40,74,0,1,2.2
SIM-UNCALIBRATED,200,5,fails_then_recovers,on,C_recovers_expiry_on,5,0.8,4,4,71.392181,71.906243,4303,4213,8,717,0,21,17.0
SIM-UNCALIBRATED,200,5,fails_then_recovers,on,C_recovers_expiry_on,6,1.0,5,5,71.730918,71.879754,4334,4246,11,591,0,95,16.6
SIM-UNCALIBRATED,200,5,fails_then_recovers,on,C_recovers_expiry_on,7,0.4,2,2,70.452496,70.466260,1052,1023,37,164,0,47,4.8
SIM-UNCALIBRATED,200,5,fails_then_recovers,on,C_recovers_expiry_on,8,0.8,4,4,70.689323,71.031694,2305,2259,22,309,0,148,8.2
SIM-UNCALIBRATED,200,5,fails_then_recovers,on,C_recovers_expiry_on,9,0.8,4,4,70.724815,71.211589,4908,4847,0,445,0,225,11.2
SIM-UNCALIBRATED,200,5,fails_then_recovers,on,C_recovers_expiry_on,10,0.8,4,4,71.246943,71.971216,5024,4915,0,870,0,214,20.8
SIM-UNCALIBRATED,200,5,fails_then_recovers,on,C_recovers_expiry_on,11,0.8,4,4,70.772594,71.308771,2601,2530,14,481,0,99,13.2
SIM-UNCALIBRATED,200,5,fails_then_recovers,on,C_recovers_expiry_on,12,1.0,5,5,71.484837,72.078129,3091,2980,19,1167,0,115,21.2
SIM-UNCALIBRATED,200,5,fails_then_recovers,on,C_recovers_expiry_on,13,0.4,2,2,70.494840,71.096481,3460,3382,24,593,0,234,14.6
SIM-UNCALIBRATED,200,5,fails_then_recovers,on,C_recovers_expiry_on,14,0.6,3,3,70.984294,71.310634,3783,3709,6,620,0,95,13.8
SIM-UNCALIBRATED,200,5,fails_then_recovers,on,C_recovers_expiry_on,15,0.8,4,4,71.173678,71.281336,4272,4200,6,726,0,197,13.4
SIM-UNCALIBRATED,200,5,fails_then_recovers,on,C_recovers_expiry_on,16,1.0,5,5,71.730096,72.056028,4404,4291,14,775,0,121,21.6
SIM-UNCALIBRATED,200,5,fails_then_recovers,on,C_recovers_expiry_on,17,0.4,2,2,70.699051,71.166504,2560,2492,22,673,0,129,12.6
SIM-UNCALIBRATED,200,5,fails_then_recovers,on,C_recovers_expiry_on,18,0.8,4,4,71.134204,71.949944,4617,4540,2,655,0,155,14.6
SIM-UNCALIBRATED,200,5,fails_then_recovers,on,C_recovers_expiry_on,19,0.8,4,4,71.284115,71.784710,4589,4489,3,657,0,236,19.0
SIM-UNCALIBRATED,200,5,fails_then_recovers,on,C_recovers_expiry_on,20,0.2,1,1,70.267487,70.267487,952,938,43,76,0,14,1.8
SIM-UNCALIBRATED,200,5,fails_then_recovers,on,C_recovers_expiry_on,21,0.8,4,4,71.853207,72.086966,3428,3307,16,896,0,66,23.2
SIM-UNCALIBRATED,200,5,fails_then_recovers,on,C_recovers_expiry_on,22,0.6,3,3,71.074737,71.355547,3902,3842,6,485,0,66,11.0
SIM-UNCALIBRATED,200,5,fails_then_recovers,on,C_recovers_expiry_on,23,1.0,5,5,71.384914,71.568138,4626,4547,12,576,0,277,14.8
SIM-UNCALIBRATED,200,5,fails_then_recovers,on,C_recovers_expiry_on,24,1.0,5,5,70.849178,71.829998,4670,4583,3,812,0,263,16.4
SIM-UNCALIBRATED,200,5,fails_then_recovers,on,C_recovers_expiry_on,25,0.8,4,4,71.019685,71.555428,3195,3114,11,614,0,52,15.2
SIM-UNCALIBRATED,200,5,fails_then_recovers,on,C_recovers_expiry_on,26,1.0,5,5,71.935001,72.125240,3688,3581,10,610,0,93,20.4
SIM-UNCALIBRATED,200,5,fails_then_recovers,on,C_recovers_expiry_on,27,0.6,3,3,70.710750,70.931395,3679,3631,23,310,0,143,8.6
SIM-UNCALIBRATED,200,5,fails_then_recovers,on,C_recovers_expiry_on,28,0.6,3,3,70.154382,70.767695,4683,4639,4,387,0,259,7.8
SIM-UNCALIBRATED,200,5,fails_then_recovers,on,C_recovers_expiry_on,29,0.4,2,2,70.898561,70.933025,2352,2309,44,459,0,185,7.6
SIM-UNCALIBRATED,200,5,fails_then_recovers,off,D_recovers_expiry_off,0,0.8,4,4,70.708702,71.224633,4001,3939,0,478,0,283,11.4
SIM-UNCALIBRATED,200,5,fails_then_recovers,off,D_recovers_expiry_off,1,1.0,5,5,70.961023,71.113505,2372,2318,0,290,0,40,9.8
SIM-UNCALIBRATED,200,5,fails_then_recovers,off,D_recovers_expiry_off,2,1.0,5,5,71.758510,72.187785,4880,4771,0,751,0,60,20.8
SIM-UNCALIBRATED,200,5,fails_then_recovers,off,D_recovers_expiry_off,3,0.6,3,3,71.883108,72.071936,3147,3042,0,796,0,200,20.0
SIM-UNCALIBRATED,200,5,fails_then_recovers,off,D_recovers_expiry_off,4,0.6,3,3,70.984137,71.201716,463,401,0,425,0,5,11.4
SIM-UNCALIBRATED,200,5,fails_then_recovers,off,D_recovers_expiry_off,5,0.8,4,4,71.272181,71.672097,4300,4213,0,681,0,21,16.4
SIM-UNCALIBRATED,200,5,fails_then_recovers,off,D_recovers_expiry_off,6,0.8,4,4,71.319871,71.710918,4354,4267,0,587,0,94,16.4
SIM-UNCALIBRATED,200,5,fails_then_recovers,off,D_recovers_expiry_off,7,0.8,4,4,70.903105,71.216480,1087,1023,0,445,0,47,11.8
SIM-UNCALIBRATED,200,5,fails_then_recovers,off,D_recovers_expiry_off,8,0.8,4,4,70.809323,71.131188,2310,2259,0,387,0,149,9.2
SIM-UNCALIBRATED,200,5,fails_then_recovers,off,D_recovers_expiry_off,9,0.8,4,4,70.724815,71.071589,4901,4847,0,378,0,225,9.8
SIM-UNCALIBRATED,200,5,fails_then_recovers,off,D_recovers_expiry_off,10,0.8,4,4,71.026943,71.371216,4977,4904,0,616,0,216,13.6
SIM-UNCALIBRATED,200,5,fails_then_recovers,off,D_recovers_expiry_off,11,0.8,4,4,70.905451,71.011448,2585,2531,0,333,0,99,9.8
SIM-UNCALIBRATED,200,5,fails_then_recovers,off,D_recovers_expiry_off,12,0.8,4,4,71.116284,72.244263,3100,2980,0,1126,0,116,23.0
SIM-UNCALIBRATED,200,5,fails_then_recovers,off,D_recovers_expiry_off,13,1.0,5,5,71.356481,71.533893,3454,3382,0,465,0,232,13.4
SIM-UNCALIBRATED,200,5,fails_then_recovers,off,D_recovers_expiry_off,14,0.8,4,4,71.064294,71.353143,3775,3709,0,514,0,93,12.2
SIM-UNCALIBRATED,200,5,fails_then_recovers,off,D_recovers_expiry_off,15,0.8,4,4,71.013678,71.241336,4266,4200,0,654,0,195,12.2
SIM-UNCALIBRATED,200,5,fails_then_recovers,off,D_recovers_expiry_off,16,1.0,5,5,71.999647,72.130531,4400,4290,0,800,0,117,21.0
SIM-UNCALIBRATED,200,5,fails_then_recovers,off,D_recovers_expiry_off,17,0.6,3,3,71.188245,71.306504,2568,2495,0,732,0,130,13.6
SIM-UNCALIBRATED,200,5,fails_then_recovers,off,D_recovers_expiry_off,18,0.8,4,4,71.274204,71.797306,4627,4540,0,697,0,156,16.6
SIM-UNCALIBRATED,200,5,fails_then_recovers,off,D_recovers_expiry_off,19,0.8,4,4,71.124115,71.284710,4554,4489,0,406,0,235,12.0
SIM-UNCALIBRATED,200,5,fails_then_recovers,off,D_recovers_expiry_off,20,0.8,4,4,71.178861,71.226788,1008,938,0,466,0,16,13.0
SIM-UNCALIBRATED,200,5,fails_then_recovers,off,D_recovers_expiry_off,21,0.8,4,4,71.383397,71.705404,3390,3307,0,606,0,63,15.6
SIM-UNCALIBRATED,200,5,fails_then_recovers,off,D_recovers_expiry_off,22,0.6,3,3,71.469321,71.515547,3918,3842,0,590,0,64,14.2
SIM-UNCALIBRATED,200,5,fails_then_recovers,off,D_recovers_expiry_off,23,1.0,5,5,71.486191,71.628138,4628,4550,0,535,0,277,14.6
SIM-UNCALIBRATED,200,5,fails_then_recovers,off,D_recovers_expiry_off,24,1.0,5,5,70.809178,71.005463,4638,4583,0,414,0,260,10.0
SIM-UNCALIBRATED,200,5,fails_then_recovers,off,D_recovers_expiry_off,25,0.8,4,4,70.899685,71.154348,3212,3145,0,495,0,55,12.4
SIM-UNCALIBRATED,200,5,fails_then_recovers,off,D_recovers_expiry_off,26,1.0,5,5,71.730280,71.835001,3755,3662,0,566,0,101,17.6
SIM-UNCALIBRATED,200,5,fails_then_recovers,off,D_recovers_expiry_off,27,0.8,4,4,70.890750,71.231395,3706,3641,0,447,0,143,12.0
SIM-UNCALIBRATED,200,5,fails_then_recovers,off,D_recovers_expiry_off,28,1.0,5,5,70.927695,71.509190,4707,4644,0,471,0,260,11.6
SIM-UNCALIBRATED,200,5,fails_then_recovers,off,D_recovers_expiry_off,29,0.4,2,2,71.353025,71.956803,2396,2309,0,769,0,188,16.4
SIM-UNCALIBRATED,200,20,always_up,on,A_always_up_expiry_on,0,0.2,4,4,70.785663,71.334766,5863,5775,35,633,0,422,3.4
SIM-UNCALIBRATED,200,20,always_up,on,A_always_up_expiry_on,1,0.3,6,6,70.972047,72.134734,3629,3507,63,799,0,75,5.15
SIM-UNCALIBRATED,200,20,always_up,on,A_always_up_expiry_on,2,0.3,6,6,71.318510,72.162649,7151,7034,15,726,0,91,4.85
SIM-UNCALIBRATED,200,20,always_up,on,A_always_up_expiry_on,3,0.5,10,10,71.672762,73.380739,4670,4477,121,1410,0,293,8.65
SIM-UNCALIBRATED,200,20,always_up,on,A_always_up_expiry_on,4,0.25,5,5,70.503175,70.665754,611,565,162,161,0,9,1.3
SIM-UNCALIBRATED,200,20,always_up,on,A_always_up_expiry_on,5,0.2,4,4,71.369434,71.578816,6289,6196,36,550,0,39,3.65
SIM-UNCALIBRATED,200,20,always_up,on,A_always_up_expiry_on,6,0.2,4,4,71.474681,71.810918,6373,6261,15,633,0,153,4.6
SIM-UNCALIBRATED,200,20,always_up,on,A_always_up_expiry_on,7,0.4,8,8,70.855560,71.585550,1645,1549,139,503,0,80,3.85
SIM-UNCALIBRATED,200,20,always_up,on,A_always_up_expiry_on,8,0.25,5,5,70.845531,71.348015,3399,3312,96,566,0,230,3.35
SIM-UNCALIBRATED,200,20,always_up,on,A_always_up_expiry_on,9,0.25,5,5,71.218853,71.663195,7264,7160,0,611,0,345,4.2
SIM-UNCALIBRATED,200,20,always_up,on,A_always_up_expiry_on,10,0.25,5,5,70.679301,71.660339,7320,7224,2,488,0,318,3.85
SIM-UNCALIBRATED,200,20,always_up,on,A_always_up_expiry_on,11,0.4,8,8,70.239198,72.003460,3824,3702,65,770,0,161,5.1
SIM-UNCALIBRATED,200,20,always_up,on,A_always_up_expiry_on,12,0.25,5,5,72.166775,72.400278,4562,4423,51,1210,0,186,6.05
SIM-UNCALIBRATED,200,20,always_up,on,A_always_up_expiry_on,13,0.3,6,6,71.794388,72.497064,5120,4981,36,891,0,357,6.05
SIM-UNCALIBRATED,200,20,always_up,on,A_always_up_expiry_on,14,0.2,4,4,70.757491,71.206489,5536,5456,41,519,0,135,3.0
SIM-UNCALIBRATED,200,20,always_up,on,A_always_up_expiry_on,15,0.2,4,4,70.371039,71.181336,6233,6167,34,510,0,308,2.3
SIM-UNCALIBRATED,200,20,always_up,on,A_always_up_expiry_on,16,0.2,4,4,71.962988,72.707198,6549,6388,14,991,0,184,7.05
SIM-UNCALIBRATED,200,20,always_up,on,A_always_up_expiry_on,17,0.25,5,5,70.388245,71.185527,3771,3684,96,699,0,187,3.35
SIM-UNCALIBRATED,200,20,always_up,on,A_always_up_expiry_on,18,0.35,7,7,70.965892,72.349944,6863,6745,5,784,0,234,4.95
SIM-UNCALIBRATED,200,20,always_up,on,A_always_up_expiry_on,19,0.2,4,4,71.124710,71.541785,6705,6621,12,397,0,362,3.25
SIM-UNCALIBRATED,200,20,always_up,on,A_always_up_expiry_on,20,0.25,5,5,70.475788,70.951496,1457,1386,152,414,0,20,2.55
SIM-UNCALIBRATED,200,20,always_up,on,A_always_up_expiry_on,21,0.4,8,8,71.700910,73.275575,4991,4799,58,1320,0,98,8.6
SIM-UNCALIBRATED,200,20,always_up,on,A_always_up_expiry_on,22,0.2,4,4,71.054737,71.254076,5846,5771,28,465,0,113,2.75
SIM-UNCALIBRATED,200,20,always_up,on,A_always_up_expiry_on,23,0.3,6,6,71.373458,71.813541,6805,6704,15,663,0,420,4.05
SIM-UNCALIBRATED,200,20,always_up,on,A_always_up_expiry_on,24,0.25,5,5,71.433692,71.649178,7006,6856,3,1163,0,411,6.55
SIM-UNCALIBRATED,200,20,always_up,on,A_always_up_expiry_on,25,0.35,7,7,70.000000,71.176859,4693,4597,48,660,0,98,3.8
SIM-UNCALIBRATED,200,20,always_up,on,A_always_up_expiry_on,26,0.4,8,8,71.945240,72.332772,5199,5068,41,782,0,148,5.55
SIM-UNCALIBRATED,200,20,always_up,on,A_always_up_expiry_on,27,0.45,9,9,71.740016,72.611988,5502,5355,73,909,0,230,6.35
SIM-UNCALIBRATED,200,20,always_up,on,A_always_up_expiry_on,28,0.3,6,6,70.974382,72.447695,6818,6681,8,1031,0,376,5.9
SIM-UNCALIBRATED,200,20,always_up,on,A_always_up_expiry_on,29,0.2,4,4,71.168511,71.352115,3460,3382,137,528,0,277,2.95
SIM-UNCALIBRATED,200,20,always_up,off,B_always_up_expiry_off,0,0.2,4,4,70.785663,71.334766,5864,5775,0,628,0,425,3.45
SIM-UNCALIBRATED,200,20,always_up,off,B_always_up_expiry_off,1,0.25,5,5,70.792047,71.294734,3632,3552,0,463,0,72,3.0
SIM-UNCALIBRATED,200,20,always_up,off,B_always_up_expiry_off,2,0.35,7,7,71.612412,72.272532,7173,7051,0,750,0,89,5.1
SIM-UNCALIBRATED,200,20,always_up,off,B_always_up_expiry_off,3,0.2,4,4,71.388294,71.532534,4577,4486,0,470,0,296,3.55
SIM-UNCALIBRATED,200,20,always_up,off,B_always_up_expiry_off,4,0.15,3,3,71.285540,71.442288,656,565,0,517,0,11,3.55
SIM-UNCALIBRATED,200,20,always_up,off,B_always_up_expiry_off,5,0.15,3,3,71.563304,71.612017,6301,6196,5,734,0,37,4.25
SIM-UNCALIBRATED,200,20,always_up,off,B_always_up_expiry_off,6,0.2,4,4,71.214681,71.450918,6348,6263,0,421,0,154,3.3
SIM-UNCALIBRATED,200,20,always_up,off,B_always_up_expiry_off,7,0.3,6,6,70.984073,71.573495,1643,1549,0,597,0,75,3.7
SIM-UNCALIBRATED,200,20,always_up,off,B_always_up_expiry_off,8,0.2,4,4,70.954396,71.305710,3374,3302,0,401,0,227,2.6
SIM-UNCALIBRATED,200,20,always_up,off,B_always_up_expiry_off,9,0.25,5,5,71.144815,71.503195,7254,7160,0,500,0,345,3.7
SIM-UNCALIBRATED,200,20,always_up,off,B_always_up_expiry_off,10,0.3,6,6,70.679301,71.497026,7303,7224,2,403,0,317,2.95
SIM-UNCALIBRATED,200,20,always_up,off,B_always_up_expiry_off,11,0.4,8,8,70.239198,72.347815,3858,3729,0,717,0,157,5.45
SIM-UNCALIBRATED,200,20,always_up,off,B_always_up_expiry_off,12,0.25,5,5,71.953481,72.171575,4552,4419,0,1020,0,187,5.65
SIM-UNCALIBRATED,200,20,always_up,off,B_always_up_expiry_off,13,0.25,5,5,71.391135,71.673009,5054,4951,0,609,0,350,4.15
SIM-UNCALIBRATED,200,20,always_up,off,B_always_up_expiry_off,14,0.2,4,4,71.226323,71.413143,5549,5456,0,587,0,129,3.65
SIM-UNCALIBRATED,200,20,always_up,off,B_always_up_expiry_off,15,0.2,4,4,70.371039,71.181336,6233,6167,1,510,0,308,2.3
SIM-UNCALIBRATED,200,20,always_up,off,B_always_up_expiry_off,16,0.2,4,4,71.425093,71.598191,6538,6439,0,655,0,186,3.95
SIM-UNCALIBRATED,200,20,always_up,off,B_always_up_expiry_off,17,0.3,6,6,70.568245,71.465484,3774,3684,0,622,0,189,3.5
SIM-UNCALIBRATED,200,20,always_up,off,B_always_up_expiry_off,18,0.35,7,7,70.965892,71.726358,6861,6757,0,595,0,236,4.25
SIM-UNCALIBRATED,200,20,always_up,off,B_always_up_expiry_off,19,0.2,4,4,70.984710,71.381785,6694,6621,0,332,0,361,2.7
SIM-UNCALIBRATED,200,20,always_up,off,B_always_up_expiry_off,20,0.25,5,5,72.224545,72.397964,1533,1388,0,956,0,28,6.25
SIM-UNCALIBRATED,200,20,always_up,off,B_always_up_expiry_off,21,0.35,7,7,71.571349,71.942181,4913,4800,0,683,0,99,4.65
SIM-UNCALIBRATED,200,20,always_up,off,B_always_up_expiry_off,22,0.2,4,4,71.274737,71.609981,5864,5765,0,675,0,110,3.95
SIM-UNCALIBRATED,200,20,always_up,off,B_always_up_expiry_off,23,0.2,4,4,71.373458,71.653541,6797,6704,0,518,0,422,3.7
SIM-UNCALIBRATED,200,20,always_up,off,B_always_up_expiry_off,24,0.25,5,5,71.093692,71.205463,6938,6856,0,451,0,404,3.1
SIM-UNCALIBRATED,200,20,always_up,off,B_always_up_expiry_off,25,0.35,7,7,70.000000,71.089392,4700,4625,0,568,0,95,2.75
SIM-UNCALIBRATED,200,20,always_up,off,B_always_up_expiry_off,26,0.2,4,4,71.506659,71.621232,5164,5068,0,561,0,141,3.8
SIM-UNCALIBRATED,200,20,always_up,off,B_always_up_expiry_off,27,0.2,4,4,71.275928,71.380016,5439,5354,0,483,0,228,3.25
SIM-UNCALIBRATED,200,20,always_up,off,B_always_up_expiry_off,28,0.25,5,5,70.874382,71.430702,6776,6681,0,627,0,373,3.75
SIM-UNCALIBRATED,200,20,always_up,off,B_always_up_expiry_off,29,0.25,5,5,71.493025,71.837699,3471,3382,0,472,0,272,3.45
SIM-UNCALIBRATED,200,20,fails_then_recovers,on,C_recovers_expiry_on,0,0.25,5,5,70.765663,71.274766,4024,3939,35,601,0,291,3.25
SIM-UNCALIBRATED,200,20,fails_then_recovers,on,C_recovers_expiry_on,1,0.3,6,6,70.972047,72.054734,2538,2421,63,747,0,53,4.85
SIM-UNCALIBRATED,200,20,fails_then_recovers,on,C_recovers_expiry_on,2,0.2,4,4,71.242975,71.826165,4911,4798,15,707,0,64,4.65
SIM-UNCALIBRATED,200,20,fails_then_recovers,on,C_recovers_expiry_on,3,0.5,10,10,72.151046,73.720739,3246,3036,121,1547,0,211,9.5
SIM-UNCALIBRATED,200,20,fails_then_recovers,on,C_recovers_expiry_on,4,0.25,5,5,70.499107,70.665754,447,401,162,164,0,9,1.3
SIM-UNCALIBRATED,200,20,fails_then_recovers,on,C_recovers_expiry_on,5,0.15,3,3,71.309434,71.598816,4304,4213,36,570,0,26,3.55
SIM-UNCALIBRATED,200,20,fails_then_recovers,on,C_recovers_expiry_on,6,0.2,4,4,71.660697,71.887981,4332,4219,14,661,0,107,4.7
SIM-UNCALIBRATED,200,20,fails_then_recovers,on,C_recovers_expiry_on,7,0.4,8,8,70.875560,71.603298,1137,1040,139,504,0,62,3.9
SIM-UNCALIBRATED,200,20,fails_then_recovers,on,C_recovers_expiry_on,8,0.25,5,5,70.845531,71.328015,2333,2247,96,565,0,160,3.3
SIM-UNCALIBRATED,200,20,fails_then_recovers,on,C_recovers_expiry_on,9,0.3,6,6,70.402565,71.663195,4965,4862,0,595,0,241,4.15
SIM-UNCALIBRATED,200,20,fails_then_recovers,on,C_recovers_expiry_on,10,0.25,5,5,70.679301,71.707319,5018,4921,2,491,0,232,3.9
SIM-UNCALIBRATED,200,20,fails_then_recovers,on,C_recovers_expiry_on,11,0.4,8,8,70.772594,72.083460,2657,2531,65,805,0,119,5.3
SIM-UNCALIBRATED,200,20,fails_then_recovers,on,C_recovers_expiry_on,12,0.25,5,5,72.166775,72.400278,3119,2980,51,1198,0,131,6.05
SIM-UNCALIBRATED,200,20,fails_then_recovers,on,C_recovers_expiry_on,13,0.35,7,7,72.214800,72.716750,3559,3412,36,943,0,249,6.35
SIM-UNCALIBRATED,200,20,fails_then_recovers,on,C_recovers_expiry_on,14,0.2,4,4,70.777491,71.186489,3788,3709,41,517,0,105,2.95
SIM-UNCALIBRATED,200,20,fails_then_recovers,on,C_recovers_expiry_on,15,0.2,4,4,70.371039,71.191446,4269,4200,34,553,0,209,2.45
SIM-UNCALIBRATED,200,20,fails_then_recovers,on,C_recovers_expiry_on,16,0.2,4,4,72.022988,73.138191,4524,4346,14,1247,0,139,7.9
SIM-UNCALIBRATED,200,20,fails_then_recovers,on,C_recovers_expiry_on,17,0.2,4,4,70.368245,71.265527,2585,2495,97,727,0,132,3.5
SIM-UNCALIBRATED,200,20,fails_then_recovers,on,C_recovers_expiry_on,18,0.35,7,7,70.965892,72.389944,4701,4581,5,812,0,168,5.05
SIM-UNCALIBRATED,200,20,fails_then_recovers,on,C_recovers_expiry_on,19,0.25,5,5,71.164710,71.564470,4581,4490,11,470,0,253,3.55
SIM-UNCALIBRATED,200,20,fails_then_recovers,on,C_recovers_expiry_on,20,0.3,6,6,70.475788,70.971496,1012,940,152,438,0,19,2.6
SIM-UNCALIBRATED,200,20,fails_then_recovers,on,C_recovers_expiry_on,21,0.35,7,7,71.764706,72.995575,3441,3259,58,1244,0,73,8.1
SIM-UNCALIBRATED,200,20,fails_then_recovers,on,C_recovers_expiry_on,22,0.2,4,4,71.094737,71.274076,3919,3842,28,473,0,81,2.85
SIM-UNCALIBRATED,200,20,fails_then_recovers,on,C_recovers_expiry_on,23,0.3,6,6,71.453458,71.697580,4653,4550,15,678,0,293,4.15
SIM-UNCALIBRATED,200,20,fails_then_recovers,on,C_recovers_expiry_on,24,0.2,4,4,71.373692,71.779281,4754,4607,3,1145,0,275,6.4
SIM-UNCALIBRATED,200,20,fails_then_recovers,on,C_recovers_expiry_on,25,0.35,7,7,70.000000,71.169392,3202,3108,48,659,0,73,3.7
SIM-UNCALIBRATED,200,20,fails_then_recovers,on,C_recovers_expiry_on,26,0.4,8,8,71.905240,72.312772,3704,3572,41,772,0,108,5.6
SIM-UNCALIBRATED,200,20,fails_then_recovers,on,C_recovers_expiry_on,27,0.4,8,8,71.415928,72.384444,3775,3640,73,836,0,161,5.75
SIM-UNCALIBRATED,200,20,fails_then_recovers,on,C_recovers_expiry_on,28,0.25,5,5,70.994382,72.467695,4650,4511,8,1021,0,266,5.95
SIM-UNCALIBRATED,200,20,fails_then_recovers,on,C_recovers_expiry_on,29,0.15,3,3,71.305704,71.352115,2375,2297,137,523,0,198,2.95
SIM-UNCALIBRATED,200,20,fails_then_recovers,off,D_recovers_expiry_off,0,0.25,5,5,70.765663,71.274766,4025,3939,0,598,0,293,3.3
SIM-UNCALIBRATED,200,20,fails_then_recovers,off,D_recovers_expiry_off,1,0.25,5,5,70.812047,71.314734,2451,2370,0,471,0,52,3.05
SIM-UNCALIBRATED,200,20,fails_then_recovers,off,D_recovers_expiry_off,2,0.35,7,7,71.472412,72.132532,4914,4799,0,673,0,65,4.75
SIM-UNCALIBRATED,200,20,fails_then_recovers,off,D_recovers_expiry_off,3,0.2,4,4,71.388294,71.532534,3142,3051,0,470,0,208,3.55
SIM-UNCALIBRATED,200,20,fails_then_recovers,off,D_recovers_expiry_off,4,0.2,4,4,71.285540,71.505151,493,401,0,520,0,12,3.6
SIM-UNCALIBRATED,200,20,fails_then_recovers,off,D_recovers_expiry_off,5,0.15,3,3,71.563304,71.612017,4318,4213,5,742,0,27,4.25
SIM-UNCALIBRATED,200,20,fails_then_recovers,off,D_recovers_expiry_off,6,0.2,4,4,71.220697,71.530918,4361,4267,0,564,0,103,3.7
SIM-UNCALIBRATED,200,20,fails_then_recovers,off,D_recovers_expiry_off,7,0.3,6,6,70.984073,71.593495,1143,1048,0,606,0,54,3.75
SIM-UNCALIBRATED,200,20,fails_then_recovers,off,D_recovers_expiry_off,8,0.2,4,4,70.954396,71.305710,2311,2239,0,400,0,156,2.6
SIM-UNCALIBRATED,200,20,fails_then_recovers,off,D_recovers_expiry_off,9,0.3,6,6,70.402565,71.543195,4957,4862,0,492,0,241,3.75
SIM-UNCALIBRATED,200,20,fails_then_recovers,off,D_recovers_expiry_off,10,0.3,6,6,70.679301,71.497026,4983,4904,2,403,0,223,2.95
SIM-UNCALIBRATED,200,20,fails_then_recovers,off,D_recovers_expiry_off,11,0.4,8,8,70.772594,72.407815,2663,2531,0,741,0,114,5.6
SIM-UNCALIBRATED,200,20,fails_then_recovers,off,D_recovers_expiry_off,12,0.25,5,5,71.953481,72.171575,3137,3004,0,1021,0,125,5.65
SIM-UNCALIBRATED,200,20,fails_then_recovers,off,D_recovers_expiry_off,13,0.25,5,5,71.431135,71.693009,3490,3386,0,615,0,246,4.2
SIM-UNCALIBRATED,200,20,fails_then_recovers,off,D_recovers_expiry_off,14,0.2,4,4,71.186323,71.393143,3801,3709,0,584,0,104,3.6
SIM-UNCALIBRATED,200,20,fails_then_recovers,off,D_recovers_expiry_off,15,0.2,4,4,70.371039,71.171446,4268,4200,1,543,0,209,2.4
SIM-UNCALIBRATED,200,20,fails_then_recovers,off,D_recovers_expiry_off,16,0.2,4,4,71.525093,71.734582,4436,4335,0,651,0,129,4.05
SIM-UNCALIBRATED,200,20,fails_then_recovers,off,D_recovers_expiry_off,17,0.25,5,5,71.111731,71.465484,2586,2495,0,652,0,131,3.55
SIM-UNCALIBRATED,200,20,fails_then_recovers,off,D_recovers_expiry_off,18,0.35,7,7,70.965892,71.726358,4662,4558,0,605,0,167,4.25
SIM-UNCALIBRATED,200,20,fails_then_recovers,off,D_recovers_expiry_off,19,0.25,5,5,71.084710,71.384470,4572,4490,0,423,0,253,3.1
SIM-UNCALIBRATED,200,20,fails_then_recovers,off,D_recovers_expiry_off,20,0.25,5,5,72.224545,72.397964,1080,935,0,958,0,27,6.25
SIM-UNCALIBRATED,200,20,fails_then_recovers,off,D_recovers_expiry_off,21,0.35,7,7,71.491349,71.862181,3368,3259,0,649,0,74,4.45
SIM-UNCALIBRATED,200,20,fails_then_recovers,off,D_recovers_expiry_off,22,0.2,4,4,71.274737,71.569981,3939,3842,0,659,0,78,3.85
SIM-UNCALIBRATED,200,20,fails_then_recovers,off,D_recovers_expiry_off,23,0.25,5,5,71.584914,71.809501,4669,4568,0,602,0,291,4.1
SIM-UNCALIBRATED,200,20,fails_then_recovers,off,D_recovers_expiry_off,24,0.2,4,4,71.113692,71.205463,4665,4583,0,450,0,267,3.1
SIM-UNCALIBRATED,200,20,fails_then_recovers,off,D_recovers_expiry_off,25,0.35,7,7,70.000000,71.069392,3183,3109,0,560,0,71,2.7
SIM-UNCALIBRATED,200,20,fails_then_recovers,off,D_recovers_expiry_off,26,0.2,4,4,71.406659,71.581232,3690,3597,0,537,0,105,3.7
SIM-UNCALIBRATED,200,20,fails_then_recovers,off,D_recovers_expiry_off,27,0.2,4,4,71.275928,71.380016,3716,3631,0,490,0,157,3.25
SIM-UNCALIBRATED,200,20,fails_then_recovers,off,D_recovers_expiry_off,28,0.25,5,5,70.874382,71.566349,4692,4607,0,483,0,264,3.25
SIM-UNCALIBRATED,200,20,fails_then_recovers,off,D_recovers_expiry_off,29,0.2,4,4,71.493025,71.837699,2386,2297,0,471,0,195,3.45
SIM-UNCALIBRATED,200,50,always_up,on,A_always_up_expiry_on,0,0.12,6,6,70.000000,71.202425,5886,5775,59,637,0,464,1.22
SIM-UNCALIBRATED,200,50,always_up,on,A_always_up_expiry_on,1,0.16,8,8,70.959392,72.534958,3684,3506,153,998,0,113,2.58
SIM-UNCALIBRATED,200,50,always_up,on,A_always_up_expiry_on,2,0.16,8,8,70.000000,72.770113,7191,7033,21,818,0,139,2.16
SIM-UNCALIBRATED,200,50,always_up,on,A_always_up_expiry_on,3,0.12,6,6,70.902241,71.540369,4604,4480,192,663,0,354,1.48
SIM-UNCALIBRATED,200,50,always_up,on,A_always_up_expiry_on,4,0.16,8,8,70.766650,71.125670,664,565,374,321,0,53,0.98
SIM-UNCALIBRATED,200,50,always_up,on,A_always_up_expiry_on,5,0.12,6,6,70.794442,71.818816,6328,6196,75,698,0,85,1.64
SIM-UNCALIBRATED,200,50,always_up,on,A_always_up_expiry_on,6,0.08,4,4,71.159754,71.794163,6425,6287,20,765,0,193,1.78
SIM-UNCALIBRATED,200,50,always_up,on,A_always_up_expiry_on,7,0.18,9,9,70.897781,71.654991,1670,1549,272,463,0,129,1.42
SIM-UNCALIBRATED,200,50,always_up,on,A_always_up_expiry_on,8,0.1,5,5,71.116132,71.516126,3428,3293,185,685,0,291,1.7
SIM-UNCALIBRATED,200,50,always_up,on,A_always_up_expiry_on,9,0.12,6,6,70.000000,71.370408,7360,7221,0,800,0,405,1.78
SIM-UNCALIBRATED,200,50,always_up,on,A_always_up_expiry_on,10,0.16,8,8,70.771274,71.752272,7344,7217,2,669,0,378,1.54
SIM-UNCALIBRATED,200,50,always_up,on,A_always_up_expiry_on,11,0.18,9,9,70.365451,72.289213,3868,3702,194,823,0,207,2.32
SIM-UNCALIBRATED,200,50,always_up,on,A_always_up_expiry_on,12,0.14,7,7,71.039154,72.100278,4581,4424,111,951,0,230,2.14
SIM-UNCALIBRATED,200,50,always_up,on,A_always_up_expiry_on,13,0.1,5,5,71.053893,71.494966,5068,4951,77,497,0,409,1.34
SIM-UNCALIBRATED,200,50,always_up,on,A_always_up_expiry_on,14,0.1,5,5,70.734733,71.390634,5575,5453,82,679,0,186,1.44
SIM-UNCALIBRATED,200,50,always_up,on,A_always_up_expiry_on,15,0.14,7,7,71.116021,72.250521,6332,6168,59,1278,0,369,2.28
SIM-UNCALIBRATED,200,50,always_up,on,A_always_up_expiry_on,16,0.14,7,7,71.094582,72.182988,6553,6396,26,1096,0,233,2.16
SIM-UNCALIBRATED,200,50,always_up,on,A_always_up_expiry_on,17,0.1,5,5,71.826504,72.104831,3844,3683,167,1032,0,236,2.22
SIM-UNCALIBRATED,200,50,always_up,on,A_always_up_expiry_on,18,0.12,6,6,70.721975,71.761199,6858,6744,18,552,0,285,1.3
SIM-UNCALIBRATED,200,50,always_up,on,A_always_up_expiry_on,19,0.1,5,5,71.167277,71.713189,6759,6622,17,810,0,418,1.74
SIM-UNCALIBRATED,200,50,always_up,on,A_always_up_expiry_on,20,0.14,7,7,70.691559,70.967664,1483,1386,290,449,0,70,0.94
SIM-UNCALIBRATED,200,50,always_up,on,A_always_up_expiry_on,21,0.16,8,8,70.128482,72.355885,4964,4796,95,890,0,136,2.36
SIM-UNCALIBRATED,200,50,always_up,on,A_always_up_expiry_on,22,0.06,3,3,71.474076,71.525284,5892,5769,102,617,0,154,1.46
SIM-UNCALIBRATED,200,50,always_up,on,A_always_up_expiry_on,23,0.16,8,8,70.000000,71.126191,6818,6720,19,407,0,468,0.96
SIM-UNCALIBRATED,200,50,always_up,on,A_always_up_expiry_on,24,0.16,8,8,70.981398,72.889998,6984,6792,10,1235,0,458,2.84
SIM-UNCALIBRATED,200,50,always_up,on,A_always_up_expiry_on,25,0.14,7,7,70.000000,71.201107,4720,4590,130,715,0,141,1.6
SIM-UNCALIBRATED,200,50,always_up,on,A_always_up_expiry_on,26,0.12,6,6,71.987924,72.282932,5168,5014,57,689,0,192,2.1
SIM-UNCALIBRATED,200,50,always_up,on,A_always_up_expiry_on,27,0.12,6,6,70.000000,71.150750,5456,5345,90,491,0,265,1.22
SIM-UNCALIBRATED,200,50,always_up,on,A_always_up_expiry_on,28,0.1,5,5,72.209190,72.526692,6858,6680,8,1150,0,430,2.56
SIM-UNCALIBRATED,200,50,always_up,on,A_always_up_expiry_on,29,0.12,6,6,71.865664,72.238561,3538,3382,245,931,0,333,2.12
SIM-UNCALIBRATED,200,50,always_up,off,B_always_up_expiry_off,0,0.14,7,7,70.838995,71.381289,5888,5775,5,597,0,466,1.26
SIM-UNCALIBRATED,200,50,always_up,off,B_always_up_expiry_off,1,0.12,6,6,70.866706,71.595053,3730,3598,0,685,0,114,1.64
SIM-UNCALIBRATED,200,50,always_up,off,B_always_up_expiry_off,2,0.16,8,8,70.000000,72.038510,7167,7011,0,817,0,138,2.12
SIM-UNCALIBRATED,200,50,always_up,off,B_always_up_expiry_off,3,0.08,4,4,70.092534,71.225509,4582,4481,0,381,0,348,1.02
SIM-UNCALIBRATED,200,50,always_up,off,B_always_up_expiry_off,4,0.1,5,5,71.303175,71.425151,675,565,4,507,0,58,1.22
SIM-UNCALIBRATED,200,50,always_up,off,B_always_up_expiry_off,5,0.1,5,5,71.269434,71.652017,6334,6196,0,766,0,87,1.76
SIM-UNCALIBRATED,200,50,always_up,off,B_always_up_expiry_off,6,0.08,4,4,71.119754,71.514681,6384,6263,0,595,0,195,1.44
SIM-UNCALIBRATED,200,50,always_up,off,B_always_up_expiry_off,7,0.12,6,6,70.984073,71.573495,1673,1549,0,594,0,124,1.48
SIM-UNCALIBRATED,200,50,always_up,off,B_always_up_expiry_off,8,0.08,4,4,70.812773,71.256126,3400,3302,0,374,0,291,0.96
SIM-UNCALIBRATED,200,50,always_up,off,B_always_up_expiry_off,9,0.12,6,6,70.000000,71.210408,7331,7222,0,486,0,399,1.18
SIM-UNCALIBRATED,200,50,always_up,off,B_always_up_expiry_off,10,0.16,8,8,70.831274,71.477026,7340,7217,2,647,0,377,1.46
SIM-UNCALIBRATED,200,50,always_up,off,B_always_up_expiry_off,11,0.16,8,8,70.000000,71.588046,3860,3729,0,542,0,201,1.62
SIM-UNCALIBRATED,200,50,always_up,off,B_always_up_expiry_off,12,0.12,6,6,71.651654,72.036284,4579,4423,0,922,0,229,2.12
SIM-UNCALIBRATED,200,50,always_up,off,B_always_up_expiry_off,13,0.08,4,4,71.081500,71.266832,5058,4951,0,452,0,408,1.14
SIM-UNCALIBRATED,200,50,always_up,off,B_always_up_expiry_off,14,0.1,5,5,70.674733,71.184977,5559,5453,0,470,0,182,1.12
SIM-UNCALIBRATED,200,50,always_up,off,B_always_up_expiry_off,15,0.14,7,7,71.016021,71.873678,6306,6168,1,927,0,366,1.76
SIM-UNCALIBRATED,200,50,always_up,off,B_always_up_expiry_off,16,0.12,6,6,70.000000,71.675233,6569,6439,0,826,0,226,1.6
SIM-UNCALIBRATED,200,50,always_up,off,B_always_up_expiry_off,17,0.12,6,6,71.424831,71.680723,3817,3684,0,665,0,233,1.66
SIM-UNCALIBRATED,200,50,always_up,off,B_always_up_expiry_off,18,0.12,6,6,70.721975,71.561199,6868,6744,0,616,0,286,1.5
SIM-UNCALIBRATED,200,50,always_up,off,B_always_up_expiry_off,19,0.1,5,5,71.167277,71.493189,6747,6620,0,691,0,418,1.54
SIM-UNCALIBRATED,200,50,always_up,off,B_always_up_expiry_off,20,0.12,6,6,70.891559,71.446657,1504,1386,0,505,0,68,1.36
SIM-UNCALIBRATED,200,50,always_up,off,B_always_up_expiry_off,21,0.14,7,7,70.128482,71.246966,4909,4796,0,446,0,132,1.26
SIM-UNCALIBRATED,200,50,always_up,off,B_always_up_expiry_off,22,0.08,4,4,71.290306,71.350673,5885,5769,0,481,0,157,1.32
SIM-UNCALIBRATED,200,50,always_up,off,B_always_up_expiry_off,23,0.14,7,7,70.000000,71.086191,6814,6720,0,385,0,462,0.88
SIM-UNCALIBRATED,200,50,always_up,off,B_always_up_expiry_off,24,0.14,7,7,70.921398,71.445463,6916,6793,0,547,0,462,1.48
SIM-UNCALIBRATED,200,50,always_up,off,B_always_up_expiry_off,25,0.14,7,7,70.000000,71.383585,4750,4631,0,561,0,144,1.38
SIM-UNCALIBRATED,200,50,always_up,off,B_always_up_expiry_off,26,0.1,5,5,71.740992,71.881232,5193,5049,0,663,0,188,1.9
SIM-UNCALIBRATED,200,50,always_up,off,B_always_up_expiry_off,27,0.14,7,7,70.000000,71.678754,5488,5358,0,577,0,261,1.6
SIM-UNCALIBRATED,200,50,always_up,off,B_always_up_expiry_off,28,0.1,5,5,71.593079,71.867695,6809,6666,0,700,0,425,1.86
SIM-UNCALIBRATED,200,50,always_up,off,B_always_up_expiry_off,29,0.08,4,4,71.373025,71.558561,3496,3382,0,485,0,327,1.28
SIM-UNCALIBRATED,200,50,fails_then_recovers,on,C_recovers_expiry_on,0,0.12,6,6,70.000000,71.162425,4044,3935,59,611,0,335,1.18
SIM-UNCALIBRATED,200,50,fails_then_recovers,on,C_recovers_expiry_on,1,0.14,7,7,71.038628,72.395053,2588,2418,152,991,0,96,2.42
SIM-UNCALIBRATED,200,50,fails_then_recovers,on,C_recovers_expiry_on,2,0.18,9,9,71.507785,72.850113,4993,4831,21,866,0,113,2.24
SIM-UNCALIBRATED,200,50,fails_then_recovers,on,C_recovers_expiry_on,3,0.12,6,6,70.882241,71.540369,3174,3051,192,666,0,267,1.46
SIM-UNCALIBRATED,200,50,fails_then_recovers,on,C_recovers_expiry_on,4,0.16,8,8,70.766650,71.125670,500,401,374,322,0,53,0.98
SIM-UNCALIBRATED,200,50,fails_then_recovers,on,C_recovers_expiry_on,5,0.12,6,6,70.794442,71.798816,4343,4212,75,681,0,74,1.62
SIM-UNCALIBRATED,200,50,fails_then_recovers,on,C_recovers_expiry_on,6,0.08,4,4,71.159754,71.834163,4385,4245,20,786,0,146,1.82
SIM-UNCALIBRATED,200,50,fails_then_recovers,on,C_recovers_expiry_on,7,0.18,9,9,70.897781,71.694991,1172,1049,272,480,0,109,1.46
SIM-UNCALIBRATED,200,50,fails_then_recovers,on,C_recovers_expiry_on,8,0.1,5,5,71.136132,71.516126,2374,2239,185,677,0,219,1.7
SIM-UNCALIBRATED,200,50,fails_then_recovers,on,C_recovers_expiry_on,9,0.14,7,7,70.000000,72.303443,5012,4858,0,892,0,295,2.08
SIM-UNCALIBRATED,200,50,fails_then_recovers,on,C_recovers_expiry_on,10,0.14,7,7,70.771274,71.512272,5003,4894,2,417,0,301,1.18
SIM-UNCALIBRATED,200,50,fails_then_recovers,on,C_recovers_expiry_on,11,0.18,9,9,70.365451,72.389213,2703,2531,194,880,0,164,2.44
SIM-UNCALIBRATED,200,50,fails_then_recovers,on,C_recovers_expiry_on,12,0.14,7,7,71.039154,72.060278,3159,3004,111,924,0,167,2.1
SIM-UNCALIBRATED,200,50,fails_then_recovers,on,C_recovers_expiry_on,13,0.1,5,5,71.092550,71.390963,3495,3382,77,469,0,302,1.26
SIM-UNCALIBRATED,200,50,fails_then_recovers,on,C_recovers_expiry_on,14,0.1,5,5,70.734733,71.410634,3832,3709,82,693,0,150,1.46
SIM-UNCALIBRATED,200,50,fails_then_recovers,on,C_recovers_expiry_on,15,0.14,7,7,71.116021,72.033678,4347,4200,59,1019,0,264,1.94
SIM-UNCALIBRATED,200,50,fails_then_recovers,on,C_recovers_expiry_on,16,0.12,6,6,70.000000,71.664898,4469,4337,26,861,0,180,1.64
SIM-UNCALIBRATED,200,50,fails_then_recovers,on,C_recovers_expiry_on,17,0.1,5,5,71.786504,72.064831,2653,2494,167,1031,0,179,2.18
SIM-UNCALIBRATED,200,50,fails_then_recovers,on,C_recovers_expiry_on,18,0.12,6,6,70.741975,71.761199,4654,4540,18,559,0,218,1.3
SIM-UNCALIBRATED,200,50,fails_then_recovers,on,C_recovers_expiry_on,19,0.1,5,5,71.127277,71.633189,4625,4492,17,791,0,309,1.66
SIM-UNCALIBRATED,200,50,fails_then_recovers,on,C_recovers_expiry_on,20,0.08,4,4,70.524588,70.831878,1031,935,290,451,0,68,0.92
SIM-UNCALIBRATED,200,50,fails_then_recovers,on,C_recovers_expiry_on,21,0.14,7,7,70.128482,72.195885,3417,3258,95,823,0,110,2.18
SIM-UNCALIBRATED,200,50,fails_then_recovers,on,C_recovers_expiry_on,22,0.08,4,4,71.392655,71.517933,3966,3842,102,604,0,123,1.48
SIM-UNCALIBRATED,200,50,fails_then_recovers,on,C_recovers_expiry_on,23,0.18,9,9,70.000000,71.106191,4641,4543,19,390,0,329,0.96
SIM-UNCALIBRATED,200,50,fails_then_recovers,on,C_recovers_expiry_on,24,0.14,7,7,70.941398,72.709998,4765,4583,10,1133,0,325,2.66
SIM-UNCALIBRATED,200,50,fails_then_recovers,on,C_recovers_expiry_on,25,0.14,7,7,70.000000,71.201107,3272,3144,130,689,0,119,1.56
SIM-UNCALIBRATED,200,50,fails_then_recovers,on,C_recovers_expiry_on,26,0.1,5,5,71.927924,72.141048,3697,3548,57,651,0,157,1.98
SIM-UNCALIBRATED,200,50,fails_then_recovers,on,C_recovers_expiry_on,27,0.12,6,6,70.000000,71.130750,3752,3643,93,475,0,193,1.18
SIM-UNCALIBRATED,200,50,fails_then_recovers,on,C_recovers_expiry_on,28,0.1,5,5,72.089190,72.366692,4682,4514,6,1061,0,321,2.4
SIM-UNCALIBRATED,200,50,fails_then_recovers,on,C_recovers_expiry_on,29,0.1,5,5,72.119663,72.258561,2454,2297,245,936,0,262,2.14
SIM-UNCALIBRATED,200,50,fails_then_recovers,off,D_recovers_expiry_off,0,0.14,7,7,70.838995,71.341289,4046,3935,5,585,0,336,1.22
SIM-UNCALIBRATED,200,50,fails_then_recovers,off,D_recovers_expiry_off,1,0.12,6,6,70.866706,71.575053,2497,2370,0,646,0,91,1.54
SIM-UNCALIBRATED,200,50,fails_then_recovers,off,D_recovers_expiry_off,2,0.18,9,9,71.487785,72.262649,4962,4802,0,838,0,114,2.2
SIM-UNCALIBRATED,200,50,fails_then_recovers,off,D_recovers_expiry_off,3,0.08,4,4,70.092534,71.245509,3152,3051,0,379,0,263,1.02
SIM-UNCALIBRATED,200,50,fails_then_recovers,off,D_recovers_expiry_off,4,0.1,5,5,71.303175,71.425151,511,401,4,506,0,58,1.22
SIM-UNCALIBRATED,200,50,fails_then_recovers,off,D_recovers_expiry_off,5,0.1,5,5,71.229434,71.652017,4351,4213,0,774,0,78,1.76
SIM-UNCALIBRATED,200,50,fails_then_recovers,off,D_recovers_expiry_off,6,0.08,4,4,71.119754,71.514681,4388,4267,0,601,0,147,1.44
SIM-UNCALIBRATED,200,50,fails_then_recovers,off,D_recovers_expiry_off,7,0.12,6,6,70.984073,71.593495,1174,1049,0,603,0,104,1.5
SIM-UNCALIBRATED,200,50,fails_then_recovers,off,D_recovers_expiry_off,8,0.08,4,4,70.792773,71.216126,2335,2239,0,349,0,217,0.92
SIM-UNCALIBRATED,200,50,fails_then_recovers,off,D_recovers_expiry_off,9,0.12,6,6,70.000000,71.190408,4965,4859,0,457,0,293,1.12
SIM-UNCALIBRATED,200,50,fails_then_recovers,off,D_recovers_expiry_off,10,0.14,7,7,70.831274,71.437026,4999,4894,2,401,0,295,1.1
SIM-UNCALIBRATED,200,50,fails_then_recovers,off,D_recovers_expiry_off,11,0.16,8,8,70.000000,71.588046,2662,2531,0,553,0,155,1.62
SIM-UNCALIBRATED,200,50,fails_then_recovers,off,D_recovers_expiry_off,12,0.12,6,6,71.631654,72.016284,3157,3003,0,902,0,170,2.08
SIM-UNCALIBRATED,200,50,fails_then_recovers,off,D_recovers_expiry_off,13,0.1,5,5,71.132550,71.367370,3495,3382,0,471,0,298,1.26
SIM-UNCALIBRATED,200,50,fails_then_recovers,off,D_recovers_expiry_off,14,0.1,5,5,70.674733,71.212865,3817,3709,0,491,0,147,1.16
SIM-UNCALIBRATED,200,50,fails_then_recovers,off,D_recovers_expiry_off,15,0.14,7,7,70.976021,71.633678,4327,4200,1,761,0,263,1.54
SIM-UNCALIBRATED,200,50,fails_then_recovers,off,D_recovers_expiry_off,16,0.12,6,6,70.000000,71.670824,4467,4337,0,842,0,171,1.6
SIM-UNCALIBRATED,200,50,fails_then_recovers,off,D_recovers_expiry_off,17,0.12,6,6,71.624831,71.922278,2640,2495,0,858,0,177,1.9
SIM-UNCALIBRATED,200,50,fails_then_recovers,off,D_recovers_expiry_off,18,0.12,6,6,70.741975,71.581199,4665,4540,0,630,0,220,1.52
SIM-UNCALIBRATED,200,50,fails_then_recovers,off,D_recovers_expiry_off,19,0.1,5,5,71.107277,71.473189,4616,4490,0,708,0,308,1.52
SIM-UNCALIBRATED,200,50,fails_then_recovers,off,D_recovers_expiry_off,20,0.1,5,5,71.138861,71.446657,1053,935,0,507,0,68,1.36
SIM-UNCALIBRATED,200,50,fails_then_recovers,off,D_recovers_expiry_off,21,0.14,7,7,70.128482,71.266966,3367,3253,0,457,0,107,1.28
SIM-UNCALIBRATED,200,50,fails_then_recovers,off,D_recovers_expiry_off,22,0.08,4,4,71.290306,71.350673,3958,3842,0,484,0,123,1.32
SIM-UNCALIBRATED,200,50,fails_then_recovers,off,D_recovers_expiry_off,23,0.16,8,8,70.000000,71.086191,4638,4543,0,378,0,330,0.9
SIM-UNCALIBRATED,200,50,fails_then_recovers,off,D_recovers_expiry_off,24,0.14,7,7,70.921398,71.445463,4706,4583,0,539,0,323,1.48
SIM-UNCALIBRATED,200,50,fails_then_recovers,off,D_recovers_expiry_off,25,0.14,7,7,70.000000,71.443585,3235,3115,0,578,0,122,1.4
SIM-UNCALIBRATED,200,50,fails_then_recovers,off,D_recovers_expiry_off,26,0.1,5,5,71.740992,71.901232,3792,3649,0,660,0,151,1.88
SIM-UNCALIBRATED,200,50,fails_then_recovers,off,D_recovers_expiry_off,27,0.16,8,8,70.000000,71.678754,3787,3657,0,573,0,196,1.6
SIM-UNCALIBRATED,200,50,fails_then_recovers,off,D_recovers_expiry_off,28,0.1,5,5,71.526692,71.567695,4670,4546,0,543,0,309,1.5
SIM-UNCALIBRATED,200,50,fails_then_recovers,off,D_recovers_expiry_off,29,0.06,3,3,71.213025,71.356803,2408,2309,0,387,0,250,0.98
