label,n_nodes,n_sos,beacon_interval_s,strategy,seed,pdr,transmissions,beacon_transmissions,data_transmissions,beacon_share,tx_per_delivered_sos,jain_fairness
SIM-UNCALIBRATED,50,5,1.0,flood,0,0.8,2034,1879,155,0.9238,508.5000,0.7996
SIM-UNCALIBRATED,50,5,1.0,flood,1,1.0,2865,2669,196,0.9316,573.0000,0.9761
SIM-UNCALIBRATED,50,5,1.0,flood,2,1.0,2300,2117,183,0.9204,460.0000,0.9262
SIM-UNCALIBRATED,50,5,1.0,flood,3,1.0,2111,1930,181,0.9143,422.2000,0.8755
SIM-UNCALIBRATED,50,5,1.0,flood,4,1.0,2170,2014,156,0.9281,434.0000,0.9851
SIM-UNCALIBRATED,50,5,1.0,flood,5,1.0,1564,1329,235,0.8497,312.8000,0.9968
SIM-UNCALIBRATED,50,5,1.0,flood,6,1.0,2194,1962,232,0.8943,438.8000,0.9983
SIM-UNCALIBRATED,50,5,1.0,flood,7,1.0,2135,1976,159,0.9255,427.0000,0.8675
SIM-UNCALIBRATED,50,5,1.0,flood,8,0.8,3000,2839,161,0.9463,750.0000,0.7976
SIM-UNCALIBRATED,50,5,1.0,flood,9,1.0,1722,1515,207,0.8798,344.4000,0.9947
SIM-UNCALIBRATED,50,5,1.0,flood,10,0.8,2223,2041,182,0.9181,555.7500,0.7971
SIM-UNCALIBRATED,50,5,1.0,flood,11,1.0,2321,2099,222,0.9044,464.2000,0.9956
SIM-UNCALIBRATED,50,5,1.0,flood,12,0.8,2417,2255,162,0.933,604.2500,0.7986
SIM-UNCALIBRATED,50,5,1.0,flood,13,1.0,556,360,196,0.6475,111.2000,0.9872
SIM-UNCALIBRATED,50,5,1.0,flood,14,1.0,649,449,200,0.6918,129.8000,0.9847
SIM-UNCALIBRATED,50,5,1.0,flood,15,0.8,1938,1762,176,0.9092,484.5000,0.816
SIM-UNCALIBRATED,50,5,1.0,flood,16,1.0,1741,1545,196,0.8874,348.2000,0.974
SIM-UNCALIBRATED,50,5,1.0,flood,17,1.0,1669,1454,215,0.8712,333.8000,0.9926
SIM-UNCALIBRATED,50,5,1.0,flood,18,1.0,2058,1861,197,0.9043,411.6000,0.9907
SIM-UNCALIBRATED,50,5,1.0,flood,19,1.0,1910,1707,203,0.8937,382.0000,0.9753
SIM-UNCALIBRATED,50,5,1.0,flood,20,0.8,1171,993,178,0.848,292.7500,0.8074
SIM-UNCALIBRATED,50,5,1.0,flood,21,1.0,2035,1807,228,0.888,407.0000,0.9987
SIM-UNCALIBRATED,50,5,1.0,flood,22,1.0,1509,1318,191,0.8734,301.8000,0.9707
SIM-UNCALIBRATED,50,5,1.0,flood,23,1.0,1463,1253,210,0.8565,292.6000,0.942
SIM-UNCALIBRATED,50,5,1.0,flood,24,1.0,1756,1585,171,0.9026,351.2000,0.9134
SIM-UNCALIBRATED,50,5,1.0,flood,25,0.8,2167,2002,165,0.9239,541.7500,0.7319
SIM-UNCALIBRATED,50,5,1.0,flood,26,1.0,822,621,201,0.7555,164.4000,0.949
SIM-UNCALIBRATED,50,5,1.0,flood,27,1.0,2301,2078,223,0.9031,460.2000,0.9953
SIM-UNCALIBRATED,50,5,1.0,flood,28,0.8,2418,2250,168,0.9305,604.5000,0.7942
SIM-UNCALIBRATED,50,5,1.0,flood,29,1.0,1437,1213,224,0.8441,287.4000,0.9896
SIM-UNCALIBRATED,50,5,1.0,gradient,0,1.0,1927,1879,48,0.9751,385.4000,0.8385
SIM-UNCALIBRATED,50,5,1.0,gradient,1,1.0,2753,2699,54,0.9804,550.6000,0.9471
SIM-UNCALIBRATED,50,5,1.0,gradient,2,0.8,2165,2117,48,0.9778,541.2500,0.8998
SIM-UNCALIBRATED,50,5,1.0,gradient,3,0.8,2000,1960,40,0.98,500.0000,0.8719
SIM-UNCALIBRATED,50,5,1.0,gradient,4,1.0,2059,2013,46,0.9777,411.8000,0.8511
SIM-UNCALIBRATED,50,5,1.0,gradient,5,0.6,1354,1330,24,0.9823,451.3333,0.4173
SIM-UNCALIBRATED,50,5,1.0,gradient,6,1.0,2004,1962,42,0.979,400.8000,0.8859
SIM-UNCALIBRATED,50,5,1.0,gradient,7,1.0,2002,1968,34,0.983,400.4000,0.8626
SIM-UNCALIBRATED,50,5,1.0,gradient,8,0.6,2872,2835,37,0.9871,957.3333,0.5535
SIM-UNCALIBRATED,50,5,1.0,gradient,9,1.0,1562,1520,42,0.9731,312.4000,0.8173
SIM-UNCALIBRATED,50,5,1.0,gradient,10,0.8,2098,2046,52,0.9752,524.5000,0.7425
SIM-UNCALIBRATED,50,5,1.0,gradient,11,1.0,2277,2237,40,0.9824,455.4000,0.9459
SIM-UNCALIBRATED,50,5,1.0,gradient,12,0.8,2193,2151,42,0.9808,548.2500,0.7713
SIM-UNCALIBRATED,50,5,1.0,gradient,13,0.8,376,360,16,0.9574,94.0000,0.6205
SIM-UNCALIBRATED,50,5,1.0,gradient,14,0.4,467,450,17,0.9636,233.5000,0.4645
SIM-UNCALIBRATED,50,5,1.0,gradient,15,0.6,1791,1759,32,0.9821,597.0000,0.4844
SIM-UNCALIBRATED,50,5,1.0,gradient,16,0.8,1580,1542,38,0.9759,395.0000,0.7863
SIM-UNCALIBRATED,50,5,1.0,gradient,17,0.8,1490,1456,34,0.9772,372.5000,0.6648
SIM-UNCALIBRATED,50,5,1.0,gradient,18,0.8,1906,1865,41,0.9785,476.5000,0.946
SIM-UNCALIBRATED,50,5,1.0,gradient,19,1.0,1745,1696,49,0.9719,349.0000,0.8682
SIM-UNCALIBRATED,50,5,1.0,gradient,20,0.6,1023,1001,22,0.9785,341.0000,0.4777
SIM-UNCALIBRATED,50,5,1.0,gradient,21,0.8,1866,1825,41,0.978,466.5000,0.7406
SIM-UNCALIBRATED,50,5,1.0,gradient,22,1.0,1357,1318,39,0.9713,271.4000,0.9398
SIM-UNCALIBRATED,50,5,1.0,gradient,23,0.6,1285,1258,27,0.979,428.3333,0.5911
SIM-UNCALIBRATED,50,5,1.0,gradient,24,1.0,1629,1588,41,0.9748,325.8000,0.7807
SIM-UNCALIBRATED,50,5,1.0,gradient,25,0.8,2052,2007,45,0.9781,513.0000,0.7293
SIM-UNCALIBRATED,50,5,1.0,gradient,26,0.8,662,639,23,0.9653,165.5000,0.5429
SIM-UNCALIBRATED,50,5,1.0,gradient,27,1.0,2134,2084,50,0.9766,426.8000,0.9666
SIM-UNCALIBRATED,50,5,1.0,gradient,28,0.6,2286,2250,36,0.9843,762.0000,0.7909
SIM-UNCALIBRATED,50,5,1.0,gradient,29,0.8,1248,1212,36,0.9712,312.0000,0.704
SIM-UNCALIBRATED,50,5,2.0,flood,0,0.8,1100,936,164,0.8509,275.0000,0.7929
SIM-UNCALIBRATED,50,5,2.0,flood,1,1.0,1253,1059,194,0.8452,250.6000,0.9932
SIM-UNCALIBRATED,50,5,2.0,flood,2,0.8,1236,1068,168,0.8641,309.0000,0.8645
SIM-UNCALIBRATED,50,5,2.0,flood,3,0.8,1179,979,200,0.8304,294.7500,0.898
SIM-UNCALIBRATED,50,5,2.0,flood,4,1.0,1155,1000,155,0.8658,231.0000,0.9864
SIM-UNCALIBRATED,50,5,2.0,flood,5,1.0,891,668,223,0.7497,178.2000,0.9922
SIM-UNCALIBRATED,50,5,2.0,flood,6,1.0,1198,984,214,0.8214,239.6000,0.9924
SIM-UNCALIBRATED,50,5,2.0,flood,7,1.0,1029,869,160,0.8445,205.8000,0.8847
SIM-UNCALIBRATED,50,5,2.0,flood,8,0.8,1067,899,168,0.8425,266.7500,0.7986
SIM-UNCALIBRATED,50,5,2.0,flood,9,1.0,991,778,213,0.7851,198.2000,0.9937
SIM-UNCALIBRATED,50,5,2.0,flood,10,0.8,1198,1015,183,0.8472,299.5000,0.7971
SIM-UNCALIBRATED,50,5,2.0,flood,11,1.0,1277,1050,227,0.8222,255.4000,0.9882
SIM-UNCALIBRATED,50,5,2.0,flood,12,0.8,1204,1036,168,0.8605,301.0000,0.7989
SIM-UNCALIBRATED,50,5,2.0,flood,13,1.0,374,180,194,0.4813,74.8000,0.9826
SIM-UNCALIBRATED,50,5,2.0,flood,14,1.0,429,224,205,0.5221,85.8000,0.9928
SIM-UNCALIBRATED,50,5,2.0,flood,15,0.8,1050,874,176,0.8324,262.5000,0.8148
SIM-UNCALIBRATED,50,5,2.0,flood,16,1.0,990,776,214,0.7838,198.0000,0.998
SIM-UNCALIBRATED,50,5,2.0,flood,17,1.0,939,718,221,0.7646,187.8000,0.9954
SIM-UNCALIBRATED,50,5,2.0,flood,18,0.8,1101,934,167,0.8483,275.2500,0.871
SIM-UNCALIBRATED,50,5,2.0,flood,19,1.0,1053,855,198,0.812,210.6000,0.9798
SIM-UNCALIBRATED,50,5,2.0,flood,20,0.8,656,491,165,0.7485,164.0000,0.8081
SIM-UNCALIBRATED,50,5,2.0,flood,21,1.0,1126,902,224,0.8011,225.2000,0.9993
SIM-UNCALIBRATED,50,5,2.0,flood,22,1.0,850,662,188,0.7788,170.0000,0.9915
SIM-UNCALIBRATED,50,5,2.0,flood,23,1.0,839,628,211,0.7485,167.8000,0.942
SIM-UNCALIBRATED,50,5,2.0,flood,24,1.0,1001,797,204,0.7962,200.2000,0.9897
SIM-UNCALIBRATED,50,5,2.0,flood,25,0.8,1015,850,165,0.8374,253.7500,0.7325
SIM-UNCALIBRATED,50,5,2.0,flood,26,1.0,537,309,228,0.5754,107.4000,0.9944
SIM-UNCALIBRATED,50,5,2.0,flood,27,1.0,1271,1045,226,0.8222,254.2000,0.9967
SIM-UNCALIBRATED,50,5,2.0,flood,28,0.8,1292,1125,167,0.8707,323.0000,0.796
SIM-UNCALIBRATED,50,5,2.0,flood,29,1.0,829,605,224,0.7298,165.8000,0.9896
SIM-UNCALIBRATED,50,5,2.0,gradient,0,0.8,981,938,43,0.9562,245.2500,0.6876
SIM-UNCALIBRATED,50,5,2.0,gradient,1,1.0,1101,1044,57,0.9482,220.2000,0.9043
SIM-UNCALIBRATED,50,5,2.0,gradient,2,1.0,1117,1068,49,0.9561,223.4000,0.8604
SIM-UNCALIBRATED,50,5,2.0,gradient,3,0.8,1023,985,38,0.9629,255.7500,0.8596
SIM-UNCALIBRATED,50,5,2.0,gradient,4,0.8,1047,1000,47,0.9551,261.7500,0.836
SIM-UNCALIBRATED,50,5,2.0,gradient,5,0.6,693,668,25,0.9639,231.0000,0.4348
SIM-UNCALIBRATED,50,5,2.0,gradient,6,1.0,1025,984,41,0.96,205.0000,0.9191
SIM-UNCALIBRATED,50,5,2.0,gradient,7,1.0,909,875,34,0.9626,181.8000,0.8626
SIM-UNCALIBRATED,50,5,2.0,gradient,8,0.6,935,899,36,0.9615,311.6667,0.5636
SIM-UNCALIBRATED,50,5,2.0,gradient,9,1.0,831,789,42,0.9495,166.2000,0.8173
SIM-UNCALIBRATED,50,5,2.0,gradient,10,0.8,1072,1020,52,0.9515,268.0000,0.7425
SIM-UNCALIBRATED,50,5,2.0,gradient,11,1.0,1096,1055,41,0.9626,219.2000,0.9257
SIM-UNCALIBRATED,50,5,2.0,gradient,12,0.8,1089,1044,45,0.9587,272.2500,0.7805
SIM-UNCALIBRATED,50,5,2.0,gradient,13,0.8,197,180,17,0.9137,49.2500,0.6261
SIM-UNCALIBRATED,50,5,2.0,gradient,14,0.4,242,225,17,0.9298,121.0000,0.4645
SIM-UNCALIBRATED,50,5,2.0,gradient,15,0.8,906,873,33,0.9636,226.5000,0.5026
SIM-UNCALIBRATED,50,5,2.0,gradient,16,0.8,812,774,38,0.9532,203.0000,0.7806
SIM-UNCALIBRATED,50,5,2.0,gradient,17,0.8,752,718,34,0.9548,188.0000,0.6648
SIM-UNCALIBRATED,50,5,2.0,gradient,18,0.8,975,934,41,0.9579,243.7500,0.946
SIM-UNCALIBRATED,50,5,2.0,gradient,19,1.0,889,841,48,0.946,177.8000,0.9042
SIM-UNCALIBRATED,50,5,2.0,gradient,20,0.6,513,491,22,0.9571,171.0000,0.4777
SIM-UNCALIBRATED,50,5,2.0,gradient,21,0.6,938,900,38,0.9595,312.6667,0.7006
SIM-UNCALIBRATED,50,5,2.0,gradient,22,1.0,696,656,40,0.9425,139.2000,0.9316
SIM-UNCALIBRATED,50,5,2.0,gradient,23,0.6,656,629,27,0.9588,218.6667,0.5911
SIM-UNCALIBRATED,50,5,2.0,gradient,24,1.0,840,799,41,0.9512,168.0000,0.7807
SIM-UNCALIBRATED,50,5,2.0,gradient,25,0.8,896,850,46,0.9487,224.0000,0.7293
SIM-UNCALIBRATED,50,5,2.0,gradient,26,0.8,330,309,21,0.9364,82.5000,0.5505
SIM-UNCALIBRATED,50,5,2.0,gradient,27,1.0,1094,1046,48,0.9561,218.8000,0.9605
SIM-UNCALIBRATED,50,5,2.0,gradient,28,0.8,1161,1124,37,0.9681,290.2500,0.7877
SIM-UNCALIBRATED,50,5,2.0,gradient,29,0.8,641,605,36,0.9438,160.2500,0.704
SIM-UNCALIBRATED,50,5,5.0,flood,0,0.8,537,375,162,0.6983,134.2500,0.795
SIM-UNCALIBRATED,50,5,5.0,flood,1,1.0,617,419,198,0.6791,123.4000,0.994
SIM-UNCALIBRATED,50,5,5.0,flood,2,1.0,616,422,194,0.6851,123.2000,0.9513
SIM-UNCALIBRATED,50,5,5.0,flood,3,0.8,567,396,171,0.6984,141.7500,0.7669
SIM-UNCALIBRATED,50,5,5.0,flood,4,1.0,556,402,154,0.723,111.2000,0.9916
SIM-UNCALIBRATED,50,5,5.0,flood,5,1.0,493,269,224,0.5456,98.6000,0.9938
SIM-UNCALIBRATED,50,5,5.0,flood,6,1.0,623,394,229,0.6324,124.6000,0.9969
SIM-UNCALIBRATED,50,5,5.0,flood,7,1.0,507,345,162,0.6805,101.4000,0.8795
SIM-UNCALIBRATED,50,5,5.0,flood,8,0.8,525,360,165,0.6857,131.2500,0.802
SIM-UNCALIBRATED,50,5,5.0,flood,9,1.0,517,307,210,0.5938,103.4000,0.995
SIM-UNCALIBRATED,50,5,5.0,flood,10,0.8,581,405,176,0.6971,145.2500,0.7963
SIM-UNCALIBRATED,50,5,5.0,flood,11,1.0,640,423,217,0.6609,128.0000,0.9884
SIM-UNCALIBRATED,50,5,5.0,flood,12,0.8,580,420,160,0.7241,145.0000,0.8058
SIM-UNCALIBRATED,50,5,5.0,flood,13,1.0,267,72,195,0.2697,53.4000,0.9823
SIM-UNCALIBRATED,50,5,5.0,flood,14,1.0,302,90,212,0.298,60.4000,0.9934
SIM-UNCALIBRATED,50,5,5.0,flood,15,0.8,523,348,175,0.6654,130.7500,0.8157
SIM-UNCALIBRATED,50,5,5.0,flood,16,1.0,532,317,215,0.5959,106.4000,0.9975
SIM-UNCALIBRATED,50,5,5.0,flood,17,1.0,519,301,218,0.58,103.8000,0.9947
SIM-UNCALIBRATED,50,5,5.0,flood,18,1.0,576,376,200,0.6528,115.2000,0.9886
SIM-UNCALIBRATED,50,5,5.0,flood,19,1.0,543,342,201,0.6298,108.6000,0.9835
SIM-UNCALIBRATED,50,5,5.0,flood,20,0.8,353,194,159,0.5496,88.2500,0.7529
SIM-UNCALIBRATED,50,5,5.0,flood,21,1.0,575,349,226,0.607,115.0000,0.9979
SIM-UNCALIBRATED,50,5,5.0,flood,22,1.0,445,258,187,0.5798,89.0000,0.9593
SIM-UNCALIBRATED,50,5,5.0,flood,23,1.0,485,252,233,0.5196,97.0000,0.9991
SIM-UNCALIBRATED,50,5,5.0,flood,24,1.0,539,337,202,0.6252,107.8000,0.9902
SIM-UNCALIBRATED,50,5,5.0,flood,25,0.8,508,342,166,0.6732,127.0000,0.7319
SIM-UNCALIBRATED,50,5,5.0,flood,26,1.0,327,126,201,0.3853,65.4000,0.9446
SIM-UNCALIBRATED,50,5,5.0,flood,27,0.8,627,431,196,0.6874,156.7500,0.9117
SIM-UNCALIBRATED,50,5,5.0,flood,28,0.8,617,450,167,0.7293,154.2500,0.7979
SIM-UNCALIBRATED,50,5,5.0,flood,29,1.0,471,242,229,0.5138,94.2000,0.9971
SIM-UNCALIBRATED,50,5,5.0,gradient,0,1.0,423,375,48,0.8865,84.6000,0.862
SIM-UNCALIBRATED,50,5,5.0,gradient,1,1.0,460,405,55,0.8804,92.0000,0.9158
SIM-UNCALIBRATED,50,5,5.0,gradient,2,1.0,471,422,49,0.896,94.2000,0.9132
SIM-UNCALIBRATED,50,5,5.0,gradient,3,0.8,436,396,40,0.9083,109.0000,0.7827
SIM-UNCALIBRATED,50,5,5.0,gradient,4,1.0,447,400,47,0.8949,89.4000,0.836
SIM-UNCALIBRATED,50,5,5.0,gradient,5,0.6,295,270,25,0.9153,98.3333,0.4348
SIM-UNCALIBRATED,50,5,5.0,gradient,6,1.0,433,394,39,0.9099,86.6000,0.9248
SIM-UNCALIBRATED,50,5,5.0,gradient,7,1.0,385,350,35,0.9091,77.0000,0.8738
SIM-UNCALIBRATED,50,5,5.0,gradient,8,0.6,397,360,37,0.9068,132.3333,0.5689
SIM-UNCALIBRATED,50,5,5.0,gradient,9,1.0,347,305,42,0.879,69.4000,0.8173
SIM-UNCALIBRATED,50,5,5.0,gradient,10,0.8,456,405,51,0.8882,114.0000,0.7425
SIM-UNCALIBRATED,50,5,5.0,gradient,11,1.0,456,416,40,0.9123,91.2000,0.9608
SIM-UNCALIBRATED,50,5,5.0,gradient,12,0.8,466,420,46,0.9013,116.5000,0.7764
SIM-UNCALIBRATED,50,5,5.0,gradient,13,0.8,89,72,17,0.809,22.2500,0.6261
SIM-UNCALIBRATED,50,5,5.0,gradient,14,0.4,108,90,18,0.8333,54.0000,0.463
SIM-UNCALIBRATED,50,5,5.0,gradient,15,0.8,378,346,32,0.9153,94.5000,0.4844
SIM-UNCALIBRATED,50,5,5.0,gradient,16,0.8,357,318,39,0.8908,89.2500,0.7864
SIM-UNCALIBRATED,50,5,5.0,gradient,17,0.8,335,301,34,0.8985,83.7500,0.6648
SIM-UNCALIBRATED,50,5,5.0,gradient,18,1.0,417,376,41,0.9017,83.4000,0.9324
SIM-UNCALIBRATED,50,5,5.0,gradient,19,1.0,391,342,49,0.8747,78.2000,0.8922
SIM-UNCALIBRATED,50,5,5.0,gradient,20,0.6,215,194,21,0.9023,71.6667,0.4923
SIM-UNCALIBRATED,50,5,5.0,gradient,21,0.6,389,351,38,0.9023,129.6667,0.7006
SIM-UNCALIBRATED,50,5,5.0,gradient,22,1.0,298,258,40,0.8658,59.6000,0.9316
SIM-UNCALIBRATED,50,5,5.0,gradient,23,0.6,278,252,26,0.9065,92.6667,0.5919
SIM-UNCALIBRATED,50,5,5.0,gradient,24,1.0,377,337,40,0.8939,75.4000,0.7492
SIM-UNCALIBRATED,50,5,5.0,gradient,25,0.8,388,342,46,0.8814,97.0000,0.7293
SIM-UNCALIBRATED,50,5,5.0,gradient,26,0.8,149,126,23,0.8456,37.2500,0.5429
SIM-UNCALIBRATED,50,5,5.0,gradient,27,1.0,474,427,47,0.9008,94.8000,0.9639
SIM-UNCALIBRATED,50,5,5.0,gradient,28,0.8,487,450,37,0.924,121.7500,0.7877
SIM-UNCALIBRATED,50,5,5.0,gradient,29,0.8,276,240,36,0.8696,69.0000,0.704
SIM-UNCALIBRATED,50,5,30.0,flood,0,0.8,226,63,163,0.2788,56.5000,0.7968
SIM-UNCALIBRATED,50,5,30.0,flood,1,1.0,256,70,186,0.2734,51.2000,0.9497
SIM-UNCALIBRATED,50,5,30.0,flood,2,1.0,263,72,191,0.2738,52.6000,0.945
SIM-UNCALIBRATED,50,5,30.0,flood,3,1.0,273,69,204,0.2527,54.6000,0.9098
SIM-UNCALIBRATED,50,5,30.0,flood,4,1.0,228,65,163,0.2851,45.6000,0.9958
SIM-UNCALIBRATED,50,5,30.0,flood,5,1.0,274,45,229,0.1642,54.8000,0.9918
SIM-UNCALIBRATED,50,5,30.0,flood,6,1.0,291,66,225,0.2268,58.2000,0.9981
SIM-UNCALIBRATED,50,5,30.0,flood,7,1.0,214,60,154,0.2804,42.8000,0.8932
SIM-UNCALIBRATED,50,5,30.0,flood,8,0.8,225,60,165,0.2667,56.2500,0.799
SIM-UNCALIBRATED,50,5,30.0,flood,9,1.0,267,54,213,0.2022,53.4000,0.9943
SIM-UNCALIBRATED,50,5,30.0,flood,10,0.8,253,69,184,0.2727,63.2500,0.7985
SIM-UNCALIBRATED,50,5,30.0,flood,11,1.0,263,58,205,0.2205,52.6000,0.9405
SIM-UNCALIBRATED,50,5,30.0,flood,12,0.8,232,72,160,0.3103,58.0000,0.8042
SIM-UNCALIBRATED,50,5,30.0,flood,13,1.0,202,12,190,0.0594,40.4000,0.9689
SIM-UNCALIBRATED,50,5,30.0,flood,14,1.0,225,15,210,0.0667,45.0000,0.9913
SIM-UNCALIBRATED,50,5,30.0,flood,15,0.8,232,56,176,0.2414,58.0000,0.8153
SIM-UNCALIBRATED,50,5,30.0,flood,16,1.0,254,54,200,0.2126,50.8000,0.9794
SIM-UNCALIBRATED,50,5,30.0,flood,17,1.0,270,51,219,0.1889,54.0000,0.9853
SIM-UNCALIBRATED,50,5,30.0,flood,18,1.0,265,63,202,0.2377,53.0000,0.9965
SIM-UNCALIBRATED,50,5,30.0,flood,19,1.0,258,57,201,0.2209,51.6000,0.9818
SIM-UNCALIBRATED,50,5,30.0,flood,20,0.8,203,31,172,0.1527,50.7500,0.8083
SIM-UNCALIBRATED,50,5,30.0,flood,21,1.0,267,62,205,0.2322,53.4000,0.9496
SIM-UNCALIBRATED,50,5,30.0,flood,22,1.0,228,45,183,0.1974,45.6000,0.9719
SIM-UNCALIBRATED,50,5,30.0,flood,23,1.0,274,42,232,0.1533,54.8000,0.9991
SIM-UNCALIBRATED,50,5,30.0,flood,24,1.0,258,57,201,0.2209,51.6000,0.9898
SIM-UNCALIBRATED,50,5,30.0,flood,25,0.8,238,57,181,0.2395,59.5000,0.7957
SIM-UNCALIBRATED,50,5,30.0,flood,26,1.0,221,21,200,0.095,44.2000,0.9446
SIM-UNCALIBRATED,50,5,30.0,flood,27,1.0,296,71,225,0.2399,59.2000,0.9965
SIM-UNCALIBRATED,50,5,30.0,flood,28,0.8,243,75,168,0.3086,60.7500,0.7975
SIM-UNCALIBRATED,50,5,30.0,flood,29,1.0,268,39,229,0.1455,53.6000,0.9981
SIM-UNCALIBRATED,50,5,30.0,gradient,0,0.8,104,61,43,0.5865,26.0000,0.6876
SIM-UNCALIBRATED,50,5,30.0,gradient,1,1.0,132,74,58,0.5606,26.4000,0.9442
SIM-UNCALIBRATED,50,5,30.0,gradient,2,1.0,130,72,58,0.5538,26.0000,0.8323
SIM-UNCALIBRATED,50,5,30.0,gradient,3,0.8,108,69,39,0.6389,27.0000,0.8627
SIM-UNCALIBRATED,50,5,30.0,gradient,4,1.0,115,68,47,0.5913,23.0000,0.836
SIM-UNCALIBRATED,50,5,30.0,gradient,5,0.6,70,45,25,0.6429,23.3333,0.404
SIM-UNCALIBRATED,50,5,30.0,gradient,6,1.0,111,66,45,0.5946,22.2000,0.8643
SIM-UNCALIBRATED,50,5,30.0,gradient,7,1.0,97,60,37,0.6186,19.4000,0.9062
SIM-UNCALIBRATED,50,5,30.0,gradient,8,0.6,97,60,37,0.6186,32.3333,0.5689
SIM-UNCALIBRATED,50,5,30.0,gradient,9,1.0,95,53,42,0.5579,19.0000,0.8173
SIM-UNCALIBRATED,50,5,30.0,gradient,10,0.8,119,69,50,0.5798,29.7500,0.7219
SIM-UNCALIBRATED,50,5,30.0,gradient,11,1.0,105,68,37,0.6476,21.0000,0.8605
SIM-UNCALIBRATED,50,5,30.0,gradient,12,0.8,118,72,46,0.6102,29.5000,0.7764
SIM-UNCALIBRATED,50,5,30.0,gradient,13,0.6,27,12,15,0.4444,9.0000,0.5556
SIM-UNCALIBRATED,50,5,30.0,gradient,14,0.4,33,15,18,0.4545,16.5000,0.463
SIM-UNCALIBRATED,50,5,30.0,gradient,15,0.8,89,57,32,0.6404,22.2500,0.4844
SIM-UNCALIBRATED,50,5,30.0,gradient,16,0.8,82,44,38,0.5366,20.5000,0.7589
SIM-UNCALIBRATED,50,5,30.0,gradient,17,0.8,84,50,34,0.5952,21.0000,0.6648
SIM-UNCALIBRATED,50,5,30.0,gradient,18,1.0,104,63,41,0.6058,20.8000,0.96
SIM-UNCALIBRATED,50,5,30.0,gradient,19,1.0,106,57,49,0.5377,21.2000,0.8922
SIM-UNCALIBRATED,50,5,30.0,gradient,20,0.6,51,30,21,0.5882,17.0000,0.4923
SIM-UNCALIBRATED,50,5,30.0,gradient,21,0.8,111,63,48,0.5676,27.7500,0.7098
SIM-UNCALIBRATED,50,5,30.0,gradient,22,1.0,84,44,40,0.5238,16.8000,0.9316
SIM-UNCALIBRATED,50,5,30.0,gradient,23,0.6,69,42,27,0.6087,23.0000,0.5831
SIM-UNCALIBRATED,50,5,30.0,gradient,24,1.0,98,57,41,0.5816,19.6000,0.7807
SIM-UNCALIBRATED,50,5,30.0,gradient,25,0.8,103,57,46,0.5534,25.7500,0.8522
SIM-UNCALIBRATED,50,5,30.0,gradient,26,0.8,46,21,25,0.4565,11.5000,0.5333
SIM-UNCALIBRATED,50,5,30.0,gradient,27,1.0,122,74,48,0.6066,24.4000,0.9706
SIM-UNCALIBRATED,50,5,30.0,gradient,28,0.8,114,75,39,0.6579,28.5000,0.7758
SIM-UNCALIBRATED,50,5,30.0,gradient,29,0.8,75,39,36,0.52,18.7500,0.704
SIM-UNCALIBRATED,50,20,1.0,flood,0,0.4,2059,1876,183,0.9111,257.3750,0.2044
SIM-UNCALIBRATED,50,20,1.0,flood,1,0.5,2995,2743,252,0.9159,299.5000,0.3026
SIM-UNCALIBRATED,50,20,1.0,flood,2,0.35,2331,2109,222,0.9048,333.0000,0.2603
SIM-UNCALIBRATED,50,20,1.0,flood,3,0.25,2184,1972,212,0.9029,436.8000,0.214
SIM-UNCALIBRATED,50,20,1.0,flood,4,0.35,2124,2013,111,0.9477,303.4286,0.1572
SIM-UNCALIBRATED,50,20,1.0,flood,5,0.45,1614,1331,283,0.8247,179.3333,0.2987
SIM-UNCALIBRATED,50,20,1.0,flood,6,0.35,2194,1962,232,0.8943,313.4286,0.2484
SIM-UNCALIBRATED,50,20,1.0,flood,7,0.5,2198,1972,226,0.8972,219.8000,0.2496
SIM-UNCALIBRATED,50,20,1.0,flood,8,0.3,3360,3173,187,0.9443,560.0000,0.1988
SIM-UNCALIBRATED,50,20,1.0,flood,9,0.45,1737,1510,227,0.8693,193.0000,0.2832
SIM-UNCALIBRATED,50,20,1.0,flood,10,0.4,2224,2037,187,0.9159,278.0000,0.1974
SIM-UNCALIBRATED,50,20,1.0,flood,11,0.35,2480,2223,257,0.8964,354.2857,0.2962
SIM-UNCALIBRATED,50,20,1.0,flood,12,0.4,2465,2263,202,0.9181,308.1250,0.2495
SIM-UNCALIBRATED,50,20,1.0,flood,13,0.3,545,360,185,0.6606,90.8333,0.2255
SIM-UNCALIBRATED,50,20,1.0,flood,14,0.4,683,449,234,0.6574,85.3750,0.2482
SIM-UNCALIBRATED,50,20,1.0,flood,15,0.5,1994,1761,233,0.8831,199.4000,0.338
SIM-UNCALIBRATED,50,20,1.0,flood,16,0.3,1745,1548,197,0.8871,290.8333,0.1998
SIM-UNCALIBRATED,50,20,1.0,flood,17,0.35,1704,1447,257,0.8492,243.4286,0.2871
SIM-UNCALIBRATED,50,20,1.0,flood,18,0.5,2038,1862,176,0.9136,203.8000,0.1993
SIM-UNCALIBRATED,50,20,1.0,flood,19,0.3,1896,1709,187,0.9014,316.0000,0.2197
SIM-UNCALIBRATED,50,20,1.0,flood,20,0.35,1211,1006,205,0.8307,173.0000,0.2485
SIM-UNCALIBRATED,50,20,1.0,flood,21,0.4,2035,1816,219,0.8924,254.3750,0.2423
SIM-UNCALIBRATED,50,20,1.0,flood,22,0.7,1541,1312,229,0.8514,110.0714,0.2991
SIM-UNCALIBRATED,50,20,1.0,flood,23,0.35,1526,1253,273,0.8211,218.0000,0.2993
SIM-UNCALIBRATED,50,20,1.0,flood,24,0.55,1854,1573,281,0.8484,168.5455,0.3434
SIM-UNCALIBRATED,50,20,1.0,flood,25,0.5,2396,2186,210,0.9124,239.6000,0.2605
SIM-UNCALIBRATED,50,20,1.0,flood,26,0.35,869,621,248,0.7146,124.1429,0.3111
SIM-UNCALIBRATED,50,20,1.0,flood,27,0.4,2332,2083,249,0.8932,291.5000,0.3107
SIM-UNCALIBRATED,50,20,1.0,flood,28,0.55,2456,2248,208,0.9153,223.2727,0.2919
SIM-UNCALIBRATED,50,20,1.0,flood,29,0.25,1430,1212,218,0.8476,286.0000,0.2447
SIM-UNCALIBRATED,50,20,1.0,gradient,0,0.4,1937,1876,61,0.9685,242.1250,0.1996
SIM-UNCALIBRATED,50,20,1.0,gradient,1,0.45,2524,2465,59,0.9766,280.4444,0.2703
SIM-UNCALIBRATED,50,20,1.0,gradient,2,0.4,2165,2097,68,0.9686,270.6250,0.2824
SIM-UNCALIBRATED,50,20,1.0,gradient,3,0.3,2002,1942,60,0.97,333.6667,0.2339
SIM-UNCALIBRATED,50,20,1.0,gradient,4,0.4,2071,2014,57,0.9725,258.8750,0.1886
SIM-UNCALIBRATED,50,20,1.0,gradient,5,0.55,1393,1330,63,0.9548,126.6364,0.3463
SIM-UNCALIBRATED,50,20,1.0,gradient,6,0.35,2023,1962,61,0.9698,289.0000,0.2465
SIM-UNCALIBRATED,50,20,1.0,gradient,7,0.6,1997,1932,65,0.9675,166.4167,0.2672
SIM-UNCALIBRATED,50,20,1.0,gradient,8,0.25,3201,3138,63,0.9803,640.2000,0.1465
SIM-UNCALIBRATED,50,20,1.0,gradient,9,0.45,1588,1523,65,0.9591,176.4444,0.2616
SIM-UNCALIBRATED,50,20,1.0,gradient,10,0.4,2102,2041,61,0.971,262.7500,0.1762
SIM-UNCALIBRATED,50,20,1.0,gradient,11,0.35,2308,2226,82,0.9645,329.7143,0.2344
SIM-UNCALIBRATED,50,20,1.0,gradient,12,0.4,2148,2080,68,0.9683,268.5000,0.1889
SIM-UNCALIBRATED,50,20,1.0,gradient,13,0.5,421,359,62,0.8527,42.1000,0.4566
SIM-UNCALIBRATED,50,20,1.0,gradient,14,0.55,503,449,54,0.8926,45.7273,0.4537
SIM-UNCALIBRATED,50,20,1.0,gradient,15,0.55,1826,1761,65,0.9644,166.0000,0.3059
SIM-UNCALIBRATED,50,20,1.0,gradient,16,0.4,1624,1557,67,0.9587,203.0000,0.2839
SIM-UNCALIBRATED,50,20,1.0,gradient,17,0.4,1518,1453,65,0.9572,189.7500,0.3479
SIM-UNCALIBRATED,50,20,1.0,gradient,18,0.5,1913,1861,52,0.9728,191.3000,0.1925
SIM-UNCALIBRATED,50,20,1.0,gradient,19,0.3,1765,1704,61,0.9654,294.1667,0.1853
SIM-UNCALIBRATED,50,20,1.0,gradient,20,0.4,1086,1014,72,0.9337,135.7500,0.332
SIM-UNCALIBRATED,50,20,1.0,gradient,21,0.4,1889,1825,64,0.9661,236.1250,0.2519
SIM-UNCALIBRATED,50,20,1.0,gradient,22,0.7,1380,1318,62,0.9551,98.5714,0.2689
SIM-UNCALIBRATED,50,20,1.0,gradient,23,0.35,1325,1258,67,0.9494,189.2857,0.2899
SIM-UNCALIBRATED,50,20,1.0,gradient,24,0.6,1652,1573,79,0.9522,137.6667,0.3719
SIM-UNCALIBRATED,50,20,1.0,gradient,25,0.55,2300,2227,73,0.9683,209.0909,0.4168
SIM-UNCALIBRATED,50,20,1.0,gradient,26,0.45,702,640,62,0.9117,78.0000,0.3366
SIM-UNCALIBRATED,50,20,1.0,gradient,27,0.45,2155,2085,70,0.9675,239.4444,0.3238
SIM-UNCALIBRATED,50,20,1.0,gradient,28,0.55,2320,2248,72,0.969,210.9091,0.3259
SIM-UNCALIBRATED,50,20,1.0,gradient,29,0.3,1281,1212,69,0.9461,213.5000,0.2638
SIM-UNCALIBRATED,50,20,2.0,flood,0,0.4,1123,934,189,0.8317,140.3750,0.196
SIM-UNCALIBRATED,50,20,2.0,flood,1,0.5,1325,1063,262,0.8023,132.5000,0.3049
SIM-UNCALIBRATED,50,20,2.0,flood,2,0.4,1292,1059,233,0.8197,161.5000,0.2677
SIM-UNCALIBRATED,50,20,2.0,flood,3,0.2,1131,978,153,0.8647,282.7500,0.1663
SIM-UNCALIBRATED,50,20,2.0,flood,4,0.4,1109,997,112,0.899,138.6250,0.1571
SIM-UNCALIBRATED,50,20,2.0,flood,5,0.45,949,668,281,0.7039,105.4444,0.2986
SIM-UNCALIBRATED,50,20,2.0,flood,6,0.35,1211,985,226,0.8134,173.0000,0.2474
SIM-UNCALIBRATED,50,20,2.0,flood,7,0.5,1101,875,226,0.7947,110.1000,0.2498
SIM-UNCALIBRATED,50,20,2.0,flood,8,0.3,1089,900,189,0.8264,181.5000,0.1988
SIM-UNCALIBRATED,50,20,2.0,flood,9,0.4,1010,780,230,0.7723,126.2500,0.278
SIM-UNCALIBRATED,50,20,2.0,flood,10,0.4,1204,1021,183,0.848,150.5000,0.1984
SIM-UNCALIBRATED,50,20,2.0,flood,11,0.35,1300,1052,248,0.8092,185.7143,0.2962
SIM-UNCALIBRATED,50,20,2.0,flood,12,0.4,1231,1036,195,0.8416,153.8750,0.2496
SIM-UNCALIBRATED,50,20,2.0,flood,13,0.3,366,180,186,0.4918,61.0000,0.2252
SIM-UNCALIBRATED,50,20,2.0,flood,14,0.4,459,225,234,0.4902,57.3750,0.2482
SIM-UNCALIBRATED,50,20,2.0,flood,15,0.5,1114,873,241,0.7837,111.4000,0.3316
SIM-UNCALIBRATED,50,20,2.0,flood,16,0.3,968,772,196,0.7975,161.3333,0.1981
SIM-UNCALIBRATED,50,20,2.0,flood,17,0.35,976,719,257,0.7367,139.4286,0.2916
SIM-UNCALIBRATED,50,20,2.0,flood,18,0.5,1111,934,177,0.8407,111.1000,0.1969
SIM-UNCALIBRATED,50,20,2.0,flood,19,0.35,1068,854,214,0.7996,152.5714,0.2439
SIM-UNCALIBRATED,50,20,2.0,flood,20,0.4,706,491,215,0.6955,88.2500,0.2491
SIM-UNCALIBRATED,50,20,2.0,flood,21,0.4,1126,898,228,0.7975,140.7500,0.2876
SIM-UNCALIBRATED,50,20,2.0,flood,22,0.7,887,662,225,0.7463,63.3571,0.2973
SIM-UNCALIBRATED,50,20,2.0,flood,23,0.3,869,628,241,0.7227,144.8333,0.2581
SIM-UNCALIBRATED,50,20,2.0,flood,24,0.55,1073,790,283,0.7363,97.5455,0.3459
SIM-UNCALIBRATED,50,20,2.0,flood,25,0.5,1083,848,235,0.783,108.3000,0.2836
SIM-UNCALIBRATED,50,20,2.0,flood,26,0.35,594,309,285,0.5202,84.8571,0.3303
SIM-UNCALIBRATED,50,20,2.0,flood,27,0.45,1282,1048,234,0.8175,142.4444,0.3335
SIM-UNCALIBRATED,50,20,2.0,flood,28,0.6,1343,1124,219,0.8369,111.9167,0.3071
SIM-UNCALIBRATED,50,20,2.0,flood,29,0.25,823,607,216,0.7375,164.6000,0.2428
SIM-UNCALIBRATED,50,20,2.0,gradient,0,0.4,995,934,61,0.9387,124.3750,0.1897
SIM-UNCALIBRATED,50,20,2.0,gradient,1,0.45,1138,1080,58,0.949,126.4444,0.2614
SIM-UNCALIBRATED,50,20,2.0,gradient,2,0.4,1127,1060,67,0.9406,140.8750,0.2839
SIM-UNCALIBRATED,50,20,2.0,gradient,3,0.25,1035,979,56,0.9459,207.0000,0.2204
SIM-UNCALIBRATED,50,20,2.0,gradient,4,0.4,1056,998,58,0.9451,132.0000,0.19
SIM-UNCALIBRATED,50,20,2.0,gradient,5,0.55,731,668,63,0.9138,66.4545,0.3463
SIM-UNCALIBRATED,50,20,2.0,gradient,6,0.35,1045,984,61,0.9416,149.2857,0.2465
SIM-UNCALIBRATED,50,20,2.0,gradient,7,0.6,938,875,63,0.9328,78.1667,0.2664
SIM-UNCALIBRATED,50,20,2.0,gradient,8,0.25,963,900,63,0.9346,192.6000,0.1465
SIM-UNCALIBRATED,50,20,2.0,gradient,9,0.4,854,791,63,0.9262,106.7500,0.2634
SIM-UNCALIBRATED,50,20,2.0,gradient,10,0.4,1080,1020,60,0.9444,135.0000,0.1794
SIM-UNCALIBRATED,50,20,2.0,gradient,11,0.3,1133,1055,78,0.9312,188.8333,0.2396
SIM-UNCALIBRATED,50,20,2.0,gradient,12,0.4,1102,1035,67,0.9392,137.7500,0.1869
SIM-UNCALIBRATED,50,20,2.0,gradient,13,0.5,241,180,61,0.7469,24.1000,0.4646
SIM-UNCALIBRATED,50,20,2.0,gradient,14,0.55,279,225,54,0.8065,25.3636,0.4537
SIM-UNCALIBRATED,50,20,2.0,gradient,15,0.55,942,878,64,0.9321,85.6364,0.3103
SIM-UNCALIBRATED,50,20,2.0,gradient,16,0.35,834,771,63,0.9245,119.1429,0.2827
SIM-UNCALIBRATED,50,20,2.0,gradient,17,0.4,782,717,65,0.9169,97.7500,0.3479
SIM-UNCALIBRATED,50,20,2.0,gradient,18,0.5,986,935,51,0.9483,98.6000,0.1939
SIM-UNCALIBRATED,50,20,2.0,gradient,19,0.3,907,841,66,0.9272,151.1667,0.1883
SIM-UNCALIBRATED,50,20,2.0,gradient,20,0.45,564,491,73,0.8706,62.6667,0.3269
SIM-UNCALIBRATED,50,20,2.0,gradient,21,0.4,966,900,66,0.9317,120.7500,0.277
SIM-UNCALIBRATED,50,20,2.0,gradient,22,0.7,718,656,62,0.9136,51.2857,0.2689
SIM-UNCALIBRATED,50,20,2.0,gradient,23,0.35,698,628,70,0.8997,99.7143,0.3064
SIM-UNCALIBRATED,50,20,2.0,gradient,24,0.6,875,793,82,0.9063,72.9167,0.3599
SIM-UNCALIBRATED,50,20,2.0,gradient,25,0.6,926,850,76,0.9179,77.1667,0.3787
SIM-UNCALIBRATED,50,20,2.0,gradient,26,0.45,368,309,59,0.8397,40.8889,0.338
SIM-UNCALIBRATED,50,20,2.0,gradient,27,0.45,1114,1045,69,0.9381,123.7778,0.3218
SIM-UNCALIBRATED,50,20,2.0,gradient,28,0.55,1195,1124,71,0.9406,108.6364,0.3282
SIM-UNCALIBRATED,50,20,2.0,gradient,29,0.3,673,605,68,0.899,112.1667,0.2583
SIM-UNCALIBRATED,50,20,5.0,flood,0,0.4,558,375,183,0.672,69.7500,0.2068
SIM-UNCALIBRATED,50,20,5.0,flood,1,0.55,689,404,285,0.5864,62.6364,0.3435
SIM-UNCALIBRATED,50,20,5.0,flood,2,0.35,649,422,227,0.6502,92.7143,0.2695
SIM-UNCALIBRATED,50,20,5.0,flood,3,0.25,597,386,211,0.6466,119.4000,0.2102
SIM-UNCALIBRATED,50,20,5.0,flood,4,0.4,512,402,110,0.7852,64.0000,0.1571
SIM-UNCALIBRATED,50,20,5.0,flood,5,0.45,555,269,286,0.4847,61.6667,0.2994
SIM-UNCALIBRATED,50,20,5.0,flood,6,0.35,614,386,228,0.6287,87.7143,0.2482
SIM-UNCALIBRATED,50,20,5.0,flood,7,0.5,572,350,222,0.6119,57.2000,0.2493
SIM-UNCALIBRATED,50,20,5.0,flood,8,0.3,549,360,189,0.6557,91.5000,0.1988
SIM-UNCALIBRATED,50,20,5.0,flood,9,0.45,535,320,215,0.5981,59.4444,0.2477
SIM-UNCALIBRATED,50,20,5.0,flood,10,0.4,591,405,186,0.6853,73.8750,0.1968
SIM-UNCALIBRATED,50,20,5.0,flood,11,0.3,650,413,237,0.6354,108.3333,0.2832
SIM-UNCALIBRATED,50,20,5.0,flood,12,0.4,626,420,206,0.6709,78.2500,0.2497
SIM-UNCALIBRATED,50,20,5.0,flood,13,0.3,257,72,185,0.2802,42.8333,0.2255
SIM-UNCALIBRATED,50,20,5.0,flood,14,0.4,324,90,234,0.2778,40.5000,0.2482
SIM-UNCALIBRATED,50,20,5.0,flood,15,0.5,582,347,235,0.5962,58.2000,0.3126
SIM-UNCALIBRATED,50,20,5.0,flood,16,0.3,506,318,188,0.6285,84.3333,0.1986
SIM-UNCALIBRATED,50,20,5.0,flood,17,0.35,561,301,260,0.5365,80.1429,0.2932
SIM-UNCALIBRATED,50,20,5.0,flood,18,0.45,549,376,173,0.6849,61.0000,0.1977
SIM-UNCALIBRATED,50,20,5.0,flood,19,0.3,524,342,182,0.6527,87.3333,0.2159
SIM-UNCALIBRATED,50,20,5.0,flood,20,0.45,429,194,235,0.4522,47.6667,0.2959
SIM-UNCALIBRATED,50,20,5.0,flood,21,0.4,570,344,226,0.6035,71.2500,0.2813
SIM-UNCALIBRATED,50,20,5.0,flood,22,0.7,479,250,229,0.5219,34.2143,0.2991
SIM-UNCALIBRATED,50,20,5.0,flood,23,0.3,495,252,243,0.5091,82.5000,0.2582
SIM-UNCALIBRATED,50,20,5.0,flood,24,0.55,619,331,288,0.5347,56.2727,0.3458
SIM-UNCALIBRATED,50,20,5.0,flood,25,0.5,580,342,238,0.5897,58.0000,0.2824
SIM-UNCALIBRATED,50,20,5.0,flood,26,0.35,374,126,248,0.3369,53.4286,0.3111
SIM-UNCALIBRATED,50,20,5.0,flood,27,0.45,679,432,247,0.6362,75.4444,0.3358
SIM-UNCALIBRATED,50,20,5.0,flood,28,0.6,705,450,255,0.6383,58.7500,0.3384
SIM-UNCALIBRATED,50,20,5.0,flood,29,0.25,458,242,216,0.5284,91.6000,0.2426
SIM-UNCALIBRATED,50,20,5.0,gradient,0,0.4,436,375,61,0.8601,54.5000,0.195
SIM-UNCALIBRATED,50,20,5.0,gradient,1,0.5,482,421,61,0.8734,48.2000,0.294
SIM-UNCALIBRATED,50,20,5.0,gradient,2,0.4,487,422,65,0.8665,60.8750,0.2759
SIM-UNCALIBRATED,50,20,5.0,gradient,3,0.3,451,393,58,0.8714,75.1667,0.2329
SIM-UNCALIBRATED,50,20,5.0,gradient,4,0.4,459,400,59,0.8715,57.3750,0.1925
SIM-UNCALIBRATED,50,20,5.0,gradient,5,0.55,332,269,63,0.8102,30.1818,0.3463
SIM-UNCALIBRATED,50,20,5.0,gradient,6,0.35,446,386,60,0.8655,63.7143,0.2439
SIM-UNCALIBRATED,50,20,5.0,gradient,7,0.6,414,350,64,0.8454,34.5000,0.2645
SIM-UNCALIBRATED,50,20,5.0,gradient,8,0.25,423,360,63,0.8511,84.6000,0.1465
SIM-UNCALIBRATED,50,20,5.0,gradient,9,0.45,382,318,64,0.8325,42.4444,0.2616
SIM-UNCALIBRATED,50,20,5.0,gradient,10,0.4,465,405,60,0.871,58.1250,0.1794
SIM-UNCALIBRATED,50,20,5.0,gradient,11,0.35,494,416,78,0.8421,70.5714,0.2403
SIM-UNCALIBRATED,50,20,5.0,gradient,12,0.4,487,420,67,0.8624,60.8750,0.1869
SIM-UNCALIBRATED,50,20,5.0,gradient,13,0.5,134,72,62,0.5373,13.4000,0.4566
SIM-UNCALIBRATED,50,20,5.0,gradient,14,0.55,144,90,54,0.625,13.0909,0.4537
SIM-UNCALIBRATED,50,20,5.0,gradient,15,0.55,411,347,64,0.8443,37.3636,0.2987
SIM-UNCALIBRATED,50,20,5.0,gradient,16,0.4,381,318,63,0.8346,47.6250,0.2492
SIM-UNCALIBRATED,50,20,5.0,gradient,17,0.4,365,300,65,0.8219,45.6250,0.3479
SIM-UNCALIBRATED,50,20,5.0,gradient,18,0.4,427,376,51,0.8806,53.3750,0.1939
SIM-UNCALIBRATED,50,20,5.0,gradient,19,0.3,407,342,65,0.8403,67.8333,0.1844
SIM-UNCALIBRATED,50,20,5.0,gradient,20,0.5,271,194,77,0.7159,27.1000,0.445
SIM-UNCALIBRATED,50,20,5.0,gradient,21,0.4,410,347,63,0.8463,51.2500,0.2644
SIM-UNCALIBRATED,50,20,5.0,gradient,22,0.7,319,257,62,0.8056,22.7857,0.2689
SIM-UNCALIBRATED,50,20,5.0,gradient,23,0.35,321,252,69,0.785,45.8571,0.3055
SIM-UNCALIBRATED,50,20,5.0,gradient,24,0.6,411,331,80,0.8054,34.2500,0.3655
SIM-UNCALIBRATED,50,20,5.0,gradient,25,0.6,417,342,75,0.8201,34.7500,0.3868
SIM-UNCALIBRATED,50,20,5.0,gradient,26,0.45,187,126,61,0.6738,20.7778,0.3431
SIM-UNCALIBRATED,50,20,5.0,gradient,27,0.45,498,428,70,0.8594,55.3333,0.3227
SIM-UNCALIBRATED,50,20,5.0,gradient,28,0.55,521,450,71,0.8637,47.3636,0.3234
SIM-UNCALIBRATED,50,20,5.0,gradient,29,0.3,307,240,67,0.7818,51.1667,0.2674
SIM-UNCALIBRATED,50,20,30.0,flood,0,0.4,256,63,193,0.2461,32.0000,0.2192
SIM-UNCALIBRATED,50,20,30.0,flood,1,0.45,332,75,257,0.2259,36.8889,0.2977
SIM-UNCALIBRATED,50,20,30.0,flood,2,0.35,273,72,201,0.2637,39.0000,0.2404
SIM-UNCALIBRATED,50,20,30.0,flood,3,0.25,261,69,192,0.2644,52.2000,0.2004
SIM-UNCALIBRATED,50,20,30.0,flood,4,0.35,178,65,113,0.3652,25.4286,0.1565
SIM-UNCALIBRATED,50,20,30.0,flood,5,0.45,330,45,285,0.1364,36.6667,0.2993
SIM-UNCALIBRATED,50,20,30.0,flood,6,0.35,296,66,230,0.223,42.2857,0.2479
SIM-UNCALIBRATED,50,20,30.0,flood,7,0.45,284,59,225,0.2077,31.5556,0.2495
SIM-UNCALIBRATED,50,20,30.0,flood,8,0.3,244,60,184,0.2459,40.6667,0.1976
SIM-UNCALIBRATED,50,20,30.0,flood,9,0.45,282,41,241,0.1454,31.3333,0.2918
SIM-UNCALIBRATED,50,20,30.0,flood,10,0.4,255,69,186,0.2706,31.8750,0.1974
SIM-UNCALIBRATED,50,20,30.0,flood,11,0.35,316,58,258,0.1835,45.1429,0.2995
SIM-UNCALIBRATED,50,20,30.0,flood,12,0.35,274,72,202,0.2628,39.1429,0.2495
SIM-UNCALIBRATED,50,20,30.0,flood,13,0.3,221,12,209,0.0543,36.8333,0.2476
SIM-UNCALIBRATED,50,20,30.0,flood,14,0.35,246,15,231,0.061,35.1429,0.2496
SIM-UNCALIBRATED,50,20,30.0,flood,15,0.5,311,58,253,0.1865,31.1000,0.3426
SIM-UNCALIBRATED,50,20,30.0,flood,16,0.3,234,44,190,0.188,39.0000,0.1995
SIM-UNCALIBRATED,50,20,30.0,flood,17,0.35,312,51,261,0.1635,44.5714,0.2933
SIM-UNCALIBRATED,50,20,30.0,flood,18,0.45,238,63,175,0.2647,26.4444,0.1996
SIM-UNCALIBRATED,50,20,30.0,flood,19,0.35,272,57,215,0.2096,38.8571,0.2423
SIM-UNCALIBRATED,50,20,30.0,flood,20,0.45,257,31,226,0.1206,28.5556,0.2889
SIM-UNCALIBRATED,50,20,30.0,flood,21,0.4,288,62,226,0.2153,36.0000,0.2679
SIM-UNCALIBRATED,50,20,30.0,flood,22,0.7,275,45,230,0.1636,19.6429,0.2937
SIM-UNCALIBRATED,50,20,30.0,flood,23,0.3,286,42,244,0.1469,47.6667,0.2582
SIM-UNCALIBRATED,50,20,30.0,flood,24,0.5,319,57,262,0.1787,31.9000,0.3083
SIM-UNCALIBRATED,50,20,30.0,flood,25,0.5,296,57,239,0.1926,29.6000,0.2861
SIM-UNCALIBRATED,50,20,30.0,flood,26,0.35,269,21,248,0.0781,38.4286,0.3111
SIM-UNCALIBRATED,50,20,30.0,flood,27,0.45,332,73,259,0.2199,36.8889,0.3433
SIM-UNCALIBRATED,50,20,30.0,flood,28,0.6,312,75,237,0.2404,26.0000,0.31
SIM-UNCALIBRATED,50,20,30.0,flood,29,0.25,254,39,215,0.1535,50.8000,0.2429
SIM-UNCALIBRATED,50,20,30.0,gradient,0,0.4,121,62,59,0.5124,15.1250,0.205
SIM-UNCALIBRATED,50,20,30.0,gradient,1,0.35,132,74,58,0.5606,18.8571,0.2786
SIM-UNCALIBRATED,50,20,30.0,gradient,2,0.4,147,72,75,0.4898,18.3750,0.2649
SIM-UNCALIBRATED,50,20,30.0,gradient,3,0.3,126,69,57,0.5476,21.0000,0.2352
SIM-UNCALIBRATED,50,20,30.0,gradient,4,0.35,126,68,58,0.5397,18.0000,0.2162
SIM-UNCALIBRATED,50,20,30.0,gradient,5,0.55,108,45,63,0.4167,9.8182,0.3569
SIM-UNCALIBRATED,50,20,30.0,gradient,6,0.35,132,66,66,0.5,18.8571,0.2372
SIM-UNCALIBRATED,50,20,30.0,gradient,7,0.55,124,60,64,0.4839,11.2727,0.2645
SIM-UNCALIBRATED,50,20,30.0,gradient,8,0.3,128,60,68,0.4688,21.3333,0.1689
SIM-UNCALIBRATED,50,20,30.0,gradient,9,0.45,117,53,64,0.453,13.0000,0.2616
SIM-UNCALIBRATED,50,20,30.0,gradient,10,0.4,130,69,61,0.5308,16.2500,0.1915
SIM-UNCALIBRATED,50,20,30.0,gradient,11,0.35,138,58,80,0.4203,19.7143,0.24
SIM-UNCALIBRATED,50,20,30.0,gradient,12,0.35,142,72,70,0.507,20.2857,0.1844
SIM-UNCALIBRATED,50,20,30.0,gradient,13,0.5,71,12,59,0.169,7.1000,0.4644
SIM-UNCALIBRATED,50,20,30.0,gradient,14,0.55,68,15,53,0.2206,6.1818,0.4587
SIM-UNCALIBRATED,50,20,30.0,gradient,15,0.55,116,57,59,0.4914,10.5455,0.2469
SIM-UNCALIBRATED,50,20,30.0,gradient,16,0.35,106,44,62,0.4151,15.1429,0.2309
SIM-UNCALIBRATED,50,20,30.0,gradient,17,0.4,117,51,66,0.4359,14.6250,0.3458
SIM-UNCALIBRATED,50,20,30.0,gradient,18,0.45,118,63,55,0.5339,13.1111,0.18
SIM-UNCALIBRATED,50,20,30.0,gradient,19,0.3,122,57,65,0.4672,20.3333,0.1878
SIM-UNCALIBRATED,50,20,30.0,gradient,20,0.5,101,31,70,0.3069,10.1000,0.4379
SIM-UNCALIBRATED,50,20,30.0,gradient,21,0.4,132,63,69,0.4773,16.5000,0.249
SIM-UNCALIBRATED,50,20,30.0,gradient,22,0.7,107,45,62,0.4206,7.6429,0.2827
SIM-UNCALIBRATED,50,20,30.0,gradient,23,0.35,110,42,68,0.3818,15.7143,0.2924
SIM-UNCALIBRATED,50,20,30.0,gradient,24,0.6,141,57,84,0.4043,11.7500,0.3835
SIM-UNCALIBRATED,50,20,30.0,gradient,25,0.6,133,57,76,0.4286,11.0833,0.3787
SIM-UNCALIBRATED,50,20,30.0,gradient,26,0.45,83,21,62,0.253,9.2222,0.3366
SIM-UNCALIBRATED,50,20,30.0,gradient,27,0.45,136,66,70,0.4853,15.1111,0.3272
SIM-UNCALIBRATED,50,20,30.0,gradient,28,0.55,143,75,68,0.5245,13.0000,0.3236
SIM-UNCALIBRATED,50,20,30.0,gradient,29,0.3,106,39,67,0.3679,17.6667,0.2563
SIM-UNCALIBRATED,100,5,1.0,flood,0,0.8,4398,4080,318,0.9277,1099.5000,0.7989
SIM-UNCALIBRATED,100,5,1.0,flood,1,1.0,3675,3314,361,0.9018,735.0000,0.99
SIM-UNCALIBRATED,100,5,1.0,flood,2,1.0,4235,3881,354,0.9164,847.0000,0.9846
SIM-UNCALIBRATED,100,5,1.0,flood,3,1.0,6068,5725,343,0.9435,1213.6000,0.9904
SIM-UNCALIBRATED,100,5,1.0,flood,4,1.0,2163,1798,365,0.8313,432.6000,0.9917
SIM-UNCALIBRATED,100,5,1.0,flood,5,0.6,3391,3141,250,0.9263,1130.3333,0.5999
SIM-UNCALIBRATED,100,5,1.0,flood,6,1.0,2674,2323,351,0.8687,534.8000,0.987
SIM-UNCALIBRATED,100,5,1.0,flood,7,1.0,637,262,375,0.4113,127.4000,0.9953
SIM-UNCALIBRATED,100,5,1.0,flood,8,1.0,3113,2728,385,0.8763,622.6000,0.9887
SIM-UNCALIBRATED,100,5,1.0,flood,9,0.8,4333,4016,317,0.9268,1083.2500,0.8144
SIM-UNCALIBRATED,100,5,1.0,flood,10,0.8,5360,5105,255,0.9524,1340.0000,0.6876
SIM-UNCALIBRATED,100,5,1.0,flood,11,1.0,2754,2381,373,0.8646,550.8000,0.9938
SIM-UNCALIBRATED,100,5,1.0,flood,12,0.8,4242,3942,300,0.9293,1060.5000,0.7966
SIM-UNCALIBRATED,100,5,1.0,flood,13,0.6,4299,4062,237,0.9449,1433.0000,0.6006
SIM-UNCALIBRATED,100,5,1.0,flood,14,1.0,2267,1917,350,0.8456,453.4000,0.9724
SIM-UNCALIBRATED,100,5,1.0,flood,15,1.0,2877,2495,382,0.8672,575.4000,0.9969
SIM-UNCALIBRATED,100,5,1.0,flood,16,1.0,4373,4031,342,0.9218,874.6000,0.9973
SIM-UNCALIBRATED,100,5,1.0,flood,17,0.8,2596,2317,279,0.8925,649.0000,0.8146
SIM-UNCALIBRATED,100,5,1.0,flood,18,0.8,3331,3027,304,0.9087,832.7500,0.7961
SIM-UNCALIBRATED,100,5,1.0,flood,19,0.6,4984,4752,232,0.9535,1661.3333,0.5979
SIM-UNCALIBRATED,100,5,1.0,flood,20,1.0,2018,1654,364,0.8196,403.6000,0.8962
SIM-UNCALIBRATED,100,5,1.0,flood,21,1.0,5252,4895,357,0.932,1050.4000,0.9609
SIM-UNCALIBRATED,100,5,1.0,flood,22,0.8,3119,2824,295,0.9054,779.7500,0.8049
SIM-UNCALIBRATED,100,5,1.0,flood,23,1.0,3628,3236,392,0.892,725.6000,0.9951
SIM-UNCALIBRATED,100,5,1.0,flood,24,0.8,4029,3726,303,0.9248,1007.2500,0.8282
SIM-UNCALIBRATED,100,5,1.0,flood,25,0.8,3884,3546,338,0.913,971.0000,0.7954
SIM-UNCALIBRATED,100,5,1.0,flood,26,0.8,2578,2250,328,0.8728,644.5000,0.8544
SIM-UNCALIBRATED,100,5,1.0,flood,27,1.0,4500,4118,382,0.9151,900.0000,0.9974
SIM-UNCALIBRATED,100,5,1.0,flood,28,0.8,6469,6159,310,0.9521,1617.2500,0.7879
SIM-UNCALIBRATED,100,5,1.0,flood,29,0.8,2944,2591,353,0.8801,736.0000,0.8438
SIM-UNCALIBRATED,100,5,1.0,gradient,0,0.8,4107,4060,47,0.9886,1026.7500,0.7142
SIM-UNCALIBRATED,100,5,1.0,gradient,1,1.0,3393,3311,82,0.9758,678.6000,0.9434
SIM-UNCALIBRATED,100,5,1.0,gradient,2,0.8,3955,3903,52,0.9869,988.7500,0.7526
SIM-UNCALIBRATED,100,5,1.0,gradient,3,1.0,5520,5477,43,0.9922,1104.0000,0.9596
SIM-UNCALIBRATED,100,5,1.0,gradient,4,0.8,1864,1809,55,0.9705,466.0000,0.7837
SIM-UNCALIBRATED,100,5,1.0,gradient,5,0.8,3222,3149,73,0.9773,805.5000,0.7147
SIM-UNCALIBRATED,100,5,1.0,gradient,6,0.8,2371,2321,50,0.9789,592.7500,0.7143
SIM-UNCALIBRATED,100,5,1.0,gradient,7,0.2,268,262,6,0.9776,268.0000,0.2
SIM-UNCALIBRATED,100,5,1.0,gradient,8,0.2,3551,3518,33,0.9907,3551.0000,0.2
SIM-UNCALIBRATED,100,5,1.0,gradient,9,1.0,4038,3974,64,0.9842,807.6000,0.7318
SIM-UNCALIBRATED,100,5,1.0,gradient,10,0.8,5170,5119,51,0.9901,1292.5000,0.6739
SIM-UNCALIBRATED,100,5,1.0,gradient,11,0.8,2141,2116,25,0.9883,535.2500,0.4082
SIM-UNCALIBRATED,100,5,1.0,gradient,12,0.8,4671,4610,61,0.9869,1167.7500,0.6561
SIM-UNCALIBRATED,100,5,1.0,gradient,13,0.8,4167,4105,62,0.9851,1041.7500,0.6965
SIM-UNCALIBRATED,100,5,1.0,gradient,14,0.2,1899,1892,7,0.9963,1899.0000,0.2
SIM-UNCALIBRATED,100,5,1.0,gradient,15,0.4,2527,2502,25,0.9901,1263.5000,0.3448
SIM-UNCALIBRATED,100,5,1.0,gradient,16,1.0,4017,3957,60,0.9851,803.4000,0.8485
SIM-UNCALIBRATED,100,5,1.0,gradient,17,0.8,2363,2315,48,0.9797,590.7500,0.6365
SIM-UNCALIBRATED,100,5,1.0,gradient,18,0.8,3071,3034,37,0.988,767.7500,0.5418
SIM-UNCALIBRATED,100,5,1.0,gradient,19,0.6,4688,4619,69,0.9853,1562.6667,0.5713
SIM-UNCALIBRATED,100,5,1.0,gradient,20,0.4,1674,1649,25,0.9851,837.0000,0.2685
SIM-UNCALIBRATED,100,5,1.0,gradient,21,1.0,4695,4606,89,0.981,939.0000,0.8784
SIM-UNCALIBRATED,100,5,1.0,gradient,22,0.8,2873,2825,48,0.9833,718.2500,0.7532
SIM-UNCALIBRATED,100,5,1.0,gradient,23,0.8,3294,3237,57,0.9827,823.5000,0.7327
SIM-UNCALIBRATED,100,5,1.0,gradient,24,0.4,3705,3673,32,0.9914,1852.5000,0.3867
SIM-UNCALIBRATED,100,5,1.0,gradient,25,1.0,3923,3850,73,0.9814,784.6000,0.9714
SIM-UNCALIBRATED,100,5,1.0,gradient,26,0.8,2337,2288,49,0.979,584.2500,0.7194
SIM-UNCALIBRATED,100,5,1.0,gradient,27,1.0,4286,4217,69,0.9839,857.2000,0.8411
SIM-UNCALIBRATED,100,5,1.0,gradient,28,0.8,6359,6315,44,0.9931,1589.7500,0.782
SIM-UNCALIBRATED,100,5,1.0,gradient,29,0.6,2639,2592,47,0.9822,879.6667,0.5234
SIM-UNCALIBRATED,100,5,2.0,flood,0,0.8,2301,2004,297,0.8709,575.2500,0.791
SIM-UNCALIBRATED,100,5,2.0,flood,1,0.8,1943,1690,253,0.8698,485.7500,0.7102
SIM-UNCALIBRATED,100,5,2.0,flood,2,1.0,2255,1913,342,0.8483,451.0000,0.9075
SIM-UNCALIBRATED,100,5,2.0,flood,3,1.0,1928,1618,310,0.8392,385.6000,0.9148
SIM-UNCALIBRATED,100,5,2.0,flood,4,1.0,1297,948,349,0.7309,259.4000,0.9782
SIM-UNCALIBRATED,100,5,2.0,flood,5,0.6,1826,1574,252,0.862,608.6667,0.5995
SIM-UNCALIBRATED,100,5,2.0,flood,6,1.0,1490,1160,330,0.7785,298.0000,0.9482
SIM-UNCALIBRATED,100,5,2.0,flood,7,1.0,506,131,375,0.2589,101.2000,0.9953
SIM-UNCALIBRATED,100,5,2.0,flood,8,1.0,1441,1045,396,0.7252,288.2000,0.9898
SIM-UNCALIBRATED,100,5,2.0,flood,9,1.0,2302,1919,383,0.8336,460.4000,0.9949
SIM-UNCALIBRATED,100,5,2.0,flood,10,0.8,2098,1804,294,0.8599,524.5000,0.8314
SIM-UNCALIBRATED,100,5,2.0,flood,11,1.0,1394,1034,360,0.7418,278.8000,0.996
SIM-UNCALIBRATED,100,5,2.0,flood,12,0.8,1966,1698,268,0.8637,491.5000,0.772
SIM-UNCALIBRATED,100,5,2.0,flood,13,0.8,2368,2058,310,0.8691,592.0000,0.7974
SIM-UNCALIBRATED,100,5,2.0,flood,14,1.0,1202,858,344,0.7138,240.4000,0.9714
SIM-UNCALIBRATED,100,5,2.0,flood,15,1.0,1577,1250,327,0.7926,315.4000,0.8928
SIM-UNCALIBRATED,100,5,2.0,flood,16,1.0,2262,1937,325,0.8563,452.4000,0.9844
SIM-UNCALIBRATED,100,5,2.0,flood,17,0.8,1448,1157,291,0.799,362.0000,0.8147
SIM-UNCALIBRATED,100,5,2.0,flood,18,0.8,1777,1505,272,0.8469,444.2500,0.7993
SIM-UNCALIBRATED,100,5,2.0,flood,19,0.6,2259,2028,231,0.8977,753.0000,0.5971
SIM-UNCALIBRATED,100,5,2.0,flood,20,1.0,1239,838,401,0.6764,247.8000,0.9833
SIM-UNCALIBRATED,100,5,2.0,flood,21,1.0,1898,1503,395,0.7919,379.6000,0.9925
SIM-UNCALIBRATED,100,5,2.0,flood,22,1.0,1772,1398,374,0.7889,354.4000,0.9749
SIM-UNCALIBRATED,100,5,2.0,flood,23,1.0,1976,1610,366,0.8148,395.2000,0.9961
SIM-UNCALIBRATED,100,5,2.0,flood,24,0.8,2076,1786,290,0.8603,519.0000,0.8435
SIM-UNCALIBRATED,100,5,2.0,flood,25,0.8,1612,1284,328,0.7965,403.0000,0.7947
SIM-UNCALIBRATED,100,5,2.0,flood,26,1.0,1561,1165,396,0.7463,312.2000,0.9791
SIM-UNCALIBRATED,100,5,2.0,flood,27,1.0,2340,1951,389,0.8338,468.0000,0.9959
SIM-UNCALIBRATED,100,5,2.0,flood,28,0.8,2508,2245,263,0.8951,627.0000,0.6909
SIM-UNCALIBRATED,100,5,2.0,flood,29,1.0,1691,1291,400,0.7635,338.2000,0.9956
SIM-UNCALIBRATED,100,5,2.0,gradient,0,0.8,2074,2006,68,0.9672,518.5000,0.6982
SIM-UNCALIBRATED,100,5,2.0,gradient,1,1.0,1779,1690,89,0.95,355.8000,0.8252
SIM-UNCALIBRATED,100,5,2.0,gradient,2,0.8,1960,1914,46,0.9765,490.0000,0.7325
SIM-UNCALIBRATED,100,5,2.0,gradient,3,1.0,1656,1615,41,0.9752,331.2000,0.96
SIM-UNCALIBRATED,100,5,2.0,gradient,4,0.8,1002,943,59,0.9411,250.5000,0.7902
SIM-UNCALIBRATED,100,5,2.0,gradient,5,0.8,1646,1574,72,0.9563,411.5000,0.7142
SIM-UNCALIBRATED,100,5,2.0,gradient,6,0.8,1212,1160,52,0.9571,303.0000,0.7231
SIM-UNCALIBRATED,100,5,2.0,gradient,7,0.2,137,131,6,0.9562,137.0000,0.2
SIM-UNCALIBRATED,100,5,2.0,gradient,8,0.2,1066,1033,33,0.969,1066.0000,0.2
SIM-UNCALIBRATED,100,5,2.0,gradient,9,1.0,1981,1919,62,0.9687,396.2000,0.7559
SIM-UNCALIBRATED,100,5,2.0,gradient,10,0.8,1854,1803,51,0.9725,463.5000,0.6739
SIM-UNCALIBRATED,100,5,2.0,gradient,11,0.8,1060,1035,25,0.9764,265.0000,0.4082
SIM-UNCALIBRATED,100,5,2.0,gradient,12,0.8,1758,1698,60,0.9659,439.5000,0.6612
SIM-UNCALIBRATED,100,5,2.0,gradient,13,0.8,2124,2061,63,0.9703,531.0000,0.6879
SIM-UNCALIBRATED,100,5,2.0,gradient,14,0.2,865,858,7,0.9919,865.0000,0.2
SIM-UNCALIBRATED,100,5,2.0,gradient,15,0.4,1279,1254,25,0.9805,639.5000,0.3448
SIM-UNCALIBRATED,100,5,2.0,gradient,16,0.8,2000,1936,64,0.968,500.0000,0.8124
SIM-UNCALIBRATED,100,5,2.0,gradient,17,0.8,1201,1154,47,0.9609,300.2500,0.6438
SIM-UNCALIBRATED,100,5,2.0,gradient,18,0.8,1548,1511,37,0.9761,387.0000,0.5418
SIM-UNCALIBRATED,100,5,2.0,gradient,19,0.6,2080,2013,67,0.9678,693.3333,0.5712
SIM-UNCALIBRATED,100,5,2.0,gradient,20,0.4,860,835,25,0.9709,430.0000,0.2685
SIM-UNCALIBRATED,100,5,2.0,gradient,21,1.0,1592,1505,87,0.9454,318.4000,0.8774
SIM-UNCALIBRATED,100,5,2.0,gradient,22,0.8,1447,1399,48,0.9668,361.7500,0.7532
SIM-UNCALIBRATED,100,5,2.0,gradient,23,0.8,1664,1606,58,0.9651,416.0000,0.7327
SIM-UNCALIBRATED,100,5,2.0,gradient,24,0.4,1820,1786,34,0.9813,910.0000,0.378
SIM-UNCALIBRATED,100,5,2.0,gradient,25,1.0,1356,1283,73,0.9462,271.2000,0.9633
SIM-UNCALIBRATED,100,5,2.0,gradient,26,0.8,1188,1140,48,0.9596,297.0000,0.7181
SIM-UNCALIBRATED,100,5,2.0,gradient,27,1.0,2023,1955,68,0.9664,404.6000,0.826
SIM-UNCALIBRATED,100,5,2.0,gradient,28,0.8,2289,2246,43,0.9812,572.2500,0.7763
SIM-UNCALIBRATED,100,5,2.0,gradient,29,0.6,1353,1303,50,0.963,451.0000,0.5322
SIM-UNCALIBRATED,100,5,5.0,flood,0,0.8,1089,788,301,0.7236,272.2500,0.7943
SIM-UNCALIBRATED,100,5,5.0,flood,1,0.8,987,690,297,0.6991,246.7500,0.7947
SIM-UNCALIBRATED,100,5,5.0,flood,2,1.0,1115,759,356,0.6807,223.0000,0.994
SIM-UNCALIBRATED,100,5,5.0,flood,3,1.0,975,664,311,0.681,195.0000,0.9962
SIM-UNCALIBRATED,100,5,5.0,flood,4,1.0,707,360,347,0.5092,141.4000,0.9711
SIM-UNCALIBRATED,100,5,5.0,flood,5,0.6,879,630,249,0.7167,293.0000,0.599
SIM-UNCALIBRATED,100,5,5.0,flood,6,1.0,807,465,342,0.5762,161.4000,0.9806
SIM-UNCALIBRATED,100,5,5.0,flood,7,1.0,427,52,375,0.1218,85.4000,0.9953
SIM-UNCALIBRATED,100,5,5.0,flood,8,1.0,791,398,393,0.5032,158.2000,0.9913
SIM-UNCALIBRATED,100,5,5.0,flood,9,0.8,1073,759,314,0.7074,268.2500,0.799
SIM-UNCALIBRATED,100,5,5.0,flood,10,0.8,1012,727,285,0.7184,253.0000,0.8283
SIM-UNCALIBRATED,100,5,5.0,flood,11,1.0,776,414,362,0.5335,155.2000,0.9894
SIM-UNCALIBRATED,100,5,5.0,flood,12,0.8,978,684,294,0.6994,244.5000,0.7966
SIM-UNCALIBRATED,100,5,5.0,flood,13,0.6,1062,805,257,0.758,354.0000,0.6046
SIM-UNCALIBRATED,100,5,5.0,flood,14,1.0,699,353,346,0.505,139.8000,0.9754
SIM-UNCALIBRATED,100,5,5.0,flood,15,1.0,840,504,336,0.6,168.0000,0.9318
SIM-UNCALIBRATED,100,5,5.0,flood,16,1.0,1142,783,359,0.6856,228.4000,0.9879
SIM-UNCALIBRATED,100,5,5.0,flood,17,0.8,700,452,248,0.6457,175.0000,0.7869
SIM-UNCALIBRATED,100,5,5.0,flood,18,0.8,870,606,264,0.6966,217.5000,0.7299
SIM-UNCALIBRATED,100,5,5.0,flood,19,0.6,1025,792,233,0.7727,341.6667,0.5974
SIM-UNCALIBRATED,100,5,5.0,flood,20,1.0,691,333,358,0.4819,138.2000,0.9546
SIM-UNCALIBRATED,100,5,5.0,flood,21,1.0,1006,594,412,0.5905,201.2000,0.9921
SIM-UNCALIBRATED,100,5,5.0,flood,22,0.8,845,537,308,0.6355,211.2500,0.9082
SIM-UNCALIBRATED,100,5,5.0,flood,23,0.8,938,646,292,0.6887,234.5000,0.7956
SIM-UNCALIBRATED,100,5,5.0,flood,24,0.8,1008,705,303,0.6994,252.0000,0.8618
SIM-UNCALIBRATED,100,5,5.0,flood,25,0.8,846,504,342,0.5957,211.5000,0.7972
SIM-UNCALIBRATED,100,5,5.0,flood,26,0.8,781,438,343,0.5608,195.2500,0.8717
SIM-UNCALIBRATED,100,5,5.0,flood,27,1.0,1147,805,342,0.7018,229.4000,0.9617
SIM-UNCALIBRATED,100,5,5.0,flood,28,0.8,1150,895,255,0.7783,287.5000,0.7871
SIM-UNCALIBRATED,100,5,5.0,flood,29,1.0,903,504,399,0.5581,180.6000,0.9955
SIM-UNCALIBRATED,100,5,5.0,gradient,0,0.8,888,809,79,0.911,222.0000,0.7121
SIM-UNCALIBRATED,100,5,5.0,gradient,1,0.8,773,688,85,0.89,193.2500,0.7248
SIM-UNCALIBRATED,100,5,5.0,gradient,2,0.8,825,774,51,0.9382,206.2500,0.7584
SIM-UNCALIBRATED,100,5,5.0,gradient,3,1.0,704,662,42,0.9403,140.8000,0.9675
SIM-UNCALIBRATED,100,5,5.0,gradient,4,0.8,420,358,62,0.8524,105.0000,0.7934
SIM-UNCALIBRATED,100,5,5.0,gradient,5,0.8,703,630,73,0.8962,175.7500,0.7147
SIM-UNCALIBRATED,100,5,5.0,gradient,6,0.8,516,465,51,0.9012,129.0000,0.7297
SIM-UNCALIBRATED,100,5,5.0,gradient,7,0.2,58,52,6,0.8966,58.0000,0.2
SIM-UNCALIBRATED,100,5,5.0,gradient,8,0.2,429,398,31,0.9277,429.0000,0.2
SIM-UNCALIBRATED,100,5,5.0,gradient,9,1.0,822,759,63,0.9234,164.4000,0.7399
SIM-UNCALIBRATED,100,5,5.0,gradient,10,0.8,778,727,51,0.9344,194.5000,0.6739
SIM-UNCALIBRATED,100,5,5.0,gradient,11,0.8,439,414,25,0.9431,109.7500,0.4082
SIM-UNCALIBRATED,100,5,5.0,gradient,12,0.8,745,683,62,0.9168,186.2500,0.6584
SIM-UNCALIBRATED,100,5,5.0,gradient,13,0.8,889,825,64,0.928,222.2500,0.6969
SIM-UNCALIBRATED,100,5,5.0,gradient,14,0.2,359,352,7,0.9805,359.0000,0.2
SIM-UNCALIBRATED,100,5,5.0,gradient,15,0.4,528,503,25,0.9527,264.0000,0.3448
SIM-UNCALIBRATED,100,5,5.0,gradient,16,0.8,833,782,51,0.9388,208.2500,0.8545
SIM-UNCALIBRATED,100,5,5.0,gradient,17,0.8,497,452,45,0.9095,124.2500,0.6557
SIM-UNCALIBRATED,100,5,5.0,gradient,18,0.8,643,606,37,0.9425,160.7500,0.5418
SIM-UNCALIBRATED,100,5,5.0,gradient,19,0.6,861,792,69,0.9199,287.0000,0.5713
SIM-UNCALIBRATED,100,5,5.0,gradient,20,0.4,353,328,25,0.9292,176.5000,0.2685
SIM-UNCALIBRATED,100,5,5.0,gradient,21,1.0,711,623,88,0.8762,142.2000,0.8765
SIM-UNCALIBRATED,100,5,5.0,gradient,22,0.8,581,534,47,0.9191,145.2500,0.7506
SIM-UNCALIBRATED,100,5,5.0,gradient,23,0.8,695,635,60,0.9137,173.7500,0.7226
SIM-UNCALIBRATED,100,5,5.0,gradient,24,0.4,751,718,33,0.9561,375.5000,0.3824
SIM-UNCALIBRATED,100,5,5.0,gradient,25,1.0,569,504,65,0.8858,113.8000,0.9399
SIM-UNCALIBRATED,100,5,5.0,gradient,26,0.8,488,441,47,0.9037,122.0000,0.7237
SIM-UNCALIBRATED,100,5,5.0,gradient,27,0.8,870,805,65,0.9253,217.5000,0.8238
SIM-UNCALIBRATED,100,5,5.0,gradient,28,1.0,943,895,48,0.9491,188.6000,0.9042
SIM-UNCALIBRATED,100,5,5.0,gradient,29,0.6,554,504,50,0.9097,184.6667,0.5322
SIM-UNCALIBRATED,100,5,30.0,flood,0,0.8,441,140,301,0.3175,110.2500,0.7967
SIM-UNCALIBRATED,100,5,30.0,flood,1,1.0,516,127,389,0.2461,103.2000,0.9971
SIM-UNCALIBRATED,100,5,30.0,flood,2,0.8,439,129,310,0.2938,109.7500,0.877
SIM-UNCALIBRATED,100,5,30.0,flood,3,1.0,374,111,263,0.2968,74.8000,0.8931
SIM-UNCALIBRATED,100,5,30.0,flood,4,1.0,411,68,343,0.1655,82.2000,0.9822
SIM-UNCALIBRATED,100,5,30.0,flood,5,0.6,355,105,250,0.2958,118.3333,0.5992
SIM-UNCALIBRATED,100,5,30.0,flood,6,1.0,427,78,349,0.1827,85.4000,0.9918
SIM-UNCALIBRATED,100,5,30.0,flood,7,1.0,384,9,375,0.0234,76.8000,0.9953
SIM-UNCALIBRATED,100,5,30.0,flood,8,1.0,480,70,410,0.1458,96.0000,0.9997
SIM-UNCALIBRATED,100,5,30.0,flood,9,0.8,437,115,322,0.2632,109.2500,0.8098
SIM-UNCALIBRATED,100,5,30.0,flood,10,0.8,418,123,295,0.2943,104.5000,0.831
SIM-UNCALIBRATED,100,5,30.0,flood,11,1.0,431,69,362,0.1601,86.2000,0.9877
SIM-UNCALIBRATED,100,5,30.0,flood,12,0.8,401,114,287,0.2843,100.2500,0.7879
SIM-UNCALIBRATED,100,5,30.0,flood,13,0.8,448,141,307,0.3147,112.0000,0.7978
SIM-UNCALIBRATED,100,5,30.0,flood,14,1.0,414,60,354,0.1449,82.8000,0.9878
SIM-UNCALIBRATED,100,5,30.0,flood,15,1.0,442,83,359,0.1878,88.4000,0.981
SIM-UNCALIBRATED,100,5,30.0,flood,16,1.0,448,132,316,0.2946,89.6000,0.9402
SIM-UNCALIBRATED,100,5,30.0,flood,17,0.8,371,78,293,0.2102,92.7500,0.8154
SIM-UNCALIBRATED,100,5,30.0,flood,18,0.6,364,96,268,0.2637,121.3333,0.6884
SIM-UNCALIBRATED,100,5,30.0,flood,19,0.6,361,132,229,0.3657,120.3333,0.596
SIM-UNCALIBRATED,100,5,30.0,flood,20,1.0,418,52,366,0.1244,83.6000,0.8953
SIM-UNCALIBRATED,100,5,30.0,flood,21,1.0,447,106,341,0.2371,89.4000,0.9494
SIM-UNCALIBRATED,100,5,30.0,flood,22,0.8,386,85,301,0.2202,96.5000,0.8148
SIM-UNCALIBRATED,100,5,30.0,flood,23,0.8,388,101,287,0.2603,97.0000,0.7854
SIM-UNCALIBRATED,100,5,30.0,flood,24,0.8,418,100,318,0.2392,104.5000,0.8335
SIM-UNCALIBRATED,100,5,30.0,flood,25,1.0,485,86,399,0.1773,97.0000,0.9951
SIM-UNCALIBRATED,100,5,30.0,flood,26,0.8,432,87,345,0.2014,108.0000,0.8672
SIM-UNCALIBRATED,100,5,30.0,flood,27,1.0,475,115,360,0.2421,95.0000,0.9802
SIM-UNCALIBRATED,100,5,30.0,flood,28,0.8,416,150,266,0.3606,104.0000,0.6674
SIM-UNCALIBRATED,100,5,30.0,flood,29,0.8,439,90,349,0.205,109.7500,0.8388
SIM-UNCALIBRATED,100,5,30.0,gradient,0,0.8,197,130,67,0.6599,49.2500,0.6662
SIM-UNCALIBRATED,100,5,30.0,gradient,1,1.0,221,128,93,0.5792,44.2000,0.8247
SIM-UNCALIBRATED,100,5,30.0,gradient,2,0.8,180,129,51,0.7167,45.0000,0.7584
SIM-UNCALIBRATED,100,5,30.0,gradient,3,1.0,153,111,42,0.7255,30.6000,0.9744
SIM-UNCALIBRATED,100,5,30.0,gradient,4,0.8,126,67,59,0.5317,31.5000,0.7902
SIM-UNCALIBRATED,100,5,30.0,gradient,5,0.8,178,105,73,0.5899,44.5000,0.7147
SIM-UNCALIBRATED,100,5,30.0,gradient,6,0.8,125,78,47,0.624,31.2500,0.7538
SIM-UNCALIBRATED,100,5,30.0,gradient,7,0.2,15,9,6,0.6,15.0000,0.2
SIM-UNCALIBRATED,100,5,30.0,gradient,8,0.2,71,53,18,0.7465,71.0000,0.2
SIM-UNCALIBRATED,100,5,30.0,gradient,9,1.0,167,115,52,0.6886,33.4000,0.6418
SIM-UNCALIBRATED,100,5,30.0,gradient,10,0.8,174,123,51,0.7069,43.5000,0.6739
SIM-UNCALIBRATED,100,5,30.0,gradient,11,0.8,94,69,25,0.734,23.5000,0.4082
SIM-UNCALIBRATED,100,5,30.0,gradient,12,0.8,175,114,61,0.6514,43.7500,0.6773
SIM-UNCALIBRATED,100,5,30.0,gradient,13,0.8,209,142,67,0.6794,52.2500,0.6951
SIM-UNCALIBRATED,100,5,30.0,gradient,14,0.2,60,53,7,0.8833,60.0000,0.2
SIM-UNCALIBRATED,100,5,30.0,gradient,15,0.4,109,84,25,0.7706,54.5000,0.3448
SIM-UNCALIBRATED,100,5,30.0,gradient,16,0.8,189,122,67,0.6455,47.2500,0.8677
SIM-UNCALIBRATED,100,5,30.0,gradient,17,0.8,122,75,47,0.6148,30.5000,0.6438
SIM-UNCALIBRATED,100,5,30.0,gradient,18,0.6,134,102,32,0.7612,44.6667,0.4599
SIM-UNCALIBRATED,100,5,30.0,gradient,19,0.6,192,132,60,0.6875,64.0000,0.5996
SIM-UNCALIBRATED,100,5,30.0,gradient,20,0.4,75,55,20,0.7333,37.5000,0.2941
SIM-UNCALIBRATED,100,5,30.0,gradient,21,1.0,178,96,82,0.5393,35.6000,0.8987
SIM-UNCALIBRATED,100,5,30.0,gradient,22,0.8,131,86,45,0.6565,32.7500,0.7583
SIM-UNCALIBRATED,100,5,30.0,gradient,23,0.8,157,101,56,0.6433,39.2500,0.7136
SIM-UNCALIBRATED,100,5,30.0,gradient,24,0.4,134,100,34,0.7463,67.0000,0.378
SIM-UNCALIBRATED,100,5,30.0,gradient,25,1.0,159,87,72,0.5472,31.8000,0.9541
SIM-UNCALIBRATED,100,5,30.0,gradient,26,0.8,132,86,46,0.6515,33.0000,0.7171
SIM-UNCALIBRATED,100,5,30.0,gradient,27,1.0,205,138,67,0.6732,41.0000,0.8375
SIM-UNCALIBRATED,100,5,30.0,gradient,28,0.8,194,150,44,0.7732,48.5000,0.782
SIM-UNCALIBRATED,100,5,30.0,gradient,29,0.6,137,88,49,0.6423,45.6667,0.5204
SIM-UNCALIBRATED,100,20,1.0,flood,0,0.25,4411,4101,310,0.9297,882.2000,0.1995
SIM-UNCALIBRATED,100,20,1.0,flood,1,0.25,3652,3337,315,0.9137,730.4000,0.2203
SIM-UNCALIBRATED,100,20,1.0,flood,2,0.25,4762,4314,448,0.9059,952.4000,0.272
SIM-UNCALIBRATED,100,20,1.0,flood,3,0.35,5816,5532,284,0.9512,830.8571,0.1995
SIM-UNCALIBRATED,100,20,1.0,flood,4,0.25,2153,1797,356,0.8346,430.6000,0.1991
SIM-UNCALIBRATED,100,20,1.0,flood,5,0.2,3439,3150,289,0.916,859.7500,0.1999
SIM-UNCALIBRATED,100,20,1.0,flood,6,0.3,2659,2322,337,0.8733,443.1667,0.245
SIM-UNCALIBRATED,100,20,1.0,flood,7,0.2,588,262,326,0.4456,147.0000,0.1997
SIM-UNCALIBRATED,100,20,1.0,flood,8,0.35,3800,3461,339,0.9108,542.8571,0.2396
SIM-UNCALIBRATED,100,20,1.0,flood,9,0.4,4413,4021,392,0.9112,551.6250,0.2942
SIM-UNCALIBRATED,100,20,1.0,flood,10,0.4,6420,6025,395,0.9385,802.5000,0.3029
SIM-UNCALIBRATED,100,20,1.0,flood,11,0.3,2409,2069,340,0.8589,401.5000,0.2391
SIM-UNCALIBRATED,100,20,1.0,flood,12,0.35,5249,4937,312,0.9406,749.8571,0.198
SIM-UNCALIBRATED,100,20,1.0,flood,13,0.3,4507,4187,320,0.929,751.1667,0.1999
SIM-UNCALIBRATED,100,20,1.0,flood,14,0.3,2192,1830,362,0.8349,365.3333,0.1994
SIM-UNCALIBRATED,100,20,1.0,flood,15,0.4,2831,2495,336,0.8813,353.8750,0.2115
SIM-UNCALIBRATED,100,20,1.0,flood,16,0.3,4359,4031,328,0.9248,726.5000,0.2295
SIM-UNCALIBRATED,100,20,1.0,flood,17,0.25,2590,2317,273,0.8946,518.0000,0.1673
SIM-UNCALIBRATED,100,20,1.0,flood,18,0.25,3352,3034,318,0.9051,670.4000,0.1974
SIM-UNCALIBRATED,100,20,1.0,flood,19,0.25,4440,4184,256,0.9423,888.0000,0.1499
SIM-UNCALIBRATED,100,20,1.0,flood,20,0.35,1968,1626,342,0.8262,281.1429,0.1995
SIM-UNCALIBRATED,100,20,1.0,flood,21,0.2,4696,4366,330,0.9297,1174.0000,0.1972
SIM-UNCALIBRATED,100,20,1.0,flood,22,0.25,3207,2827,380,0.8815,641.4000,0.2492
SIM-UNCALIBRATED,100,20,1.0,flood,23,0.25,3588,3237,351,0.9022,717.6000,0.2575
SIM-UNCALIBRATED,100,20,1.0,flood,24,0.25,4370,4080,290,0.9336,874.0000,0.1995
SIM-UNCALIBRATED,100,20,1.0,flood,25,0.3,4092,3788,304,0.9257,682.0000,0.1971
SIM-UNCALIBRATED,100,20,1.0,flood,26,0.3,2655,2282,373,0.8595,442.5000,0.2315
SIM-UNCALIBRATED,100,20,1.0,flood,27,0.3,4462,4146,316,0.9292,743.6667,0.1987
SIM-UNCALIBRATED,100,20,1.0,flood,28,0.25,6695,6375,320,0.9522,1339.0000,0.2138
SIM-UNCALIBRATED,100,20,1.0,flood,29,0.2,2929,2589,340,0.8839,732.2500,0.1991
SIM-UNCALIBRATED,100,20,1.0,gradient,0,0.25,4173,4079,94,0.9775,834.6000,0.1863
SIM-UNCALIBRATED,100,20,1.0,gradient,1,0.35,3446,3308,138,0.96,492.2857,0.2453
SIM-UNCALIBRATED,100,20,1.0,gradient,2,0.35,4084,3988,96,0.9765,583.4286,0.2674
SIM-UNCALIBRATED,100,20,1.0,gradient,3,0.35,5827,5753,74,0.9873,832.4286,0.1699
SIM-UNCALIBRATED,100,20,1.0,gradient,4,0.4,1902,1797,105,0.9448,237.7500,0.3323
SIM-UNCALIBRATED,100,20,1.0,gradient,5,0.2,3225,3149,76,0.9764,806.2500,0.1516
SIM-UNCALIBRATED,100,20,1.0,gradient,6,0.3,2394,2321,73,0.9695,399.0000,0.2307
SIM-UNCALIBRATED,100,20,1.0,gradient,7,0.3,296,262,34,0.8851,49.3333,0.175
SIM-UNCALIBRATED,100,20,1.0,gradient,8,0.3,2780,2699,81,0.9709,463.3333,0.1912
SIM-UNCALIBRATED,100,20,1.0,gradient,9,0.3,4081,4012,69,0.9831,680.1667,0.1665
SIM-UNCALIBRATED,100,20,1.0,gradient,10,0.45,5337,5239,98,0.9816,593.0000,0.3136
SIM-UNCALIBRATED,100,20,1.0,gradient,11,0.5,2239,2151,88,0.9607,223.9000,0.3846
SIM-UNCALIBRATED,100,20,1.0,gradient,12,0.35,4070,3981,89,0.9781,581.4286,0.1783
SIM-UNCALIBRATED,100,20,1.0,gradient,13,0.3,4177,4107,70,0.9832,696.1667,0.1471
SIM-UNCALIBRATED,100,20,1.0,gradient,14,0.35,1855,1767,88,0.9526,265.0000,0.2449
SIM-UNCALIBRATED,100,20,1.0,gradient,15,0.45,2577,2500,77,0.9701,286.3333,0.2741
SIM-UNCALIBRATED,100,20,1.0,gradient,16,0.4,4003,3892,111,0.9723,500.3750,0.3101
SIM-UNCALIBRATED,100,20,1.0,gradient,17,0.35,2402,2314,88,0.9634,343.1429,0.2586
SIM-UNCALIBRATED,100,20,1.0,gradient,18,0.3,3096,3036,60,0.9806,516.0000,0.197
SIM-UNCALIBRATED,100,20,1.0,gradient,19,0.25,4319,4245,74,0.9829,863.8000,0.141
SIM-UNCALIBRATED,100,20,1.0,gradient,20,0.45,1709,1630,79,0.9538,189.8889,0.2741
SIM-UNCALIBRATED,100,20,1.0,gradient,21,0.25,4796,4721,75,0.9844,959.2000,0.1694
SIM-UNCALIBRATED,100,20,1.0,gradient,22,0.35,2933,2827,106,0.9639,419.0000,0.321
SIM-UNCALIBRATED,100,20,1.0,gradient,23,0.25,3338,3238,100,0.97,667.6000,0.2057
SIM-UNCALIBRATED,100,20,1.0,gradient,24,0.3,3810,3726,84,0.978,635.0000,0.2251
SIM-UNCALIBRATED,100,20,1.0,gradient,25,0.3,3714,3640,74,0.9801,619.0000,0.23
SIM-UNCALIBRATED,100,20,1.0,gradient,26,0.4,2378,2278,100,0.9579,297.2500,0.2921
SIM-UNCALIBRATED,100,20,1.0,gradient,27,0.25,4243,4161,82,0.9807,848.6000,0.1783
SIM-UNCALIBRATED,100,20,1.0,gradient,28,0.3,6175,6073,102,0.9835,1029.1667,0.216
SIM-UNCALIBRATED,100,20,1.0,gradient,29,0.2,2651,2592,59,0.9777,662.7500,0.1717
SIM-UNCALIBRATED,100,20,2.0,flood,0,0.25,2342,2012,330,0.8591,468.4000,0.1989
SIM-UNCALIBRATED,100,20,2.0,flood,1,0.25,2018,1697,321,0.8409,403.6000,0.2045
SIM-UNCALIBRATED,100,20,2.0,flood,2,0.3,2359,1898,461,0.8046,393.1667,0.2971
SIM-UNCALIBRATED,100,20,2.0,flood,3,0.4,1911,1617,294,0.8462,238.8750,0.1998
SIM-UNCALIBRATED,100,20,2.0,flood,4,0.25,1300,941,359,0.7238,260.0000,0.1988
SIM-UNCALIBRATED,100,20,2.0,flood,5,0.2,1861,1567,294,0.842,465.2500,0.1961
SIM-UNCALIBRATED,100,20,2.0,flood,6,0.25,1477,1160,317,0.7854,295.4000,0.2107
SIM-UNCALIBRATED,100,20,2.0,flood,7,0.2,456,131,325,0.2873,114.0000,0.1997
SIM-UNCALIBRATED,100,20,2.0,flood,8,0.3,1400,1047,353,0.7479,233.3333,0.218
SIM-UNCALIBRATED,100,20,2.0,flood,9,0.35,2285,1919,366,0.8398,326.4286,0.2602
SIM-UNCALIBRATED,100,20,2.0,flood,10,0.35,2117,1803,314,0.8517,302.4286,0.2498
SIM-UNCALIBRATED,100,20,2.0,flood,11,0.3,1380,1035,345,0.75,230.0000,0.2465
SIM-UNCALIBRATED,100,20,2.0,flood,12,0.35,2010,1698,312,0.8448,287.1429,0.1964
SIM-UNCALIBRATED,100,20,2.0,flood,13,0.3,2374,2057,317,0.8665,395.6667,0.1997
SIM-UNCALIBRATED,100,20,2.0,flood,14,0.3,1197,849,348,0.7093,199.5000,0.1996
SIM-UNCALIBRATED,100,20,2.0,flood,15,0.45,1592,1249,343,0.7845,176.8889,0.2291
SIM-UNCALIBRATED,100,20,2.0,flood,16,0.3,2295,1937,358,0.844,382.5000,0.2436
SIM-UNCALIBRATED,100,20,2.0,flood,17,0.3,1496,1156,340,0.7727,249.3333,0.1996
SIM-UNCALIBRATED,100,20,2.0,flood,18,0.25,1809,1505,304,0.832,361.8000,0.1984
SIM-UNCALIBRATED,100,20,2.0,flood,19,0.25,2318,2063,255,0.89,463.6000,0.15
SIM-UNCALIBRATED,100,20,2.0,flood,20,0.35,1182,835,347,0.7064,168.8571,0.1994
SIM-UNCALIBRATED,100,20,2.0,flood,21,0.2,1828,1507,321,0.8244,457.0000,0.198
SIM-UNCALIBRATED,100,20,2.0,flood,22,0.25,1784,1405,379,0.7876,356.8000,0.2458
SIM-UNCALIBRATED,100,20,2.0,flood,23,0.3,1981,1608,373,0.8117,330.1667,0.2954
SIM-UNCALIBRATED,100,20,2.0,flood,24,0.25,2106,1786,320,0.8481,421.2000,0.1989
SIM-UNCALIBRATED,100,20,2.0,flood,25,0.35,1673,1285,388,0.7681,239.0000,0.2469
SIM-UNCALIBRATED,100,20,2.0,flood,26,0.3,1524,1139,385,0.7474,254.0000,0.2579
SIM-UNCALIBRATED,100,20,2.0,flood,27,0.3,2271,1954,317,0.8604,378.5000,0.2008
SIM-UNCALIBRATED,100,20,2.0,flood,28,0.25,2565,2246,319,0.8756,513.0000,0.2057
SIM-UNCALIBRATED,100,20,2.0,flood,29,0.2,1638,1303,335,0.7955,409.5000,0.1987
SIM-UNCALIBRATED,100,20,2.0,gradient,0,0.25,2089,1998,91,0.9564,417.8000,0.1852
SIM-UNCALIBRATED,100,20,2.0,gradient,1,0.3,1804,1691,113,0.9374,300.6667,0.2068
SIM-UNCALIBRATED,100,20,2.0,gradient,2,0.3,2006,1914,92,0.9541,334.3333,0.2623
SIM-UNCALIBRATED,100,20,2.0,gradient,3,0.4,1716,1639,77,0.9551,214.5000,0.1582
SIM-UNCALIBRATED,100,20,2.0,gradient,4,0.4,1061,956,105,0.901,132.6250,0.3334
SIM-UNCALIBRATED,100,20,2.0,gradient,5,0.2,1650,1574,76,0.9539,412.5000,0.1511
SIM-UNCALIBRATED,100,20,2.0,gradient,6,0.25,1232,1160,72,0.9416,246.4000,0.23
SIM-UNCALIBRATED,100,20,2.0,gradient,7,0.3,165,131,34,0.7939,27.5000,0.175
SIM-UNCALIBRATED,100,20,2.0,gradient,8,0.3,1114,1033,81,0.9273,185.6667,0.1848
SIM-UNCALIBRATED,100,20,2.0,gradient,9,0.3,1991,1919,72,0.9638,331.8333,0.1523
SIM-UNCALIBRATED,100,20,2.0,gradient,10,0.45,1899,1803,96,0.9494,211.0000,0.3079
SIM-UNCALIBRATED,100,20,2.0,gradient,11,0.45,1123,1035,88,0.9216,124.7778,0.3892
SIM-UNCALIBRATED,100,20,2.0,gradient,12,0.35,1786,1697,89,0.9502,255.1429,0.1786
SIM-UNCALIBRATED,100,20,2.0,gradient,13,0.3,2138,2070,68,0.9682,356.3333,0.1512
SIM-UNCALIBRATED,100,20,2.0,gradient,14,0.4,953,858,95,0.9003,119.1250,0.2522
SIM-UNCALIBRATED,100,20,2.0,gradient,15,0.45,1333,1254,79,0.9407,148.1111,0.2744
SIM-UNCALIBRATED,100,20,2.0,gradient,16,0.4,2041,1935,106,0.9481,255.1250,0.3041
SIM-UNCALIBRATED,100,20,2.0,gradient,17,0.35,1241,1154,87,0.9299,177.2857,0.2536
SIM-UNCALIBRATED,100,20,2.0,gradient,18,0.3,1573,1512,61,0.9612,262.1667,0.195
SIM-UNCALIBRATED,100,20,2.0,gradient,19,0.25,2086,2012,74,0.9645,417.2000,0.141
SIM-UNCALIBRATED,100,20,2.0,gradient,20,0.45,915,837,78,0.9148,101.6667,0.2941
SIM-UNCALIBRATED,100,20,2.0,gradient,21,0.25,1532,1454,78,0.9491,306.4000,0.1639
SIM-UNCALIBRATED,100,20,2.0,gradient,22,0.35,1512,1405,107,0.9292,216.0000,0.3232
SIM-UNCALIBRATED,100,20,2.0,gradient,23,0.25,1706,1606,100,0.9414,341.2000,0.2057
SIM-UNCALIBRATED,100,20,2.0,gradient,24,0.25,1859,1785,74,0.9602,371.8000,0.1813
SIM-UNCALIBRATED,100,20,2.0,gradient,25,0.3,1361,1287,74,0.9456,226.8333,0.2359
SIM-UNCALIBRATED,100,20,2.0,gradient,26,0.4,1239,1139,100,0.9193,154.8750,0.2759
SIM-UNCALIBRATED,100,20,2.0,gradient,27,0.3,2035,1952,83,0.9592,339.1667,0.1816
SIM-UNCALIBRATED,100,20,2.0,gradient,28,0.3,2342,2241,101,0.9569,390.3333,0.2172
SIM-UNCALIBRATED,100,20,2.0,gradient,29,0.2,1361,1303,58,0.9574,340.2500,0.1744
SIM-UNCALIBRATED,100,20,5.0,flood,0,0.25,1111,789,322,0.7102,222.2000,0.1994
SIM-UNCALIBRATED,100,20,5.0,flood,1,0.25,1008,690,318,0.6845,201.6000,0.2048
SIM-UNCALIBRATED,100,20,5.0,flood,2,0.3,1223,774,449,0.6329,203.8333,0.3178
SIM-UNCALIBRATED,100,20,5.0,flood,3,0.35,917,663,254,0.723,131.0000,0.1856
SIM-UNCALIBRATED,100,20,5.0,flood,4,0.25,703,359,344,0.5107,140.6000,0.1981
SIM-UNCALIBRATED,100,20,5.0,flood,5,0.25,930,630,300,0.6774,186.0000,0.2328
SIM-UNCALIBRATED,100,20,5.0,flood,6,0.25,805,465,340,0.5776,161.0000,0.2456
SIM-UNCALIBRATED,100,20,5.0,flood,7,0.2,377,52,325,0.1379,94.2500,0.1997
SIM-UNCALIBRATED,100,20,5.0,flood,8,0.35,746,398,348,0.5335,106.5714,0.2446
SIM-UNCALIBRATED,100,20,5.0,flood,9,0.4,1179,759,420,0.6438,147.3750,0.2948
SIM-UNCALIBRATED,100,20,5.0,flood,10,0.45,1123,727,396,0.6474,124.7778,0.2962
SIM-UNCALIBRATED,100,20,5.0,flood,11,0.3,746,414,332,0.555,124.3333,0.2334
SIM-UNCALIBRATED,100,20,5.0,flood,12,0.35,960,647,313,0.674,137.1429,0.1966
SIM-UNCALIBRATED,100,20,5.0,flood,13,0.3,1083,805,278,0.7433,180.5000,0.1944
SIM-UNCALIBRATED,100,20,5.0,flood,14,0.3,693,336,357,0.4848,115.5000,0.1996
SIM-UNCALIBRATED,100,20,5.0,flood,15,0.35,783,504,279,0.6437,111.8571,0.1862
SIM-UNCALIBRATED,100,20,5.0,flood,16,0.3,1112,783,329,0.7041,185.3333,0.2378
SIM-UNCALIBRATED,100,20,5.0,flood,17,0.25,727,455,272,0.6259,145.4000,0.1674
SIM-UNCALIBRATED,100,20,5.0,flood,18,0.25,922,606,316,0.6573,184.4000,0.1975
SIM-UNCALIBRATED,100,20,5.0,flood,19,0.25,1044,792,252,0.7586,208.8000,0.1497
SIM-UNCALIBRATED,100,20,5.0,flood,20,0.35,666,328,338,0.4925,95.1429,0.1989
SIM-UNCALIBRATED,100,20,5.0,flood,21,0.2,941,616,325,0.6546,235.2500,0.199
SIM-UNCALIBRATED,100,20,5.0,flood,22,0.3,948,537,411,0.5665,158.0000,0.2901
SIM-UNCALIBRATED,100,20,5.0,flood,23,0.3,1040,635,405,0.6106,173.3333,0.2876
SIM-UNCALIBRATED,100,20,5.0,flood,24,0.25,1015,705,310,0.6946,203.0000,0.1993
SIM-UNCALIBRATED,100,20,5.0,flood,25,0.35,877,504,373,0.5747,125.2857,0.2454
SIM-UNCALIBRATED,100,20,5.0,flood,26,0.3,837,438,399,0.5233,139.5000,0.2576
SIM-UNCALIBRATED,100,20,5.0,flood,27,0.3,1090,782,308,0.7174,181.6667,0.1995
SIM-UNCALIBRATED,100,20,5.0,flood,28,0.25,1226,897,329,0.7316,245.2000,0.1995
SIM-UNCALIBRATED,100,20,5.0,flood,29,0.2,840,503,337,0.5988,210.0000,0.1992
SIM-UNCALIBRATED,100,20,5.0,gradient,0,0.25,903,810,93,0.897,180.6000,0.1797
SIM-UNCALIBRATED,100,20,5.0,gradient,1,0.35,815,687,128,0.8429,116.4286,0.2488
SIM-UNCALIBRATED,100,20,5.0,gradient,2,0.35,873,774,99,0.8866,124.7143,0.286
SIM-UNCALIBRATED,100,20,5.0,gradient,3,0.35,742,665,77,0.8962,106.0000,0.1525
SIM-UNCALIBRATED,100,20,5.0,gradient,4,0.4,465,359,106,0.772,58.1250,0.3334
SIM-UNCALIBRATED,100,20,5.0,gradient,5,0.25,714,630,84,0.8824,142.8000,0.1872
SIM-UNCALIBRATED,100,20,5.0,gradient,6,0.3,540,467,73,0.8648,90.0000,0.2307
SIM-UNCALIBRATED,100,20,5.0,gradient,7,0.3,86,52,34,0.6047,14.3333,0.175
SIM-UNCALIBRATED,100,20,5.0,gradient,8,0.3,482,402,80,0.834,80.3333,0.1961
SIM-UNCALIBRATED,100,20,5.0,gradient,9,0.25,831,759,72,0.9134,166.2000,0.1454
SIM-UNCALIBRATED,100,20,5.0,gradient,10,0.45,824,727,97,0.8823,91.5556,0.3022
SIM-UNCALIBRATED,100,20,5.0,gradient,11,0.55,506,414,92,0.8182,46.0000,0.405
SIM-UNCALIBRATED,100,20,5.0,gradient,12,0.35,755,647,108,0.857,107.8571,0.1732
SIM-UNCALIBRATED,100,20,5.0,gradient,13,0.3,886,814,72,0.9187,147.6667,0.1554
SIM-UNCALIBRATED,100,20,5.0,gradient,14,0.35,440,352,88,0.8,62.8571,0.2449
SIM-UNCALIBRATED,100,20,5.0,gradient,15,0.45,580,503,77,0.8672,64.4444,0.2813
SIM-UNCALIBRATED,100,20,5.0,gradient,16,0.4,890,781,109,0.8775,111.2500,0.3016
SIM-UNCALIBRATED,100,20,5.0,gradient,17,0.35,543,455,88,0.8379,77.5714,0.2541
SIM-UNCALIBRATED,100,20,5.0,gradient,18,0.3,661,600,61,0.9077,110.1667,0.195
SIM-UNCALIBRATED,100,20,5.0,gradient,19,0.25,866,792,74,0.9145,173.2000,0.1397
SIM-UNCALIBRATED,100,20,5.0,gradient,20,0.45,408,328,80,0.8039,45.3333,0.2875
SIM-UNCALIBRATED,100,20,5.0,gradient,21,0.25,701,621,80,0.8859,140.2000,0.1544
SIM-UNCALIBRATED,100,20,5.0,gradient,22,0.4,645,537,108,0.8326,80.6250,0.3501
SIM-UNCALIBRATED,100,20,5.0,gradient,23,0.2,744,645,99,0.8669,186.0000,0.1963
SIM-UNCALIBRATED,100,20,5.0,gradient,24,0.3,791,705,86,0.8913,131.8333,0.2283
SIM-UNCALIBRATED,100,20,5.0,gradient,25,0.3,579,504,75,0.8705,96.5000,0.2367
SIM-UNCALIBRATED,100,20,5.0,gradient,26,0.4,531,437,94,0.823,66.3750,0.2658
SIM-UNCALIBRATED,100,20,5.0,gradient,27,0.3,885,805,80,0.9096,147.5000,0.1856
SIM-UNCALIBRATED,100,20,5.0,gradient,28,0.25,992,898,94,0.9052,198.4000,0.1816
SIM-UNCALIBRATED,100,20,5.0,gradient,29,0.2,562,504,58,0.8968,140.5000,0.1744
SIM-UNCALIBRATED,100,20,30.0,flood,0,0.25,475,140,335,0.2947,95.0000,0.1994
SIM-UNCALIBRATED,100,20,30.0,flood,1,0.25,442,128,314,0.2896,88.4000,0.2044
SIM-UNCALIBRATED,100,20,30.0,flood,2,0.3,586,129,457,0.2201,97.6667,0.2968
SIM-UNCALIBRATED,100,20,30.0,flood,3,0.35,429,109,320,0.2541,61.2857,0.1989
SIM-UNCALIBRATED,100,20,30.0,flood,4,0.25,417,69,348,0.1655,83.4000,0.1983
SIM-UNCALIBRATED,100,20,30.0,flood,5,0.2,389,105,284,0.2699,97.2500,0.1996
SIM-UNCALIBRATED,100,20,30.0,flood,6,0.25,420,78,342,0.1857,84.0000,0.2422
SIM-UNCALIBRATED,100,20,30.0,flood,7,0.2,334,9,325,0.0269,83.5000,0.1997
SIM-UNCALIBRATED,100,20,30.0,flood,8,0.3,416,62,354,0.149,69.3333,0.2172
SIM-UNCALIBRATED,100,20,30.0,flood,9,0.4,540,115,425,0.213,67.5000,0.2969
SIM-UNCALIBRATED,100,20,30.0,flood,10,0.4,499,123,376,0.2465,62.3750,0.3158
SIM-UNCALIBRATED,100,20,30.0,flood,11,0.3,418,69,349,0.1651,69.6667,0.2431
SIM-UNCALIBRATED,100,20,30.0,flood,12,0.35,426,114,312,0.2676,60.8571,0.198
SIM-UNCALIBRATED,100,20,30.0,flood,13,0.3,449,142,307,0.3163,74.8333,0.1995
SIM-UNCALIBRATED,100,20,30.0,flood,14,0.3,386,60,326,0.1554,64.3333,0.1916
SIM-UNCALIBRATED,100,20,30.0,flood,15,0.4,361,83,278,0.2299,45.1250,0.1968
SIM-UNCALIBRATED,100,20,30.0,flood,16,0.3,452,122,330,0.2699,75.3333,0.2251
SIM-UNCALIBRATED,100,20,30.0,flood,17,0.25,358,78,280,0.2179,71.6000,0.1667
SIM-UNCALIBRATED,100,20,30.0,flood,18,0.25,394,96,298,0.2437,78.8000,0.1962
SIM-UNCALIBRATED,100,20,30.0,flood,19,0.25,390,132,258,0.3385,78.0000,0.15
SIM-UNCALIBRATED,100,20,30.0,flood,20,0.35,394,52,342,0.132,56.2857,0.1995
SIM-UNCALIBRATED,100,20,30.0,flood,21,0.2,431,96,335,0.2227,107.7500,0.1982
SIM-UNCALIBRATED,100,20,30.0,flood,22,0.3,487,86,401,0.1766,81.1667,0.2931
SIM-UNCALIBRATED,100,20,30.0,flood,23,0.25,505,100,405,0.198,101.0000,0.2787
SIM-UNCALIBRATED,100,20,30.0,flood,24,0.25,424,100,324,0.2358,84.8000,0.198
SIM-UNCALIBRATED,100,20,30.0,flood,25,0.35,422,86,336,0.2038,60.2857,0.2361
SIM-UNCALIBRATED,100,20,30.0,flood,26,0.3,463,86,377,0.1857,77.1667,0.2401
SIM-UNCALIBRATED,100,20,30.0,flood,27,0.25,419,138,281,0.3294,83.8000,0.1723
SIM-UNCALIBRATED,100,20,30.0,flood,28,0.25,480,150,330,0.3125,96.0000,0.1993
SIM-UNCALIBRATED,100,20,30.0,flood,29,0.2,379,90,289,0.2375,94.7500,0.1748
SIM-UNCALIBRATED,100,20,30.0,gradient,0,0.25,225,130,95,0.5778,45.0000,0.1907
SIM-UNCALIBRATED,100,20,30.0,gradient,1,0.35,254,128,126,0.5039,36.2857,0.2463
SIM-UNCALIBRATED,100,20,30.0,gradient,2,0.3,226,129,97,0.5708,37.6667,0.2722
SIM-UNCALIBRATED,100,20,30.0,gradient,3,0.35,184,111,73,0.6033,26.2857,0.1647
SIM-UNCALIBRATED,100,20,30.0,gradient,4,0.4,173,67,106,0.3873,21.6250,0.3334
SIM-UNCALIBRATED,100,20,30.0,gradient,5,0.2,182,105,77,0.5769,45.5000,0.1506
SIM-UNCALIBRATED,100,20,30.0,gradient,6,0.25,149,78,71,0.5235,29.8000,0.2278
SIM-UNCALIBRATED,100,20,30.0,gradient,7,0.3,41,9,32,0.2195,6.8333,0.1895
SIM-UNCALIBRATED,100,20,30.0,gradient,8,0.4,150,68,82,0.4533,18.7500,0.2826
SIM-UNCALIBRATED,100,20,30.0,gradient,9,0.3,191,115,76,0.6021,31.8333,0.1581
SIM-UNCALIBRATED,100,20,30.0,gradient,10,0.45,219,123,96,0.5616,24.3333,0.3126
SIM-UNCALIBRATED,100,20,30.0,gradient,11,0.55,157,69,88,0.4395,14.2727,0.4281
SIM-UNCALIBRATED,100,20,30.0,gradient,12,0.35,225,113,112,0.5022,32.1429,0.1719
SIM-UNCALIBRATED,100,20,30.0,gradient,13,0.3,212,141,71,0.6651,35.3333,0.145
SIM-UNCALIBRATED,100,20,30.0,gradient,14,0.35,145,60,85,0.4138,20.7143,0.2465
SIM-UNCALIBRATED,100,20,30.0,gradient,15,0.45,164,84,80,0.5122,18.2222,0.2716
SIM-UNCALIBRATED,100,20,30.0,gradient,16,0.35,245,132,113,0.5388,35.0000,0.2972
SIM-UNCALIBRATED,100,20,30.0,gradient,17,0.35,162,75,87,0.463,23.1429,0.2536
SIM-UNCALIBRATED,100,20,30.0,gradient,18,0.3,165,102,63,0.6182,27.5000,0.2096
SIM-UNCALIBRATED,100,20,30.0,gradient,19,0.25,203,132,71,0.6502,40.6000,0.1447
SIM-UNCALIBRATED,100,20,30.0,gradient,20,0.5,142,55,87,0.3873,14.2000,0.3315
SIM-UNCALIBRATED,100,20,30.0,gradient,21,0.25,171,96,75,0.5614,34.2000,0.1587
SIM-UNCALIBRATED,100,20,30.0,gradient,22,0.4,194,86,108,0.4433,24.2500,0.3612
SIM-UNCALIBRATED,100,20,30.0,gradient,23,0.2,169,101,68,0.5976,42.2500,0.184
SIM-UNCALIBRATED,100,20,30.0,gradient,24,0.25,173,100,73,0.578,34.6000,0.1753
SIM-UNCALIBRATED,100,20,30.0,gradient,25,0.3,159,86,73,0.5409,26.5000,0.2426
SIM-UNCALIBRATED,100,20,30.0,gradient,26,0.4,179,83,96,0.4637,22.3750,0.2714
SIM-UNCALIBRATED,100,20,30.0,gradient,27,0.3,196,115,81,0.5867,32.6667,0.1805
SIM-UNCALIBRATED,100,20,30.0,gradient,28,0.25,244,150,94,0.6148,48.8000,0.1816
SIM-UNCALIBRATED,100,20,30.0,gradient,29,0.2,145,86,59,0.5931,36.2500,0.1717
SIM-UNCALIBRATED,200,5,1.0,flood,0,0.8,7939,7501,438,0.9448,1984.7500,0.691
SIM-UNCALIBRATED,200,5,1.0,flood,1,0.6,4666,4243,423,0.9093,1555.3333,0.6757
SIM-UNCALIBRATED,200,5,1.0,flood,2,0.8,13414,12932,482,0.9641,3353.5000,0.8479
SIM-UNCALIBRATED,200,5,1.0,flood,3,0.8,9105,8653,452,0.9504,2276.2500,0.7412
SIM-UNCALIBRATED,200,5,1.0,flood,4,0.8,1155,685,470,0.5931,288.7500,0.7961
SIM-UNCALIBRATED,200,5,1.0,flood,5,0.8,12924,12430,494,0.9618,3231.0000,0.7909
SIM-UNCALIBRATED,200,5,1.0,flood,6,0.6,11726,11262,464,0.9604,3908.6667,0.7487
SIM-UNCALIBRATED,200,5,1.0,flood,7,0.8,2288,1876,412,0.8199,572.0000,0.7422
SIM-UNCALIBRATED,200,5,1.0,flood,8,0.8,5529,5089,440,0.9204,1382.2500,0.7826
SIM-UNCALIBRATED,200,5,1.0,flood,9,0.8,9040,8593,447,0.9506,2260.0000,0.7871
SIM-UNCALIBRATED,200,5,1.0,flood,10,0.8,11533,11052,481,0.9583,2883.2500,0.7989
SIM-UNCALIBRATED,200,5,1.0,flood,11,0.8,7462,6994,468,0.9373,1865.5000,0.7971
SIM-UNCALIBRATED,200,5,1.0,flood,12,0.8,5702,5247,455,0.9202,1425.5000,0.7902
SIM-UNCALIBRATED,200,5,1.0,flood,13,1.0,6433,5912,521,0.919,1286.6000,0.9771
SIM-UNCALIBRATED,200,5,1.0,flood,14,0.8,10019,9522,497,0.9504,2504.7500,0.7499
SIM-UNCALIBRATED,200,5,1.0,flood,15,0.8,10025,9568,457,0.9544,2506.2500,0.7972
SIM-UNCALIBRATED,200,5,1.0,flood,16,1.0,8192,7671,521,0.9364,1638.4000,0.9707
SIM-UNCALIBRATED,200,5,1.0,flood,17,0.8,6758,6254,504,0.9254,1689.5000,0.7903
SIM-UNCALIBRATED,200,5,1.0,flood,18,0.8,8754,8288,466,0.9468,2188.5000,0.7681
SIM-UNCALIBRATED,200,5,1.0,flood,19,0.8,9144,8649,495,0.9459,2286.0000,0.7921
SIM-UNCALIBRATED,200,5,1.0,flood,20,0.8,2137,1662,475,0.7777,534.2500,0.7968
SIM-UNCALIBRATED,200,5,1.0,flood,21,0.8,9823,9338,485,0.9506,2455.7500,0.7795
SIM-UNCALIBRATED,200,5,1.0,flood,22,0.6,8332,7894,438,0.9474,2777.3333,0.5977
SIM-UNCALIBRATED,200,5,1.0,flood,23,0.6,8523,8085,438,0.9486,2841.0000,0.7346
SIM-UNCALIBRATED,200,5,1.0,flood,24,1.0,8618,8147,471,0.9453,1723.6000,0.9232
SIM-UNCALIBRATED,200,5,1.0,flood,25,0.8,9188,8746,442,0.9519,2297.0000,0.7734
SIM-UNCALIBRATED,200,5,1.0,flood,26,0.8,6346,5820,526,0.9171,1586.5000,0.9347
SIM-UNCALIBRATED,200,5,1.0,flood,27,0.8,10381,9873,508,0.9511,2595.2500,0.7911
SIM-UNCALIBRATED,200,5,1.0,flood,28,0.8,8181,7784,397,0.9515,2045.2500,0.6222
SIM-UNCALIBRATED,200,5,1.0,flood,29,0.6,4466,4038,428,0.9042,1488.6667,0.596
SIM-UNCALIBRATED,200,5,1.0,gradient,0,0.4,7575,7545,30,0.996,3787.5000,0.3709
SIM-UNCALIBRATED,200,5,1.0,gradient,1,0.6,4190,4157,33,0.9921,1396.6667,0.5124
SIM-UNCALIBRATED,200,5,1.0,gradient,2,0.4,13359,13304,55,0.9959,6679.5000,0.5869
SIM-UNCALIBRATED,200,5,1.0,gradient,3,0.6,8820,8763,57,0.9935,2940.0000,0.5587
SIM-UNCALIBRATED,200,5,1.0,gradient,4,0.4,701,685,16,0.9772,350.5000,0.2847
SIM-UNCALIBRATED,200,5,1.0,gradient,5,0.8,10350,10265,85,0.9918,2587.5000,0.7331
SIM-UNCALIBRATED,200,5,1.0,gradient,6,0.8,10603,10505,98,0.9908,2650.7500,0.7717
SIM-UNCALIBRATED,200,5,1.0,gradient,7,0.4,1877,1848,29,0.9845,938.5000,0.3892
SIM-UNCALIBRATED,200,5,1.0,gradient,8,0.8,4974,4928,46,0.9908,1243.5000,0.5767
SIM-UNCALIBRATED,200,5,1.0,gradient,9,0.8,8650,8590,60,0.9931,2162.5000,0.7369
SIM-UNCALIBRATED,200,5,1.0,gradient,10,0.8,11175,11068,107,0.9904,2793.7500,0.7334
SIM-UNCALIBRATED,200,5,1.0,gradient,11,0.8,6379,6305,74,0.9884,1594.7500,0.748
SIM-UNCALIBRATED,200,5,1.0,gradient,12,1.0,5359,5247,112,0.9791,1071.8000,0.9682
SIM-UNCALIBRATED,200,5,1.0,gradient,13,0.4,7186,7106,80,0.9889,3593.0000,0.3392
SIM-UNCALIBRATED,200,5,1.0,gradient,14,0.6,7455,7382,73,0.9902,2485.0000,0.4624
SIM-UNCALIBRATED,200,5,1.0,gradient,15,0.8,10125,10053,72,0.9929,2531.2500,0.688
SIM-UNCALIBRATED,200,5,1.0,gradient,16,1.0,7805,7686,119,0.9848,1561.0000,0.8728
SIM-UNCALIBRATED,200,5,1.0,gradient,17,0.6,7336,7265,71,0.9903,2445.3333,0.4052
SIM-UNCALIBRATED,200,5,1.0,gradient,18,0.8,9972,9894,78,0.9922,2493.0000,0.7417
SIM-UNCALIBRATED,200,5,1.0,gradient,19,0.8,8917,8817,100,0.9888,2229.2500,0.6472
SIM-UNCALIBRATED,200,5,1.0,gradient,20,0.2,1685,1671,14,0.9917,1685.0000,0.2
SIM-UNCALIBRATED,200,5,1.0,gradient,21,0.8,9505,9386,119,0.9875,2376.2500,0.7538
SIM-UNCALIBRATED,200,5,1.0,gradient,22,0.6,6848,6789,59,0.9914,2282.6667,0.545
SIM-UNCALIBRATED,200,5,1.0,gradient,23,1.0,8168,8089,79,0.9903,1633.6000,0.768
SIM-UNCALIBRATED,200,5,1.0,gradient,24,1.0,8505,8425,80,0.9906,1701.0000,0.656
SIM-UNCALIBRATED,200,5,1.0,gradient,25,0.8,8830,8745,85,0.9904,2207.5000,0.6484
SIM-UNCALIBRATED,200,5,1.0,gradient,26,1.0,5982,5876,106,0.9823,1196.4000,0.8533
SIM-UNCALIBRATED,200,5,1.0,gradient,27,0.6,9625,9574,51,0.9947,3208.3333,0.5797
SIM-UNCALIBRATED,200,5,1.0,gradient,28,0.6,7876,7831,45,0.9943,2625.3333,0.5195
SIM-UNCALIBRATED,200,5,1.0,gradient,29,0.4,4063,4021,42,0.9897,2031.5000,0.3928
SIM-UNCALIBRATED,200,5,2.0,flood,0,0.8,3878,3448,430,0.8891,969.5000,0.7877
SIM-UNCALIBRATED,200,5,2.0,flood,1,0.8,2547,2058,489,0.808,636.7500,0.8615
SIM-UNCALIBRATED,200,5,2.0,flood,2,1.0,4741,4237,504,0.8937,948.2000,0.9718
SIM-UNCALIBRATED,200,5,2.0,flood,3,0.8,3190,2676,514,0.8389,797.5000,0.7786
SIM-UNCALIBRATED,200,5,2.0,flood,4,0.8,793,353,440,0.4451,198.2500,0.7833
SIM-UNCALIBRATED,200,5,2.0,flood,5,0.8,4196,3714,482,0.8851,1049.0000,0.761
SIM-UNCALIBRATED,200,5,2.0,flood,6,0.6,4176,3758,418,0.8999,1392.0000,0.6343
SIM-UNCALIBRATED,200,5,2.0,flood,7,0.8,1342,919,423,0.6848,335.5000,0.7381
SIM-UNCALIBRATED,200,5,2.0,flood,8,0.8,2423,1968,455,0.8122,605.7500,0.7956
SIM-UNCALIBRATED,200,5,2.0,flood,9,0.8,4683,4268,415,0.9114,1170.7500,0.7344
SIM-UNCALIBRATED,200,5,2.0,flood,10,0.8,4843,4358,485,0.8999,1210.7500,0.7989
SIM-UNCALIBRATED,200,5,2.0,flood,11,0.8,2700,2232,468,0.8267,675.0000,0.7914
SIM-UNCALIBRATED,200,5,2.0,flood,12,0.6,3055,2643,412,0.8651,1018.3333,0.6656
SIM-UNCALIBRATED,200,5,2.0,flood,13,1.0,3474,2966,508,0.8538,694.8000,0.9638
SIM-UNCALIBRATED,200,5,2.0,flood,14,0.8,3771,3281,490,0.8701,942.7500,0.7414
SIM-UNCALIBRATED,200,5,2.0,flood,15,0.8,4135,3709,426,0.897,1033.7500,0.713
SIM-UNCALIBRATED,200,5,2.0,flood,16,1.0,4275,3783,492,0.8849,855.0000,0.9491
SIM-UNCALIBRATED,200,5,2.0,flood,17,0.8,2691,2209,482,0.8209,672.7500,0.7835
SIM-UNCALIBRATED,200,5,2.0,flood,18,0.8,4481,4021,460,0.8973,1120.2500,0.7903
SIM-UNCALIBRATED,200,5,2.0,flood,19,0.8,4466,3973,493,0.8896,1116.5000,0.7945
SIM-UNCALIBRATED,200,5,2.0,flood,20,0.8,1295,826,469,0.6378,323.7500,0.7952
SIM-UNCALIBRATED,200,5,2.0,flood,21,0.8,3406,2941,465,0.8635,851.5000,0.7641
SIM-UNCALIBRATED,200,5,2.0,flood,22,0.6,3823,3384,439,0.8852,1274.3333,0.5968
SIM-UNCALIBRATED,200,5,2.0,flood,23,0.6,4388,3978,410,0.9066,1462.6667,0.7183
SIM-UNCALIBRATED,200,5,2.0,flood,24,1.0,4556,4063,493,0.8918,911.2000,0.9032
SIM-UNCALIBRATED,200,5,2.0,flood,25,0.8,3219,2771,448,0.8608,804.7500,0.6184
SIM-UNCALIBRATED,200,5,2.0,flood,26,0.6,3778,3263,515,0.8637,1259.3333,0.9566
SIM-UNCALIBRATED,200,5,2.0,flood,27,0.8,3668,3223,445,0.8787,917.0000,0.6918
SIM-UNCALIBRATED,200,5,2.0,flood,28,1.0,4492,3995,497,0.8894,898.4000,0.7867
SIM-UNCALIBRATED,200,5,2.0,flood,29,0.6,2471,2040,431,0.8256,823.6667,0.5869
SIM-UNCALIBRATED,200,5,2.0,gradient,0,0.4,3502,3471,31,0.9911,1751.0000,0.3654
SIM-UNCALIBRATED,200,5,2.0,gradient,1,0.6,2062,2026,36,0.9825,687.3333,0.5045
SIM-UNCALIBRATED,200,5,2.0,gradient,2,0.4,4302,4246,56,0.987,2151.0000,0.5959
SIM-UNCALIBRATED,200,5,2.0,gradient,3,0.6,2748,2691,57,0.9793,916.0000,0.5463
SIM-UNCALIBRATED,200,5,2.0,gradient,4,0.4,369,353,16,0.9566,184.5000,0.2847
SIM-UNCALIBRATED,200,5,2.0,gradient,5,0.8,3799,3715,84,0.9779,949.7500,0.7244
SIM-UNCALIBRATED,200,5,2.0,gradient,6,0.8,3882,3783,99,0.9745,970.5000,0.771
SIM-UNCALIBRATED,200,5,2.0,gradient,7,0.4,922,893,29,0.9685,461.0000,0.3892
SIM-UNCALIBRATED,200,5,2.0,gradient,8,0.8,2035,1990,45,0.9779,508.7500,0.5861
SIM-UNCALIBRATED,200,5,2.0,gradient,9,0.8,4314,4254,60,0.9861,1078.5000,0.6821
SIM-UNCALIBRATED,200,5,2.0,gradient,10,0.8,4448,4342,106,0.9762,1112.0000,0.7481
SIM-UNCALIBRATED,200,5,2.0,gradient,11,0.8,2305,2231,74,0.9679,576.2500,0.7445
SIM-UNCALIBRATED,200,5,2.0,gradient,12,1.0,2778,2666,112,0.9597,555.6000,0.9682
SIM-UNCALIBRATED,200,5,2.0,gradient,13,0.6,3047,2966,81,0.9734,1015.6667,0.3368
SIM-UNCALIBRATED,200,5,2.0,gradient,14,0.6,3352,3277,75,0.9776,1117.3333,0.4606
SIM-UNCALIBRATED,200,5,2.0,gradient,15,0.8,3798,3711,87,0.9771,949.5000,0.6813
SIM-UNCALIBRATED,200,5,2.0,gradient,16,1.0,3900,3780,120,0.9692,780.0000,0.8773
SIM-UNCALIBRATED,200,5,2.0,gradient,17,0.6,2282,2214,68,0.9702,760.6667,0.4015
SIM-UNCALIBRATED,200,5,2.0,gradient,18,0.8,4084,4011,73,0.9821,1021.0000,0.7593
SIM-UNCALIBRATED,200,5,2.0,gradient,19,1.0,4081,3973,108,0.9735,816.2000,0.7944
SIM-UNCALIBRATED,200,5,2.0,gradient,20,0.2,840,826,14,0.9833,840.0000,0.2
SIM-UNCALIBRATED,200,5,2.0,gradient,21,0.8,3109,2979,130,0.9582,777.2500,0.7005
SIM-UNCALIBRATED,200,5,2.0,gradient,22,0.6,3445,3386,59,0.9829,1148.3333,0.545
SIM-UNCALIBRATED,200,5,2.0,gradient,23,0.8,4101,4031,70,0.9829,1025.2500,0.6617
SIM-UNCALIBRATED,200,5,2.0,gradient,24,0.8,4144,4061,83,0.98,1036.0000,0.6635
SIM-UNCALIBRATED,200,5,2.0,gradient,25,0.8,2801,2718,83,0.9704,700.2500,0.6521
SIM-UNCALIBRATED,200,5,2.0,gradient,26,1.0,3267,3162,105,0.9679,653.4000,0.8734
SIM-UNCALIBRATED,200,5,2.0,gradient,27,0.6,3260,3213,47,0.9856,1086.6667,0.5345
SIM-UNCALIBRATED,200,5,2.0,gradient,28,0.6,4218,4173,45,0.9893,1406.0000,0.5195
SIM-UNCALIBRATED,200,5,2.0,gradient,29,0.4,2084,2040,44,0.9789,1042.0000,0.3875
SIM-UNCALIBRATED,200,5,5.0,flood,0,0.8,1839,1383,456,0.752,459.7500,0.7024
SIM-UNCALIBRATED,200,5,5.0,flood,1,0.8,1221,724,497,0.593,305.2500,0.8671
SIM-UNCALIBRATED,200,5,5.0,flood,2,1.0,2225,1719,506,0.7726,445.0000,0.9107
SIM-UNCALIBRATED,200,5,5.0,flood,3,0.8,1547,1073,474,0.6936,386.7500,0.7452
SIM-UNCALIBRATED,200,5,5.0,flood,4,0.8,617,137,480,0.222,154.2500,0.7565
SIM-UNCALIBRATED,200,5,5.0,flood,5,0.8,1949,1481,468,0.7599,487.2500,0.7903
SIM-UNCALIBRATED,200,5,5.0,flood,6,0.8,2029,1528,501,0.7531,507.2500,0.7964
SIM-UNCALIBRATED,200,5,5.0,flood,7,0.8,786,374,412,0.4758,196.5000,0.7184
SIM-UNCALIBRATED,200,5,5.0,flood,8,0.8,1229,800,429,0.6509,307.2500,0.7591
SIM-UNCALIBRATED,200,5,5.0,flood,9,0.8,2130,1700,430,0.7981,532.5000,0.7894
SIM-UNCALIBRATED,200,5,5.0,flood,10,0.6,2143,1739,404,0.8115,714.3333,0.6476
SIM-UNCALIBRATED,200,5,5.0,flood,11,0.8,1345,897,448,0.6669,336.2500,0.7766
SIM-UNCALIBRATED,200,5,5.0,flood,12,0.8,1502,1040,462,0.6924,375.5000,0.7935
SIM-UNCALIBRATED,200,5,5.0,flood,13,0.8,1715,1230,485,0.7172,428.7500,0.8718
SIM-UNCALIBRATED,200,5,5.0,flood,14,0.8,1759,1308,451,0.7436,439.7500,0.7615
SIM-UNCALIBRATED,200,5,5.0,flood,15,0.8,1870,1484,386,0.7936,467.5000,0.7613
SIM-UNCALIBRATED,200,5,5.0,flood,16,1.0,1942,1437,505,0.74,388.4000,0.9742
SIM-UNCALIBRATED,200,5,5.0,flood,17,0.6,1324,868,456,0.6556,441.3333,0.6462
SIM-UNCALIBRATED,200,5,5.0,flood,18,0.8,2129,1645,484,0.7727,532.2500,0.7884
SIM-UNCALIBRATED,200,5,5.0,flood,19,0.8,2114,1601,513,0.7573,528.5000,0.7932
SIM-UNCALIBRATED,200,5,5.0,flood,20,0.8,778,330,448,0.4242,194.5000,0.7575
SIM-UNCALIBRATED,200,5,5.0,flood,21,0.6,1524,1135,389,0.7448,508.0000,0.6513
SIM-UNCALIBRATED,200,5,5.0,flood,22,0.6,1628,1201,427,0.7377,542.6667,0.5965
SIM-UNCALIBRATED,200,5,5.0,flood,23,0.6,2105,1623,482,0.771,701.6667,0.8346
SIM-UNCALIBRATED,200,5,5.0,flood,24,1.0,2108,1639,469,0.7775,421.6000,0.9487
SIM-UNCALIBRATED,200,5,5.0,flood,25,0.8,1538,1109,429,0.7211,384.5000,0.6186
SIM-UNCALIBRATED,200,5,5.0,flood,26,0.8,1691,1195,496,0.7067,422.7500,0.8063
SIM-UNCALIBRATED,200,5,5.0,flood,27,0.8,1740,1289,451,0.7408,435.0000,0.7446
SIM-UNCALIBRATED,200,5,5.0,flood,28,1.0,2061,1554,507,0.754,412.2000,0.7868
SIM-UNCALIBRATED,200,5,5.0,flood,29,0.6,1174,783,391,0.667,391.3333,0.5957
SIM-UNCALIBRATED,200,5,5.0,gradient,0,0.4,1416,1385,31,0.9781,708.0000,0.3654
SIM-UNCALIBRATED,200,5,5.0,gradient,1,0.6,713,677,36,0.9495,237.6667,0.5045
SIM-UNCALIBRATED,200,5,5.0,gradient,2,0.4,1774,1719,55,0.969,887.0000,0.5869
SIM-UNCALIBRATED,200,5,5.0,gradient,3,0.6,1132,1076,56,0.9505,377.3333,0.5528
SIM-UNCALIBRATED,200,5,5.0,gradient,4,0.4,153,137,16,0.8954,76.5000,0.2847
SIM-UNCALIBRATED,200,5,5.0,gradient,5,0.8,1565,1481,84,0.9463,391.2500,0.7244
SIM-UNCALIBRATED,200,5,5.0,gradient,6,1.0,1629,1529,100,0.9386,325.8000,0.7948
SIM-UNCALIBRATED,200,5,5.0,gradient,7,0.4,377,348,29,0.9231,188.5000,0.3892
SIM-UNCALIBRATED,200,5,5.0,gradient,8,0.8,846,800,46,0.9456,211.5000,0.5909
SIM-UNCALIBRATED,200,5,5.0,gradient,9,1.0,1759,1685,74,0.9579,351.8000,0.876
SIM-UNCALIBRATED,200,5,5.0,gradient,10,0.8,1837,1728,109,0.9407,459.2500,0.7343
SIM-UNCALIBRATED,200,5,5.0,gradient,11,0.8,969,897,72,0.9257,242.2500,0.776
SIM-UNCALIBRATED,200,5,5.0,gradient,12,1.0,1178,1066,112,0.9049,235.6000,0.9601
SIM-UNCALIBRATED,200,5,5.0,gradient,13,0.6,1305,1230,75,0.9425,435.0000,0.3523
SIM-UNCALIBRATED,200,5,5.0,gradient,14,0.6,1383,1308,75,0.9458,461.0000,0.4606
SIM-UNCALIBRATED,200,5,5.0,gradient,15,0.8,1572,1485,87,0.9447,393.0000,0.6579
SIM-UNCALIBRATED,200,5,5.0,gradient,16,1.0,1582,1468,114,0.9279,316.4000,0.891
SIM-UNCALIBRATED,200,5,5.0,gradient,17,0.6,941,868,73,0.9224,313.6667,0.3983
SIM-UNCALIBRATED,200,5,5.0,gradient,18,0.8,1719,1641,78,0.9546,429.7500,0.7417
SIM-UNCALIBRATED,200,5,5.0,gradient,19,0.8,1668,1566,102,0.9388,417.0000,0.6505
SIM-UNCALIBRATED,200,5,5.0,gradient,20,0.2,340,326,14,0.9588,340.0000,0.2
SIM-UNCALIBRATED,200,5,5.0,gradient,21,1.0,1311,1173,138,0.8947,262.2000,0.8116
SIM-UNCALIBRATED,200,5,5.0,gradient,22,0.6,1303,1246,57,0.9563,434.3333,0.5552
SIM-UNCALIBRATED,200,5,5.0,gradient,23,1.0,1680,1605,75,0.9554,336.0000,0.7815
SIM-UNCALIBRATED,200,5,5.0,gradient,24,1.0,1722,1634,88,0.9489,344.4000,0.6797
SIM-UNCALIBRATED,200,5,5.0,gradient,25,0.8,1192,1109,83,0.9304,298.0000,0.6465
SIM-UNCALIBRATED,200,5,5.0,gradient,26,1.0,1288,1180,108,0.9161,257.6000,0.8601
SIM-UNCALIBRATED,200,5,5.0,gradient,27,0.6,1342,1289,53,0.9605,447.3333,0.576
SIM-UNCALIBRATED,200,5,5.0,gradient,28,0.6,1593,1548,45,0.9718,531.0000,0.5195
SIM-UNCALIBRATED,200,5,5.0,gradient,29,0.2,842,798,44,0.9477,842.0000,0.3875
SIM-UNCALIBRATED,200,5,30.0,flood,0,0.8,676,232,444,0.3432,169.0000,0.7625
SIM-UNCALIBRATED,200,5,30.0,flood,1,0.8,552,79,473,0.1431,138.0000,0.8536
SIM-UNCALIBRATED,200,5,30.0,flood,2,0.8,756,285,471,0.377,189.0000,0.8408
SIM-UNCALIBRATED,200,5,30.0,flood,3,0.6,636,179,457,0.2814,212.0000,0.6975
SIM-UNCALIBRATED,200,5,30.0,flood,4,0.8,444,24,420,0.0541,111.0000,0.7367
SIM-UNCALIBRATED,200,5,30.0,flood,5,0.6,678,249,429,0.3673,226.0000,0.6826
SIM-UNCALIBRATED,200,5,30.0,flood,6,0.8,704,279,425,0.3963,176.0000,0.6976
SIM-UNCALIBRATED,200,5,30.0,flood,7,0.8,466,53,413,0.1137,116.5000,0.7182
SIM-UNCALIBRATED,200,5,30.0,flood,8,0.8,575,135,440,0.2348,143.7500,0.7891
SIM-UNCALIBRATED,200,5,30.0,flood,9,0.8,716,297,419,0.4148,179.0000,0.7233
SIM-UNCALIBRATED,200,5,30.0,flood,10,0.6,663,294,369,0.4434,221.0000,0.6342
SIM-UNCALIBRATED,200,5,30.0,flood,11,0.8,618,149,469,0.2411,154.5000,0.7905
SIM-UNCALIBRATED,200,5,30.0,flood,12,0.8,632,180,452,0.2848,158.0000,0.78
SIM-UNCALIBRATED,200,5,30.0,flood,13,1.0,696,210,486,0.3017,139.2000,0.9597
SIM-UNCALIBRATED,200,5,30.0,flood,14,0.8,714,222,492,0.3109,178.5000,0.7269
SIM-UNCALIBRATED,200,5,30.0,flood,15,0.6,653,247,406,0.3783,217.6667,0.6664
SIM-UNCALIBRATED,200,5,30.0,flood,16,0.8,747,258,489,0.3454,186.7500,0.9104
SIM-UNCALIBRATED,200,5,30.0,flood,17,0.6,559,151,408,0.2701,186.3333,0.6265
SIM-UNCALIBRATED,200,5,30.0,flood,18,0.8,780,273,507,0.35,195.0000,0.7938
SIM-UNCALIBRATED,200,5,30.0,flood,19,0.6,708,285,423,0.4025,236.0000,0.6307
SIM-UNCALIBRATED,200,5,30.0,flood,20,0.8,528,56,472,0.1061,132.0000,0.7991
SIM-UNCALIBRATED,200,5,30.0,flood,21,0.6,613,187,426,0.3051,204.3333,0.6403
SIM-UNCALIBRATED,200,5,30.0,flood,22,0.6,588,167,421,0.284,196.0000,0.5973
SIM-UNCALIBRATED,200,5,30.0,flood,23,0.8,761,272,489,0.3574,190.2500,0.8018
SIM-UNCALIBRATED,200,5,30.0,flood,24,0.8,759,239,520,0.3149,189.7500,0.9894
SIM-UNCALIBRATED,200,5,30.0,flood,25,0.8,649,181,468,0.2789,162.2500,0.7743
SIM-UNCALIBRATED,200,5,30.0,flood,26,0.8,731,245,486,0.3352,182.7500,0.8061
SIM-UNCALIBRATED,200,5,30.0,flood,27,0.8,696,216,480,0.3103,174.0000,0.7839
SIM-UNCALIBRATED,200,5,30.0,flood,28,1.0,691,252,439,0.3647,138.2000,0.6697
SIM-UNCALIBRATED,200,5,30.0,flood,29,0.6,592,141,451,0.2382,197.3333,0.5939
SIM-UNCALIBRATED,200,5,30.0,gradient,0,0.4,260,228,32,0.8769,130.0000,0.36
SIM-UNCALIBRATED,200,5,30.0,gradient,1,0.6,116,81,35,0.6983,38.6667,0.5056
SIM-UNCALIBRATED,200,5,30.0,gradient,2,0.6,344,287,57,0.8343,114.6667,0.593
SIM-UNCALIBRATED,200,5,30.0,gradient,3,0.4,226,178,48,0.7876,113.0000,0.3754
SIM-UNCALIBRATED,200,5,30.0,gradient,4,0.4,40,24,16,0.6,20.0000,0.2847
SIM-UNCALIBRATED,200,5,30.0,gradient,5,0.8,325,242,83,0.7446,81.2500,0.72
SIM-UNCALIBRATED,200,5,30.0,gradient,6,1.0,382,279,103,0.7304,76.4000,0.8188
SIM-UNCALIBRATED,200,5,30.0,gradient,7,0.4,95,66,29,0.6947,47.5000,0.3892
SIM-UNCALIBRATED,200,5,30.0,gradient,8,0.6,181,135,46,0.7459,60.3333,0.5909
SIM-UNCALIBRATED,200,5,30.0,gradient,9,1.0,372,297,75,0.7984,74.4000,0.8877
SIM-UNCALIBRATED,200,5,30.0,gradient,10,0.8,402,294,108,0.7313,100.5000,0.739
SIM-UNCALIBRATED,200,5,30.0,gradient,11,0.8,233,148,85,0.6352,58.2500,0.7348
SIM-UNCALIBRATED,200,5,30.0,gradient,12,1.0,287,179,108,0.6237,57.4000,0.9658
SIM-UNCALIBRATED,200,5,30.0,gradient,13,0.6,291,210,81,0.7216,97.0000,0.3368
SIM-UNCALIBRATED,200,5,30.0,gradient,14,0.6,296,221,75,0.7466,98.6667,0.4529
SIM-UNCALIBRATED,200,5,30.0,gradient,15,0.8,319,248,71,0.7774,79.7500,0.697
SIM-UNCALIBRATED,200,5,30.0,gradient,16,0.6,336,252,84,0.75,112.0000,0.5097
SIM-UNCALIBRATED,200,5,30.0,gradient,17,0.6,222,149,73,0.6712,74.0000,0.3983
SIM-UNCALIBRATED,200,5,30.0,gradient,18,0.8,351,273,78,0.7778,87.7500,0.7417
SIM-UNCALIBRATED,200,5,30.0,gradient,19,0.8,359,266,93,0.7409,89.7500,0.6763
SIM-UNCALIBRATED,200,5,30.0,gradient,20,0.2,69,54,15,0.7826,69.0000,0.2
SIM-UNCALIBRATED,200,5,30.0,gradient,21,0.8,261,149,112,0.5709,65.2500,0.7351
SIM-UNCALIBRATED,200,5,30.0,gradient,22,0.6,218,162,56,0.7431,72.6667,0.56
SIM-UNCALIBRATED,200,5,30.0,gradient,23,1.0,343,275,68,0.8017,68.6000,0.8092
SIM-UNCALIBRATED,200,5,30.0,gradient,24,1.0,339,258,81,0.7611,67.8000,0.6244
SIM-UNCALIBRATED,200,5,30.0,gradient,25,0.8,263,181,82,0.6882,65.7500,0.6379
SIM-UNCALIBRATED,200,5,30.0,gradient,26,1.0,354,249,105,0.7034,70.8000,0.8467
SIM-UNCALIBRATED,200,5,30.0,gradient,27,0.6,275,216,59,0.7855,91.6667,0.5554
SIM-UNCALIBRATED,200,5,30.0,gradient,28,0.6,295,253,42,0.8576,98.3333,0.5296
SIM-UNCALIBRATED,200,5,30.0,gradient,29,0.4,184,141,43,0.7663,92.0000,0.3903
SIM-UNCALIBRATED,200,20,1.0,flood,0,0.25,8179,7702,477,0.9417,1635.8000,0.1989
SIM-UNCALIBRATED,200,20,1.0,flood,1,0.2,4576,4156,420,0.9082,1144.0000,0.1583
SIM-UNCALIBRATED,200,20,1.0,flood,2,0.3,15471,14971,500,0.9677,2578.5000,0.2206
SIM-UNCALIBRATED,200,20,1.0,flood,3,0.2,9295,8771,524,0.9436,2323.7500,0.1998
SIM-UNCALIBRATED,200,20,1.0,flood,4,0.25,1159,685,474,0.591,231.8000,0.1964
SIM-UNCALIBRATED,200,20,1.0,flood,5,0.15,12378,11915,463,0.9626,4126.0000,0.1479
SIM-UNCALIBRATED,200,20,1.0,flood,6,0.2,12761,12252,509,0.9601,3190.2500,0.1992
SIM-UNCALIBRATED,200,20,1.0,flood,7,0.25,2324,1875,449,0.8068,464.8000,0.1554
SIM-UNCALIBRATED,200,20,1.0,flood,8,0.2,5201,4786,415,0.9202,1300.2500,0.1778
SIM-UNCALIBRATED,200,20,1.0,flood,9,0.3,9084,8614,470,0.9483,1514.0000,0.196
SIM-UNCALIBRATED,200,20,1.0,flood,10,0.3,11660,11172,488,0.9581,1943.3333,0.1994
SIM-UNCALIBRATED,200,20,1.0,flood,11,0.4,8377,7820,557,0.9335,1047.1250,0.2444
SIM-UNCALIBRATED,200,20,1.0,flood,12,0.25,5890,5366,524,0.911,1178.0000,0.2465
SIM-UNCALIBRATED,200,20,1.0,flood,13,0.25,6438,5915,523,0.9188,1287.6000,0.2402
SIM-UNCALIBRATED,200,20,1.0,flood,14,0.15,8835,8385,450,0.9491,2945.0000,0.1704
SIM-UNCALIBRATED,200,20,1.0,flood,15,0.2,9981,9614,367,0.9632,2495.2500,0.1464
SIM-UNCALIBRATED,200,20,1.0,flood,16,0.2,8237,7738,499,0.9394,2059.2500,0.1991
SIM-UNCALIBRATED,200,20,1.0,flood,17,0.3,6455,5950,505,0.9218,1075.8333,0.205
SIM-UNCALIBRATED,200,20,1.0,flood,18,0.25,11411,10896,515,0.9549,2282.2000,0.2269
SIM-UNCALIBRATED,200,20,1.0,flood,19,0.2,10460,9931,529,0.9494,2615.0000,0.2104
SIM-UNCALIBRATED,200,20,1.0,flood,20,0.25,2203,1665,538,0.7558,440.6000,0.2833
SIM-UNCALIBRATED,200,20,1.0,flood,21,0.3,9049,8512,537,0.9407,1508.1667,0.2291
SIM-UNCALIBRATED,200,20,1.0,flood,22,0.15,8419,8001,418,0.9504,2806.3333,0.1275
SIM-UNCALIBRATED,200,20,1.0,flood,23,0.2,9741,9235,506,0.9481,2435.2500,0.2227
SIM-UNCALIBRATED,200,20,1.0,flood,24,0.25,9242,8744,498,0.9461,1848.4000,0.199
SIM-UNCALIBRATED,200,20,1.0,flood,25,0.35,9120,8654,466,0.9489,1302.8571,0.148
SIM-UNCALIBRATED,200,20,1.0,flood,26,0.15,6291,5824,467,0.9258,2097.0000,0.1715
SIM-UNCALIBRATED,200,20,1.0,flood,27,0.15,11185,10757,428,0.9617,3728.3333,0.1605
SIM-UNCALIBRATED,200,20,1.0,flood,28,0.3,8225,7734,491,0.9403,1370.8333,0.2224
SIM-UNCALIBRATED,200,20,1.0,flood,29,0.1,4536,4044,492,0.8915,2268.0000,0.2173
SIM-UNCALIBRATED,200,20,1.0,gradient,0,0.25,7663,7577,86,0.9888,1532.6000,0.1927
SIM-UNCALIBRATED,200,20,1.0,gradient,1,0.3,4333,4208,125,0.9712,722.1667,0.1881
SIM-UNCALIBRATED,200,20,1.0,gradient,2,0.3,14727,14611,116,0.9921,2454.5000,0.2358
SIM-UNCALIBRATED,200,20,1.0,gradient,3,0.45,9092,8907,185,0.9797,1010.2222,0.3748
SIM-UNCALIBRATED,200,20,1.0,gradient,4,0.25,730,685,45,0.9384,146.0000,0.1871
SIM-UNCALIBRATED,200,20,1.0,gradient,5,0.15,12975,12884,91,0.993,4325.0000,0.1473
SIM-UNCALIBRATED,200,20,1.0,gradient,6,0.2,9647,9538,109,0.9887,2411.7500,0.1878
SIM-UNCALIBRATED,200,20,1.0,gradient,7,0.4,1959,1862,97,0.9505,244.8750,0.3073
SIM-UNCALIBRATED,200,20,1.0,gradient,8,0.25,5064,4977,87,0.9828,1012.8000,0.1681
SIM-UNCALIBRATED,200,20,1.0,gradient,9,0.3,8699,8598,101,0.9884,1449.8333,0.1749
SIM-UNCALIBRATED,200,20,1.0,gradient,10,0.3,11147,11050,97,0.9913,1857.8333,0.1909
SIM-UNCALIBRATED,200,20,1.0,gradient,11,0.35,7587,7475,112,0.9852,1083.8571,0.1812
SIM-UNCALIBRATED,200,20,1.0,gradient,12,0.25,5386,5248,138,0.9744,1077.2000,0.2368
SIM-UNCALIBRATED,200,20,1.0,gradient,13,0.35,7671,7528,143,0.9814,1095.8571,0.2115
SIM-UNCALIBRATED,200,20,1.0,gradient,14,0.2,8590,8511,79,0.9908,2147.5000,0.1607
SIM-UNCALIBRATED,200,20,1.0,gradient,15,0.2,10042,9975,67,0.9933,2510.5000,0.1491
SIM-UNCALIBRATED,200,20,1.0,gradient,16,0.2,8131,7965,166,0.9796,2032.7500,0.1941
SIM-UNCALIBRATED,200,20,1.0,gradient,17,0.25,7485,7397,88,0.9882,1497.0000,0.1114
SIM-UNCALIBRATED,200,20,1.0,gradient,18,0.35,10883,10762,121,0.9889,1554.7143,0.2738
SIM-UNCALIBRATED,200,20,1.0,gradient,19,0.25,8837,8744,93,0.9895,1767.4000,0.2187
SIM-UNCALIBRATED,200,20,1.0,gradient,20,0.3,1737,1665,72,0.9585,289.5000,0.1988
SIM-UNCALIBRATED,200,20,1.0,gradient,21,0.35,9607,9401,206,0.9786,1372.4286,0.3094
SIM-UNCALIBRATED,200,20,1.0,gradient,22,0.2,7966,7892,74,0.9907,1991.5000,0.1606
SIM-UNCALIBRATED,200,20,1.0,gradient,23,0.3,8195,8095,100,0.9878,1365.8333,0.2151
SIM-UNCALIBRATED,200,20,1.0,gradient,24,0.3,8324,8181,143,0.9828,1387.3333,0.1945
SIM-UNCALIBRATED,200,20,1.0,gradient,25,0.35,8884,8788,96,0.9892,1269.1429,0.1161
SIM-UNCALIBRATED,200,20,1.0,gradient,26,0.4,6034,5902,132,0.9781,754.2500,0.3152
SIM-UNCALIBRATED,200,20,1.0,gradient,27,0.35,10622,10500,122,0.9885,1517.4286,0.3134
SIM-UNCALIBRATED,200,20,1.0,gradient,28,0.3,7859,7732,127,0.9838,1309.8333,0.2218
SIM-UNCALIBRATED,200,20,1.0,gradient,29,0.15,4116,4037,79,0.9808,1372.0000,0.1826
SIM-UNCALIBRATED,200,20,2.0,flood,0,0.25,3934,3473,461,0.8828,786.8000,0.1969
SIM-UNCALIBRATED,200,20,2.0,flood,1,0.2,2385,2015,370,0.8449,596.2500,0.1533
SIM-UNCALIBRATED,200,20,2.0,flood,2,0.35,4755,4213,542,0.886,679.2857,0.2733
SIM-UNCALIBRATED,200,20,2.0,flood,3,0.15,3221,2689,532,0.8348,1073.6667,0.1988
SIM-UNCALIBRATED,200,20,2.0,flood,4,0.2,778,353,425,0.4537,194.5000,0.184
SIM-UNCALIBRATED,200,20,2.0,flood,5,0.15,4164,3713,451,0.8917,1388.0000,0.1487
SIM-UNCALIBRATED,200,20,2.0,flood,6,0.1,4306,3829,477,0.8892,2153.0000,0.198
SIM-UNCALIBRATED,200,20,2.0,flood,7,0.25,1338,919,419,0.6868,267.6000,0.1549
SIM-UNCALIBRATED,200,20,2.0,flood,8,0.2,2418,1989,429,0.8226,604.5000,0.1745
SIM-UNCALIBRATED,200,20,2.0,flood,9,0.25,4677,4266,411,0.9121,935.4000,0.1581
SIM-UNCALIBRATED,200,20,2.0,flood,10,0.25,4815,4332,483,0.8997,963.0000,0.1989
SIM-UNCALIBRATED,200,20,2.0,flood,11,0.4,2771,2231,540,0.8051,346.3750,0.2427
SIM-UNCALIBRATED,200,20,2.0,flood,12,0.25,3166,2654,512,0.8383,633.2000,0.2363
SIM-UNCALIBRATED,200,20,2.0,flood,13,0.25,3509,2966,543,0.8453,701.8000,0.2428
SIM-UNCALIBRATED,200,20,2.0,flood,14,0.2,3809,3276,533,0.8601,952.2500,0.1953
SIM-UNCALIBRATED,200,20,2.0,flood,15,0.2,4109,3710,399,0.9029,1027.2500,0.1507
SIM-UNCALIBRATED,200,20,2.0,flood,16,0.2,4246,3774,472,0.8888,1061.5000,0.1914
SIM-UNCALIBRATED,200,20,2.0,flood,17,0.3,2732,2206,526,0.8075,455.3333,0.2411
SIM-UNCALIBRATED,200,20,2.0,flood,18,0.25,4502,4019,483,0.8927,900.4000,0.2074
SIM-UNCALIBRATED,200,20,2.0,flood,19,0.2,4473,3971,502,0.8878,1118.2500,0.2184
SIM-UNCALIBRATED,200,20,2.0,flood,20,0.25,1366,826,540,0.6047,273.2000,0.2833
SIM-UNCALIBRATED,200,20,2.0,flood,21,0.3,3438,2931,507,0.8525,573.0000,0.2225
SIM-UNCALIBRATED,200,20,2.0,flood,22,0.15,3816,3386,430,0.8873,1272.0000,0.1481
SIM-UNCALIBRATED,200,20,2.0,flood,23,0.15,4510,4030,480,0.8936,1503.3333,0.2109
SIM-UNCALIBRATED,200,20,2.0,flood,24,0.25,4544,4065,479,0.8946,908.8000,0.1978
SIM-UNCALIBRATED,200,20,2.0,flood,25,0.35,3242,2777,465,0.8566,463.1429,0.1497
SIM-UNCALIBRATED,200,20,2.0,flood,26,0.2,3807,3307,500,0.8687,951.7500,0.1951
SIM-UNCALIBRATED,200,20,2.0,flood,27,0.15,3600,3204,396,0.89,1200.0000,0.161
SIM-UNCALIBRATED,200,20,2.0,flood,28,0.3,4639,4151,488,0.8948,773.1667,0.2131
SIM-UNCALIBRATED,200,20,2.0,flood,29,0.1,2489,1993,496,0.8007,1244.5000,0.2077
SIM-UNCALIBRATED,200,20,2.0,gradient,0,0.25,3555,3471,84,0.9764,711.0000,0.1922
SIM-UNCALIBRATED,200,20,2.0,gradient,1,0.25,2153,2060,93,0.9568,430.6000,0.1734
SIM-UNCALIBRATED,200,20,2.0,gradient,2,0.25,4342,4226,116,0.9733,868.4000,0.2361
SIM-UNCALIBRATED,200,20,2.0,gradient,3,0.5,2892,2680,212,0.9267,289.2000,0.4133
SIM-UNCALIBRATED,200,20,2.0,gradient,4,0.25,399,353,46,0.8847,79.8000,0.1857
SIM-UNCALIBRATED,200,20,2.0,gradient,5,0.15,3806,3714,92,0.9758,1268.6667,0.153
SIM-UNCALIBRATED,200,20,2.0,gradient,6,0.2,3865,3756,109,0.9718,966.2500,0.1852
SIM-UNCALIBRATED,200,20,2.0,gradient,7,0.4,1008,910,98,0.9028,126.0000,0.3073
SIM-UNCALIBRATED,200,20,2.0,gradient,8,0.25,2075,1989,86,0.9586,415.0000,0.1707
SIM-UNCALIBRATED,200,20,2.0,gradient,9,0.3,4401,4307,94,0.9786,733.5000,0.1744
SIM-UNCALIBRATED,200,20,2.0,gradient,10,0.35,4445,4344,101,0.9773,635.0000,0.1966
SIM-UNCALIBRATED,200,20,2.0,gradient,11,0.35,2342,2231,111,0.9526,334.5714,0.1782
SIM-UNCALIBRATED,200,20,2.0,gradient,12,0.3,2795,2644,151,0.946,465.8333,0.2686
SIM-UNCALIBRATED,200,20,2.0,gradient,13,0.35,3108,2965,143,0.954,444.0000,0.2115
SIM-UNCALIBRATED,200,20,2.0,gradient,14,0.2,3356,3277,79,0.9765,839.0000,0.1647
SIM-UNCALIBRATED,200,20,2.0,gradient,15,0.2,3798,3713,85,0.9776,949.5000,0.1398
SIM-UNCALIBRATED,200,20,2.0,gradient,16,0.2,3999,3839,160,0.96,999.7500,0.1875
SIM-UNCALIBRATED,200,20,2.0,gradient,17,0.25,2303,2214,89,0.9614,460.6000,0.1087
SIM-UNCALIBRATED,200,20,2.0,gradient,18,0.3,4143,4022,121,0.9708,690.5000,0.2838
SIM-UNCALIBRATED,200,20,2.0,gradient,19,0.25,4064,3973,91,0.9776,812.8000,0.2252
SIM-UNCALIBRATED,200,20,2.0,gradient,20,0.3,900,828,72,0.92,150.0000,0.1904
SIM-UNCALIBRATED,200,20,2.0,gradient,21,0.35,3120,2931,189,0.9394,445.7143,0.251
SIM-UNCALIBRATED,200,20,2.0,gradient,22,0.2,3419,3345,74,0.9784,854.7500,0.1575
SIM-UNCALIBRATED,200,20,2.0,gradient,23,0.25,4139,4045,94,0.9773,827.8000,0.2149
SIM-UNCALIBRATED,200,20,2.0,gradient,24,0.25,4206,4061,145,0.9655,841.2000,0.2103
SIM-UNCALIBRATED,200,20,2.0,gradient,25,0.35,2838,2748,90,0.9683,405.4286,0.1205
SIM-UNCALIBRATED,200,20,2.0,gradient,26,0.4,3281,3148,133,0.9595,410.1250,0.3153
SIM-UNCALIBRATED,200,20,2.0,gradient,27,0.35,3344,3223,121,0.9638,477.7143,0.3134
SIM-UNCALIBRATED,200,20,2.0,gradient,28,0.3,4130,3999,131,0.9683,688.3333,0.2166
SIM-UNCALIBRATED,200,20,2.0,gradient,29,0.2,2074,1996,78,0.9624,518.5000,0.183
SIM-UNCALIBRATED,200,20,5.0,flood,0,0.25,1826,1369,457,0.7497,365.2000,0.1855
SIM-UNCALIBRATED,200,20,5.0,flood,1,0.15,1235,766,469,0.6202,411.6667,0.1566
SIM-UNCALIBRATED,200,20,5.0,flood,2,0.25,2264,1716,548,0.758,452.8000,0.2435
SIM-UNCALIBRATED,200,20,5.0,flood,3,0.15,1565,1075,490,0.6869,521.6667,0.1958
SIM-UNCALIBRATED,200,20,5.0,flood,4,0.25,611,137,474,0.2242,122.2000,0.1964
SIM-UNCALIBRATED,200,20,5.0,flood,5,0.15,1931,1480,451,0.7664,643.6667,0.1492
SIM-UNCALIBRATED,200,20,5.0,flood,6,0.2,2024,1529,495,0.7554,506.0000,0.1997
SIM-UNCALIBRATED,200,20,5.0,flood,7,0.25,778,361,417,0.464,155.6000,0.1537
SIM-UNCALIBRATED,200,20,5.0,flood,8,0.2,1185,792,393,0.6684,296.2500,0.1772
SIM-UNCALIBRATED,200,20,5.0,flood,9,0.3,2171,1685,486,0.7761,361.8333,0.198
SIM-UNCALIBRATED,200,20,5.0,flood,10,0.3,2219,1743,476,0.7855,369.8333,0.1972
SIM-UNCALIBRATED,200,20,5.0,flood,11,0.35,1413,888,525,0.6285,201.8571,0.2257
SIM-UNCALIBRATED,200,20,5.0,flood,12,0.25,1585,1066,519,0.6726,317.0000,0.2443
SIM-UNCALIBRATED,200,20,5.0,flood,13,0.2,1727,1230,497,0.7122,431.7500,0.2171
SIM-UNCALIBRATED,200,20,5.0,flood,14,0.15,1816,1308,508,0.7203,605.3333,0.1748
SIM-UNCALIBRATED,200,20,5.0,flood,15,0.2,1818,1483,335,0.8157,454.5000,0.1426
SIM-UNCALIBRATED,200,20,5.0,flood,16,0.2,2030,1516,514,0.7468,507.5000,0.1994
SIM-UNCALIBRATED,200,20,5.0,flood,17,0.3,1400,872,528,0.6229,233.3333,0.2324
SIM-UNCALIBRATED,200,20,5.0,flood,18,0.3,2169,1633,536,0.7529,361.5000,0.2546
SIM-UNCALIBRATED,200,20,5.0,flood,19,0.15,2016,1570,446,0.7788,672.0000,0.1805
SIM-UNCALIBRATED,200,20,5.0,flood,20,0.25,851,326,525,0.3831,170.2000,0.2629
SIM-UNCALIBRATED,200,20,5.0,flood,21,0.35,1640,1125,515,0.686,234.2857,0.232
SIM-UNCALIBRATED,200,20,5.0,flood,22,0.15,1627,1202,425,0.7388,542.3333,0.1485
SIM-UNCALIBRATED,200,20,5.0,flood,23,0.2,2146,1624,522,0.7568,536.5000,0.2458
SIM-UNCALIBRATED,200,20,5.0,flood,24,0.25,2144,1639,505,0.7645,428.8000,0.1931
SIM-UNCALIBRATED,200,20,5.0,flood,25,0.35,1535,1109,426,0.7225,219.2857,0.1495
SIM-UNCALIBRATED,200,20,5.0,flood,26,0.2,1717,1195,522,0.696,429.2500,0.1964
SIM-UNCALIBRATED,200,20,5.0,flood,27,0.15,1702,1273,429,0.7479,567.3333,0.1605
SIM-UNCALIBRATED,200,20,5.0,flood,28,0.25,2062,1579,483,0.7658,412.4000,0.2252
SIM-UNCALIBRATED,200,20,5.0,flood,29,0.1,1202,758,444,0.6306,601.0000,0.1634
SIM-UNCALIBRATED,200,20,5.0,gradient,0,0.25,1473,1386,87,0.9409,294.6000,0.193
SIM-UNCALIBRATED,200,20,5.0,gradient,1,0.25,840,721,119,0.8583,168.0000,0.1908
SIM-UNCALIBRATED,200,20,5.0,gradient,2,0.25,1804,1688,116,0.9357,360.8000,0.2358
SIM-UNCALIBRATED,200,20,5.0,gradient,3,0.5,1283,1073,210,0.8363,128.3000,0.4153
SIM-UNCALIBRATED,200,20,5.0,gradient,4,0.2,182,137,45,0.7527,45.5000,0.1871
SIM-UNCALIBRATED,200,20,5.0,gradient,5,0.2,1583,1481,102,0.9356,395.7500,0.165
SIM-UNCALIBRATED,200,20,5.0,gradient,6,0.2,1644,1528,116,0.9294,411.0000,0.1867
SIM-UNCALIBRATED,200,20,5.0,gradient,7,0.4,457,360,97,0.7877,57.1250,0.3073
SIM-UNCALIBRATED,200,20,5.0,gradient,8,0.2,886,800,86,0.9029,221.5000,0.1707
SIM-UNCALIBRATED,200,20,5.0,gradient,9,0.3,1796,1700,96,0.9465,299.3333,0.1741
SIM-UNCALIBRATED,200,20,5.0,gradient,10,0.3,1847,1746,101,0.9453,307.8333,0.1975
SIM-UNCALIBRATED,200,20,5.0,gradient,11,0.4,1018,897,121,0.8811,127.2500,0.2067
SIM-UNCALIBRATED,200,20,5.0,gradient,12,0.25,1208,1067,141,0.8833,241.6000,0.237
SIM-UNCALIBRATED,200,20,5.0,gradient,13,0.3,1361,1229,132,0.903,226.8333,0.1877
SIM-UNCALIBRATED,200,20,5.0,gradient,14,0.2,1391,1308,83,0.9403,347.7500,0.1701
SIM-UNCALIBRATED,200,20,5.0,gradient,15,0.2,1569,1485,84,0.9465,392.2500,0.1378
SIM-UNCALIBRATED,200,20,5.0,gradient,16,0.2,1682,1524,158,0.9061,420.5000,0.1898
SIM-UNCALIBRATED,200,20,5.0,gradient,17,0.25,958,868,90,0.9061,191.6000,0.1155
SIM-UNCALIBRATED,200,20,5.0,gradient,18,0.3,1753,1634,119,0.9321,292.1667,0.275
SIM-UNCALIBRATED,200,20,5.0,gradient,19,0.25,1665,1577,88,0.9471,333.0000,0.2145
SIM-UNCALIBRATED,200,20,5.0,gradient,20,0.25,399,328,71,0.8221,79.8000,0.1877
SIM-UNCALIBRATED,200,20,5.0,gradient,21,0.4,1332,1125,207,0.8446,166.5000,0.3018
SIM-UNCALIBRATED,200,20,5.0,gradient,22,0.2,1273,1200,73,0.9427,318.2500,0.1662
SIM-UNCALIBRATED,200,20,5.0,gradient,23,0.3,1706,1604,102,0.9402,284.3333,0.2183
SIM-UNCALIBRATED,200,20,5.0,gradient,24,0.25,1781,1634,147,0.9175,356.2000,0.2024
SIM-UNCALIBRATED,200,20,5.0,gradient,25,0.35,1203,1109,94,0.9219,171.8571,0.1157
SIM-UNCALIBRATED,200,20,5.0,gradient,26,0.3,1310,1181,129,0.9015,218.3333,0.3158
SIM-UNCALIBRATED,200,20,5.0,gradient,27,0.4,1428,1289,139,0.9027,178.5000,0.3629
SIM-UNCALIBRATED,200,20,5.0,gradient,28,0.3,1685,1547,138,0.9181,280.8333,0.2125
SIM-UNCALIBRATED,200,20,5.0,gradient,29,0.2,842,764,78,0.9074,210.5000,0.183
SIM-UNCALIBRATED,200,20,30.0,flood,0,0.25,705,233,472,0.3305,141.0000,0.1936
SIM-UNCALIBRATED,200,20,30.0,flood,1,0.2,599,130,469,0.217,149.7500,0.1566
SIM-UNCALIBRATED,200,20,30.0,flood,2,0.3,838,287,551,0.3425,139.6667,0.2763
SIM-UNCALIBRATED,200,20,30.0,flood,3,0.2,713,179,534,0.2511,178.2500,0.1993
SIM-UNCALIBRATED,200,20,30.0,flood,4,0.25,482,24,458,0.0498,96.4000,0.1984
SIM-UNCALIBRATED,200,20,30.0,flood,5,0.15,702,249,453,0.3547,234.0000,0.1486
SIM-UNCALIBRATED,200,20,30.0,flood,6,0.15,768,254,514,0.3307,256.0000,0.1994
SIM-UNCALIBRATED,200,20,30.0,flood,7,0.25,491,66,425,0.1344,98.2000,0.1527
SIM-UNCALIBRATED,200,20,30.0,flood,8,0.2,546,135,411,0.2473,136.5000,0.178
SIM-UNCALIBRATED,200,20,30.0,flood,9,0.3,804,294,510,0.3657,134.0000,0.1931
SIM-UNCALIBRATED,200,20,30.0,flood,10,0.3,737,294,443,0.3989,122.8333,0.1823
SIM-UNCALIBRATED,200,20,30.0,flood,11,0.4,718,149,569,0.2075,89.7500,0.2885
SIM-UNCALIBRATED,200,20,30.0,flood,12,0.2,671,180,491,0.2683,167.7500,0.2083
SIM-UNCALIBRATED,200,20,30.0,flood,13,0.2,701,210,491,0.2996,175.2500,0.2164
SIM-UNCALIBRATED,200,20,30.0,flood,14,0.2,732,222,510,0.3033,183.0000,0.1952
SIM-UNCALIBRATED,200,20,30.0,flood,15,0.2,632,249,383,0.394,158.0000,0.1473
SIM-UNCALIBRATED,200,20,30.0,flood,16,0.2,754,252,502,0.3342,188.5000,0.1976
SIM-UNCALIBRATED,200,20,30.0,flood,17,0.2,533,151,382,0.2833,133.2500,0.1725
SIM-UNCALIBRATED,200,20,30.0,flood,18,0.25,799,278,521,0.3479,159.8000,0.2083
SIM-UNCALIBRATED,200,20,30.0,flood,19,0.25,768,261,507,0.3398,153.6000,0.2174
SIM-UNCALIBRATED,200,20,30.0,flood,20,0.25,594,55,539,0.0926,118.8000,0.2832
SIM-UNCALIBRATED,200,20,30.0,flood,21,0.3,698,187,511,0.2679,116.3333,0.2214
SIM-UNCALIBRATED,200,20,30.0,flood,22,0.15,607,167,440,0.2751,202.3333,0.1496
SIM-UNCALIBRATED,200,20,30.0,flood,23,0.2,790,276,514,0.3494,197.5000,0.2128
SIM-UNCALIBRATED,200,20,30.0,flood,24,0.25,774,270,504,0.3488,154.8000,0.1931
SIM-UNCALIBRATED,200,20,30.0,flood,25,0.35,618,181,437,0.2929,88.2857,0.147
SIM-UNCALIBRATED,200,20,30.0,flood,26,0.2,759,249,510,0.3281,189.7500,0.1905
SIM-UNCALIBRATED,200,20,30.0,flood,27,0.2,710,200,510,0.2817,177.5000,0.2066
SIM-UNCALIBRATED,200,20,30.0,flood,28,0.25,714,209,505,0.2927,142.8000,0.2337
SIM-UNCALIBRATED,200,20,30.0,flood,29,0.15,645,132,513,0.2047,215.0000,0.2141
SIM-UNCALIBRATED,200,20,30.0,gradient,0,0.25,312,228,84,0.7308,62.4000,0.195
SIM-UNCALIBRATED,200,20,30.0,gradient,1,0.3,251,132,119,0.5259,41.8333,0.1908
SIM-UNCALIBRATED,200,20,30.0,gradient,2,0.3,423,287,136,0.6785,70.5000,0.2016
SIM-UNCALIBRATED,200,20,30.0,gradient,3,0.45,363,179,184,0.4931,40.3333,0.348
SIM-UNCALIBRATED,200,20,30.0,gradient,4,0.25,70,24,46,0.3429,14.0000,0.1857
SIM-UNCALIBRATED,200,20,30.0,gradient,5,0.2,340,242,98,0.7118,85.0000,0.1655
SIM-UNCALIBRATED,200,20,30.0,gradient,6,0.2,390,279,111,0.7154,97.5000,0.1831
SIM-UNCALIBRATED,200,20,30.0,gradient,7,0.4,150,53,97,0.3533,18.7500,0.3073
SIM-UNCALIBRATED,200,20,30.0,gradient,8,0.25,220,135,85,0.6136,44.0000,0.1848
SIM-UNCALIBRATED,200,20,30.0,gradient,9,0.3,358,258,100,0.7207,59.6667,0.1761
SIM-UNCALIBRATED,200,20,30.0,gradient,10,0.3,395,293,102,0.7418,65.8333,0.1952
SIM-UNCALIBRATED,200,20,30.0,gradient,11,0.35,260,148,112,0.5692,37.1429,0.1878
SIM-UNCALIBRATED,200,20,30.0,gradient,12,0.25,315,179,136,0.5683,63.0000,0.2401
SIM-UNCALIBRATED,200,20,30.0,gradient,13,0.3,348,210,138,0.6034,58.0000,0.195
SIM-UNCALIBRATED,200,20,30.0,gradient,14,0.2,300,221,79,0.7367,75.0000,0.1701
SIM-UNCALIBRATED,200,20,30.0,gradient,15,0.2,314,248,66,0.7898,78.5000,0.1494
SIM-UNCALIBRATED,200,20,30.0,gradient,16,0.25,396,258,138,0.6515,79.2000,0.203
SIM-UNCALIBRATED,200,20,30.0,gradient,17,0.25,237,149,88,0.6287,47.4000,0.1114
SIM-UNCALIBRATED,200,20,30.0,gradient,18,0.35,386,273,113,0.7073,55.1429,0.2594
SIM-UNCALIBRATED,200,20,30.0,gradient,19,0.2,370,280,90,0.7568,92.5000,0.2156
SIM-UNCALIBRATED,200,20,30.0,gradient,20,0.3,128,57,71,0.4453,21.3333,0.1904
SIM-UNCALIBRATED,200,20,30.0,gradient,21,0.35,359,187,172,0.5209,51.2857,0.2653
SIM-UNCALIBRATED,200,20,30.0,gradient,22,0.2,240,167,73,0.6958,60.0000,0.1639
SIM-UNCALIBRATED,200,20,30.0,gradient,23,0.3,389,276,113,0.7095,64.8333,0.2533
SIM-UNCALIBRATED,200,20,30.0,gradient,24,0.3,419,289,130,0.6897,69.8333,0.2118
SIM-UNCALIBRATED,200,20,30.0,gradient,25,0.35,283,181,102,0.6396,40.4286,0.1196
SIM-UNCALIBRATED,200,20,30.0,gradient,26,0.45,396,249,147,0.6288,44.0000,0.3631
SIM-UNCALIBRATED,200,20,30.0,gradient,27,0.45,349,200,149,0.5731,38.7778,0.4081
SIM-UNCALIBRATED,200,20,30.0,gradient,28,0.3,380,253,127,0.6658,63.3333,0.2156
SIM-UNCALIBRATED,200,20,30.0,gradient,29,0.2,209,131,78,0.6268,52.2500,0.183
