strategy,n_nodes,n_sos,sf,start_mode,duration_s,beacon_interval_s,control_plane_mode,rx_policy,seed,delivered,pdr,latency_p50,latency_p95,transmissions_per_delivered,airtime_total_s,airtime_control_s,airtime_data_s,control_airtime_ratio,duplicate_ratio,jain_fairness,deferred_count,collisions,reconvergence_s,total_transmissions,data_transmissions,control_transmissions,total_sos,beacon_receptions,data_receptions,missed_due_to_sleep,hop_learned_fraction,mean_awake_fraction,link_failures,mean_link_delay_s,control_mode,per_source_delivered,evidence
flood,25,5,7,warm,240.0,60.0,node_hello,continuous,0,5,1.0,0.0770559999999989,0.5253407104946347,25.2,15.060479999999995,5.351423999999995,9.709055999999999,0.3553289138194797,0.7634615384615384,1.0,0,178,0.0,230,126,104,5,168,520,0,0.0,1.0,0,0.0,node_hello,12:1;17:1;2:1;21:1;22:1,SIM
flood,25,5,7,warm,240.0,60.0,node_hello,continuous,1,5,1.0,0.3809131607352185,1.9438846806595247,25.8,15.291647999999995,5.351423999999995,9.940224,0.34995731002963165,0.7753623188405797,1.0,0,169,0.0,233,129,104,5,183,552,0,0.0,1.0,0,0.0,node_hello,0:1;17:1;24:1;6:1;7:1,SIM
flood,25,5,7,warm,240.0,60.0,node_hello,continuous,2,5,1.0,0.0770559999999989,0.7668893421968674,25.4,15.137535999999994,5.351423999999995,9.786112,0.3535201501750349,0.8022151898734177,1.0,0,169,0.0,231,127,104,5,92,632,0,0.0,1.0,0,0.0,node_hello,10:1;19:1;2:1;21:1;23:1,SIM
flood,25,5,7,warm,240.0,60.0,node_hello,continuous,3,5,1.0,0.0770559999999989,0.5517718978743347,25.4,15.137535999999994,5.351423999999995,9.786112,0.3535201501750349,0.7824561403508772,1.0,0,176,0.0,231,127,104,5,107,570,0,0.0,1.0,0,0.0,node_hello,10:1;16:1;17:1;7:1;8:1,SIM
flood,25,5,7,warm,240.0,60.0,node_hello,continuous,4,5,1.0,0.0770559999999989,0.2616858734568893,25.2,15.060479999999995,5.351423999999995,9.709055999999999,0.3553289138194797,0.7795414462081128,1.0,0,176,0.0,230,126,104,5,58,567,0,0.0,1.0,0,0.0,node_hello,0:1;10:1;24:1;4:1;9:1,SIM
flood,25,5,7,warm,240.0,60.0,node_hello,continuous,5,5,1.0,0.36718639822071,1.1704798868710582,25.2,15.060479999999995,5.351423999999995,9.709055999999999,0.3553289138194797,0.724373576309795,1.0,0,182,0.0,230,126,104,5,77,439,0,0.0,1.0,0,0.0,node_hello,1:1;11:1;23:1;24:1;9:1,SIM
flood,25,5,7,warm,240.0,60.0,node_hello,continuous,6,5,1.0,0.0770559999999989,0.9198536103188302,22.0,13.827583999999984,5.351423999999995,8.476159999999988,0.38701077498426345,0.81195079086116,1.0,0,152,0.0,214,110,104,5,238,569,0,0.52,1.0,0,0.0,node_hello,12:1;14:1;19:1;2:1;21:1,SIM
flood,25,5,7,warm,240.0,60.0,node_hello,continuous,7,5,1.0,0.7224651571053755,3.3824076521237925,24.4,14.752255999999992,5.351423999999995,9.400831999999996,0.36275292402734866,0.7673545966228893,1.0,0,170,0.0,226,122,104,5,151,533,0,0.52,1.0,0,0.0,node_hello,11:1;14:1;19:1;3:1;5:1,SIM
flood,25,5,7,warm,240.0,60.0,node_hello,continuous,8,5,1.0,0.4761886298374378,0.9820586336170947,25.6,15.214591999999996,5.351423999999995,9.863168,0.351729707901467,0.7943615257048093,1.0,0,164,0.0,232,128,104,5,260,603,0,0.0,1.0,0,0.0,node_hello,0:1;10:1;12:1;24:1;5:1,SIM
flood,25,5,7,warm,240.0,60.0,node_hello,continuous,9,5,1.0,0.3016664818060235,0.670615600186224,23.4,14.366975999999987,5.351423999999995,9.015551999999992,0.3724808895066018,0.7370786516853932,1.0,0,170,0.0,221,117,104,5,135,445,0,0.0,1.0,0,0.0,node_hello,11:1;18:1;2:1;22:1;24:1,SIM
flood,25,5,7,warm,240.0,60.0,node_hello,continuous,10,5,1.0,0.16822696878031707,0.4181860242327417,25.4,15.137535999999994,5.351423999999995,9.786112,0.3535201501750349,0.7874149659863946,1.0,0,163,0.0,231,127,104,5,186,588,0,0.44,1.0,0,0.0,node_hello,12:1;14:1;15:1;18:1;5:1,SIM
flood,25,5,7,warm,240.0,60.0,node_hello,continuous,11,5,1.0,0.34753991031043086,1.9878074430806347,25.6,15.214591999999996,5.351423999999995,9.863168,0.351729707901467,0.7514910536779325,1.0,0,176,0.0,232,128,104,5,167,503,0,0.0,1.0,0,0.0,node_hello,0:1;18:1;6:1;8:1;9:1,SIM
flood,25,5,7,warm,240.0,60.0,node_hello,continuous,12,5,1.0,0.0770559999999989,0.9275083629632063,24.0,14.59814399999999,5.351423999999995,9.246719999999994,0.3665824915824915,0.7382978723404255,1.0,0,184,0.0,224,120,104,5,0,470,0,0.0,1.0,0,0.0,node_hello,14:1;15:1;22:1;7:1;9:1,SIM
flood,25,5,7,warm,240.0,60.0,node_hello,continuous,13,5,1.0,0.0770559999999989,0.706213654794493,25.0,14.983423999999992,5.351423999999995,9.631999999999998,0.35715628150147777,0.7479338842975206,1.0,0,177,0.0,229,125,104,5,218,484,0,1.0,1.0,0,0.0,node_hello,15:1;19:1;22:1;23:1;7:1,SIM
flood,25,5,7,warm,240.0,60.0,node_hello,continuous,14,5,1.0,0.21723784599646478,1.0591921474148394,25.6,15.214591999999996,5.351423999999995,9.863168,0.351729707901467,0.7469635627530364,1.0,0,172,0.0,232,128,104,5,182,494,0,0.0,1.0,0,0.0,node_hello,11:1;16:1;6:1;8:1;9:1,SIM
flood,25,5,7,warm,240.0,60.0,node_hello,continuous,15,5,1.0,0.251336522856036,0.5637052192375648,24.0,14.59814399999999,5.351423999999995,9.246719999999994,0.3665824915824915,0.7587548638132295,1.0,0,167,0.0,224,120,104,5,79,514,0,0.0,1.0,0,0.0,node_hello,1:1;15:1;16:1;18:1;2:1,SIM
flood,25,5,7,warm,240.0,60.0,node_hello,continuous,16,5,1.0,0.0770559999999989,1.5737405070200596,24.6,14.829311999999991,5.351423999999995,9.477887999999997,0.36086798902066386,0.7931623931623931,1.0,0,170,0.0,227,123,104,5,111,585,0,0.52,1.0,0,0.0,node_hello,20:1;22:1;4:1;7:1;8:1,SIM
flood,25,5,7,warm,240.0,60.0,node_hello,continuous,17,5,1.0,0.0770559999999989,1.724692114480851,24.6,14.829311999999991,5.351423999999995,9.477887999999997,0.36086798902066386,0.7623574144486692,1.0,0,157,0.0,227,123,104,5,241,526,0,0.0,1.0,0,0.0,node_hello,12:1;15:1;21:1;23:1;4:1,SIM
flood,25,5,7,warm,240.0,60.0,node_hello,continuous,18,5,1.0,0.0770559999999989,0.4477829278131622,25.6,15.214591999999996,5.351423999999995,9.863168,0.351729707901467,0.8047619047619048,1.0,0,174,0.0,232,128,104,5,159,630,0,0.84,1.0,0,0.0,node_hello,10:1;11:1;22:1;23:1;4:1,SIM
flood,25,5,7,warm,240.0,60.0,node_hello,continuous,19,4,0.8,0.44197429452742654,2.048737028650738,32.25,15.291647999999995,5.351423999999995,9.940224,0.34995731002963165,0.7554240631163708,0.8,0,188,0.0,233,129,104,5,35,507,0,0.0,1.0,0,0.0,node_hello,14:1;19:1;3:1;6:1;9:0,SIM
flood,25,5,7,cold,240.0,60.0,node_hello,continuous,0,5,1.0,0.07705600000000068,0.7060447841119282,25.4,15.137535999999994,5.351423999999995,9.786112,0.3535201501750349,0.7832167832167832,1.0,0,175,0.0,231,127,104,5,162,572,0,0.0,1.0,0,0.0,node_hello,12:1;17:1;2:1;21:1;22:1,SIM
flood,25,5,7,cold,240.0,60.0,node_hello,continuous,1,5,1.0,0.07705600000000068,0.5244973943351681,22.8,14.135807999999987,5.351423999999995,8.78438399999999,0.37857220471585357,0.7505376344086021,1.0,0,161,0.0,218,114,104,5,190,465,0,0.0,1.0,0,0.0,node_hello,0:1;17:1;24:1;6:1;7:1,SIM
flood,25,5,7,cold,240.0,60.0,node_hello,continuous,2,5,1.0,0.07705600000000068,0.8885638832159011,25.0,14.983423999999992,5.351423999999995,9.631999999999998,0.35715628150147777,0.7534791252485089,1.0,0,179,0.0,229,125,104,5,86,503,0,0.0,1.0,0,0.0,node_hello,10:1;19:1;2:1;21:1;23:1,SIM
flood,25,5,7,cold,240.0,60.0,node_hello,continuous,3,5,1.0,0.07705599999999979,2.3675179930946006,25.0,14.983423999999992,5.351423999999995,9.631999999999998,0.35715628150147777,0.7658349328214972,1.0,0,177,0.0,229,125,104,5,115,521,0,0.0,1.0,0,0.0,node_hello,10:1;16:1;17:1;7:1;8:1,SIM
flood,25,5,7,cold,240.0,60.0,node_hello,continuous,4,5,1.0,0.077056,0.6232763799006956,25.4,15.137535999999994,5.351423999999995,9.786112,0.3535201501750349,0.810477657935285,1.0,0,170,0.0,231,127,104,5,49,649,0,0.0,1.0,0,0.0,node_hello,0:1;10:1;24:1;4:1;9:1,SIM
flood,25,5,7,cold,240.0,60.0,node_hello,continuous,5,5,1.0,0.07705600000000068,0.34222486571827915,25.2,15.060479999999995,5.351423999999995,9.709055999999999,0.3553289138194797,0.759765625,1.0,0,172,0.0,230,126,104,5,76,512,0,0.0,1.0,0,0.0,node_hello,1:1;11:1;23:1;24:1;9:1,SIM
flood,25,5,7,cold,240.0,60.0,node_hello,continuous,6,5,1.0,0.43848203077976233,1.8437750750807946,25.6,15.214591999999996,5.351423999999995,9.863168,0.351729707901467,0.7822299651567944,1.0,0,175,0.0,232,128,104,5,214,574,0,0.0,1.0,0,0.0,node_hello,12:1;14:1;19:1;2:1;21:1,SIM
flood,25,5,7,cold,240.0,60.0,node_hello,continuous,7,5,1.0,0.2883533146563728,0.7673944230224861,25.4,15.137535999999994,5.351423999999995,9.786112,0.3535201501750349,0.722972972972973,1.0,0,182,0.0,231,127,104,5,136,444,0,0.0,1.0,0,0.0,node_hello,11:1;14:1;19:1;3:1;5:1,SIM
flood,25,5,7,cold,240.0,60.0,node_hello,continuous,8,5,1.0,0.6101059098946493,1.7738532542867347,25.2,15.060479999999995,5.351423999999995,9.709055999999999,0.3553289138194797,0.784070796460177,1.0,0,164,0.0,230,126,104,5,268,565,0,0.0,1.0,0,0.0,node_hello,0:1;10:1;12:1;24:1;5:1,SIM
flood,25,5,7,cold,240.0,60.0,node_hello,continuous,9,5,1.0,0.077056,0.7105081580643339,25.6,15.214591999999996,5.351423999999995,9.863168,0.351729707901467,0.6947890818858561,1.0,0,189,0.0,232,128,104,5,96,403,0,0.0,1.0,0,0.0,node_hello,11:1;18:1;2:1;22:1;24:1,SIM
flood,25,5,7,cold,240.0,60.0,node_hello,continuous,10,5,1.0,0.077056,0.97462942252475,25.0,14.983423999999992,5.351423999999995,9.631999999999998,0.35715628150147777,0.7810858143607706,1.0,0,162,0.0,229,125,104,5,186,571,0,0.0,1.0,0,0.0,node_hello,12:1;14:1;15:1;18:1;5:1,SIM
flood,25,5,7,cold,240.0,60.0,node_hello,continuous,11,5,1.0,1.4244808796687458,1.675314342919318,24.4,14.752255999999992,5.351423999999995,9.400831999999996,0.36275292402734866,0.7432150313152401,1.0,0,174,0.0,226,122,104,5,148,479,0,0.0,1.0,0,0.0,node_hello,0:1;18:1;6:1;8:1;9:1,SIM
flood,25,5,7,cold,240.0,60.0,node_hello,continuous,12,5,1.0,0.077056,0.9275083629632074,24.0,14.59814399999999,5.351423999999995,9.246719999999994,0.3665824915824915,0.7382978723404255,1.0,0,184,0.0,224,120,104,5,0,470,0,0.0,1.0,0,0.0,node_hello,14:1;15:1;22:1;7:1;9:1,SIM
flood,25,5,7,cold,240.0,60.0,node_hello,continuous,13,5,1.0,0.07705600000000068,0.7649792849349512,25.6,15.214591999999996,5.351423999999995,9.863168,0.351729707901467,0.690176322418136,1.0,0,186,0.0,232,128,104,5,243,397,0,0.0,1.0,0,0.0,node_hello,15:1;19:1;22:1;23:1;7:1,SIM
flood,25,5,7,cold,240.0,60.0,node_hello,continuous,14,5,1.0,0.6859399289852881,1.6959798319830268,24.2,14.67519999999999,5.351423999999995,9.323775999999995,0.3646576537287396,0.7549407114624506,1.0,0,164,0.0,225,121,104,5,195,506,0,0.0,1.0,0,0.0,node_hello,11:1;16:1;6:1;8:1;9:1,SIM
flood,25,5,7,cold,240.0,60.0,node_hello,continuous,15,5,1.0,0.07705600000000068,0.5671026966391208,25.0,14.983423999999992,5.351423999999995,9.631999999999998,0.35715628150147777,0.7714808043875686,1.0,0,172,0.0,229,125,104,5,85,547,0,0.0,1.0,0,0.0,node_hello,1:1;15:1;16:1;18:1;2:1,SIM
flood,25,5,7,cold,240.0,60.0,node_hello,continuous,16,5,1.0,0.07705599999999979,1.2287935254188889,25.4,15.137535999999994,5.351423999999995,9.786112,0.3535201501750349,0.7736549165120594,1.0,0,180,0.0,231,127,104,5,98,539,0,0.0,1.0,0,0.0,node_hello,20:1;22:1;4:1;7:1;8:1,SIM
flood,25,5,7,cold,240.0,60.0,node_hello,continuous,17,5,1.0,0.07705599999999979,0.24032555853581547,24.2,14.67519999999999,5.351423999999995,9.323775999999995,0.3646576537287396,0.7584830339321357,1.0,0,158,0.0,225,121,104,5,247,501,0,0.0,1.0,0,0.0,node_hello,12:1;15:1;21:1;23:1;4:1,SIM
flood,25,5,7,cold,240.0,60.0,node_hello,continuous,18,5,1.0,0.07705599999999979,0.8729814643070164,25.8,15.291647999999995,5.351423999999995,9.940224,0.34995731002963165,0.7929883138564274,1.0,0,177,0.0,233,129,104,5,184,599,0,0.0,1.0,0,0.0,node_hello,10:1;11:1;22:1;23:1;4:1,SIM
flood,25,5,7,cold,240.0,60.0,node_hello,continuous,19,5,1.0,0.8329924842911218,1.1851908613225888,25.8,15.291647999999995,5.351423999999995,9.940224,0.34995731002963165,0.7628083491461101,1.0,0,187,0.0,233,129,104,5,35,527,0,0.0,1.0,0,0.0,node_hello,14:1;19:1;3:1;6:1;9:1,SIM
flood,25,5,9,warm,240.0,60.0,node_hello,continuous,0,4,0.8,0.2672639999999973,1.3135444408859125,25.75,46.8039680000001,19.275776000000032,27.52819200000006,0.4118406371015379,0.3987730061349693,0.8,0,197,0.0,207,103,104,5,0,163,0,0.0,1.0,0,0.0,node_hello,12:1;17:1;2:1;21:1;22:0,SIM
flood,25,5,9,warm,240.0,60.0,node_hello,continuous,1,4,0.8,0.2672639999999973,0.7791379224905155,21.5,42.26048000000008,19.275776000000032,22.984704000000047,0.4561182456990549,0.5263157894736842,0.8,0,179,0.0,190,86,104,5,0,171,0,0.0,1.0,0,0.0,node_hello,0:1;17:1;24:0;6:1;7:1,SIM
flood,25,5,9,warm,240.0,60.0,node_hello,continuous,2,5,1.0,0.2672639999999973,0.5201793698543582,18.2,43.59680000000009,19.275776000000032,24.32102400000005,0.44213740458015255,0.1568627450980392,1.0,0,188,0.0,195,91,104,5,0,102,0,0.0,1.0,0,0.0,node_hello,10:1;19:1;2:1;21:1;23:1,SIM
flood,25,5,9,warm,240.0,60.0,node_hello,continuous,3,4,0.8,0.4055577945831388,2.0313643254589224,27.0,48.1402880000001,19.275776000000032,28.864512000000065,0.4004084063643324,0.4717948717948718,0.8,0,200,0.0,212,108,104,5,0,195,0,0.0,1.0,0,0.0,node_hello,10:1;16:1;17:1;7:0;8:1,SIM
flood,25,5,9,warm,240.0,60.0,node_hello,continuous,4,5,1.0,0.2672639999999973,0.2672639999999973,20.0,46.00217600000009,19.275776000000032,26.72640000000006,0.41901878728519265,0.22764227642276422,1.0,0,196,0.0,204,100,104,5,0,123,0,0.0,1.0,0,0.0,node_hello,0:1;10:1;24:1;4:1;9:1,SIM
flood,25,5,9,warm,240.0,60.0,node_hello,continuous,5,3,0.6,0.2672639999999973,1.8408068902484522,34.666666666666664,47.071232000000094,19.275776000000032,27.795456000000062,0.4095022624434388,0.5024630541871922,0.6,0,194,0.0,208,104,104,5,0,203,0,0.0,1.0,0,0.0,node_hello,1:1;11:0;23:1;24:0;9:1,SIM
flood,25,5,9,warm,240.0,60.0,node_hello,continuous,6,5,1.0,0.2672639999999973,1.4392945123160585,19.6,45.46764800000009,19.275776000000032,26.191872000000057,0.42394486734831754,0.25,1.0,0,194,0.0,202,98,104,5,0,124,0,0.0,1.0,0,0.0,node_hello,12:1;14:1;19:1;2:1;21:1,SIM
flood,25,5,9,warm,240.0,60.0,node_hello,continuous,7,2,0.4,1.1408180492972662,1.927016693664808,43.0,42.26048000000008,19.275776000000032,22.984704000000047,0.4561182456990549,0.39552238805970147,0.4,0,178,0.0,190,86,104,5,40,134,0,0.6,1.0,0,0.0,node_hello,11:1;14:1;19:0;3:0;5:0,SIM
flood,25,5,9,warm,240.0,60.0,node_hello,continuous,8,5,1.0,0.560322738411287,1.761007646556024,25.2,52.95104000000009,19.275776000000032,33.675264000000055,0.3640301682459872,0.6026058631921825,1.0,0,212,0.0,230,126,104,5,0,307,0,0.0,1.0,0,0.0,node_hello,0:1;10:1;12:1;24:1;5:1,SIM
flood,25,5,9,warm,240.0,60.0,node_hello,continuous,9,4,0.8,0.2672639999999973,0.2672639999999973,24.25,45.200384000000085,19.275776000000032,25.924608000000056,0.4264515982873065,0.17857142857142858,0.8,0,191,0.0,201,97,104,5,46,112,0,0.0,1.0,0,0.0,node_hello,11:1;18:0;2:1;22:1;24:1,SIM
flood,25,5,9,warm,240.0,60.0,node_hello,continuous,10,5,1.0,0.2672639999999973,0.5375837276605266,18.4,43.864064000000084,19.275776000000032,24.588288000000052,0.43944345877299457,0.3695652173913043,1.0,0,187,0.0,196,92,104,5,0,138,0,0.0,1.0,0,0.0,node_hello,12:1;14:1;15:1;18:1;5:1,SIM
flood,25,5,9,warm,240.0,60.0,node_hello,continuous,11,1,0.2,0.5655461468916485,0.5655461468916485,98.0,45.46764800000009,19.275776000000032,26.191872000000057,0.42394486734831754,0.27906976744186046,0.2,0,193,0.0,202,98,104,5,0,129,0,0.0,1.0,0,0.0,node_hello,0:1;18:0;6:0;8:0;9:0,SIM
flood,25,5,9,warm,240.0,60.0,node_hello,continuous,12,5,1.0,0.2672639999999973,0.5545318858898298,19.6,45.46764800000009,19.275776000000032,26.191872000000057,0.42394486734831754,0.14678899082568808,1.0,0,194,0.0,202,98,104,5,0,109,0,0.0,1.0,0,0.0,node_hello,14:1;15:1;22:1;7:1;9:1,SIM
flood,25,5,9,warm,240.0,60.0,node_hello,continuous,13,5,1.0,0.2672639999999973,1.1634415628679418,23.8,51.08019200000011,19.275776000000032,31.804416000000074,0.3773630294890041,0.525,1.0,0,209,0.0,223,119,104,5,0,240,0,0.0,1.0,0,0.0,node_hello,15:1;19:1;22:1;23:1;7:1,SIM
flood,25,5,9,warm,240.0,60.0,node_hello,continuous,14,4,0.8,1.529351584893604,3.215332988848488,27.5,48.6748160000001,19.275776000000032,29.399040000000067,0.39601127613918446,0.5070422535211268,0.8,0,196,0.0,214,110,104,5,53,213,0,0.0,1.0,0,0.0,node_hello,11:0;16:1;6:1;8:1;9:1,SIM
flood,25,5,9,warm,240.0,60.0,node_hello,continuous,15,4,0.8,0.2672639999999973,0.2672639999999973,24.25,45.200384000000085,19.275776000000032,25.924608000000056,0.4264515982873065,0.3841059602649007,0.8,0,190,0.0,201,97,104,5,0,151,0,0.0,1.0,0,0.0,node_hello,1:1;15:1;16:0;18:1;2:1,SIM
flood,25,5,9,warm,240.0,60.0,node_hello,continuous,16,4,0.8,0.801013841645414,1.7891971047750452,30.25,51.614720000000105,19.275776000000032,32.33894400000007,0.37345501438349354,0.5683453237410072,0.8,0,207,0.0,225,121,104,5,0,278,0,0.0,1.0,0,0.0,node_hello,20:1;22:0;4:1;7:1;8:1,SIM
flood,25,5,9,warm,240.0,60.0,node_hello,continuous,17,3,0.6,0.2672639999999973,0.2672639999999973,31.666666666666668,44.66585600000009,19.275776000000032,25.390080000000054,0.4315550562828124,0.4,0.6,0,189,0.0,199,95,104,5,0,150,0,0.0,1.0,0,0.0,node_hello,12:1;15:1;21:0;23:1;4:0,SIM
flood,25,5,9,warm,240.0,60.0,node_hello,continuous,18,5,1.0,0.2672639999999973,0.6878446095371004,21.6,48.1402880000001,19.275776000000032,28.864512000000065,0.4004084063643324,0.18253968253968253,1.0,0,205,0.0,212,108,104,5,0,126,0,0.0,1.0,0,0.0,node_hello,10:1;11:1;22:1;23:1;4:1,SIM
flood,25,5,9,warm,240.0,60.0,node_hello,continuous,19,1,0.2,0.2672639999999973,0.2672639999999973,103.0,46.8039680000001,19.275776000000032,27.52819200000006,0.4118406371015379,0.14035087719298245,0.2,0,201,0.0,207,103,104,5,0,114,0,0.0,1.0,0,0.0,node_hello,14:0;19:1;3:0;6:0;9:0,SIM
flood,25,5,9,cold,240.0,60.0,node_hello,continuous,0,4,0.8,0.2672640000000004,1.313544440885922,25.75,46.8039680000001,19.275776000000032,27.52819200000006,0.4118406371015379,0.3987730061349693,0.8,0,197,0.0,207,103,104,5,0,163,0,0.0,1.0,0,0.0,node_hello,12:1;17:1;2:1;21:1;22:0,SIM
flood,25,5,9,cold,240.0,60.0,node_hello,continuous,1,4,0.8,0.26726400000000083,0.7791379224905265,21.5,42.26048000000008,19.275776000000032,22.984704000000047,0.4561182456990549,0.5263157894736842,0.8,0,179,0.0,190,86,104,5,0,171,0,0.0,1.0,0,0.0,node_hello,0:1;17:1;24:0;6:1;7:1,SIM
flood,25,5,9,cold,240.0,60.0,node_hello,continuous,2,5,1.0,0.26726400000000083,0.5201793698543589,18.2,43.59680000000009,19.275776000000032,24.32102400000005,0.44213740458015255,0.1568627450980392,1.0,0,188,0.0,195,91,104,5,0,102,0,0.0,1.0,0,0.0,node_hello,10:1;19:1;2:1;21:1;23:1,SIM
flood,25,5,9,cold,240.0,60.0,node_hello,continuous,3,4,0.8,0.4055577945831468,2.0313643254589335,27.0,48.1402880000001,19.275776000000032,28.864512000000065,0.4004084063643324,0.4717948717948718,0.8,0,200,0.0,212,108,104,5,0,195,0,0.0,1.0,0,0.0,node_hello,10:1;16:1;17:1;7:0;8:1,SIM
flood,25,5,9,cold,240.0,60.0,node_hello,continuous,4,5,1.0,0.26726400000000083,0.26726400000000083,20.0,46.00217600000009,19.275776000000032,26.72640000000006,0.41901878728519265,0.22764227642276422,1.0,0,196,0.0,204,100,104,5,0,123,0,0.0,1.0,0,0.0,node_hello,0:1;10:1;24:1;4:1;9:1,SIM
flood,25,5,9,cold,240.0,60.0,node_hello,continuous,5,3,0.6,0.26726400000000083,1.8408068902484565,34.666666666666664,47.071232000000094,19.275776000000032,27.795456000000062,0.4095022624434388,0.5024630541871922,0.6,0,194,0.0,208,104,104,5,0,203,0,0.0,1.0,0,0.0,node_hello,1:1;11:0;23:1;24:0;9:1,SIM
flood,25,5,9,cold,240.0,60.0,node_hello,continuous,6,5,1.0,0.26726400000000083,1.4392945123160614,19.6,45.46764800000009,19.275776000000032,26.191872000000057,0.42394486734831754,0.25,1.0,0,194,0.0,202,98,104,5,0,124,0,0.0,1.0,0,0.0,node_hello,12:1;14:1;19:1;2:1;21:1,SIM
flood,25,5,9,cold,240.0,60.0,node_hello,continuous,7,4,0.8,0.4177277231121632,1.0188597448891026,26.75,47.8730240000001,19.275776000000032,28.597248000000064,0.4026437937156423,0.5165876777251185,0.8,0,195,0.0,211,107,104,5,56,211,0,0.0,1.0,0,0.0,node_hello,11:1;14:1;19:1;3:1;5:0,SIM
flood,25,5,9,cold,240.0,60.0,node_hello,continuous,8,5,1.0,0.5603227384112905,1.7610076465560343,25.2,52.95104000000009,19.275776000000032,33.675264000000055,0.3640301682459872,0.6026058631921825,1.0,0,212,0.0,230,126,104,5,0,307,0,0.0,1.0,0,0.0,node_hello,0:1;10:1;12:1;24:1;5:1,SIM
flood,25,5,9,cold,240.0,60.0,node_hello,continuous,9,4,0.8,0.2672640000000004,1.765754707211887,26.25,47.33849600000009,19.275776000000032,28.062720000000063,0.40719029180817223,0.6197718631178707,0.8,0,189,0.0,209,105,104,5,50,263,0,0.0,1.0,0,0.0,node_hello,11:1;18:0;2:1;22:1;24:1,SIM
flood,25,5,9,cold,240.0,60.0,node_hello,continuous,10,5,1.0,0.26726400000000083,0.53758372766053,18.4,43.864064000000084,19.275776000000032,24.588288000000052,0.43944345877299457,0.3695652173913043,1.0,0,187,0.0,196,92,104,5,0,138,0,0.0,1.0,0,0.0,node_hello,12:1;14:1;15:1;18:1;5:1,SIM
flood,25,5,9,cold,240.0,60.0,node_hello,continuous,11,1,0.2,0.5655461468916511,0.5655461468916511,98.0,45.46764800000009,19.275776000000032,26.191872000000057,0.42394486734831754,0.27906976744186046,0.2,0,193,0.0,202,98,104,5,0,129,0,0.0,1.0,0,0.0,node_hello,0:1;18:0;6:0;8:0;9:0,SIM
flood,25,5,9,cold,240.0,60.0,node_hello,continuous,12,5,1.0,0.26726400000000083,0.5545318858898376,19.6,45.46764800000009,19.275776000000032,26.191872000000057,0.42394486734831754,0.14678899082568808,1.0,0,194,0.0,202,98,104,5,0,109,0,0.0,1.0,0,0.0,node_hello,14:1;15:1;22:1;7:1;9:1,SIM
flood,25,5,9,cold,240.0,60.0,node_hello,continuous,13,5,1.0,0.26726400000000083,1.163441562867951,23.8,51.08019200000011,19.275776000000032,31.804416000000074,0.3773630294890041,0.525,1.0,0,209,0.0,223,119,104,5,0,240,0,0.0,1.0,0,0.0,node_hello,15:1;19:1;22:1;23:1;7:1,SIM
flood,25,5,9,cold,240.0,60.0,node_hello,continuous,14,5,1.0,0.26726400000000083,0.587946633194938,23.0,50.01113600000011,19.275776000000032,30.73536000000007,0.38542967710231557,0.5747126436781609,1.0,0,199,0.0,219,115,104,5,57,261,0,0.0,1.0,0,0.0,node_hello,11:1;16:1;6:1;8:1;9:1,SIM
flood,25,5,9,cold,240.0,60.0,node_hello,continuous,15,4,0.8,0.2672640000000004,0.26726400000000083,24.25,45.200384000000085,19.275776000000032,25.924608000000056,0.4264515982873065,0.3841059602649007,0.8,0,190,0.0,201,97,104,5,0,151,0,0.0,1.0,0,0.0,node_hello,1:1;15:1;16:0;18:1;2:1,SIM
flood,25,5,9,cold,240.0,60.0,node_hello,continuous,16,4,0.8,0.8010138416454211,1.7891971047750497,30.25,51.614720000000105,19.275776000000032,32.33894400000007,0.37345501438349354,0.5683453237410072,0.8,0,207,0.0,225,121,104,5,0,278,0,0.0,1.0,0,0.0,node_hello,20:1;22:0;4:1;7:1;8:1,SIM
flood,25,5,9,cold,240.0,60.0,node_hello,continuous,17,3,0.6,0.26726400000000083,0.26726400000000083,31.666666666666668,44.66585600000009,19.275776000000032,25.390080000000054,0.4315550562828124,0.4,0.6,0,189,0.0,199,95,104,5,0,150,0,0.0,1.0,0,0.0,node_hello,12:1;15:1;21:0;23:1;4:0,SIM
flood,25,5,9,cold,240.0,60.0,node_hello,continuous,18,5,1.0,0.26726400000000083,0.6878446095371081,21.6,48.1402880000001,19.275776000000032,28.864512000000065,0.4004084063643324,0.18253968253968253,1.0,0,205,0.0,212,108,104,5,0,126,0,0.0,1.0,0,0.0,node_hello,10:1;11:1;22:1;23:1;4:1,SIM
flood,25,5,9,cold,240.0,60.0,node_hello,continuous,19,1,0.2,0.26726400000000083,0.26726400000000083,103.0,46.8039680000001,19.275776000000032,27.52819200000006,0.4118406371015379,0.14035087719298245,0.2,0,201,0.0,207,103,104,5,0,114,0,0.0,1.0,0,0.0,node_hello,14:0;19:1;3:0;6:0;9:0,SIM
flood,25,20,7,warm,240.0,60.0,node_hello,continuous,0,20,1.0,0.0770559999999989,0.7668051388952564,25.9,45.26643199999971,5.351423999999995,39.915007999999716,0.11822058341156709,0.7934737711689385,1.0,0,412,0.0,622,518,104,20,167,2421,0,0.0,1.0,0,0.0,node_hello,10:1;11:1;12:1;14:1;15:1;16:1;17:1;18:1;19:1;2:1;20:1;21:1;22:1;23:1;4:1;5:1;6:1;7:1;8:1;9:1,SIM
flood,25,20,7,warm,240.0,60.0,node_hello,continuous,1,20,1.0,0.0770559999999989,0.7924189887245042,25.1,44.03353599999973,5.351423999999995,38.682111999999734,0.12153064427985134,0.7707564575645757,1.0,0,395,0.0,606,502,104,20,199,2168,0,0.0,1.0,0,0.0,node_hello,0:1;10:1;11:1;12:1;13:1;14:1;15:1;16:1;17:1;18:1;2:1;21:1;22:1;23:1;24:1;4:1;6:1;7:1;8:1;9:1,SIM
flood,25,20,7,warm,240.0,60.0,node_hello,continuous,2,19,0.95,0.0770559999999989,0.8728014111609492,26.263157894736842,43.80236799999973,5.351423999999995,38.45094399999974,0.12217202503755112,0.7612373127114548,0.95,0,421,0.0,603,499,104,20,74,2069,0,0.0,1.0,0,0.0,node_hello,0:0;1:1;10:1;11:1;13:1;15:1;16:1;17:1;18:1;19:1;2:1;21:1;22:1;23:1;24:1;3:1;4:1;6:1;8:1;9:1,SIM
flood,25,20,7,warm,240.0,60.0,node_hello,continuous,3,20,1.0,0.2058666938360716,1.172717859638326,25.45,44.57292799999972,5.351423999999995,39.221503999999726,0.12005996105977218,0.7939594538684319,1.0,0,411,0.0,613,509,104,20,115,2417,0,0.0,1.0,0,0.0,node_hello,0:1;1:1;10:1;12:1;14:1;15:1;16:1;17:1;18:1;2:1;21:1;22:1;23:1;3:1;4:1;5:1;6:1;7:1;8:1;9:1,SIM
flood,25,20,7,warm,240.0,60.0,node_hello,continuous,4,20,1.0,0.11827375944455554,0.9101627760954721,25.55,44.72703999999972,5.351423999999995,39.375615999999724,0.11964628108634126,0.7778276481149012,1.0,0,419,0.0,615,511,104,20,64,2228,0,0.0,1.0,0,0.0,node_hello,0:1;10:1;11:1;12:1;13:1;14:1;15:1;17:1;19:1;2:1;20:1;21:1;22:1;23:1;24:1;4:1;5:1;6:1;7:1;9:1,SIM
flood,25,20,7,warm,240.0,60.0,node_hello,continuous,5,20,1.0,0.0770559999999989,0.6560488573325319,24.75,43.494143999999736,5.351423999999995,38.14271999999974,0.12303780481344863,0.7586374695863747,1.0,0,392,0.0,599,495,104,20,41,2055,0,0.0,1.0,0,0.0,node_hello,1:1;10:1;11:1;12:1;13:1;14:1;15:1;16:1;19:1;2:1;20:1;21:1;22:1;23:1;24:1;4:1;5:1;6:1;8:1;9:1,SIM
flood,25,20,7,warm,240.0,60.0,node_hello,continuous,6,20,1.0,0.0770559999999989,0.8513115395051303,24.95,43.80236799999973,5.351423999999995,38.45094399999974,0.12217202503755112,0.7664584334454589,1.0,0,421,0.0,603,499,104,20,228,2081,0,0.6,1.0,0,0.0,node_hello,1:1;11:1;12:1;13:1;14:1;15:1;16:1;17:1;19:1;2:1;21:1;22:1;23:1;3:1;4:1;5:1;6:1;7:1;8:1;9:1,SIM
flood,25,20,7,warm,240.0,60.0,node_hello,continuous,7,20,1.0,0.31874136235107997,1.9536691200580063,25.15,44.11059199999973,5.351423999999995,38.75916799999973,0.12131834458263513,0.7867237687366168,1.0,0,410,0.0,607,503,104,20,121,2335,0,0.28,1.0,0,0.0,node_hello,1:1;10:1;11:1;12:1;13:1;14:1;15:1;17:1;18:1;19:1;2:1;20:1;21:1;23:1;3:1;4:1;5:1;6:1;7:1;9:1,SIM
flood,25,20,7,warm,240.0,60.0,node_hello,continuous,8,20,1.0,0.25270181046806073,0.8544005725649356,25.7,44.958207999999715,5.351423999999995,39.60678399999972,0.11903107881880054,0.7661176470588236,1.0,0,431,0.0,618,514,104,20,225,2125,0,0.0,1.0,0,0.0,node_hello,0:1;1:1;10:1;12:1;13:1;14:1;15:1;17:1;18:1;19:1;20:1;21:1;22:1;23:1;24:1;4:1;5:1;6:1;7:1;9:1,SIM
flood,25,20,7,warm,240.0,60.0,node_hello,continuous,9,20,1.0,0.18060665707069745,1.2903266626231835,25.4,44.49587199999972,5.351423999999995,39.14444799999973,0.12026787563574501,0.7650659133709982,1.0,0,416,0.0,612,508,104,20,91,2124,0,0.0,1.0,0,0.0,node_hello,0:1;10:1;11:1;13:1;14:1;15:1;16:1;17:1;18:1;19:1;2:1;20:1;22:1;23:1;24:1;3:1;5:1;6:1;7:1;9:1,SIM
flood,25,20,7,warm,240.0,60.0,node_hello,continuous,10,20,1.0,0.0770559999999989,1.319868007410895,25.55,44.72703999999972,5.351423999999995,39.375615999999724,0.11964628108634126,0.7866952789699571,1.0,0,410,0.0,615,511,104,20,176,2330,0,0.88,1.0,0,0.0,node_hello,1:1;10:1;11:1;12:1;13:1;14:1;15:1;16:1;18:1;19:1;2:1;22:1;23:1;3:1;4:1;5:1;6:1;7:1;8:1;9:1,SIM
flood,25,20,7,warm,240.0,60.0,node_hello,continuous,11,20,1.0,0.18239467369689777,2.3985563346164036,25.45,44.57292799999972,5.351423999999995,39.221503999999726,0.12005996105977218,0.7902274641954508,1.0,0,405,0.0,613,509,104,20,85,2374,0,0.0,1.0,0,0.0,node_hello,0:1;1:1;11:1;12:1;13:1;15:1;17:1;18:1;19:1;20:1;21:1;22:1;23:1;3:1;4:1;5:1;6:1;7:1;8:1;9:1,SIM
flood,25,20,7,warm,240.0,60.0,node_hello,continuous,12,17,0.85,0.2964561644461554,0.6897533482216716,25.941176470588236,39.333119999999795,5.351423999999995,33.9816959999998,0.13605389046177938,0.7554161915621437,0.85,0,391,0.0,545,441,104,20,0,1754,0,0.0,1.0,0,0.0,node_hello,0:1;1:0;11:1;12:1;14:1;15:1;16:1;17:1;18:1;19:1;21:1;22:0;23:1;24:1;3:1;4:1;5:1;6:1;7:1;9:0,SIM
flood,25,20,7,warm,240.0,60.0,node_hello,continuous,13,20,1.0,0.0770559999999989,0.6427474641815256,25.8,45.11231999999971,5.351423999999995,39.76089599999972,0.118624446714335,0.7771326485037964,1.0,0,435,0.0,620,516,104,20,201,2239,0,0.92,1.0,0,0.0,node_hello,0:1;1:1;10:1;11:1;12:1;14:1;15:1;17:1;18:1;19:1;2:1;21:1;22:1;23:1;3:1;4:1;6:1;7:1;8:1;9:1,SIM
flood,25,20,7,warm,240.0,60.0,node_hello,continuous,14,20,1.0,0.3336086430634708,1.7461181416134304,24.5,43.10886399999974,5.351423999999995,37.75743999999975,0.12413743957623256,0.7648444863336475,1.0,0,398,0.0,594,490,104,20,189,2122,0,0.0,1.0,0,0.0,node_hello,0:1;1:1;10:1;11:1;12:1;15:1;16:1;17:1;18:1;19:1;2:1;20:1;22:1;24:1;3:1;4:1;6:1;7:1;8:1;9:1,SIM
flood,25,20,7,warm,240.0,60.0,node_hello,continuous,15,20,1.0,0.0770559999999989,0.7750878632276695,25.15,44.11059199999973,5.351423999999995,38.75916799999973,0.12131834458263513,0.7510121457489879,1.0,0,418,0.0,607,503,104,20,47,1976,0,0.0,1.0,0,0.0,node_hello,0:1;1:1;10:1;11:1;14:1;15:1;16:1;17:1;18:1;19:1;2:1;20:1;22:1;23:1;24:1;4:1;5:1;7:1;8:1;9:1,SIM
flood,25,20,7,warm,240.0,60.0,node_hello,continuous,16,20,1.0,0.18110355411317158,2.0268773273997183,25.25,44.264703999999725,5.351423999999995,38.91327999999973,0.12089596261617447,0.7678825201326386,1.0,0,426,0.0,609,505,104,20,83,2111,0,0.56,1.0,0,0.0,node_hello,0:1;1:1;10:1;13:1;14:1;16:1;17:1;18:1;2:1;20:1;21:1;22:1;23:1;24:1;3:1;4:1;5:1;6:1;7:1;8:1,SIM
flood,25,20,7,warm,240.0,60.0,node_hello,continuous,17,20,1.0,0.2616647972784705,1.826320847626513,25.15,44.11059199999973,5.351423999999995,38.75916799999973,0.12131834458263513,0.7724358974358975,1.0,0,389,0.0,607,503,104,20,255,2184,0,0.0,1.0,0,0.0,node_hello,0:1;1:1;10:1;11:1;12:1;13:1;14:1;15:1;16:1;18:1;20:1;21:1;22:1;23:1;24:1;3:1;4:1;5:1;6:1;8:1,SIM
flood,25,20,7,warm,240.0,60.0,node_hello,continuous,18,20,1.0,0.12180170731991069,0.69083756993291,25.75,45.035263999999714,5.351423999999995,39.68383999999972,0.11882741488980789,0.7924135056273447,1.0,0,430,0.0,619,515,104,20,159,2399,0,0.72,1.0,0,0.0,node_hello,0:1;10:1;11:1;12:1;13:1;14:1;15:1;16:1;17:1;18:1;19:1;2:1;21:1;22:1;23:1;24:1;4:1;6:1;8:1;9:1,SIM
flood,25,20,7,warm,240.0,60.0,node_hello,continuous,19,19,0.95,0.31142955805377426,2.546610366198771,26.63157894736842,44.341759999999724,5.351423999999995,38.99033599999973,0.12068587264014845,0.7707844058243307,0.95,0,441,0.0,610,506,104,20,33,2129,0,0.0,1.0,0,0.0,node_hello,0:1;1:1;10:1;13:0;14:1;15:1;16:1;18:1;19:1;2:1;20:1;21:1;23:1;24:1;3:1;4:1;5:1;6:1;8:1;9:1,SIM
flood,25,20,7,cold,240.0,60.0,node_hello,continuous,0,20,1.0,0.0770559999999989,0.874505587895142,25.5,44.64998399999972,5.351423999999995,39.298559999999725,0.11985276411297323,0.7747178329571106,1.0,0,420,0.0,614,510,104,20,150,2215,0,0.0,1.0,0,0.0,node_hello,10:1;11:1;12:1;14:1;15:1;16:1;17:1;18:1;19:1;2:1;20:1;21:1;22:1;23:1;4:1;5:1;6:1;7:1;8:1;9:1,SIM
flood,25,20,7,cold,240.0,60.0,node_hello,continuous,1,20,1.0,0.0770559999999989,0.526293330040724,25.45,44.57292799999972,5.351423999999995,39.221503999999726,0.12005996105977218,0.7570869990224829,1.0,0,417,0.0,613,509,104,20,191,2046,0,0.0,1.0,0,0.0,node_hello,0:1;10:1;11:1;12:1;13:1;14:1;15:1;16:1;17:1;18:1;2:1;21:1;22:1;23:1;24:1;4:1;6:1;7:1;8:1;9:1,SIM
flood,25,20,7,cold,240.0,60.0,node_hello,continuous,2,20,1.0,0.12353415828905501,1.1532008993212406,25.0,43.87942399999973,5.351423999999995,38.527999999999736,0.12195748057221599,0.7643705463182898,1.0,0,420,0.0,604,500,104,20,58,2105,0,0.0,1.0,0,0.0,node_hello,0:1;1:1;10:1;11:1;13:1;15:1;16:1;17:1;18:1;19:1;2:1;21:1;22:1;23:1;24:1;3:1;4:1;6:1;8:1;9:1,SIM
flood,25,20,7,cold,240.0,60.0,node_hello,continuous,3,20,1.0,0.3699534920734706,1.1213828126030339,25.7,44.958207999999715,5.351423999999995,39.60678399999972,0.11903107881880054,0.7825708061002179,1.0,0,426,0.0,618,514,104,20,109,2295,0,0.0,1.0,0,0.0,node_hello,0:1;1:1;10:1;12:1;14:1;15:1;16:1;17:1;18:1;2:1;21:1;22:1;23:1;3:1;4:1;5:1;6:1;7:1;8:1;9:1,SIM
flood,25,20,7,cold,240.0,60.0,node_hello,continuous,4,19,0.95,0.077056,0.8663088012125695,26.526315789473685,44.187647999999726,5.351423999999995,38.83622399999973,0.12110678531701956,0.7532402791625125,0.95,0,433,0.0,608,504,104,20,53,2006,0,0.0,1.0,0,0.0,node_hello,0:1;10:1;11:1;12:1;13:1;14:1;15:1;17:1;19:1;2:1;20:1;21:1;22:1;23:1;24:1;4:0;5:1;6:1;7:1;9:1,SIM
flood,25,20,7,cold,240.0,60.0,node_hello,continuous,5,20,1.0,0.33165837555966915,1.0915605866104692,25.05,43.95647999999973,5.351423999999995,38.605055999999735,0.12174368830261269,0.7574572127139364,1.0,0,399,0.0,605,501,104,20,62,2045,0,0.0,1.0,0,0.0,node_hello,1:1;10:1;11:1;12:1;13:1;14:1;15:1;16:1;19:1;2:1;20:1;21:1;22:1;23:1;24:1;4:1;5:1;6:1;8:1;9:1,SIM
flood,25,20,7,cold,240.0,60.0,node_hello,continuous,6,20,1.0,0.19500045483340678,0.8490982450006409,25.6,44.80409599999972,5.351423999999995,39.45267199999972,0.11944050829638499,0.7757303370786517,1.0,0,429,0.0,616,512,104,20,156,2225,0,0.0,1.0,0,0.0,node_hello,1:1;11:1;12:1;13:1;14:1;15:1;16:1;17:1;19:1;2:1;21:1;22:1;23:1;3:1;4:1;5:1;6:1;7:1;8:1;9:1,SIM
flood,25,20,7,cold,240.0,60.0,node_hello,continuous,7,20,1.0,0.34670537787533817,1.5477251782757797,25.5,44.64998399999972,5.351423999999995,39.298559999999725,0.11985276411297323,0.7395888244596732,1.0,0,446,0.0,614,510,104,20,131,1897,0,0.0,1.0,0,0.0,node_hello,1:1;10:1;11:1;12:1;13:1;14:1;15:1;17:1;18:1;19:1;2:1;20:1;21:1;23:1;3:1;4:1;5:1;6:1;7:1;9:1,SIM
flood,25,20,7,cold,240.0,60.0,node_hello,continuous,8,20,1.0,0.2527018104680536,1.0617877621269458,25.7,44.958207999999715,5.351423999999995,39.60678399999972,0.11903107881880054,0.7714547957778798,1.0,0,426,0.0,618,514,104,20,233,2179,0,0.0,1.0,0,0.0,node_hello,0:1;1:1;10:1;12:1;13:1;14:1;15:1;17:1;18:1;19:1;20:1;21:1;22:1;23:1;24:1;4:1;5:1;6:1;7:1;9:1,SIM
flood,25,20,7,cold,240.0,60.0,node_hello,continuous,9,20,1.0,0.12438655703042711,1.4429846279306684,25.25,44.264703999999725,5.351423999999995,38.91327999999973,0.12089596261617447,0.7537165510406343,1.0,0,423,0.0,609,505,104,20,87,2018,0,0.0,1.0,0,0.0,node_hello,0:1;10:1;11:1;13:1;14:1;15:1;16:1;17:1;18:1;19:1;2:1;20:1;22:1;23:1;24:1;3:1;5:1;6:1;7:1;9:1,SIM
flood,25,20,7,cold,240.0,60.0,node_hello,continuous,10,20,1.0,0.18833192292963075,0.7746540203491827,25.4,44.49587199999972,5.351423999999995,39.14444799999973,0.12026787563574501,0.7882403067746059,1.0,0,401,0.0,612,508,104,20,167,2347,0,0.0,1.0,0,0.0,node_hello,1:1;10:1;11:1;12:1;13:1;14:1;15:1;16:1;18:1;19:1;2:1;22:1;23:1;3:1;4:1;5:1;6:1;7:1;8:1;9:1,SIM
flood,25,20,7,cold,240.0,60.0,node_hello,continuous,11,20,1.0,0.23140741250804808,2.1078173631197554,25.15,44.11059199999973,5.351423999999995,38.75916799999973,0.12131834458263513,0.7639691714836223,1.0,0,422,0.0,607,503,104,20,118,2076,0,0.0,1.0,0,0.0,node_hello,0:1;1:1;11:1;12:1;13:1;15:1;17:1;18:1;19:1;20:1;21:1;22:1;23:1;3:1;4:1;5:1;6:1;7:1;8:1;9:1,SIM
flood,25,20,7,cold,240.0,60.0,node_hello,continuous,12,17,0.85,0.2964561644461572,0.6897533482216729,25.941176470588236,39.333119999999795,5.351423999999995,33.9816959999998,0.13605389046177938,0.7554161915621437,0.85,0,391,0.0,545,441,104,20,0,1754,0,0.0,1.0,0,0.0,node_hello,0:1;1:0;11:1;12:1;14:1;15:1;16:1;17:1;18:1;19:1;21:1;22:0;23:1;24:1;3:1;4:1;5:1;6:1;7:1;9:0,SIM
flood,25,20,7,cold,240.0,60.0,node_hello,continuous,13,20,1.0,0.0770559999999989,0.6427474641815395,25.8,45.11231999999971,5.351423999999995,39.76089599999972,0.118624446714335,0.782000873743993,1.0,0,431,0.0,620,516,104,20,196,2289,0,0.0,1.0,0,0.0,node_hello,0:1;1:1;10:1;11:1;12:1;14:1;15:1;17:1;18:1;19:1;2:1;21:1;22:1;23:1;3:1;4:1;6:1;7:1;8:1;9:1,SIM
flood,25,20,7,cold,240.0,60.0,node_hello,continuous,14,20,1.0,0.19762038997031084,1.0211326634191826,25.4,44.49587199999972,5.351423999999995,39.14444799999973,0.12026787563574501,0.7655139744197063,1.0,0,419,0.0,612,508,104,20,179,2111,0,0.0,1.0,0,0.0,node_hello,0:1;1:1;10:1;11:1;12:1;15:1;16:1;17:1;18:1;19:1;2:1;20:1;22:1;24:1;3:1;4:1;6:1;7:1;8:1;9:1,SIM
flood,25,20,7,cold,240.0,60.0,node_hello,continuous,15,20,1.0,0.11723517528819072,1.9028205951101715,24.75,43.494143999999736,5.351423999999995,38.14271999999974,0.12303780481344863,0.7632850241545893,1.0,0,402,0.0,599,495,104,20,43,2070,0,0.0,1.0,0,0.0,node_hello,0:1;1:1;10:1;11:1;14:1;15:1;16:1;17:1;18:1;19:1;2:1;20:1;22:1;23:1;24:1;4:1;5:1;7:1;8:1;9:1,SIM
flood,25,20,7,cold,240.0,60.0,node_hello,continuous,16,20,1.0,0.4398455958123235,1.5009516248719887,25.65,44.881151999999716,5.351423999999995,39.52972799999972,0.1192354420849097,0.8001605136436597,1.0,0,404,0.0,617,513,104,20,77,2492,0,0.0,1.0,0,0.0,node_hello,0:1;1:1;10:1;13:1;14:1;16:1;17:1;18:1;2:1;20:1;21:1;22:1;23:1;24:1;3:1;4:1;5:1;6:1;7:1;8:1,SIM
flood,25,20,7,cold,240.0,60.0,node_hello,continuous,17,20,1.0,0.07705599999999979,1.5775010523872874,24.95,43.80236799999973,5.351423999999995,38.45094399999974,0.12217202503755112,0.7386243386243386,1.0,0,415,0.0,603,499,104,20,236,1890,0,0.0,1.0,0,0.0,node_hello,0:1;1:1;10:1;11:1;12:1;13:1;14:1;15:1;16:1;18:1;20:1;21:1;22:1;23:1;24:1;3:1;4:1;5:1;6:1;8:1,SIM
flood,25,20,7,cold,240.0,60.0,node_hello,continuous,18,20,1.0,0.0770559999999989,0.7518723584939073,25.8,45.11231999999971,5.351423999999995,39.76089599999972,0.118624446714335,0.7912457912457912,1.0,0,433,0.0,620,516,104,20,156,2376,0,0.0,1.0,0,0.0,node_hello,0:1;10:1;11:1;12:1;13:1;14:1;15:1;16:1;17:1;18:1;19:1;2:1;21:1;22:1;23:1;24:1;4:1;6:1;8:1;9:1,SIM
flood,25,20,7,cold,240.0,60.0,node_hello,continuous,19,20,1.0,0.5922362813742339,1.7291498792953683,25.65,44.881151999999716,5.351423999999995,39.52972799999972,0.1192354420849097,0.7628326996197718,1.0,0,445,0.0,617,513,104,20,35,2104,0,0.0,1.0,0,0.0,node_hello,0:1;1:1;10:1;13:1;14:1;15:1;16:1;18:1;19:1;2:1;20:1;21:1;23:1;24:1;3:1;4:1;5:1;6:1;8:1;9:1,SIM
flood,25,20,9,warm,240.0,60.0,node_hello,continuous,0,18,0.9,0.2672639999999973,2.054383097385661,23.77777777777778,133.66476799999927,19.275776000000032,114.38899199999923,0.1442098489259349,0.41595441595441596,0.9,0,490,0.0,532,428,104,20,0,702,0,0.0,1.0,0,0.0,node_hello,10:1;11:1;12:1;14:1;15:1;16:1;17:1;18:1;19:1;2:1;20:1;21:1;22:0;23:0;4:1;5:1;6:1;7:1;8:1;9:1,SIM
flood,25,20,9,warm,240.0,60.0,node_hello,continuous,1,15,0.75,0.2672639999999973,2.9035451183828904,24.866666666666667,118.96524799999942,19.275776000000032,99.68947199999938,0.16202862873030052,0.46407185628742514,0.75,0,433,0.0,477,373,104,20,0,668,0,0.0,1.0,0,0.0,node_hello,0:1;10:1;11:1;12:0;13:1;14:1;15:1;16:1;17:0;18:1;2:1;21:1;22:1;23:0;24:0;4:1;6:1;7:1;8:1;9:0,SIM
flood,25,20,9,warm,240.0,60.0,node_hello,continuous,2,14,0.7,0.2672640000000115,2.665218443449137,28.357142857142858,125.37958399999935,19.275776000000032,106.10380799999932,0.15373935201444067,0.4216133942161339,0.7,0,460,0.0,501,397,104,20,0,657,0,0.0,1.0,0,0.0,node_hello,0:1;1:1;10:1;11:1;13:1;15:0;16:1;17:1;18:1;19:0;2:1;21:1;22:0;23:1;24:1;3:0;4:1;6:0;8:0;9:1,SIM
flood,25,20,9,warm,240.0,60.0,node_hello,continuous,3,18,0.9,0.2672640000000115,1.2665131079388128,23.27777777777778,131.25939199999928,19.275776000000032,111.98361599999926,0.14685254674957002,0.4845360824742268,0.9,0,477,0.0,523,419,104,20,0,776,0,0.0,1.0,0,0.0,node_hello,0:1;1:1;10:0;12:1;14:1;15:1;16:1;17:0;18:1;2:1;21:1;22:1;23:1;3:1;4:1;5:1;6:1;7:1;8:1;9:1,SIM
flood,25,20,9,warm,240.0,60.0,node_hello,continuous,4,17,0.85,0.2672639999999973,0.2672640000000115,24.235294117647058,129.3885439999993,19.275776000000032,110.11276799999928,0.14897590933552923,0.34003350083752093,0.85,0,480,0.0,516,412,104,20,0,597,0,0.0,1.0,0,0.0,node_hello,0:0;10:1;11:1;12:0;13:1;14:1;15:1;17:1;19:1;2:1;20:1;21:1;22:1;23:1;24:1;4:1;5:0;6:1;7:1;9:1,SIM
flood,25,20,9,warm,240.0,60.0,node_hello,continuous,5,18,0.9,0.2672640000000115,0.8766126955254958,22.27777777777778,126.44863999999934,19.275776000000032,107.17286399999931,0.15243956755881385,0.4095826893353941,0.9,0,461,0.0,505,401,104,20,0,647,0,0.0,1.0,0,0.0,node_hello,1:0;10:1;11:1;12:1;13:1;14:1;15:1;16:1;19:1;2:1;20:1;21:1;22:1;23:1;24:1;4:0;5:1;6:1;8:1;9:1,SIM
flood,25,20,9,warm,240.0,60.0,node_hello,continuous,6,17,0.85,0.2672640000000115,1.0079247470963963,25.352941176470587,134.46655999999925,19.275776000000032,115.19078399999923,0.14334996001980077,0.41889985895627646,0.85,0,493,0.0,535,431,104,20,0,709,0,0.0,1.0,0,0.0,node_hello,1:1;11:1;12:1;13:1;14:1;15:1;16:1;17:0;19:1;2:0;21:1;22:1;23:1;3:1;4:1;5:0;6:1;7:1;8:1;9:1,SIM
flood,25,20,9,warm,240.0,60.0,node_hello,continuous,7,13,0.65,0.2672640000000115,1.4952012807761315,32.92307692307692,133.66476799999927,19.275776000000032,114.38899199999923,0.1442098489259349,0.4856070087609512,0.65,0,482,0.0,532,428,104,20,26,799,0,0.52,1.0,0,0.0,node_hello,1:1;10:1;11:1;12:1;13:0;14:1;15:1;17:0;18:0;19:1;2:0;20:1;21:1;23:1;3:0;4:0;5:1;6:0;7:1;9:1,SIM
flood,25,20,9,warm,240.0,60.0,node_hello,continuous,8,13,0.65,0.2672639999999973,2.2966445397755475,31.53846153846154,128.85401599999932,19.275776000000032,109.57823999999928,0.14959390943624243,0.3563218390804598,0.65,0,476,0.0,514,410,104,20,0,609,0,0.0,1.0,0,0.0,node_hello,0:0;1:1;10:0;12:0;13:1;14:1;15:1;17:0;18:1;19:1;20:1;21:1;22:1;23:0;24:0;4:1;5:1;6:1;7:0;9:1,SIM
flood,25,20,9,warm,240.0,60.0,node_hello,continuous,9,18,0.9,0.2672640000000044,0.8608734558966995,23.555555555555557,132.59571199999928,19.275776000000032,113.31993599999925,0.14537254417397855,0.45113788487282463,0.9,0,478,0.0,528,424,104,20,32,747,0,0.0,1.0,0,0.0,node_hello,0:1;10:1;11:1;13:1;14:1;15:1;16:1;17:1;18:1;19:1;2:1;20:1;22:1;23:1;24:1;3:0;5:1;6:1;7:0;9:1,SIM
flood,25,20,9,warm,240.0,60.0,node_hello,continuous,10,15,0.75,0.2672639999999973,0.715436206755619,25.666666666666668,122.17241599999939,19.275776000000032,102.89663999999935,0.1577751887954817,0.474964234620887,0.75,0,446,0.0,489,385,104,20,0,699,0,0.0,1.0,0,0.0,node_hello,1:1;10:1;11:0;12:0;13:1;14:1;15:1;16:0;18:0;19:1;2:1;22:1;23:1;3:1;4:1;5:1;6:1;7:0;8:1;9:1,SIM
flood,25,20,9,warm,240.0,60.0,node_hello,continuous,11,12,0.6,0.2672640000000044,2.550433471494317,35.083333333333336,131.79391999999928,19.275776000000032,112.51814399999925,0.14625694417466403,0.4725130890052356,0.6,0,477,0.0,525,421,104,20,0,764,0,0.0,1.0,0,0.0,node_hello,0:0;1:0;11:1;12:1;13:1;15:1;17:1;18:0;19:0;20:0;21:1;22:0;23:0;3:1;4:1;5:1;6:1;7:0;8:1;9:1,SIM
flood,25,20,9,warm,240.0,60.0,node_hello,continuous,12,16,0.8,0.2672640000000115,1.3998414676157367,22.9375,117.36166399999944,19.275776000000032,98.0858879999994,0.16424252471403375,0.3902439024390244,0.8,0,434,0.0,471,367,104,20,0,574,0,0.0,1.0,0,0.0,node_hello,0:1;1:1;11:0;12:1;14:1;15:1;16:1;17:1;18:1;19:1;21:1;22:0;23:1;24:0;3:1;4:1;5:1;6:1;7:1;9:0,SIM
flood,25,20,9,warm,240.0,60.0,node_hello,continuous,13,19,0.95,0.2672639999999973,0.48517074551578465,22.31578947368421,132.59571199999928,19.275776000000032,113.31993599999925,0.14537254417397855,0.46596858638743455,0.95,0,483,0.0,528,424,104,20,0,764,0,0.0,1.0,0,0.0,node_hello,0:1;1:1;10:1;11:1;12:1;14:1;15:1;17:1;18:1;19:1;2:1;21:0;22:1;23:1;3:1;4:1;6:1;7:1;8:1;9:1,SIM
flood,25,20,9,warm,240.0,60.0,node_hello,continuous,14,16,0.8,0.2672640000000044,1.2874876596721982,26.4375,132.32844799999927,19.275776000000032,113.05267199999925,0.14566615335804542,0.35,0.8,0,484,0.0,527,423,104,20,48,620,0,0.0,1.0,0,0.0,node_hello,0:1;1:0;10:1;11:1;12:1;15:0;16:1;17:1;18:1;19:1;2:1;20:1;22:0;24:1;3:1;4:1;6:1;7:1;8:0;9:1,SIM
flood,25,20,9,warm,240.0,60.0,node_hello,continuous,15,16,0.8,0.2672640000000044,3.0376257148803205,23.125,118.16345599999943,19.275776000000032,98.88767999999939,0.16312806558400023,0.39100346020761245,0.8,0,434,0.0,474,370,104,20,0,578,0,0.0,1.0,0,0.0,node_hello,0:0;1:1;10:1;11:1;14:1;15:1;16:1;17:0;18:1;19:0;2:1;20:1;22:1;23:1;24:1;4:1;5:1;7:0;8:1;9:1,SIM
flood,25,20,9,warm,240.0,60.0,node_hello,continuous,16,15,0.75,0.2672640000000115,1.4371402619836733,26.4,125.11231999999936,19.275776000000032,105.83654399999932,0.15406776886560916,0.37333333333333335,0.75,0,463,0.0,500,396,104,20,0,600,0,0.0,1.0,0,0.0,node_hello,0:1;1:1;10:1;13:0;14:1;16:0;17:1;18:1;2:1;20:1;21:1;22:1;23:1;24:1;3:1;4:0;5:0;6:1;7:1;8:0,SIM
flood,25,20,9,warm,240.0,60.0,node_hello,continuous,17,19,0.95,0.2672639999999973,0.3378890087451978,22.473684210526315,133.39750399999926,19.275776000000032,114.12172799999924,0.1444987756292662,0.3919523099850969,0.95,0,487,0.0,531,427,104,20,0,671,0,0.0,1.0,0,0.0,node_hello,0:1;1:1;10:1;11:1;12:1;13:1;14:1;15:0;16:1;18:1;20:1;21:1;22:1;23:1;24:1;3:1;4:1;5:1;6:1;8:1,SIM
flood,25,20,9,warm,240.0,60.0,node_hello,continuous,18,18,0.9,0.2672640000000044,0.542031985253538,25.38888888888889,141.41542399999918,19.275776000000032,122.13964799999916,0.1363060368860482,0.4552238805970149,0.9,0,516,0.0,561,457,104,20,0,804,0,0.0,1.0,0,0.0,node_hello,0:1;10:1;11:1;12:0;13:1;14:1;15:1;16:1;17:1;18:1;19:1;2:1;21:1;22:1;23:1;24:1;4:0;6:1;8:1;9:1,SIM
flood,25,20,9,warm,240.0,60.0,node_hello,continuous,19,14,0.7,0.2672640000000044,0.8511414098774537,28.714285714285715,126.71590399999934,19.275776000000032,107.4401279999993,0.15211804826014683,0.4642356241234222,0.7,0,464,0.0,506,402,104,20,0,713,0,0.0,1.0,0,0.0,node_hello,0:1;1:1;10:0;13:1;14:1;15:1;16:1;18:1;19:1;2:1;20:1;21:1;23:0;24:0;3:0;4:1;5:1;6:0;8:0;9:1,SIM
flood,25,20,9,cold,240.0,60.0,node_hello,continuous,0,18,0.9,0.2672639999999973,2.0543830973856627,23.77777777777778,133.66476799999927,19.275776000000032,114.38899199999923,0.1442098489259349,0.41595441595441596,0.9,0,490,0.0,532,428,104,20,0,702,0,0.0,1.0,0,0.0,node_hello,10:1;11:1;12:1;14:1;15:1;16:1;17:1;18:1;19:1;2:1;20:1;21:1;22:0;23:0;4:1;5:1;6:1;7:1;8:1;9:1,SIM
flood,25,20,9,cold,240.0,60.0,node_hello,continuous,1,15,0.75,0.26726399999999995,2.903545118382903,24.866666666666667,118.96524799999942,19.275776000000032,99.68947199999938,0.16202862873030052,0.46407185628742514,0.75,0,433,0.0,477,373,104,20,0,668,0,0.0,1.0,0,0.0,node_hello,0:1;10:1;11:1;12:0;13:1;14:1;15:1;16:1;17:0;18:1;2:1;21:1;22:1;23:0;24:0;4:1;6:1;7:1;8:1;9:0,SIM
flood,25,20,9,cold,240.0,60.0,node_hello,continuous,2,14,0.7,0.26726399999999995,2.665218443449099,28.357142857142858,125.37958399999935,19.275776000000032,106.10380799999932,0.15373935201444067,0.4216133942161339,0.7,0,460,0.0,501,397,104,20,0,657,0,0.0,1.0,0,0.0,node_hello,0:1;1:1;10:1;11:1;13:1;15:0;16:1;17:1;18:1;19:0;2:1;21:1;22:0;23:1;24:1;3:0;4:1;6:0;8:0;9:1,SIM
flood,25,20,9,cold,240.0,60.0,node_hello,continuous,3,18,0.9,0.2672639999999973,1.2665131079388234,23.27777777777778,131.25939199999928,19.275776000000032,111.98361599999926,0.14685254674957002,0.4845360824742268,0.9,0,477,0.0,523,419,104,20,0,776,0,0.0,1.0,0,0.0,node_hello,0:1;1:1;10:0;12:1;14:1;15:1;16:1;17:0;18:1;2:1;21:1;22:1;23:1;3:1;4:1;5:1;6:1;7:1;8:1;9:1,SIM
flood,25,20,9,cold,240.0,60.0,node_hello,continuous,4,17,0.85,0.2672639999999973,0.26726400000000083,24.235294117647058,129.3885439999993,19.275776000000032,110.11276799999928,0.14897590933552923,0.34003350083752093,0.85,0,480,0.0,516,412,104,20,0,597,0,0.0,1.0,0,0.0,node_hello,0:0;10:1;11:1;12:0;13:1;14:1;15:1;17:1;19:1;2:1;20:1;21:1;22:1;23:1;24:1;4:1;5:0;6:1;7:1;9:1,SIM
flood,25,20,9,cold,240.0,60.0,node_hello,continuous,5,18,0.9,0.2672639999999973,0.8766126955254975,22.27777777777778,126.44863999999934,19.275776000000032,107.17286399999931,0.15243956755881385,0.4095826893353941,0.9,0,461,0.0,505,401,104,20,0,647,0,0.0,1.0,0,0.0,node_hello,1:0;10:1;11:1;12:1;13:1;14:1;15:1;16:1;19:1;2:1;20:1;21:1;22:1;23:1;24:1;4:0;5:1;6:1;8:1;9:1,SIM
flood,25,20,9,cold,240.0,60.0,node_hello,continuous,6,17,0.85,0.2672639999999973,1.0079247470963963,25.352941176470587,134.46655999999925,19.275776000000032,115.19078399999923,0.14334996001980077,0.41889985895627646,0.85,0,493,0.0,535,431,104,20,0,709,0,0.0,1.0,0,0.0,node_hello,1:1;11:1;12:1;13:1;14:1;15:1;16:1;17:0;19:1;2:0;21:1;22:1;23:1;3:1;4:1;5:0;6:1;7:1;8:1;9:1,SIM
flood,25,20,9,cold,240.0,60.0,node_hello,continuous,7,15,0.75,0.2672639999999973,2.950531785791032,27.066666666666666,127.78495999999933,19.275776000000032,108.5091839999993,0.1508454203061153,0.41515151515151516,0.75,0,467,0.0,510,406,104,20,28,660,0,0.0,1.0,0,0.0,node_hello,1:1;10:1;11:1;12:1;13:1;14:1;15:1;17:0;18:1;19:1;2:1;20:1;21:1;23:0;3:0;4:0;5:1;6:0;7:1;9:1,SIM
flood,25,20,9,cold,240.0,60.0,node_hello,continuous,8,13,0.65,0.2672639999999973,2.296644539775511,31.53846153846154,128.85401599999932,19.275776000000032,109.57823999999928,0.14959390943624243,0.3563218390804598,0.65,0,476,0.0,514,410,104,20,0,609,0,0.0,1.0,0,0.0,node_hello,0:0;1:1;10:0;12:0;13:1;14:1;15:1;17:0;18:1;19:1;20:1;21:1;22:1;23:0;24:0;4:1;5:1;6:1;7:0;9:1,SIM
flood,25,20,9,cold,240.0,60.0,node_hello,continuous,9,17,0.85,0.2672639999999973,1.7407826447271098,24.352941176470587,129.9230719999993,19.275776000000032,110.64729599999927,0.1483629943725479,0.39819004524886875,0.85,0,473,0.0,518,414,104,20,38,663,0,0.0,1.0,0,0.0,node_hello,0:1;10:0;11:1;13:0;14:1;15:1;16:1;17:1;18:1;19:1;2:1;20:1;22:1;23:1;24:1;3:1;5:0;6:1;7:1;9:1,SIM
flood,25,20,9,cold,240.0,60.0,node_hello,continuous,10,15,0.75,0.2672639999999973,0.7154362067555988,25.666666666666668,122.17241599999939,19.275776000000032,102.89663999999935,0.1577751887954817,0.474964234620887,0.75,0,446,0.0,489,385,104,20,0,699,0,0.0,1.0,0,0.0,node_hello,1:1;10:1;11:0;12:0;13:1;14:1;15:1;16:0;18:0;19:1;2:1;22:1;23:1;3:1;4:1;5:1;6:1;7:0;8:1;9:1,SIM
flood,25,20,9,cold,240.0,60.0,node_hello,continuous,11,12,0.6,0.26726399999999906,2.5504334714943164,35.083333333333336,131.79391999999928,19.275776000000032,112.51814399999925,0.14625694417466403,0.4725130890052356,0.6,0,477,0.0,525,421,104,20,0,764,0,0.0,1.0,0,0.0,node_hello,0:0;1:0;11:1;12:1;13:1;15:1;17:1;18:0;19:0;20:0;21:1;22:0;23:0;3:1;4:1;5:1;6:1;7:0;8:1;9:1,SIM
flood,25,20,9,cold,240.0,60.0,node_hello,continuous,12,16,0.8,0.2672639999999986,1.3998414676157322,22.9375,117.36166399999944,19.275776000000032,98.0858879999994,0.16424252471403375,0.3902439024390244,0.8,0,434,0.0,471,367,104,20,0,574,0,0.0,1.0,0,0.0,node_hello,0:1;1:1;11:0;12:1;14:1;15:1;16:1;17:1;18:1;19:1;21:1;22:0;23:1;24:0;3:1;4:1;5:1;6:1;7:1;9:0,SIM
flood,25,20,9,cold,240.0,60.0,node_hello,continuous,13,19,0.95,0.2672639999999973,0.4851707455157761,22.31578947368421,132.59571199999928,19.275776000000032,113.31993599999925,0.14537254417397855,0.46596858638743455,0.95,0,483,0.0,528,424,104,20,0,764,0,0.0,1.0,0,0.0,node_hello,0:1;1:1;10:1;11:1;12:1;14:1;15:1;17:1;18:1;19:1;2:1;21:0;22:1;23:1;3:1;4:1;6:1;7:1;8:1;9:1,SIM
flood,25,20,9,cold,240.0,60.0,node_hello,continuous,14,13,0.65,0.26726400000000083,1.8073551735507922,32.92307692307692,133.66476799999927,19.275776000000032,114.38899199999923,0.1442098489259349,0.43411927877947293,0.65,0,483,0.0,532,428,104,20,54,721,0,0.0,1.0,0,0.0,node_hello,0:1;1:1;10:0;11:1;12:1;15:0;16:0;17:1;18:0;19:1;2:1;20:0;22:0;24:0;3:1;4:1;6:1;7:1;8:1;9:1,SIM
flood,25,20,9,cold,240.0,60.0,node_hello,continuous,15,16,0.8,0.2672639999999986,3.0376257148802743,23.125,118.16345599999943,19.275776000000032,98.88767999999939,0.16312806558400023,0.39100346020761245,0.8,0,434,0.0,474,370,104,20,0,578,0,0.0,1.0,0,0.0,node_hello,0:0;1:1;10:1;11:1;14:1;15:1;16:1;17:0;18:1;19:0;2:1;20:1;22:1;23:1;24:1;4:1;5:1;7:0;8:1;9:1,SIM
flood,25,20,9,cold,240.0,60.0,node_hello,continuous,16,15,0.75,0.2672639999999973,1.4371402619836697,26.4,125.11231999999936,19.275776000000032,105.83654399999932,0.15406776886560916,0.37333333333333335,0.75,0,463,0.0,500,396,104,20,0,600,0,0.0,1.0,0,0.0,node_hello,0:1;1:1;10:1;13:0;14:1;16:0;17:1;18:1;2:1;20:1;21:1;22:1;23:1;24:1;3:1;4:0;5:0;6:1;7:1;8:0,SIM
flood,25,20,9,cold,240.0,60.0,node_hello,continuous,17,19,0.95,0.2672639999999973,0.3378890087451853,22.473684210526315,133.39750399999926,19.275776000000032,114.12172799999924,0.1444987756292662,0.3919523099850969,0.95,0,487,0.0,531,427,104,20,0,671,0,0.0,1.0,0,0.0,node_hello,0:1;1:1;10:1;11:1;12:1;13:1;14:1;15:0;16:1;18:1;20:1;21:1;22:1;23:1;24:1;3:1;4:1;5:1;6:1;8:1,SIM
flood,25,20,9,cold,240.0,60.0,node_hello,continuous,18,18,0.9,0.2672639999999973,0.542031985253529,25.38888888888889,141.41542399999918,19.275776000000032,122.13964799999916,0.1363060368860482,0.4552238805970149,0.9,0,516,0.0,561,457,104,20,0,804,0,0.0,1.0,0,0.0,node_hello,0:1;10:1;11:1;12:0;13:1;14:1;15:1;16:1;17:1;18:1;19:1;2:1;21:1;22:1;23:1;24:1;4:0;6:1;8:1;9:1,SIM
flood,25,20,9,cold,240.0,60.0,node_hello,continuous,19,14,0.7,0.2672639999999986,0.8511414098774295,28.714285714285715,126.71590399999934,19.275776000000032,107.4401279999993,0.15211804826014683,0.4642356241234222,0.7,0,464,0.0,506,402,104,20,0,713,0,0.0,1.0,0,0.0,node_hello,0:1;1:1;10:0;13:1;14:1;15:1;16:1;18:1;19:1;2:1;20:1;21:1;23:0;24:0;3:0;4:1;5:1;6:0;8:0;9:1,SIM
flood,50,5,7,warm,240.0,60.0,node_hello,continuous,0,4,0.8,0.13127604302297868,1.0061691284411698,59.25,28.759296000000013,10.49702399999999,18.26227200000002,0.36499586081662033,0.6594516594516594,0.8,0,415,0.0,441,237,204,5,0,693,0,0.0,1.0,0,0.0,node_hello,10:1;16:1;21:1;33:1;7:0,SIM
flood,50,5,7,warm,240.0,60.0,node_hello,continuous,1,5,1.0,0.48023970989126497,2.240015080176206,50.2,29.838079999999998,10.49702399999999,19.341056000000005,0.3517995795976146,0.7749546279491834,1.0,0,411,0.0,455,251,204,5,0,1102,0,0.0,1.0,0,0.0,node_hello,10:1;28:1;32:1;43:1;45:1,SIM
flood,50,5,7,warm,240.0,60.0,node_hello,continuous,2,5,1.0,0.0770559999999989,0.7318511142779982,49.2,29.452800000000003,10.49702399999999,18.95577600000001,0.3564015645371574,0.7443298969072165,1.0,0,409,0.0,450,246,204,5,0,970,0,0.0,1.0,0,0.0,node_hello,14:1;29:1;32:1;40:1;6:1,SIM
flood,50,5,7,warm,240.0,60.0,node_hello,continuous,3,5,1.0,0.0770559999999989,0.44625305228398415,50.2,29.838079999999998,10.49702399999999,19.341056000000005,0.3517995795976146,0.7714808043875686,1.0,0,405,0.0,455,251,204,5,107,1094,0,0.0,1.0,0,0.0,node_hello,10:1;14:1;21:1;28:1;5:1,SIM
flood,50,5,7,warm,240.0,60.0,node_hello,continuous,4,5,1.0,0.0770559999999989,0.9323473137640832,49.4,29.529856000000002,10.49702399999999,19.03283200000001,0.3554715607146879,0.7827975673327541,1.0,0,391,0.0,451,247,204,5,292,1151,0,0.52,1.0,0,0.0,node_hello,13:1;26:1;33:1;41:1;43:1,SIM
flood,50,5,7,warm,240.0,60.0,node_hello,continuous,5,5,1.0,1.308093480536229,3.2483648307638076,45.8,28.142848000000022,10.49702399999999,17.64582400000003,0.3729908216822968,0.7693023255813953,1.0,0,378,0.0,433,229,204,5,56,1075,0,0.0,1.0,0,0.0,node_hello,18:1;21:1;44:1;45:1;49:1,SIM
flood,50,5,7,warm,240.0,60.0,node_hello,continuous,6,5,1.0,0.0770559999999989,0.23984930223300008,50.8,30.069247999999995,10.49702399999999,19.572224000000002,0.3490949956580222,0.7800353356890459,1.0,0,400,0.0,458,254,204,5,315,1132,0,0.0,1.0,0,0.0,node_hello,1:1;29:1;4:1;40:1;46:1,SIM
flood,50,5,7,warm,240.0,60.0,node_hello,continuous,7,5,1.0,0.5194525673555006,3.1684471085227552,48.4,29.144576000000008,10.49702399999999,18.647552000000015,0.36017075698750906,0.7665732959850607,1.0,0,401,0.0,446,242,204,5,0,1071,0,0.0,1.0,0,0.0,node_hello,23:1;33:1;34:1;44:1;9:1,SIM
flood,50,5,7,warm,240.0,60.0,node_hello,continuous,8,4,0.8,0.6043426507755285,1.200117380898955,47.75,25.214720000000035,10.49702399999999,14.717696000000043,0.4163053962130048,0.7547408343868521,0.8,0,353,0.0,395,191,204,5,177,791,0,0.0,1.0,0,0.0,node_hello,0:1;18:1;39:1;47:0;5:1,SIM
flood,50,5,7,warm,240.0,60.0,node_hello,continuous,9,5,1.0,0.0770559999999989,2.2520196784467483,47.6,28.836352000000012,10.49702399999999,18.33932800000002,0.36402052520374234,0.7591876208897486,1.0,0,397,0.0,442,238,204,5,0,1034,0,0.0,1.0,0,0.0,node_hello,0:1;11:1;12:1;14:1;49:1,SIM
flood,50,5,7,warm,240.0,60.0,node_hello,continuous,10,5,1.0,0.0770559999999989,0.26970826500952394,49.0,29.375744000000005,10.49702399999999,18.878720000000012,0.3573364473764474,0.74581589958159,1.0,0,409,0.0,449,245,204,5,77,956,0,0.0,1.0,0,0.0,node_hello,27:1;28:1;33:1;44:1;46:1,SIM
flood,50,5,7,warm,240.0,60.0,node_hello,continuous,11,5,1.0,0.0770559999999989,0.42993165610406975,44.8,27.757568000000028,10.49702399999999,17.260544000000035,0.37816800088537944,0.7249443207126949,1.0,0,392,0.0,428,224,204,5,0,898,0,0.0,1.0,0,0.0,node_hello,1:1;19:1;22:1;30:1;44:1,SIM
flood,50,5,7,warm,240.0,60.0,node_hello,continuous,12,5,1.0,0.0770559999999989,0.19667457661176965,47.2,28.682240000000014,10.49702399999999,18.185216000000022,0.36597643698678994,0.7838589981447124,1.0,0,386,0.0,440,236,204,5,229,1078,0,0.0,1.0,0,0.0,node_hello,12:1;22:1;24:1;45:1;6:1,SIM
flood,50,5,7,warm,240.0,60.0,node_hello,continuous,13,5,1.0,0.0770559999999989,0.7845066782492324,48.0,28.99046400000001,10.49702399999999,18.493440000000017,0.36208540849846305,0.698992443324937,1.0,0,415,0.0,444,240,204,5,0,794,0,0.0,1.0,0,0.0,node_hello,2:1;22:1;23:1;6:1;8:1,SIM
flood,50,5,7,warm,240.0,60.0,node_hello,continuous,14,5,1.0,0.0770559999999989,0.5317765881120294,50.0,29.761024,10.49702399999999,19.264000000000006,0.35271044437180626,0.7852233676975945,1.0,0,399,0.0,454,250,204,5,162,1164,0,0.0,1.0,0,0.0,node_hello,23:1;3:1;4:1;41:1;43:1,SIM
flood,50,5,7,warm,240.0,60.0,node_hello,continuous,15,5,1.0,0.0770559999999989,2.550006832587453,46.2,28.29696000000002,10.49702399999999,17.799936000000027,0.37095942461663667,0.7494845360824742,1.0,0,381,0.0,435,231,204,5,254,970,0,0.64,1.0,0,0.0,node_hello,10:1;21:1;43:1;45:1;49:1,SIM
flood,50,5,7,warm,240.0,60.0,node_hello,continuous,16,5,1.0,0.2915021104535924,1.597183745180885,50.6,29.992191999999996,10.49702399999999,19.495168000000003,0.3499918912228887,0.7834782608695652,1.0,0,407,0.0,457,253,204,5,91,1150,0,0.0,1.0,0,0.0,node_hello,3:1;34:1;40:1;42:1;9:1,SIM
flood,50,5,7,warm,240.0,60.0,node_hello,continuous,17,5,1.0,0.0770559999999989,1.213960044046692,49.6,29.606912,10.49702399999999,19.10988800000001,0.3545463978141317,0.7829861111111112,1.0,0,386,0.0,452,248,204,5,421,1152,0,0.64,1.0,0,0.0,node_hello,13:1;21:1;29:1;3:1;48:1,SIM
flood,50,5,7,warm,240.0,60.0,node_hello,continuous,18,5,1.0,0.0770559999999989,0.5531571124086071,50.4,29.915135999999997,10.49702399999999,19.418112000000004,0.35089340727048646,0.7967213114754098,1.0,0,406,0.0,456,252,204,5,130,1220,0,0.0,1.0,0,0.0,node_hello,29:1;33:1;35:1;36:1;49:1,SIM
flood,50,5,7,warm,240.0,60.0,node_hello,continuous,19,4,0.8,0.2884281896068579,0.7333688230569794,49.75,25.83116800000004,10.49702399999999,15.334144000000048,0.4063704746142325,0.7525,0.8,0,372,0.0,403,199,204,5,0,800,0,0.0,1.0,0,0.0,node_hello,2:1;27:1;37:0;43:1;45:1,SIM
flood,50,5,7,cold,240.0,60.0,node_hello,continuous,0,4,0.8,0.1312760430229778,1.0061691284411685,59.25,28.759296000000013,10.49702399999999,18.26227200000002,0.36499586081662033,0.6594516594516594,0.8,0,415,0.0,441,237,204,5,0,693,0,0.0,1.0,0,0.0,node_hello,10:1;16:1;21:1;33:1;7:0,SIM
flood,50,5,7,cold,240.0,60.0,node_hello,continuous,1,5,1.0,0.48023970989127207,2.240015080176215,50.2,29.838079999999998,10.49702399999999,19.341056000000005,0.3517995795976146,0.7749546279491834,1.0,0,411,0.0,455,251,204,5,0,1102,0,0.0,1.0,0,0.0,node_hello,10:1;28:1;32:1;43:1;45:1,SIM
flood,50,5,7,cold,240.0,60.0,node_hello,continuous,2,5,1.0,0.077056,0.7318511142779961,49.2,29.452800000000003,10.49702399999999,18.95577600000001,0.3564015645371574,0.7443298969072165,1.0,0,409,0.0,450,246,204,5,0,970,0,0.0,1.0,0,0.0,node_hello,14:1;29:1;32:1;40:1;6:1,SIM
flood,50,5,7,cold,240.0,60.0,node_hello,continuous,3,5,1.0,0.077056,0.18697898395333218,48.2,29.06752000000001,10.49702399999999,18.570496000000016,0.3611255449381298,0.7576354679802956,1.0,0,399,0.0,445,241,204,5,102,1015,0,0.0,1.0,0,0.0,node_hello,10:1;14:1;21:1;28:1;5:1,SIM
flood,50,5,7,cold,240.0,60.0,node_hello,continuous,4,4,0.8,0.07705600000000035,0.8574520738054107,60.5,29.144576000000008,10.49702399999999,18.647552000000015,0.36017075698750906,0.7540485829959515,0.8,0,391,0.0,446,242,204,5,279,988,0,0.0,1.0,0,0.0,node_hello,13:1;26:1;33:1;41:1;43:0,SIM
flood,50,5,7,cold,240.0,60.0,node_hello,continuous,5,5,1.0,0.30192588174640367,1.532260679537908,47.0,28.605184000000015,10.49702399999999,18.108160000000023,0.3669622960649365,0.7487283825025433,1.0,0,390,0.0,439,235,204,5,63,983,0,0.0,1.0,0,0.0,node_hello,18:1;21:1;44:1;45:1;49:1,SIM
flood,50,5,7,cold,240.0,60.0,node_hello,continuous,6,5,1.0,0.07705599999999979,0.4956323903792232,48.2,29.06752000000001,10.49702399999999,18.570496000000016,0.3611255449381298,0.759167492566898,1.0,0,393,0.0,445,241,204,5,293,1009,0,0.0,1.0,0,0.0,node_hello,1:1;29:1;4:1;40:1;46:1,SIM
flood,50,5,7,cold,240.0,60.0,node_hello,continuous,7,5,1.0,0.5194525673555042,3.1684471085227637,48.4,29.144576000000008,10.49702399999999,18.647552000000015,0.36017075698750906,0.7665732959850607,1.0,0,401,0.0,446,242,204,5,0,1071,0,0.0,1.0,0,0.0,node_hello,23:1;33:1;34:1;44:1;9:1,SIM
flood,50,5,7,cold,240.0,60.0,node_hello,continuous,8,4,0.8,0.8793866139871144,2.9414913035368984,49.0,25.600000000000037,10.49702399999999,15.102976000000046,0.41003999999999907,0.7409879839786382,0.8,0,362,0.0,400,196,204,5,185,749,0,0.0,1.0,0,0.0,node_hello,0:1;18:1;39:1;47:0;5:1,SIM
flood,50,5,7,cold,240.0,60.0,node_hello,continuous,9,5,1.0,0.07705600000000068,2.2520196784467537,47.6,28.836352000000012,10.49702399999999,18.33932800000002,0.36402052520374234,0.7591876208897486,1.0,0,397,0.0,442,238,204,5,0,1034,0,0.0,1.0,0,0.0,node_hello,0:1;11:1;12:1;14:1;49:1,SIM
flood,50,5,7,cold,240.0,60.0,node_hello,continuous,10,5,1.0,0.07705600000000068,1.7418308799295865,49.0,29.375744000000005,10.49702399999999,18.878720000000012,0.3573364473764474,0.7505091649694501,1.0,0,408,0.0,449,245,204,5,81,982,0,0.0,1.0,0,0.0,node_hello,27:1;28:1;33:1;44:1;46:1,SIM
flood,50,5,7,cold,240.0,60.0,node_hello,continuous,11,5,1.0,0.07705600000000068,0.4299316561040672,44.8,27.757568000000028,10.49702399999999,17.260544000000035,0.37816800088537944,0.7249443207126949,1.0,0,392,0.0,428,224,204,5,0,898,0,0.0,1.0,0,0.0,node_hello,1:1;19:1;22:1;30:1;44:1,SIM
flood,50,5,7,cold,240.0,60.0,node_hello,continuous,12,5,1.0,0.6560927792204723,2.010484673447086,48.2,29.06752000000001,10.49702399999999,18.570496000000016,0.3611255449381298,0.6811023622047244,1.0,0,403,0.0,445,241,204,5,249,762,0,0.0,1.0,0,0.0,node_hello,12:1;22:1;24:1;45:1;6:1,SIM
flood,50,5,7,cold,240.0,60.0,node_hello,continuous,13,5,1.0,0.077056,0.784506678249232,48.0,28.99046400000001,10.49702399999999,18.493440000000017,0.36208540849846305,0.698992443324937,1.0,0,415,0.0,444,240,204,5,0,794,0,0.0,1.0,0,0.0,node_hello,2:1;22:1;23:1;6:1;8:1,SIM
flood,50,5,7,cold,240.0,60.0,node_hello,continuous,14,5,1.0,0.07705599999999979,0.9311677947420188,50.6,29.992191999999996,10.49702399999999,19.495168000000003,0.3499918912228887,0.758220502901354,1.0,0,410,0.0,457,253,204,5,164,1034,0,0.0,1.0,0,0.0,node_hello,23:1;3:1;4:1;41:1;43:1,SIM
flood,50,5,7,cold,240.0,60.0,node_hello,continuous,15,5,1.0,0.07705599999999979,0.07705600000000054,47.4,28.759296000000013,10.49702399999999,18.26227200000002,0.36499586081662033,0.7523124357656732,1.0,0,389,0.0,441,237,204,5,249,973,0,0.0,1.0,0,0.0,node_hello,10:1;21:1;43:1;45:1;49:1,SIM
flood,50,5,7,cold,240.0,60.0,node_hello,continuous,16,5,1.0,0.07705600000000068,2.4533031055597387,48.0,28.99046400000001,10.49702399999999,18.493440000000017,0.36208540849846305,0.7147846332945286,1.0,0,405,0.0,444,240,204,5,81,859,0,0.0,1.0,0,0.0,node_hello,3:1;34:1;40:1;42:1;9:1,SIM
flood,50,5,7,cold,240.0,60.0,node_hello,continuous,17,5,1.0,0.33963656088015703,0.42942299788473615,50.4,29.915135999999997,10.49702399999999,19.418112000000004,0.35089340727048646,0.7925311203319502,1.0,0,389,0.0,456,252,204,5,363,1205,0,0.0,1.0,0,0.0,node_hello,13:1;21:1;29:1;3:1;48:1,SIM
flood,50,5,7,cold,240.0,60.0,node_hello,continuous,18,5,1.0,0.07705600000000068,0.7363119183775976,49.4,29.529856000000002,10.49702399999999,19.03283200000001,0.3554715607146879,0.7370095440084835,1.0,0,411,0.0,451,247,204,5,146,943,0,0.0,1.0,0,0.0,node_hello,29:1;33:1;35:1;36:1;49:1,SIM
flood,50,5,7,cold,240.0,60.0,node_hello,continuous,19,4,0.8,0.2884281896068578,0.7333688230569793,49.75,25.83116800000004,10.49702399999999,15.334144000000048,0.4063704746142325,0.7525,0.8,0,372,0.0,403,199,204,5,0,800,0,0.0,1.0,0,0.0,node_hello,2:1;27:1;37:0;43:1;45:1,SIM
flood,50,5,9,warm,240.0,60.0,node_hello,continuous,0,3,0.6,0.2672639999999973,0.2672639999999973,59.333333333333336,85.38316800000001,37.81017600000009,47.572991999999914,0.44282938763762064,0.0,0.6,0,377,0.0,382,178,204,5,0,173,0,0.0,1.0,0,0.0,node_hello,10:0;16:1;21:0;33:1;7:1,SIM
flood,50,5,9,warm,240.0,60.0,node_hello,continuous,1,4,0.8,0.2672639999999973,0.2672639999999973,37.75,78.16704000000007,37.81017600000009,40.35686399999999,0.4837099626645714,0.0,0.8,0,350,0.0,355,151,204,5,0,146,0,0.0,1.0,0,0.0,node_hello,10:1;28:1;32:1;43:1;45:0,SIM
flood,50,5,9,warm,240.0,60.0,node_hello,continuous,2,2,0.4,0.2672639999999973,0.2672639999999973,91.0,86.452224,37.81017600000009,48.6420479999999,0.43735342193163346,0.115,0.4,0,380,0.0,386,182,204,5,0,200,0,0.0,1.0,0,0.0,node_hello,14:1;29:0;32:0;40:0;6:1,SIM
flood,50,5,9,warm,240.0,60.0,node_hello,continuous,3,5,1.0,0.2672639999999973,0.2672639999999973,34.2,83.51232000000002,37.81017600000009,45.70214399999993,0.45274967813132344,0.0,1.0,0,370,0.0,375,171,204,5,0,166,0,0.0,1.0,0,0.0,node_hello,10:1;14:1;21:1;28:1;5:1,SIM
flood,50,5,9,warm,240.0,60.0,node_hello,continuous,4,3,0.6,0.2672639999999973,0.2672639999999973,47.666666666666664,76.02892800000009,37.81017600000009,38.21875200000001,0.49731302274839445,0.2736842105263158,0.6,0,341,0.0,347,143,204,5,0,190,0,0.0,1.0,0,0.0,node_hello,13:0;26:1;33:1;41:0;43:1,SIM
flood,50,5,9,warm,240.0,60.0,node_hello,continuous,5,2,0.4,0.2672639999999973,0.2672639999999973,81.5,81.37420800000004,37.81017600000009,43.564031999999955,0.464645701989506,0.0,0.4,0,362,0.0,367,163,204,5,0,158,0,0.0,1.0,0,0.0,node_hello,18:0;21:0;44:1;45:1;49:0,SIM
flood,50,5,9,warm,240.0,60.0,node_hello,continuous,6,5,1.0,0.2672639999999973,0.2672639999999973,36.2,86.18495999999999,37.81017600000009,48.374783999999906,0.43870967741935596,0.0,1.0,0,380,0.0,385,181,204,5,0,176,0,0.0,1.0,0,0.0,node_hello,1:1;29:1;4:1;40:1;46:1,SIM
flood,50,5,9,warm,240.0,60.0,node_hello,continuous,7,3,0.6,0.2672639999999973,0.2672639999999973,58.0,84.31411200000002,37.81017600000009,46.503935999999925,0.44844421773664744,0.0,0.6,0,373,0.0,378,174,204,5,0,169,0,0.0,1.0,0,0.0,node_hello,23:0;33:1;34:1;44:1;9:0,SIM
flood,50,5,9,warm,240.0,60.0,node_hello,continuous,8,3,0.6,0.2672639999999973,0.5377087232057121,50.666666666666664,78.43430400000008,37.81017600000009,40.624127999999985,0.48206172646091244,0.1301775147928994,0.6,0,351,0.0,356,152,204,5,0,169,0,0.0,1.0,0,0.0,node_hello,0:1;18:1;39:0;47:0;5:1,SIM
flood,50,5,9,warm,240.0,60.0,node_hello,continuous,9,5,1.0,0.2672639999999973,0.5769789495691469,42.8,95.00467199999991,37.81017600000009,57.194495999999816,0.3979822802819647,0.2743055555555556,1.0,0,410,0.0,418,214,204,5,0,288,0,0.0,1.0,0,0.0,node_hello,0:1;11:1;12:1;14:1;49:1,SIM
flood,50,5,9,warm,240.0,60.0,node_hello,continuous,10,3,0.6,0.2672639999999973,0.2672639999999973,49.333333333333336,77.3652480000001,37.81017600000009,39.555071999999996,0.48872299872935254,0.16374269005847952,0.6,0,347,0.0,352,148,204,5,0,171,0,0.0,1.0,0,0.0,node_hello,27:0;28:0;33:1;44:1;46:1,SIM
flood,50,5,9,warm,240.0,60.0,node_hello,continuous,11,4,0.8,0.2672639999999973,0.2672639999999973,36.25,76.56345600000009,37.81017600000009,38.753280000000004,0.49384103037355115,0.0,0.8,0,344,0.0,349,145,204,5,0,140,0,0.0,1.0,0,0.0,node_hello,1:1;19:1;22:1;30:1;44:0,SIM
flood,50,5,9,warm,240.0,60.0,node_hello,continuous,12,3,0.6,0.2672639999999973,0.2672639999999973,62.0,87.52127999999999,37.81017600000009,49.71110399999989,0.4320112320112331,0.39935064935064934,0.6,0,377,0.0,390,186,204,5,104,308,0,0.0,1.0,0,0.0,node_hello,12:0;22:1;24:1;45:1;6:0,SIM
flood,50,5,9,warm,240.0,60.0,node_hello,continuous,13,4,0.8,0.2672639999999973,0.2672639999999973,44.25,85.115904,37.81017600000009,47.30572799999992,0.44421987223445447,0.24890829694323144,0.8,0,375,0.0,381,177,204,5,0,229,0,0.0,1.0,0,0.0,node_hello,2:0;22:1;23:1;6:1;8:1,SIM
flood,50,5,9,warm,240.0,60.0,node_hello,continuous,14,3,0.6,0.2672639999999973,0.2672639999999973,61.666666666666664,87.25401599999998,37.81017600000009,49.443839999999895,0.4333345069182844,0.0,0.6,0,384,0.0,389,185,204,5,0,180,0,0.0,1.0,0,0.0,node_hello,23:0;3:1;4:1;41:1;43:0,SIM
flood,50,5,9,warm,240.0,60.0,node_hello,continuous,15,3,0.6,0.2672639999999973,0.2672639999999973,61.333333333333336,86.986752,37.81017600000009,49.1765759999999,0.4346659132645865,0.105,0.6,0,378,0.0,388,184,204,5,110,200,0,0.0,1.0,0,0.0,node_hello,10:1;21:1;43:1;45:0;49:0,SIM
flood,50,5,9,warm,240.0,60.0,node_hello,continuous,16,4,0.8,0.2672639999999973,0.2672639999999973,45.0,85.917696,37.81017600000009,48.10751999999991,0.44007437070938316,0.12935323383084577,0.8,0,378,0.0,384,180,204,5,0,201,0,0.0,1.0,0,0.0,node_hello,3:1;34:1;40:1;42:1;9:0,SIM
flood,50,5,9,warm,240.0,60.0,node_hello,continuous,17,4,0.8,0.2672639999999973,0.2672639999999973,43.75,84.581376,37.81017600000009,46.77119999999992,0.44702720371917437,0.10052910052910052,0.8,0,373,0.0,379,175,204,5,0,189,0,0.0,1.0,0,0.0,node_hello,13:1;21:1;29:0;3:1;48:1,SIM
flood,50,5,9,warm,240.0,60.0,node_hello,continuous,18,3,0.6,0.2672639999999973,0.2672639999999973,58.0,84.31411200000002,37.81017600000009,46.503935999999925,0.44844421773664744,0.0,0.6,0,373,0.0,378,174,204,5,0,169,0,0.0,1.0,0,0.0,node_hello,29:1;33:0;35:1;36:0;49:1,SIM
flood,50,5,9,warm,240.0,60.0,node_hello,continuous,19,3,0.6,0.2672639999999973,0.2672639999999973,46.333333333333336,74.9598720000001,37.81017600000009,37.14969600000002,0.5044055571492977,0.0,0.6,0,339,0.0,343,139,204,5,0,134,0,0.0,1.0,0,0.0,node_hello,2:1;27:0;37:0;43:1;45:1,SIM
flood,50,5,9,cold,240.0,60.0,node_hello,continuous,0,3,0.6,0.26726400000000083,0.26726400000000083,59.333333333333336,85.38316800000001,37.81017600000009,47.572991999999914,0.44282938763762064,0.0,0.6,0,377,0.0,382,178,204,5,0,173,0,0.0,1.0,0,0.0,node_hello,10:0;16:1;21:0;33:1;7:1,SIM
flood,50,5,9,cold,240.0,60.0,node_hello,continuous,1,4,0.8,0.2672640000000004,0.26726400000000083,37.75,78.16704000000007,37.81017600000009,40.35686399999999,0.4837099626645714,0.0,0.8,0,350,0.0,355,151,204,5,0,146,0,0.0,1.0,0,0.0,node_hello,10:1;28:1;32:1;43:1;45:0,SIM
flood,50,5,9,cold,240.0,60.0,node_hello,continuous,2,2,0.4,0.26726399999999995,0.267264,91.0,86.452224,37.81017600000009,48.6420479999999,0.43735342193163346,0.115,0.4,0,380,0.0,386,182,204,5,0,200,0,0.0,1.0,0,0.0,node_hello,14:1;29:0;32:0;40:0;6:1,SIM
flood,50,5,9,cold,240.0,60.0,node_hello,continuous,3,5,1.0,0.26726400000000083,0.26726400000000083,34.2,83.51232000000002,37.81017600000009,45.70214399999993,0.45274967813132344,0.0,1.0,0,370,0.0,375,171,204,5,0,166,0,0.0,1.0,0,0.0,node_hello,10:1;14:1;21:1;28:1;5:1,SIM
flood,50,5,9,cold,240.0,60.0,node_hello,continuous,4,3,0.6,0.26726400000000083,0.26726400000000083,59.333333333333336,85.38316800000001,37.81017600000009,47.572991999999914,0.44282938763762064,0.10824742268041238,0.6,0,376,0.0,382,178,204,5,0,194,0,0.0,1.0,0,0.0,node_hello,13:1;26:0;33:1;41:0;43:1,SIM
flood,50,5,9,cold,240.0,60.0,node_hello,continuous,5,2,0.4,0.26726400000000083,0.26726400000000083,81.5,81.37420800000004,37.81017600000009,43.564031999999955,0.464645701989506,0.0,0.4,0,362,0.0,367,163,204,5,0,158,0,0.0,1.0,0,0.0,node_hello,18:0;21:0;44:1;45:1;49:0,SIM
flood,50,5,9,cold,240.0,60.0,node_hello,continuous,6,5,1.0,0.26726400000000083,0.26726400000000083,36.2,86.18495999999999,37.81017600000009,48.374783999999906,0.43870967741935596,0.0,1.0,0,380,0.0,385,181,204,5,0,176,0,0.0,1.0,0,0.0,node_hello,1:1;29:1;4:1;40:1;46:1,SIM
flood,50,5,9,cold,240.0,60.0,node_hello,continuous,7,3,0.6,0.26726400000000083,0.26726400000000083,58.0,84.31411200000002,37.81017600000009,46.503935999999925,0.44844421773664744,0.0,0.6,0,373,0.0,378,174,204,5,0,169,0,0.0,1.0,0,0.0,node_hello,23:0;33:1;34:1;44:1;9:0,SIM
flood,50,5,9,cold,240.0,60.0,node_hello,continuous,8,3,0.6,0.267264,0.5377087232057204,50.666666666666664,78.43430400000008,37.81017600000009,40.624127999999985,0.48206172646091244,0.1301775147928994,0.6,0,351,0.0,356,152,204,5,0,169,0,0.0,1.0,0,0.0,node_hello,0:1;18:1;39:0;47:0;5:1,SIM
flood,50,5,9,cold,240.0,60.0,node_hello,continuous,9,5,1.0,0.26726400000000083,0.5769789495691475,42.8,95.00467199999991,37.81017600000009,57.194495999999816,0.3979822802819647,0.2743055555555556,1.0,0,410,0.0,418,214,204,5,0,288,0,0.0,1.0,0,0.0,node_hello,0:1;11:1;12:1;14:1;49:1,SIM
flood,50,5,9,cold,240.0,60.0,node_hello,continuous,10,3,0.6,0.26726400000000083,0.26726400000000083,49.333333333333336,77.3652480000001,37.81017600000009,39.555071999999996,0.48872299872935254,0.16374269005847952,0.6,0,347,0.0,352,148,204,5,0,171,0,0.0,1.0,0,0.0,node_hello,27:0;28:0;33:1;44:1;46:1,SIM
flood,50,5,9,cold,240.0,60.0,node_hello,continuous,11,4,0.8,0.2672640000000004,0.26726400000000083,36.25,76.56345600000009,37.81017600000009,38.753280000000004,0.49384103037355115,0.0,0.8,0,344,0.0,349,145,204,5,0,140,0,0.0,1.0,0,0.0,node_hello,1:1;19:1;22:1;30:1;44:0,SIM
flood,50,5,9,cold,240.0,60.0,node_hello,continuous,12,3,0.6,0.26726400000000083,0.26726400000000083,54.666666666666664,81.64147200000005,37.81017600000009,43.83129599999995,0.46312462372065105,0.1016949152542373,0.6,0,359,0.0,368,164,204,5,107,177,0,0.0,1.0,0,0.0,node_hello,12:1;22:1;24:0;45:1;6:0,SIM
flood,50,5,9,cold,240.0,60.0,node_hello,continuous,13,4,0.8,0.26726400000000083,0.26726400000000083,44.25,85.115904,37.81017600000009,47.30572799999992,0.44421987223445447,0.24890829694323144,0.8,0,375,0.0,381,177,204,5,0,229,0,0.0,1.0,0,0.0,node_hello,2:0;22:1;23:1;6:1;8:1,SIM
flood,50,5,9,cold,240.0,60.0,node_hello,continuous,14,3,0.6,0.267264,0.2672640000000008,61.666666666666664,87.25401599999998,37.81017600000009,49.443839999999895,0.4333345069182844,0.0,0.6,0,384,0.0,389,185,204,5,0,180,0,0.0,1.0,0,0.0,node_hello,23:0;3:1;4:1;41:1;43:0,SIM
flood,50,5,9,cold,240.0,60.0,node_hello,continuous,15,3,0.6,0.26726400000000083,0.5779436637683569,59.666666666666664,85.650432,37.81017600000009,47.84025599999991,0.44144758078978624,0.11224489795918367,0.6,0,373,0.0,383,179,204,5,112,196,0,0.0,1.0,0,0.0,node_hello,10:0;21:1;43:1;45:0;49:1,SIM
flood,50,5,9,cold,240.0,60.0,node_hello,continuous,16,4,0.8,0.26726400000000083,0.26726400000000083,45.0,85.917696,37.81017600000009,48.10751999999991,0.44007437070938316,0.12935323383084577,0.8,0,378,0.0,384,180,204,5,0,201,0,0.0,1.0,0,0.0,node_hello,3:1;34:1;40:1;42:1;9:0,SIM
flood,50,5,9,cold,240.0,60.0,node_hello,continuous,17,4,0.8,0.2672640000000004,0.26726400000000083,43.75,84.581376,37.81017600000009,46.77119999999992,0.44702720371917437,0.10052910052910052,0.8,0,373,0.0,379,175,204,5,0,189,0,0.0,1.0,0,0.0,node_hello,13:1;21:1;29:0;3:1;48:1,SIM
flood,50,5,9,cold,240.0,60.0,node_hello,continuous,18,3,0.6,0.26726400000000083,0.26726400000000083,58.0,84.31411200000002,37.81017600000009,46.503935999999925,0.44844421773664744,0.0,0.6,0,373,0.0,378,174,204,5,0,169,0,0.0,1.0,0,0.0,node_hello,29:1;33:0;35:1;36:0;49:1,SIM
flood,50,5,9,cold,240.0,60.0,node_hello,continuous,19,3,0.6,0.26726400000000083,0.26726400000000083,46.333333333333336,74.9598720000001,37.81017600000009,37.14969600000002,0.5044055571492977,0.0,0.6,0,339,0.0,343,139,204,5,0,134,0,0.0,1.0,0,0.0,node_hello,2:1;27:0;37:0;43:1;45:1,SIM
flood,50,20,7,warm,240.0,60.0,node_hello,continuous,0,20,1.0,0.0770559999999989,1.9275241273181916,48.5,85.24134399999922,10.49702399999999,74.74431999999922,0.12314475004054473,0.7574183976261127,1.0,0,1016,0.0,1174,970,204,20,0,4044,0,0.0,1.0,0,0.0,node_hello,0:1;10:1;11:1;16:1;17:1;19:1;21:1;22:1;24:1;26:1;28:1;30:1;32:1;33:1;36:1;38:1;42:1;46:1;7:1;9:1,SIM
flood,50,20,7,warm,240.0,60.0,node_hello,continuous,1,20,1.0,0.20287076444598995,1.1867675326906255,48.2,84.77900799999922,10.49702399999999,74.28198399999923,0.12381631075466332,0.7143278301886793,1.0,0,1030,0.0,1168,964,204,20,0,3392,0,0.0,1.0,0,0.0,node_hello,1:1;10:1;14:1;19:1;20:1;25:1;27:1;28:1;3:1;32:1;33:1;34:1;4:1;40:1;41:1;42:1;43:1;44:1;45:1;48:1,SIM
flood,50,20,7,warm,240.0,60.0,node_hello,continuous,2,20,1.0,0.4574241648146078,2.6248656433650197,48.85,85.78073599999921,10.49702399999999,75.28371199999921,0.12237041193025072,0.747814910025707,1.0,0,1018,0.0,1181,977,204,20,0,3890,0,0.0,1.0,0,0.0,node_hello,0:1;14:1;15:1;16:1;17:1;2:1;23:1;27:1;28:1;29:1;32:1;37:1;39:1;4:1;40:1;42:1;46:1;47:1;5:1;6:1,SIM
flood,50,20,7,warm,240.0,60.0,node_hello,continuous,3,20,1.0,0.11950956215569875,2.0842153117051554,48.7,85.54956799999921,10.49702399999999,75.05254399999922,0.12270107547474801,0.7570830253757083,1.0,0,1006,0.0,1178,974,204,20,116,4059,0,0.0,1.0,0,0.0,node_hello,10:1;11:1;12:1;13:1;14:1;17:1;2:1;20:1;21:1;25:1;28:1;33:1;36:1;40:1;41:1;45:1;48:1;49:1;5:1;7:1,SIM
flood,50,20,7,warm,240.0,60.0,node_hello,continuous,4,20,1.0,0.0770559999999989,0.8878639095282381,48.95,85.9348479999992,10.49702399999999,75.43782399999921,0.12215095789777958,0.7494897959183674,1.0,0,1008,0.0,1183,979,204,20,271,3920,0,0.44,1.0,0,0.0,node_hello,10:1;12:1;13:1;17:1;18:1;2:1;21:1;25:1;26:1;29:1;3:1;31:1;33:1;39:1;4:1;41:1;42:1;43:1;44:1;8:1,SIM
flood,50,20,7,warm,240.0,60.0,node_hello,continuous,5,20,1.0,0.24312466589753257,2.1798429213258608,47.5,83.70022399999924,10.49702399999999,73.20319999999924,0.12541213748723165,0.7296697196780461,1.0,0,978,0.0,1154,950,204,20,36,3603,0,0.0,1.0,0,0.0,node_hello,0:1;11:1;16:1;17:1;18:1;20:1;21:1;22:1;29:1;30:1;32:1;33:1;35:1;37:1;41:1;44:1;45:1;46:1;49:1;8:1,SIM
flood,50,20,7,warm,240.0,60.0,node_hello,continuous,6,20,1.0,0.0770559999999989,0.9273653952978318,48.9,85.85779199999921,10.49702399999999,75.36076799999921,0.1222605864357668,0.778697695233833,1.0,0,982,0.0,1182,978,204,20,292,4469,0,0.0,1.0,0,0.0,node_hello,1:1;10:1;12:1;16:1;24:1;28:1;29:1;30:1;31:1;35:1;37:1;39:1;4:1;40:1;42:1;44:1;45:1;46:1;5:1;8:1,SIM
flood,50,20,7,warm,240.0,60.0,node_hello,continuous,7,20,1.0,0.12913811494432537,0.7638122371830298,49.5,86.7824639999992,10.49702399999999,76.2854399999992,0.12095789306005518,0.7201925800056641,1.0,0,1049,0.0,1194,990,204,20,0,3531,0,0.0,1.0,0,0.0,node_hello,1:1;10:1;14:1;16:1;19:1;21:1;22:1;23:1;32:1;33:1;34:1;41:1;42:1;43:1;44:1;45:1;48:1;49:1;5:1;9:1,SIM
flood,50,20,7,warm,240.0,60.0,node_hello,continuous,8,16,0.8,0.6277648147245998,2.1406988083826946,55.5625,78.9998079999993,10.49702399999999,68.50278399999931,0.13287404445337492,0.7504196978175713,0.8,0,938,0.0,1093,889,204,20,181,3574,0,0.0,1.0,0,0.0,node_hello,0:1;14:1;18:1;19:0;20:1;22:0;23:1;25:1;26:0;33:1;35:1;38:1;39:1;40:0;41:1;44:1;45:1;46:1;48:1;5:1,SIM
flood,50,20,7,warm,240.0,60.0,node_hello,continuous,9,19,0.95,0.0770559999999989,1.9431314486551854,49.10526315789474,82.39027199999926,10.49702399999999,71.89324799999926,0.12740610930377905,0.7355903749300504,0.95,0,984,0.0,1137,933,204,20,0,3574,0,0.0,1.0,0,0.0,node_hello,0:0;1:1;11:1;12:1;14:1;16:1;17:1;24:1;27:1;29:1;30:1;34:1;35:1;37:1;4:1;41:1;44:1;45:1;49:1;5:1,SIM
flood,50,20,7,warm,240.0,60.0,node_hello,continuous,10,20,1.0,0.0770559999999989,1.4156731210287092,49.4,86.6283519999992,10.49702399999999,76.1313279999992,0.1211730773777168,0.7674144037780402,1.0,0,1027,0.0,1192,988,204,20,78,4235,0,0.0,1.0,0,0.0,node_hello,0:1;12:1;13:1;17:1;23:1;24:1;26:1;27:1;28:1;33:1;35:1;38:1;4:1;42:1;44:1;46:1;47:1;48:1;49:1;7:1,SIM
flood,50,20,7,warm,240.0,60.0,node_hello,continuous,11,20,1.0,0.14704604619315376,0.7134399691667892,48.8,85.70367999999921,10.49702399999999,75.20665599999921,0.12248043491248085,0.7435294117647059,1.0,0,1022,0.0,1180,976,204,20,0,3825,0,0.0,1.0,0,0.0,node_hello,1:1;19:1;2:1;20:1;22:1;23:1;28:1;30:1;31:1;34:1;38:1;4:1;40:1;41:1;42:1;44:1;45:1;48:1;49:1;8:1,SIM
flood,50,20,7,warm,240.0,60.0,node_hello,continuous,12,19,0.95,0.18022282364711373,1.586967933928846,51.526315789473685,85.9348479999992,10.49702399999999,75.43782399999921,0.12215095789777958,0.7485933503836317,0.95,0,1015,0.0,1183,979,204,20,150,3910,0,0.0,1.0,0,0.0,node_hello,10:1;12:1;13:1;15:1;17:1;19:1;22:1;24:1;25:1;26:1;31:1;34:1;39:1;4:1;40:1;42:1;45:0;46:1;6:1;7:1,SIM
flood,50,20,7,warm,240.0,60.0,node_hello,continuous,13,20,1.0,0.0770559999999989,0.8683912592254301,49.0,86.0119039999992,10.49702399999999,75.51487999999921,0.12204152578694326,0.7456929802005657,1.0,0,1032,0.0,1184,980,204,20,0,3889,0,0.0,1.0,0,0.0,node_hello,10:1;18:1;2:1;20:1;22:1;23:1;27:1;28:1;3:1;31:1;34:1;35:1;37:1;42:1;43:1;47:1;48:1;49:1;6:1;8:1,SIM
flood,50,20,7,warm,240.0,60.0,node_hello,continuous,14,20,1.0,0.0770559999999989,0.45520665199388777,48.2,84.77900799999922,10.49702399999999,74.28198399999923,0.12381631075466332,0.7436974789915967,1.0,0,1006,0.0,1168,964,204,20,118,3808,0,0.0,1.0,0,0.0,node_hello,0:1;10:1;19:1;2:1;23:1;24:1;27:1;28:1;3:1;34:1;4:1;41:1;43:1;44:1;45:1;47:1;49:1;6:1;7:1;8:1,SIM
flood,50,20,7,warm,240.0,60.0,node_hello,continuous,15,18,0.9,0.39261568869790153,1.7316002781703639,48.388888888888886,77.61279999999932,10.49702399999999,67.11577599999933,0.13524861878453145,0.7647525800476317,0.9,0,900,0.0,1075,871,204,20,204,3779,0,0.54,1.0,0,0.0,node_hello,1:1;10:1;11:1;13:1;17:1;21:1;22:1;26:0;29:1;3:1;33:1;36:1;38:1;39:1;42:1;43:1;45:1;46:1;48:0;8:1,SIM
flood,50,20,7,warm,240.0,60.0,node_hello,continuous,16,20,1.0,0.0770559999999989,1.0521975266631465,48.95,85.9348479999992,10.49702399999999,75.43782399999921,0.12215095789777958,0.767376550432951,1.0,0,1006,0.0,1183,979,204,20,56,4273,0,0.0,1.0,0,0.0,node_hello,1:1;13:1;14:1;17:1;22:1;3:1;30:1;32:1;33:1;34:1;37:1;4:1;40:1;41:1;42:1;44:1;45:1;46:1;49:1;9:1,SIM
flood,50,20,7,warm,240.0,60.0,node_hello,continuous,17,20,1.0,0.0770559999999989,0.9873617812636161,49.15,86.2430719999992,10.49702399999999,75.7460479999992,0.1217144027522592,0.7793888021414231,1.0,0,982,0.0,1187,983,204,20,421,4483,0,0.58,1.0,0,0.0,node_hello,0:1;1:1;13:1;14:1;17:1;19:1;21:1;27:1;29:1;3:1;30:1;33:1;34:1;40:1;43:1;46:1;48:1;49:1;6:1;7:1,SIM
flood,50,20,7,warm,240.0,60.0,node_hello,continuous,18,20,1.0,0.0770559999999989,0.4925884127929412,50.1,87.70713599999918,10.49702399999999,77.21011199999919,0.11968266755398431,0.7582444228903976,1.0,0,1046,0.0,1206,1002,204,20,99,4124,0,0.0,1.0,0,0.0,node_hello,10:1;14:1;20:1;21:1;23:1;24:1;25:1;29:1;31:1;32:1;33:1;34:1;35:1;36:1;4:1;44:1;45:1;47:1;48:1;5:1,SIM
flood,50,20,7,warm,240.0,60.0,node_hello,continuous,19,18,0.9,0.29546100781108464,0.7984388345172836,50.05555555555556,79.92447999999929,10.49702399999999,69.4274559999993,0.13133678192213555,0.7709825997952917,0.9,0,949,0.0,1105,901,204,20,0,3908,0,0.0,1.0,0,0.0,node_hello,12:1;15:1;17:1;18:1;2:1;20:1;27:1;28:1;34:0;37:1;39:1;4:1;40:1;41:1;43:1;45:1;47:1;7:0;8:1;9:1,SIM
flood,50,20,7,cold,240.0,60.0,node_hello,continuous,0,20,1.0,0.0770559999999989,1.9275241273181913,48.5,85.24134399999922,10.49702399999999,74.74431999999922,0.12314475004054473,0.7574183976261127,1.0,0,1016,0.0,1174,970,204,20,0,4044,0,0.0,1.0,0,0.0,node_hello,0:1;10:1;11:1;16:1;17:1;19:1;21:1;22:1;24:1;26:1;28:1;30:1;32:1;33:1;36:1;38:1;42:1;46:1;7:1;9:1,SIM
flood,50,20,7,cold,240.0,60.0,node_hello,continuous,1,20,1.0,0.2028707644459895,1.1867675326906255,48.2,84.77900799999922,10.49702399999999,74.28198399999923,0.12381631075466332,0.7143278301886793,1.0,0,1030,0.0,1168,964,204,20,0,3392,0,0.0,1.0,0,0.0,node_hello,1:1;10:1;14:1;19:1;20:1;25:1;27:1;28:1;3:1;32:1;33:1;34:1;4:1;40:1;41:1;42:1;43:1;44:1;45:1;48:1,SIM
flood,50,20,7,cold,240.0,60.0,node_hello,continuous,2,20,1.0,0.45742416481460735,2.624865643365023,48.85,85.78073599999921,10.49702399999999,75.28371199999921,0.12237041193025072,0.747814910025707,1.0,0,1018,0.0,1181,977,204,20,0,3890,0,0.0,1.0,0,0.0,node_hello,0:1;14:1;15:1;16:1;17:1;2:1;23:1;27:1;28:1;29:1;32:1;37:1;39:1;4:1;40:1;42:1;46:1;47:1;5:1;6:1,SIM
flood,50,20,7,cold,240.0,60.0,node_hello,continuous,3,20,1.0,0.0770559999999989,0.6448805716710195,47.85,84.23961599999923,10.49702399999999,73.74259199999923,0.124609115027306,0.7444005270092227,1.0,0,997,0.0,1161,957,204,20,108,3795,0,0.0,1.0,0,0.0,node_hello,10:1;11:1;12:1;13:1;14:1;17:1;2:1;20:1;21:1;25:1;28:1;33:1;36:1;40:1;41:1;45:1;48:1;49:1;5:1;7:1,SIM
flood,50,20,7,cold,240.0,60.0,node_hello,continuous,4,20,1.0,0.07705599999999946,0.8878639095282389,48.95,85.9348479999992,10.49702399999999,75.43782399999921,0.12215095789777958,0.7515182186234818,1.0,0,1005,0.0,1183,979,204,20,275,3952,0,0.0,1.0,0,0.0,node_hello,10:1;12:1;13:1;17:1;18:1;2:1;21:1;25:1;26:1;29:1;3:1;31:1;33:1;39:1;4:1;41:1;42:1;43:1;44:1;8:1,SIM
flood,50,20,7,cold,240.0,60.0,node_hello,continuous,5,20,1.0,0.26784176562000894,2.613694223920074,48.3,84.93311999999922,10.49702399999999,74.43609599999922,0.12359164481417952,0.7457098283931357,1.0,0,982,0.0,1170,966,204,20,56,3846,0,0.0,1.0,0,0.0,node_hello,0:1;11:1;16:1;17:1;18:1;20:1;21:1;22:1;29:1;30:1;32:1;33:1;35:1;37:1;41:1;44:1;45:1;46:1;49:1;8:1,SIM
flood,50,20,7,cold,240.0,60.0,node_hello,continuous,6,20,1.0,0.1688069592200695,1.5704210711541629,47.85,84.23961599999923,10.49702399999999,73.74259199999923,0.124609115027306,0.7474877608863695,1.0,0,987,0.0,1161,957,204,20,282,3881,0,0.0,1.0,0,0.0,node_hello,1:1;10:1;12:1;16:1;24:1;28:1;29:1;30:1;31:1;35:1;37:1;39:1;4:1;40:1;42:1;44:1;45:1;46:1;5:1;8:1,SIM
flood,50,20,7,cold,240.0,60.0,node_hello,continuous,7,20,1.0,0.12913811494432625,0.7638122371830366,49.5,86.7824639999992,10.49702399999999,76.2854399999992,0.12095789306005518,0.7201925800056641,1.0,0,1049,0.0,1194,990,204,20,0,3531,0,0.0,1.0,0,0.0,node_hello,1:1;10:1;14:1;16:1;19:1;21:1;22:1;23:1;32:1;33:1;34:1;41:1;42:1;43:1;44:1;45:1;48:1;49:1;5:1;9:1,SIM
flood,50,20,7,cold,240.0,60.0,node_hello,continuous,8,18,0.9,0.3004749361092104,1.8765539697170301,49.111111111111114,78.61452799999931,10.49702399999999,68.11750399999931,0.13352524357838902,0.7448476052249637,0.9,0,938,0.0,1088,884,204,20,175,3445,0,0.0,1.0,0,0.0,node_hello,0:1;14:1;18:1;19:0;20:1;22:1;23:1;25:1;26:1;33:1;35:1;38:1;39:1;40:0;41:1;44:1;45:1;46:1;48:1;5:1,SIM
flood,50,20,7,cold,240.0,60.0,node_hello,continuous,9,19,0.95,0.07705599999999979,1.943131448655184,49.10526315789474,82.39027199999926,10.49702399999999,71.89324799999926,0.12740610930377905,0.7355903749300504,0.95,0,984,0.0,1137,933,204,20,0,3574,0,0.0,1.0,0,0.0,node_hello,0:0;1:1;11:1;12:1;14:1;16:1;17:1;24:1;27:1;29:1;30:1;34:1;35:1;37:1;4:1;41:1;44:1;45:1;49:1;5:1,SIM
flood,50,20,7,cold,240.0,60.0,node_hello,continuous,10,20,1.0,0.07705600000000035,1.8121129658969628,48.65,85.47251199999921,10.49702399999999,74.97548799999922,0.12281169412688009,0.7619281849483522,1.0,0,1018,0.0,1177,973,204,20,85,4066,0,0.0,1.0,0,0.0,node_hello,0:1;12:1;13:1;17:1;23:1;24:1;26:1;27:1;28:1;33:1;35:1;38:1;4:1;42:1;44:1;46:1;47:1;48:1;49:1;7:1,SIM
flood,50,20,7,cold,240.0,60.0,node_hello,continuous,11,20,1.0,0.1470460461931542,0.713439969166793,48.8,85.70367999999921,10.49702399999999,75.20665599999921,0.12248043491248085,0.7435294117647059,1.0,0,1022,0.0,1180,976,204,20,0,3825,0,0.0,1.0,0,0.0,node_hello,1:1;19:1;2:1;20:1;22:1;23:1;28:1;30:1;31:1;34:1;38:1;4:1;40:1;41:1;42:1;44:1;45:1;48:1;49:1;8:1,SIM
flood,50,20,7,cold,240.0,60.0,node_hello,continuous,12,20,1.0,0.07705599999999946,1.8419247166027177,47.2,83.23788799999924,10.49702399999999,72.74086399999925,0.12610872587252678,0.7254623044096729,1.0,0,987,0.0,1148,944,204,20,154,3515,0,0.0,1.0,0,0.0,node_hello,10:1;12:1;13:1;15:1;17:1;19:1;22:1;24:1;25:1;26:1;31:1;34:1;39:1;4:1;40:1;42:1;45:1;46:1;6:1;7:1,SIM
flood,50,20,7,cold,240.0,60.0,node_hello,continuous,13,20,1.0,0.0770559999999999,0.8683912592254276,49.0,86.0119039999992,10.49702399999999,75.51487999999921,0.12204152578694326,0.7456929802005657,1.0,0,1032,0.0,1184,980,204,20,0,3889,0,0.0,1.0,0,0.0,node_hello,10:1;18:1;2:1;20:1;22:1;23:1;27:1;28:1;3:1;31:1;34:1;35:1;37:1;42:1;43:1;47:1;48:1;49:1;6:1;8:1,SIM
flood,50,20,7,cold,240.0,60.0,node_hello,continuous,14,20,1.0,0.0770559999999989,0.5903284160184297,48.9,85.85779199999921,10.49702399999999,75.36076799999921,0.1222605864357668,0.7617668356263577,1.0,0,1010,0.0,1182,978,204,20,89,4143,0,0.0,1.0,0,0.0,node_hello,0:1;10:1;19:1;2:1;23:1;24:1;27:1;28:1;3:1;34:1;4:1;41:1;43:1;44:1;45:1;47:1;49:1;6:1;7:1;8:1,SIM
flood,50,20,7,cold,240.0,60.0,node_hello,continuous,15,17,0.85,0.07705600000000068,1.8083608634924064,49.94117647058823,75.91756799999935,10.49702399999999,65.42054399999935,0.1382687074485853,0.729404309252218,0.85,0,911,0.0,1053,849,204,20,209,3156,0,0.0,1.0,0,0.0,node_hello,1:0;10:1;11:1;13:1;17:1;21:1;22:1;26:0;29:1;3:1;33:1;36:1;38:1;39:1;42:1;43:1;45:1;46:1;48:0;8:1,SIM
flood,50,20,7,cold,240.0,60.0,node_hello,continuous,16,20,1.0,0.0770559999999999,0.767390828422117,47.8,84.16255999999923,10.49702399999999,73.66553599999924,0.12472320233605165,0.7632673025189533,1.0,0,990,0.0,1160,956,204,20,60,4089,0,0.0,1.0,0,0.0,node_hello,1:1;13:1;14:1;17:1;22:1;3:1;30:1;32:1;33:1;34:1;37:1;4:1;40:1;41:1;42:1;44:1;45:1;46:1;49:1;9:1,SIM
flood,50,20,7,cold,240.0,60.0,node_hello,continuous,17,20,1.0,0.18223254009225087,1.7949594995978544,47.25,83.31494399999924,10.49702399999999,72.81791999999925,0.12599209092669,0.7253157290470723,1.0,0,987,0.0,1149,945,204,20,407,3484,0,0.0,1.0,0,0.0,node_hello,0:1;1:1;13:1;14:1;17:1;19:1;21:1;27:1;29:1;3:1;30:1;33:1;34:1;40:1;43:1;46:1;48:1;49:1;6:1;7:1,SIM
flood,50,20,7,cold,240.0,60.0,node_hello,continuous,18,20,1.0,0.0770559999999989,1.732448691778065,49.8,87.24479999999919,10.49702399999999,76.74777599999919,0.12031690140845172,0.766721426895095,1.0,0,1039,0.0,1200,996,204,20,68,4261,0,0.0,1.0,0,0.0,node_hello,10:1;14:1;20:1;21:1;23:1;24:1;25:1;29:1;31:1;32:1;33:1;34:1;35:1;36:1;4:1;44:1;45:1;47:1;48:1;5:1,SIM
flood,50,20,7,cold,240.0,60.0,node_hello,continuous,19,18,0.9,0.29546100781107754,0.7984388345172786,50.05555555555556,79.92447999999929,10.49702399999999,69.4274559999993,0.13133678192213555,0.7709825997952917,0.9,0,949,0.0,1105,901,204,20,0,3908,0,0.0,1.0,0,0.0,node_hello,12:1;15:1;17:1;18:1;2:1;20:1;27:1;28:1;34:0;37:1;39:1;4:1;40:1;41:1;43:1;45:1;47:1;7:0;8:1;9:1,SIM
flood,50,20,9,warm,240.0,60.0,node_hello,continuous,0,16,0.8,0.2672639999999973,0.2672640000000115,45.6875,233.1801600000021,37.81017600000009,195.369984000002,0.16215005599104035,0.18327605956471935,0.8,0,910,0.0,935,731,204,20,0,873,0,0.0,1.0,0,0.0,node_hello,0:1;10:1;11:1;16:1;17:0;19:1;21:1;22:1;24:1;26:0;28:1;30:1;32:1;33:1;36:1;38:1;42:0;46:1;7:0;9:1,SIM
flood,50,20,9,warm,240.0,60.0,node_hello,continuous,1,10,0.5,0.2672640000000044,1.5239519234524666,75.5,239.59449600000238,37.81017600000009,201.78432000000228,0.15780903414408867,0.16761041902604756,0.5,0,933,0.0,959,755,204,20,0,883,0,0.0,1.0,0,0.0,node_hello,1:0;10:1;14:0;19:1;20:0;25:1;27:1;28:1;3:0;32:0;33:1;34:1;4:0;40:1;41:0;42:1;43:0;44:1;45:0;48:0,SIM
flood,50,20,9,warm,240.0,60.0,node_hello,continuous,2,11,0.55,0.2672639999999973,0.40717621875145227,65.72727272727273,231.042048000002,37.81017600000009,193.2318720000019,0.16365062691964954,0.11904761904761904,0.55,0,903,0.0,927,723,204,20,0,798,0,0.0,1.0,0,0.0,node_hello,0:1;14:1;15:1;16:0;17:1;2:0;23:1;27:1;28:1;29:1;32:0;37:0;39:0;4:0;40:0;42:0;46:1;47:0;5:1;6:1,SIM
flood,50,20,9,warm,240.0,60.0,node_hello,continuous,3,19,0.95,0.2672639999999973,0.305895029644899,38.31578947368421,232.37836800000207,37.81017600000009,194.56819200000197,0.162709534133572,0.14285714285714285,0.95,0,907,0.0,932,728,204,20,0,826,0,0.0,1.0,0,0.0,node_hello,10:1;11:1;12:1;13:1;14:1;17:1;2:0;20:1;21:1;25:1;28:1;33:1;36:1;40:1;41:1;45:1;48:1;49:1;5:1;7:1,SIM
flood,50,20,9,warm,240.0,60.0,node_hello,continuous,4,12,0.6,0.2672640000000115,1.18741052288931,54.5,212.60083200000122,37.81017600000009,174.79065600000112,0.17784585151576393,0.20251572327044026,0.6,0,834,0.0,858,654,204,20,0,795,0,0.0,1.0,0,0.0,node_hello,10:1;12:1;13:0;17:1;18:0;2:0;21:1;25:0;26:0;29:1;3:0;31:1;33:1;39:0;4:1;41:0;42:1;43:1;44:1;8:1,SIM
flood,50,20,9,warm,240.0,60.0,node_hello,continuous,5,10,0.5,0.2672640000000044,0.5881892798674051,68.5,220.88601600000158,37.81017600000009,183.07584000000148,0.17117505528281077,0.23183391003460208,0.5,0,861,0.0,889,685,204,20,0,867,0,0.0,1.0,0,0.0,node_hello,0:1;11:1;16:0;17:0;18:0;20:1;21:0;22:1;29:1;30:0;32:0;33:1;35:0;37:1;41:0;44:1;45:1;46:0;49:0;8:1,SIM
flood,50,20,9,warm,240.0,60.0,node_hello,continuous,6,16,0.8,0.2672639999999973,0.2672640000000115,43.375,223.29139200000168,37.81017600000009,185.48121600000158,0.16933109539663674,0.04397163120567376,0.8,0,876,0.0,898,694,204,20,0,705,0,0.0,1.0,0,0.0,node_hello,1:1;10:1;12:1;16:1;24:0;28:0;29:1;30:1;31:0;35:1;37:1;39:1;4:1;40:1;42:1;44:1;45:0;46:1;5:1;8:1,SIM
flood,50,20,9,warm,240.0,60.0,node_hello,continuous,7,13,0.65,0.2672639999999973,0.42760865452446467,57.38461538461539,237.18912000000228,37.81017600000009,199.37894400000218,0.15940940292708083,0.11678832116788321,0.65,0,925,0.0,950,746,204,20,0,822,0,0.0,1.0,0,0.0,node_hello,1:1;10:0;14:1;16:0;19:1;21:1;22:0;23:0;32:1;33:0;34:1;41:1;42:1;43:1;44:1;45:0;48:0;49:1;5:1;9:1,SIM
flood,50,20,9,warm,240.0,60.0,node_hello,continuous,8,8,0.4,0.2672640000000115,1.8544117339701907,82.75,214.7389440000013,37.81017600000009,176.9287680000012,0.1760750765357208,0.10957004160887657,0.4,0,845,0.0,866,662,204,20,0,721,0,0.0,1.0,0,0.0,node_hello,0:0;14:0;18:0;19:0;20:0;22:0;23:0;25:1;26:0;33:1;35:0;38:0;39:1;40:0;41:1;44:1;45:1;46:1;48:0;5:1,SIM
flood,50,20,9,warm,240.0,60.0,node_hello,continuous,9,17,0.85,0.2672639999999973,0.2672640000000115,41.64705882352941,227.03308800000184,37.81017600000009,189.22291200000174,0.16654037670491353,0.09711286089238845,0.85,0,888,0.0,912,708,204,20,0,762,0,0.0,1.0,0,0.0,node_hello,0:1;1:1;11:1;12:1;14:1;16:1;17:1;24:1;27:1;29:1;30:0;34:1;35:0;37:1;4:1;41:1;44:0;45:1;49:1;5:1,SIM
flood,50,20,9,warm,240.0,60.0,node_hello,continuous,10,14,0.7,0.2672640000000044,0.3690501240921995,50.92857142857143,228.3694080000019,37.81017600000009,190.5592320000018,0.16556585372415458,0.08333333333333333,0.7,0,896,0.0,917,713,204,20,0,756,0,0.0,1.0,0,0.0,node_hello,0:0;12:1;13:1;17:0;23:0;24:1;26:1;27:1;28:0;33:1;35:0;38:1;4:1;42:1;44:1;46:1;47:1;48:1;49:0;7:1,SIM
flood,50,20,9,warm,240.0,60.0,node_hello,continuous,11,17,0.85,0.2672639999999973,0.2672640000000115,40.23529411764706,220.61875200000156,37.81017600000009,182.80857600000147,0.17138242174445725,0.030656934306569343,0.85,0,867,0.0,888,684,204,20,0,685,0,0.0,1.0,0,0.0,node_hello,1:1;19:0;2:1;20:1;22:1;23:1;28:1;30:1;31:1;34:1;38:1;4:0;40:0;41:1;42:1;44:1;45:1;48:1;49:1;8:1,SIM
flood,50,20,9,warm,240.0,60.0,node_hello,continuous,12,12,0.6,0.2672639999999973,0.40108466315404434,58.5,225.42950400000177,37.81017600000009,187.61932800000167,0.1677250551906453,0.056708160442600276,0.6,0,882,0.0,906,702,204,20,73,723,0,0.0,1.0,0,0.0,node_hello,10:1;12:1;13:1;15:1;17:1;19:0;22:1;24:0;25:1;26:1;31:1;34:1;39:0;4:0;40:0;42:0;45:0;46:1;6:1;7:0,SIM
flood,50,20,9,warm,240.0,60.0,node_hello,continuous,13,13,0.65,0.2672639999999973,0.40400429763893675,52.76923076923077,221.1532800000016,37.81017600000009,183.3431040000015,0.17096819002639174,0.20902612826603326,0.65,0,866,0.0,890,686,204,20,0,842,0,0.0,1.0,0,0.0,node_hello,10:1;18:0;2:0;20:0;22:1;23:1;27:1;28:0;3:1;31:0;34:0;35:1;37:1;42:1;43:1;47:1;48:0;49:1;6:1;8:1,SIM
flood,50,20,9,warm,240.0,60.0,node_hello,continuous,14,16,0.8,0.2672639999999973,0.7547361405141402,49.0,247.3451520000027,37.81017600000009,209.53497600000262,0.15286402702568302,0.2413108242303873,0.8,0,958,0.0,988,784,204,20,0,1007,0,0.0,1.0,0,0.0,node_hello,0:1;10:1;19:1;2:1;23:1;24:1;27:1;28:1;3:1;34:0;4:1;41:0;43:1;44:0;45:1;47:1;49:0;6:1;7:1;8:1,SIM
flood,50,20,9,warm,240.0,60.0,node_hello,continuous,15,15,0.75,0.2672640000000115,2.341938559031044,47.4,227.83488000000187,37.81017600000009,190.02470400000178,0.16595429110766438,0.2537634408602151,0.75,0,883,0.0,915,711,204,20,117,930,0,0.0,1.0,0,0.0,node_hello,1:0;10:1;11:1;13:1;17:1;21:1;22:1;26:0;29:1;3:1;33:0;36:1;38:1;39:1;42:0;43:1;45:1;46:1;48:0;8:1,SIM
flood,50,20,9,warm,240.0,60.0,node_hello,continuous,16,11,0.55,0.2672640000000115,1.1501873313631137,62.54545454545455,221.6878080000016,37.81017600000009,183.8776320000015,0.17055595587827643,0.2330654420206659,0.55,0,865,0.0,892,688,204,20,0,871,0,0.0,1.0,0,0.0,node_hello,1:1;13:1;14:1;17:0;22:0;3:1;30:1;32:1;33:0;34:0;37:1;4:0;40:0;41:1;42:0;44:1;45:1;46:0;49:1;9:0,SIM
flood,50,20,9,warm,240.0,60.0,node_hello,continuous,17,16,0.8,0.2672639999999973,0.34742061328346807,43.875,225.42950400000177,37.81017600000009,187.61932800000167,0.1677250551906453,0.1668696711327649,0.8,0,880,0.0,906,702,204,20,0,821,0,0.0,1.0,0,0.0,node_hello,0:1;1:1;13:1;14:1;17:0;19:1;21:1;27:1;29:0;3:1;30:1;33:0;34:1;40:1;43:1;46:1;48:1;49:0;6:1;7:1,SIM
flood,50,20,9,warm,240.0,60.0,node_hello,continuous,18,17,0.85,0.2672639999999973,0.2672640000000115,44.1764705882353,238.52544000000233,37.81017600000009,200.71526400000224,0.15851632429647639,0.16247139588100687,0.85,0,930,0.0,955,751,204,20,0,874,0,0.0,1.0,0,0.0,node_hello,10:1;14:1;20:1;21:1;23:1;24:1;25:1;29:1;31:1;32:1;33:0;34:0;35:1;36:1;4:1;44:1;45:0;47:1;48:1;5:1,SIM
flood,50,20,9,warm,240.0,60.0,node_hello,continuous,19,11,0.55,0.2672639999999973,1.262086488591379,60.18181818181818,214.7389440000013,37.81017600000009,176.9287680000012,0.1760750765357208,0.11570247933884298,0.55,0,844,0.0,866,662,204,20,0,726,0,0.0,1.0,0,0.0,node_hello,12:0;15:1;17:1;18:1;2:1;20:1;27:1;28:0;34:0;37:0;39:0;4:1;40:1;41:1;43:0;45:0;47:1;7:0;8:0;9:1,SIM
flood,50,20,9,cold,240.0,60.0,node_hello,continuous,0,16,0.8,0.2672639999999973,0.26726400000000083,45.6875,233.1801600000021,37.81017600000009,195.369984000002,0.16215005599104035,0.18327605956471935,0.8,0,910,0.0,935,731,204,20,0,873,0,0.0,1.0,0,0.0,node_hello,0:1;10:1;11:1;16:1;17:0;19:1;21:1;22:1;24:1;26:0;28:1;30:1;32:1;33:1;36:1;38:1;42:0;46:1;7:0;9:1,SIM
flood,50,20,9,cold,240.0,60.0,node_hello,continuous,1,10,0.5,0.2672639999999973,1.523951923452451,75.5,239.59449600000238,37.81017600000009,201.78432000000228,0.15780903414408867,0.16761041902604756,0.5,0,933,0.0,959,755,204,20,0,883,0,0.0,1.0,0,0.0,node_hello,1:0;10:1;14:0;19:1;20:0;25:1;27:1;28:1;3:0;32:0;33:1;34:1;4:0;40:1;41:0;42:1;43:0;44:1;45:0;48:0,SIM
flood,50,20,9,cold,240.0,60.0,node_hello,continuous,2,11,0.55,0.2672639999999973,0.40717621875145404,65.72727272727273,231.042048000002,37.81017600000009,193.2318720000019,0.16365062691964954,0.11904761904761904,0.55,0,903,0.0,927,723,204,20,0,798,0,0.0,1.0,0,0.0,node_hello,0:1;14:1;15:1;16:0;17:1;2:0;23:1;27:1;28:1;29:1;32:0;37:0;39:0;4:0;40:0;42:0;46:1;47:0;5:1;6:1,SIM
flood,50,20,9,cold,240.0,60.0,node_hello,continuous,3,19,0.95,0.2672639999999973,0.3058950296448908,38.31578947368421,232.37836800000207,37.81017600000009,194.56819200000197,0.162709534133572,0.14285714285714285,0.95,0,907,0.0,932,728,204,20,0,826,0,0.0,1.0,0,0.0,node_hello,10:1;11:1;12:1;13:1;14:1;17:1;2:0;20:1;21:1;25:1;28:1;33:1;36:1;40:1;41:1;45:1;48:1;49:1;5:1;7:1,SIM
flood,50,20,9,cold,240.0,60.0,node_hello,continuous,4,15,0.75,0.2672639999999973,0.6089981792294707,50.06666666666667,238.52544000000233,37.81017600000009,200.71526400000224,0.15851632429647639,0.18957871396895787,0.75,0,927,0.0,955,751,204,20,0,902,0,0.0,1.0,0,0.0,node_hello,10:1;12:1;13:1;17:1;18:1;2:1;21:0;25:0;26:1;29:0;3:1;31:1;33:1;39:1;4:1;41:1;42:1;43:0;44:1;8:0,SIM
flood,50,20,9,cold,240.0,60.0,node_hello,continuous,5,10,0.5,0.2672639999999986,0.5881892798673785,68.5,220.88601600000158,37.81017600000009,183.07584000000148,0.17117505528281077,0.23183391003460208,0.5,0,861,0.0,889,685,204,20,0,867,0,0.0,1.0,0,0.0,node_hello,0:1;11:1;16:0;17:0;18:0;20:1;21:0;22:1;29:1;30:0;32:0;33:1;35:0;37:1;41:0;44:1;45:1;46:0;49:0;8:1,SIM
flood,50,20,9,cold,240.0,60.0,node_hello,continuous,6,16,0.8,0.2672639999999973,0.26726400000000083,43.375,223.29139200000168,37.81017600000009,185.48121600000158,0.16933109539663674,0.04397163120567376,0.8,0,876,0.0,898,694,204,20,0,705,0,0.0,1.0,0,0.0,node_hello,1:1;10:1;12:1;16:1;24:0;28:0;29:1;30:1;31:0;35:1;37:1;39:1;4:1;40:1;42:1;44:1;45:0;46:1;5:1;8:1,SIM
flood,50,20,9,cold,240.0,60.0,node_hello,continuous,7,13,0.65,0.2672639999999973,0.42760865452444685,57.38461538461539,237.18912000000228,37.81017600000009,199.37894400000218,0.15940940292708083,0.11678832116788321,0.65,0,925,0.0,950,746,204,20,0,822,0,0.0,1.0,0,0.0,node_hello,1:1;10:0;14:1;16:0;19:1;21:1;22:0;23:0;32:1;33:0;34:1;41:1;42:1;43:1;44:1;45:0;48:0;49:1;5:1;9:1,SIM
flood,50,20,9,cold,240.0,60.0,node_hello,continuous,8,8,0.4,0.2672639999999973,1.854411733970182,82.75,214.7389440000013,37.81017600000009,176.9287680000012,0.1760750765357208,0.10957004160887657,0.4,0,845,0.0,866,662,204,20,0,721,0,0.0,1.0,0,0.0,node_hello,0:0;14:0;18:0;19:0;20:0;22:0;23:0;25:1;26:0;33:1;35:0;38:0;39:1;40:0;41:1;44:1;45:1;46:1;48:0;5:1,SIM
flood,50,20,9,cold,240.0,60.0,node_hello,continuous,9,17,0.85,0.2672639999999973,0.26726400000000083,41.64705882352941,227.03308800000184,37.81017600000009,189.22291200000174,0.16654037670491353,0.09711286089238845,0.85,0,888,0.0,912,708,204,20,0,762,0,0.0,1.0,0,0.0,node_hello,0:1;1:1;11:1;12:1;14:1;16:1;17:1;24:1;27:1;29:1;30:0;34:1;35:0;37:1;4:1;41:1;44:0;45:1;49:1;5:1,SIM
flood,50,20,9,cold,240.0,60.0,node_hello,continuous,10,14,0.7,0.2672639999999973,0.36905012409219506,50.92857142857143,228.3694080000019,37.81017600000009,190.5592320000018,0.16556585372415458,0.08333333333333333,0.7,0,896,0.0,917,713,204,20,0,756,0,0.0,1.0,0,0.0,node_hello,0:0;12:1;13:1;17:0;23:0;24:1;26:1;27:1;28:0;33:1;35:0;38:1;4:1;42:1;44:1;46:1;47:1;48:1;49:0;7:1,SIM
flood,50,20,9,cold,240.0,60.0,node_hello,continuous,11,17,0.85,0.2672639999999973,0.26726400000000083,40.23529411764706,220.61875200000156,37.81017600000009,182.80857600000147,0.17138242174445725,0.030656934306569343,0.85,0,867,0.0,888,684,204,20,0,685,0,0.0,1.0,0,0.0,node_hello,1:1;19:0;2:1;20:1;22:1;23:1;28:1;30:1;31:1;34:1;38:1;4:0;40:0;41:1;42:1;44:1;45:1;48:1;49:1;8:1,SIM
flood,50,20,9,cold,240.0,60.0,node_hello,continuous,12,11,0.55,0.2672639999999973,0.6170497603527418,66.36363636363636,232.9128960000021,37.81017600000009,195.102720000002,0.16233612071012055,0.286,0.55,0,902,0.0,934,730,204,20,64,1000,0,0.0,1.0,0,0.0,node_hello,10:0;12:1;13:1;15:1;17:1;19:0;22:1;24:0;25:0;26:0;31:0;34:1;39:1;4:1;40:1;42:1;45:0;46:1;6:0;7:0,SIM
flood,50,20,9,cold,240.0,60.0,node_hello,continuous,13,13,0.65,0.2672639999999973,0.40400429763892465,52.76923076923077,221.1532800000016,37.81017600000009,183.3431040000015,0.17096819002639174,0.20902612826603326,0.65,0,866,0.0,890,686,204,20,0,842,0,0.0,1.0,0,0.0,node_hello,10:1;18:0;2:0;20:0;22:1;23:1;27:1;28:0;3:1;31:0;34:0;35:1;37:1;42:1;43:1;47:1;48:0;49:1;6:1;8:1,SIM
flood,50,20,9,cold,240.0,60.0,node_hello,continuous,14,16,0.8,0.26726399999999995,0.7547361405140975,49.0,247.3451520000027,37.81017600000009,209.53497600000262,0.15286402702568302,0.2413108242303873,0.8,0,958,0.0,988,784,204,20,0,1007,0,0.0,1.0,0,0.0,node_hello,0:1;10:1;19:1;2:1;23:1;24:1;27:1;28:1;3:1;34:0;4:1;41:0;43:1;44:0;45:1;47:1;49:0;6:1;7:1;8:1,SIM
flood,50,20,9,cold,240.0,60.0,node_hello,continuous,15,13,0.65,0.2672639999999973,1.3735161482982459,52.15384615384615,219.0151680000015,37.81017600000009,181.2049920000014,0.17263724857631702,0.18294190358467244,0.65,0,854,0.0,882,678,204,20,109,809,0,0.0,1.0,0,0.0,node_hello,1:1;10:1;11:0;13:1;17:1;21:1;22:0;26:0;29:0;3:1;33:0;36:0;38:1;39:1;42:1;43:1;45:1;46:1;48:0;8:1,SIM
flood,50,20,9,cold,240.0,60.0,node_hello,continuous,16,11,0.55,0.26726399999999995,1.1501873313630924,62.54545454545455,221.6878080000016,37.81017600000009,183.8776320000015,0.17055595587827643,0.2330654420206659,0.55,0,865,0.0,892,688,204,20,0,871,0,0.0,1.0,0,0.0,node_hello,1:1;13:1;14:1;17:0;22:0;3:1;30:1;32:1;33:0;34:0;37:1;4:0;40:0;41:1;42:0;44:1;45:1;46:0;49:1;9:0,SIM
flood,50,20,9,cold,240.0,60.0,node_hello,continuous,17,16,0.8,0.2672639999999973,0.3474206132834494,43.875,225.42950400000177,37.81017600000009,187.61932800000167,0.1677250551906453,0.1668696711327649,0.8,0,880,0.0,906,702,204,20,0,821,0,0.0,1.0,0,0.0,node_hello,0:1;1:1;13:1;14:1;17:0;19:1;21:1;27:1;29:0;3:1;30:1;33:0;34:1;40:1;43:1;46:1;48:1;49:0;6:1;7:1,SIM
flood,50,20,9,cold,240.0,60.0,node_hello,continuous,18,17,0.85,0.2672639999999973,0.26726400000000083,44.1764705882353,238.52544000000233,37.81017600000009,200.71526400000224,0.15851632429647639,0.16247139588100687,0.85,0,930,0.0,955,751,204,20,0,874,0,0.0,1.0,0,0.0,node_hello,10:1;14:1;20:1;21:1;23:1;24:1;25:1;29:1;31:1;32:1;33:0;34:0;35:1;36:1;4:1;44:1;45:0;47:1;48:1;5:1,SIM
flood,50,20,9,cold,240.0,60.0,node_hello,continuous,19,11,0.55,0.2672639999999973,1.2620864885913594,60.18181818181818,214.7389440000013,37.81017600000009,176.9287680000012,0.1760750765357208,0.11570247933884298,0.55,0,844,0.0,866,662,204,20,0,726,0,0.0,1.0,0,0.0,node_hello,12:0;15:1;17:1;18:1;2:1;20:1;27:1;28:0;34:0;37:0;39:0;4:1;40:1;41:1;43:0;45:0;47:1;7:0;8:0;9:1,SIM
flood,100,5,7,warm,240.0,60.0,node_hello,continuous,0,5,1.0,0.18976847430599264,2.545925690840954,90.8,55.77164799999993,20.788224000000145,34.983423999999786,0.3727382056201777,0.7402885682574917,1.0,0,819,0.0,858,454,404,5,0,1802,0,0.0,1.0,0,0.0,node_hello,10:1;11:1;25:1;8:1;81:1,SIM
flood,100,5,7,warm,240.0,60.0,node_hello,continuous,1,5,1.0,0.0770559999999989,0.330485604512279,79.8,51.53356799999999,20.788224000000145,30.745343999999843,0.4033919017600363,0.7002820874471086,1.0,0,770,0.0,803,399,404,5,226,1418,0,0.0,1.0,0,0.0,node_hello,11:1;57:1;73:1;83:1;96:1,SIM
flood,100,5,7,warm,240.0,60.0,node_hello,continuous,2,4,0.8,0.0770559999999989,0.2648344895954359,91.5,48.88780800000002,20.685312000000142,28.20249599999988,0.42311800929999016,0.7537974683544304,0.8,0,735,0.0,768,366,402,5,0,1580,0,0.0,1.0,0,0.0,node_hello,42:0;70:1;84:1;91:1;95:1,SIM
flood,100,5,7,warm,240.0,60.0,node_hello,continuous,3,5,1.0,0.0770559999999989,0.0770559999999989,87.0,54.30758399999995,20.788224000000145,33.51935999999981,0.38278675773903265,0.658276125095347,1.0,0,813,0.0,839,435,404,5,0,1311,0,0.0,1.0,0,0.0,node_hello,11:1;49:1;5:1;67:1;99:1,SIM
flood,100,5,7,warm,240.0,60.0,node_hello,continuous,4,4,0.8,0.14028762797281047,0.32245500245960906,100.5,51.764735999999985,20.788224000000145,30.97651199999984,0.40159045725646414,0.5451541850220264,0.8,0,783,0.0,806,402,404,5,193,908,0,0.0,1.0,0,0.0,node_hello,30:1;38:1;51:1;76:0;88:1,SIM
flood,100,5,7,warm,240.0,60.0,node_hello,continuous,5,5,1.0,0.0770559999999989,2.229812959445979,95.2,57.466879999999904,20.788224000000145,36.67865599999976,0.3617426942266603,0.7469135802469136,1.0,0,840,0.0,880,476,404,5,0,1944,0,0.0,1.0,0,0.0,node_hello,13:1;24:1;58:1;69:1;87:1,SIM
flood,100,5,7,warm,240.0,60.0,node_hello,continuous,6,4,0.8,1.5827396212562022,2.1974363902871517,109.25,54.46169599999995,20.788224000000145,33.673471999999805,0.3817035738292132,0.7019294743845642,0.8,0,805,0.0,841,437,404,5,172,1503,0,0.41,1.0,0,0.0,node_hello,11:1;33:1;75:1;78:1;86:0,SIM
flood,100,5,7,warm,240.0,60.0,node_hello,continuous,7,5,1.0,0.0770559999999989,1.9970087993005248,90.2,55.54047999999993,20.788224000000145,34.75225599999979,0.374289599225649,0.7549603174603174,1.0,0,807,0.0,855,451,404,5,440,2016,0,0.0,1.0,0,0.0,node_hello,12:1;17:1;28:1;59:1;95:1,SIM
flood,100,5,7,warm,240.0,60.0,node_hello,continuous,8,3,0.6,0.1545996193644612,0.7128145786111048,143.0,53.845247999999955,20.788224000000145,33.057023999999814,0.3860735120023992,0.6027649769585254,0.6,0,811,0.0,833,429,404,5,0,1085,0,0.0,1.0,0,0.0,node_hello,27:0;37:1;65:1;67:1;72:0,SIM
flood,100,5,7,warm,240.0,60.0,node_hello,continuous,9,5,1.0,0.0770559999999989,0.8756432155908498,87.6,54.538751999999945,20.788224000000145,33.750527999999804,0.3811642774664181,0.5317377731529657,1.0,0,819,0.0,842,438,404,5,202,961,0,0.0,1.0,0,0.0,node_hello,11:1;19:1;20:1;42:1;5:1,SIM
flood,100,5,7,warm,240.0,60.0,node_hello,continuous,10,4,0.8,0.12888747473624917,0.3489327791512824,103.0,52.535295999999974,20.788224000000145,31.74707199999983,0.39570014033993745,0.722331368696791,0.8,0,785,0.0,816,412,404,5,0,1527,0,0.0,1.0,0,0.0,node_hello,12:1;44:1;66:1;79:1;83:0,SIM
flood,100,5,7,warm,240.0,60.0,node_hello,continuous,11,5,1.0,0.0770559999999989,3.2707715809323554,78.8,51.148287999999994,20.788224000000145,30.36006399999985,0.40643049479975063,0.6059204440333025,1.0,0,775,0.0,798,394,404,5,0,1081,0,0.0,1.0,0,0.0,node_hello,2:1;33:1;41:1;68:1;91:1,SIM
flood,100,5,7,warm,240.0,60.0,node_hello,continuous,12,5,1.0,0.0770559999999989,0.9803189181000788,96.4,57.9292159999999,20.788224000000145,37.140991999999756,0.35885560750554923,0.7767166894042746,1.0,0,842,0.0,886,482,404,5,0,2199,0,0.0,1.0,0,0.0,node_hello,1:1;10:1;3:1;31:1;7:1,SIM
flood,100,5,7,warm,240.0,60.0,node_hello,continuous,13,3,0.6,0.0770559999999989,0.9504951736705222,103.0,39.555839999999925,15.745535999999985,23.81030399999994,0.39805844092806564,0.5568181818181818,0.6,0,601,0.0,615,309,306,5,63,704,0,0.0,1.0,0,0.0,node_hello,15:0;26:1;41:1;86:0;87:1,SIM
flood,100,5,7,warm,240.0,60.0,node_hello,continuous,14,5,1.0,0.0770559999999989,0.8058537291211251,89.6,55.309311999999935,20.788224000000145,34.52108799999979,0.37585396108344593,0.7116306954436451,1.0,0,817,0.0,852,448,404,5,0,1668,0,0.0,1.0,0,0.0,node_hello,24:1;48:1;68:1;75:1;96:1,SIM
flood,100,5,7,warm,240.0,60.0,node_hello,continuous,15,5,1.0,0.20234662859559194,1.8699885949277018,89.6,55.309311999999935,20.788224000000145,34.52108799999979,0.37585396108344593,0.7912087912087912,1.0,0,802,0.0,852,448,404,5,0,2366,0,0.0,1.0,0,0.0,node_hello,1:1;48:1;60:1;80:1;96:1,SIM
flood,100,5,7,warm,240.0,60.0,node_hello,continuous,16,3,0.6,0.7337263716283218,1.3729245429659278,130.0,50.840064,20.788224000000145,30.051839999999853,0.4088945285356082,0.5907216494845361,0.6,0,774,0.0,794,390,404,5,0,970,0,0.0,1.0,0,0.0,node_hello,25:0;5:1;67:0;68:1;93:1,SIM
flood,100,5,7,warm,240.0,60.0,node_hello,continuous,17,4,0.8,0.739126579694819,1.7628983237945155,106.0,53.45996799999996,20.788224000000145,32.67174399999982,0.38885590054973773,0.7337923121055652,0.8,0,785,0.0,828,424,404,5,239,1743,0,0.0,1.0,0,0.0,node_hello,29:1;48:0;51:1;62:1;87:1,SIM
flood,100,5,7,warm,240.0,60.0,node_hello,continuous,18,5,1.0,0.0770559999999989,1.6778187255937467,79.8,51.53356799999999,20.788224000000145,30.745343999999843,0.4033919017600363,0.49878048780487805,1.0,0,786,0.0,803,399,404,5,0,820,0,0.0,1.0,0,0.0,node_hello,29:1;49:1;87:1;89:1;96:1,SIM
flood,100,5,7,warm,240.0,60.0,node_hello,continuous,19,4,0.8,1.225644425956677,2.5722511517639086,96.25,50.454784000000004,20.788224000000145,29.66655999999986,0.41201690606781993,0.6680707666385847,0.8,0,766,0.0,789,385,404,5,0,1187,0,0.0,1.0,0,0.0,node_hello,49:1;57:1;73:0;96:1;99:1,SIM
flood,100,5,7,cold,240.0,60.0,node_hello,continuous,0,5,1.0,0.18976847430599264,2.5459256908409564,90.8,55.77164799999993,20.788224000000145,34.983423999999786,0.3727382056201777,0.7402885682574917,1.0,0,819,0.0,858,454,404,5,0,1802,0,0.0,1.0,0,0.0,node_hello,10:1;11:1;25:1;8:1;81:1,SIM
flood,100,5,7,cold,240.0,60.0,node_hello,continuous,1,5,1.0,0.07705599999999979,1.1501265403757144,72.8,48.83660800000003,20.788224000000145,28.04838399999988,0.42566887528306907,0.5653669724770642,1.0,0,746,0.0,768,364,404,5,228,872,0,0.0,1.0,0,0.0,node_hello,11:1;57:1;73:1;83:1;96:1,SIM
flood,100,5,7,cold,240.0,60.0,node_hello,continuous,2,5,1.0,0.077056,0.204939913545704,90.4,55.51462399999993,20.685312000000142,34.82931199999979,0.37261014323001035,0.6718419195483416,1.0,0,826,0.0,854,452,402,5,0,1417,0,0.0,1.0,0,0.0,node_hello,42:1;70:1;84:1;91:1;95:1,SIM
flood,100,5,7,cold,240.0,60.0,node_hello,continuous,3,5,1.0,0.07705599999999979,0.07705600000000054,87.0,54.30758399999995,20.788224000000145,33.51935999999981,0.38278675773903265,0.658276125095347,1.0,0,813,0.0,839,435,404,5,0,1311,0,0.0,1.0,0,0.0,node_hello,11:1;49:1;5:1;67:1;99:1,SIM
flood,100,5,7,cold,240.0,60.0,node_hello,continuous,4,4,0.8,0.5720126021812062,2.299489056521159,96.75,50.608896,20.788224000000145,29.820671999999856,0.4107622501783114,0.6068139963167587,0.8,0,764,0.0,791,387,404,5,204,1086,0,0.0,1.0,0,0.0,node_hello,30:0;38:1;51:1;76:1;88:1,SIM
flood,100,5,7,cold,240.0,60.0,node_hello,continuous,5,5,1.0,0.077056,2.2298129594459875,95.2,57.466879999999904,20.788224000000145,36.67865599999976,0.3617426942266603,0.7469135802469136,1.0,0,840,0.0,880,476,404,5,0,1944,0,0.0,1.0,0,0.0,node_hello,13:1;24:1;58:1;69:1;87:1,SIM
flood,100,5,7,cold,240.0,60.0,node_hello,continuous,6,5,1.0,0.07705600000000068,0.7669796287932997,92.6,56.46515199999992,20.788224000000145,35.676927999999776,0.3681602415592572,0.731007315700619,1.0,0,826,0.0,867,463,404,5,164,1777,0,0.0,1.0,0,0.0,node_hello,11:1;33:1;75:1;78:1;86:1,SIM
flood,100,5,7,cold,240.0,60.0,node_hello,continuous,7,5,1.0,0.1669359995485813,0.9331769260083468,93.8,56.92748799999991,20.788224000000145,36.13926399999977,0.36517023199759274,0.7710064635272391,1.0,0,819,0.0,873,469,404,5,412,2166,0,0.0,1.0,0,0.0,node_hello,12:1;17:1;28:1;59:1;95:1,SIM
flood,100,5,7,cold,240.0,60.0,node_hello,continuous,8,3,0.6,0.15459961936446653,0.7128145786111053,143.0,53.845247999999955,20.788224000000145,33.057023999999814,0.3860735120023992,0.6027649769585254,0.6,0,811,0.0,833,429,404,5,0,1085,0,0.0,1.0,0,0.0,node_hello,27:0;37:1;65:1;67:1;72:0,SIM
flood,100,5,7,cold,240.0,60.0,node_hello,continuous,9,5,1.0,0.07705600000000068,1.9189638315562174,82.2,52.458239999999975,20.788224000000145,31.67001599999983,0.39628138496450044,0.7091295116772823,1.0,0,782,0.0,815,411,404,5,226,1413,0,0.0,1.0,0,0.0,node_hello,11:1;19:1;20:1;42:1;5:1,SIM
flood,100,5,7,cold,240.0,60.0,node_hello,continuous,10,4,0.8,0.12888747473625173,0.34893277915128906,103.0,52.535295999999974,20.788224000000145,31.74707199999983,0.39570014033993745,0.722331368696791,0.8,0,785,0.0,816,412,404,5,0,1527,0,0.0,1.0,0,0.0,node_hello,12:1;44:1;66:1;79:1;83:0,SIM
flood,100,5,7,cold,240.0,60.0,node_hello,continuous,11,5,1.0,0.077056,3.2707715809323705,78.8,51.148287999999994,20.788224000000145,30.36006399999985,0.40643049479975063,0.6059204440333025,1.0,0,775,0.0,798,394,404,5,0,1081,0,0.0,1.0,0,0.0,node_hello,2:1;33:1;41:1;68:1;91:1,SIM
flood,100,5,7,cold,240.0,60.0,node_hello,continuous,12,5,1.0,0.07705599999999979,0.9803189181000794,96.4,57.9292159999999,20.788224000000145,37.140991999999756,0.35885560750554923,0.7767166894042746,1.0,0,842,0.0,886,482,404,5,0,2199,0,0.0,1.0,0,0.0,node_hello,1:1;10:1;3:1;31:1;7:1,SIM
flood,100,5,7,cold,240.0,60.0,node_hello,continuous,13,5,1.0,0.5383660634590566,2.0629386051329504,88.0,49.65017599999979,15.745535999999985,33.9046399999998,0.3171295102760573,0.6681481481481482,1.0,0,718,0.0,746,440,306,5,66,1350,0,0.0,1.0,0,0.0,node_hello,15:1;26:1;41:1;86:1;87:1,SIM
flood,100,5,7,cold,240.0,60.0,node_hello,continuous,14,5,1.0,0.077056,0.8058537291211286,89.6,55.309311999999935,20.788224000000145,34.52108799999979,0.37585396108344593,0.7116306954436451,1.0,0,817,0.0,852,448,404,5,0,1668,0,0.0,1.0,0,0.0,node_hello,24:1;48:1;68:1;75:1;96:1,SIM
flood,100,5,7,cold,240.0,60.0,node_hello,continuous,15,5,1.0,0.20234662859559194,1.8699885949276966,89.6,55.309311999999935,20.788224000000145,34.52108799999979,0.37585396108344593,0.7912087912087912,1.0,0,802,0.0,852,448,404,5,0,2366,0,0.0,1.0,0,0.0,node_hello,1:1;48:1;60:1;80:1;96:1,SIM
flood,100,5,7,cold,240.0,60.0,node_hello,continuous,16,3,0.6,0.7337263716283218,1.3729245429659327,130.0,50.840064,20.788224000000145,30.051839999999853,0.4088945285356082,0.5907216494845361,0.6,0,774,0.0,794,390,404,5,0,970,0,0.0,1.0,0,0.0,node_hello,25:0;5:1;67:0;68:1;93:1,SIM
flood,100,5,7,cold,240.0,60.0,node_hello,continuous,17,4,0.8,0.604005432057432,1.4458402198596878,102.25,52.30412799999998,20.788224000000145,31.515903999999832,0.39744901205503613,0.7667862634546386,0.8,0,770,0.0,813,409,404,5,242,1951,0,0.0,1.0,0,0.0,node_hello,29:1;48:1;51:1;62:1;87:0,SIM
flood,100,5,7,cold,240.0,60.0,node_hello,continuous,18,5,1.0,0.07705600000000068,1.6778187255937493,79.8,51.53356799999999,20.788224000000145,30.745343999999843,0.4033919017600363,0.49878048780487805,1.0,0,786,0.0,803,399,404,5,0,820,0,0.0,1.0,0,0.0,node_hello,29:1;49:1;87:1;89:1;96:1,SIM
flood,100,5,7,cold,240.0,60.0,node_hello,continuous,19,4,0.8,1.2256444259566792,2.572251151763912,96.25,50.454784000000004,20.788224000000145,29.66655999999986,0.41201690606781993,0.6680707666385847,0.8,0,766,0.0,789,385,404,5,0,1187,0,0.0,1.0,0,0.0,node_hello,49:1;57:1;73:0;96:1;99:1,SIM
flood,100,5,9,warm,240.0,60.0,node_hello,continuous,0,3,0.6,0.2672639999999973,0.2672639999999973,115.33333333333333,167.35231999999968,74.87897600000021,92.47334399999946,0.44743315180811566,0.0,0.6,0,745,0.0,750,346,404,5,0,341,0,0.0,1.0,0,0.0,node_hello,10:1;11:1;25:0;8:0;81:1,SIM
flood,100,5,9,warm,240.0,60.0,node_hello,continuous,1,4,0.8,0.2672639999999973,0.2672639999999973,89.0,170.02495999999962,74.87897600000021,95.14598399999943,0.4403999036376799,0.0,0.8,0,755,0.0,760,356,404,5,0,351,0,0.0,1.0,0,0.0,node_hello,11:0;57:1;73:1;83:1;96:1,SIM
flood,100,5,9,warm,240.0,60.0,node_hello,continuous,2,4,0.8,0.2672639999999973,0.2672639999999973,76.0,155.7565439999998,74.5082880000002,81.24825599999957,0.4783637726322453,0.0,0.8,0,702,0.0,706,304,402,5,0,299,0,0.0,1.0,0,0.0,node_hello,42:0;70:1;84:1;91:1;95:1,SIM
flood,100,5,9,warm,240.0,60.0,node_hello,continuous,3,5,1.0,0.2672639999999973,0.2672639999999973,70.6,169.22316799999965,74.87897600000021,94.34419199999944,0.4424865512504787,0.0,1.0,0,752,0.0,757,353,404,5,0,348,0,0.0,1.0,0,0.0,node_hello,11:1;49:1;5:1;67:1;99:1,SIM
flood,100,5,9,warm,240.0,60.0,node_hello,continuous,4,2,0.4,0.2672639999999973,0.2672639999999973,175.5,168.68863999999965,74.87897600000021,93.80966399999944,0.443888669681612,0.18396226415094338,0.4,0,748,0.0,755,351,404,5,0,424,0,0.0,1.0,0,0.0,node_hello,30:0;38:0;51:0;76:1;88:1,SIM
flood,100,5,9,warm,240.0,60.0,node_hello,continuous,5,5,1.0,0.2672639999999973,0.2672639999999973,71.0,169.75769599999964,74.87897600000021,94.87871999999943,0.44109326271723415,0.0,1.0,0,754,0.0,759,355,404,5,0,350,0,0.0,1.0,0,0.0,node_hello,13:1;24:1;58:1;69:1;87:1,SIM
flood,100,5,9,warm,240.0,60.0,node_hello,continuous,6,3,0.6,0.2672639999999973,0.2672639999999973,122.33333333333333,172.9648639999996,74.87897600000021,98.0858879999994,0.4329143750259034,0.0,0.6,0,762,0.0,771,367,404,5,241,362,0,0.57,1.0,0,0.0,node_hello,11:1;33:1;75:1;78:0;86:0,SIM
flood,100,5,9,warm,240.0,60.0,node_hello,continuous,7,4,0.8,0.2672639999999973,0.2672639999999973,82.5,163.07609599999972,74.87897600000021,88.1971199999995,0.4591658608261038,0.0,0.8,0,729,0.0,734,330,404,5,0,325,0,0.0,1.0,0,0.0,node_hello,12:1;17:1;28:1;59:0;95:1,SIM
flood,100,5,9,warm,240.0,60.0,node_hello,continuous,8,4,0.8,0.2672639999999973,0.2672639999999973,80.5,160.93798399999974,74.87897600000021,86.05900799999952,0.4652660244582182,0.0,0.8,0,721,0.0,726,322,404,5,0,317,0,0.0,1.0,0,0.0,node_hello,27:1;37:1;65:1;67:1;72:0,SIM
flood,100,5,9,warm,240.0,60.0,node_hello,continuous,9,5,1.0,0.2672639999999973,0.2672639999999973,73.0,172.4303359999996,74.87897600000021,97.5513599999994,0.43425639442006525,0.0,1.0,0,764,0.0,769,365,404,5,0,360,0,0.0,1.0,0,0.0,node_hello,11:1;19:1;20:1;42:1;5:1,SIM
flood,100,5,9,warm,240.0,60.0,node_hello,continuous,10,3,0.6,0.2672639999999973,0.2672639999999973,111.66666666666667,164.4124159999997,74.87897600000021,89.53343999999949,0.4554338280632063,0.0,0.6,0,734,0.0,739,335,404,5,0,330,0,0.0,1.0,0,0.0,node_hello,12:1;44:1;66:0;79:1;83:0,SIM
flood,100,5,9,warm,240.0,60.0,node_hello,continuous,11,3,0.6,0.2672639999999973,0.2672639999999973,116.66666666666667,168.42137599999967,74.87897600000021,93.54239999999945,0.4445930663813147,0.1038961038961039,0.6,0,748,0.0,754,350,404,5,0,385,0,0.0,1.0,0,0.0,node_hello,2:1;33:0;41:1;68:1;91:0,SIM
flood,100,5,9,warm,240.0,60.0,node_hello,continuous,12,4,0.8,0.2672639999999973,0.2672639999999973,89.25,170.29222399999963,74.87897600000021,95.41324799999943,0.43970872093373076,0.0,0.8,0,756,0.0,761,357,404,5,0,352,0,0.0,1.0,0,0.0,node_hello,1:0;10:1;3:1;31:1;7:1,SIM
flood,100,5,9,warm,240.0,60.0,node_hello,continuous,13,2,0.4,0.2672639999999973,0.2672639999999973,161.5,143.04153599999967,56.715264000000154,86.32627199999952,0.3964950711938684,0.0,0.4,0,624,0.0,629,323,306,5,72,318,0,0.0,1.0,0,0.0,node_hello,15:0;26:0;41:1;86:0;87:1,SIM
flood,100,5,9,warm,240.0,60.0,node_hello,continuous,14,4,0.8,0.2672639999999973,0.2672639999999973,83.0,163.6106239999997,74.87897600000021,88.7316479999995,0.4576657320248369,0.0,0.8,0,731,0.0,736,332,404,5,0,327,0,0.0,1.0,0,0.0,node_hello,24:1;48:1;68:0;75:1;96:1,SIM
flood,100,5,9,warm,240.0,60.0,node_hello,continuous,15,4,0.8,0.2672639999999973,0.5080297916937382,90.5,171.62854399999964,74.87897600000021,96.74956799999941,0.43628509719222675,0.10075566750629723,0.8,0,760,0.0,766,362,404,5,0,397,0,0.0,1.0,0,0.0,node_hello,1:1;48:1;60:0;80:1;96:1,SIM
flood,100,5,9,warm,240.0,60.0,node_hello,continuous,16,4,0.8,0.2672639999999973,0.2672639999999973,87.75,168.68863999999965,74.87897600000021,93.80966399999944,0.443888669681612,0.0,0.8,0,750,0.0,755,351,404,5,0,346,0,0.0,1.0,0,0.0,node_hello,25:1;5:1;67:1;68:1;93:0,SIM
flood,100,5,9,warm,240.0,60.0,node_hello,continuous,17,3,0.6,0.2672639999999973,0.2672639999999973,112.66666666666667,165.2142079999997,74.87897600000021,90.33523199999948,0.45322358716267513,0.0,0.6,0,737,0.0,742,338,404,5,0,333,0,0.0,1.0,0,0.0,node_hello,29:1;48:1;51:1;62:0;87:0,SIM
flood,100,5,9,warm,240.0,60.0,node_hello,continuous,18,2,0.4,0.2672639999999973,0.2672639999999973,156.5,158.53260799999975,74.87897600000021,83.65363199999955,0.4723253906224789,0.1072463768115942,0.4,0,711,0.0,717,313,404,5,0,345,0,0.0,1.0,0,0.0,node_hello,29:1;49:0;87:0;89:0;96:1,SIM
flood,100,5,9,warm,240.0,60.0,node_hello,continuous,19,2,0.4,0.2672639999999973,0.2672639999999973,176.0,168.95590399999963,74.87897600000021,94.07692799999944,0.4431865014909474,0.0,0.4,0,751,0.0,756,352,404,5,0,347,0,0.0,1.0,0,0.0,node_hello,49:0;57:1;73:0;96:1;99:0,SIM
flood,100,5,9,cold,240.0,60.0,node_hello,continuous,0,3,0.6,0.26726400000000083,0.26726400000000083,115.33333333333333,167.35231999999968,74.87897600000021,92.47334399999946,0.44743315180811566,0.0,0.6,0,745,0.0,750,346,404,5,0,341,0,0.0,1.0,0,0.0,node_hello,10:1;11:1;25:0;8:0;81:1,SIM
flood,100,5,9,cold,240.0,60.0,node_hello,continuous,1,4,0.8,0.26726400000000083,0.26726400000000083,89.0,170.02495999999962,74.87897600000021,95.14598399999943,0.4403999036376799,0.0,0.8,0,755,0.0,760,356,404,5,0,351,0,0.0,1.0,0,0.0,node_hello,11:0;57:1;73:1;83:1;96:1,SIM
flood,100,5,9,cold,240.0,60.0,node_hello,continuous,2,5,1.0,0.26726400000000083,0.26726400000000083,75.6,175.53407999999956,74.5082880000002,101.02579199999937,0.4244662233111678,0.11611374407582939,1.0,0,774,0.0,780,378,402,5,0,422,0,0.0,1.0,0,0.0,node_hello,42:1;70:1;84:1;91:1;95:1,SIM
flood,100,5,9,cold,240.0,60.0,node_hello,continuous,3,5,1.0,0.26726400000000083,0.26726400000000083,70.6,169.22316799999965,74.87897600000021,94.34419199999944,0.4424865512504787,0.0,1.0,0,752,0.0,757,353,404,5,0,348,0,0.0,1.0,0,0.0,node_hello,11:1;49:1;5:1;67:1;99:1,SIM
flood,100,5,9,cold,240.0,60.0,node_hello,continuous,4,2,0.4,0.26726400000000083,0.26726400000000083,175.5,168.68863999999965,74.87897600000021,93.80966399999944,0.443888669681612,0.18396226415094338,0.4,0,748,0.0,755,351,404,5,0,424,0,0.0,1.0,0,0.0,node_hello,30:0;38:0;51:0;76:1;88:1,SIM
flood,100,5,9,cold,240.0,60.0,node_hello,continuous,5,5,1.0,0.26726400000000083,0.26726400000000083,71.0,169.75769599999964,74.87897600000021,94.87871999999943,0.44109326271723415,0.0,1.0,0,754,0.0,759,355,404,5,0,350,0,0.0,1.0,0,0.0,node_hello,13:1;24:1;58:1;69:1;87:1,SIM
flood,100,5,9,cold,240.0,60.0,node_hello,continuous,6,3,0.6,0.267264,0.2672640000000008,118.0,169.49043199999966,74.87897600000021,94.61145599999944,0.4417888084679633,0.0,0.6,0,749,0.0,758,354,404,5,257,349,0,0.0,1.0,0,0.0,node_hello,11:1;33:1;75:1;78:0;86:0,SIM
flood,100,5,9,cold,240.0,60.0,node_hello,continuous,7,4,0.8,0.2672640000000004,0.26726400000000083,82.5,163.07609599999972,74.87897600000021,88.1971199999995,0.4591658608261038,0.0,0.8,0,729,0.0,734,330,404,5,0,325,0,0.0,1.0,0,0.0,node_hello,12:1;17:1;28:1;59:0;95:1,SIM
flood,100,5,9,cold,240.0,60.0,node_hello,continuous,8,4,0.8,0.2672640000000004,0.26726400000000083,80.5,160.93798399999974,74.87897600000021,86.05900799999952,0.4652660244582182,0.0,0.8,0,721,0.0,726,322,404,5,0,317,0,0.0,1.0,0,0.0,node_hello,27:1;37:1;65:1;67:1;72:0,SIM
flood,100,5,9,cold,240.0,60.0,node_hello,continuous,9,5,1.0,0.26726400000000083,0.26726400000000083,73.0,172.4303359999996,74.87897600000021,97.5513599999994,0.43425639442006525,0.0,1.0,0,764,0.0,769,365,404,5,0,360,0,0.0,1.0,0,0.0,node_hello,11:1;19:1;20:1;42:1;5:1,SIM
flood,100,5,9,cold,240.0,60.0,node_hello,continuous,10,3,0.6,0.267264,0.2672640000000008,111.66666666666667,164.4124159999997,74.87897600000021,89.53343999999949,0.4554338280632063,0.0,0.6,0,734,0.0,739,335,404,5,0,330,0,0.0,1.0,0,0.0,node_hello,12:1;44:1;66:0;79:1;83:0,SIM
flood,100,5,9,cold,240.0,60.0,node_hello,continuous,11,3,0.6,0.26726400000000083,0.26726400000000083,116.66666666666667,168.42137599999967,74.87897600000021,93.54239999999945,0.4445930663813147,0.1038961038961039,0.6,0,748,0.0,754,350,404,5,0,385,0,0.0,1.0,0,0.0,node_hello,2:1;33:0;41:1;68:1;91:0,SIM
flood,100,5,9,cold,240.0,60.0,node_hello,continuous,12,4,0.8,0.26726400000000083,0.26726400000000083,89.25,170.29222399999963,74.87897600000021,95.41324799999943,0.43970872093373076,0.0,0.8,0,756,0.0,761,357,404,5,0,352,0,0.0,1.0,0,0.0,node_hello,1:0;10:1;3:1;31:1;7:1,SIM
flood,100,5,9,cold,240.0,60.0,node_hello,continuous,13,3,0.6,0.267264,0.2672640000000008,129.0,160.1464319999995,56.715264000000154,103.43116799999935,0.3541462853196775,0.0,0.6,0,687,0.0,693,387,306,5,74,382,0,0.0,1.0,0,0.0,node_hello,15:1;26:1;41:0;86:1;87:0,SIM
flood,100,5,9,cold,240.0,60.0,node_hello,continuous,14,4,0.8,0.2672640000000004,0.26726400000000083,83.0,163.6106239999997,74.87897600000021,88.7316479999995,0.4576657320248369,0.0,0.8,0,731,0.0,736,332,404,5,0,327,0,0.0,1.0,0,0.0,node_hello,24:1;48:1;68:0;75:1;96:1,SIM
flood,100,5,9,cold,240.0,60.0,node_hello,continuous,15,4,0.8,0.26726400000000083,0.5080297916937447,90.5,171.62854399999964,74.87897600000021,96.74956799999941,0.43628509719222675,0.10075566750629723,0.8,0,760,0.0,766,362,404,5,0,397,0,0.0,1.0,0,0.0,node_hello,1:1;48:1;60:0;80:1;96:1,SIM
flood,100,5,9,cold,240.0,60.0,node_hello,continuous,16,4,0.8,0.2672640000000004,0.26726400000000083,87.75,168.68863999999965,74.87897600000021,93.80966399999944,0.443888669681612,0.0,0.8,0,750,0.0,755,351,404,5,0,346,0,0.0,1.0,0,0.0,node_hello,25:1;5:1;67:1;68:1;93:0,SIM
flood,100,5,9,cold,240.0,60.0,node_hello,continuous,17,3,0.6,0.267264,0.2672640000000008,112.66666666666667,165.2142079999997,74.87897600000021,90.33523199999948,0.45322358716267513,0.0,0.6,0,737,0.0,742,338,404,5,0,333,0,0.0,1.0,0,0.0,node_hello,29:1;48:1;51:1;62:0;87:0,SIM
flood,100,5,9,cold,240.0,60.0,node_hello,continuous,18,2,0.4,0.2672640000000004,0.2672640000000008,156.5,158.53260799999975,74.87897600000021,83.65363199999955,0.4723253906224789,0.1072463768115942,0.4,0,711,0.0,717,313,404,5,0,345,0,0.0,1.0,0,0.0,node_hello,29:1;49:0;87:0;89:0;96:1,SIM
flood,100,5,9,cold,240.0,60.0,node_hello,continuous,19,2,0.4,0.2672640000000004,0.2672640000000008,176.0,168.95590399999963,74.87897600000021,94.07692799999944,0.4431865014909474,0.0,0.4,0,751,0.0,756,352,404,5,0,347,0,0.0,1.0,0,0.0,node_hello,49:0;57:1;73:0;96:1;99:0,SIM
flood,100,20,7,warm,240.0,60.0,node_hello,continuous,0,19,0.95,0.0770559999999989,1.3421183953973788,91.84210526315789,155.25094399999853,20.788224000000145,134.46271999999837,0.13390078967893645,0.7399083882049814,0.95,0,2011,0.0,2149,1745,404,20,0,6986,0,0.0,1.0,0,0.0,node_hello,1:1;10:1;11:1;12:1;25:1;28:1;37:1;49:0;50:1;57:1;62:1;66:1;7:1;71:1;74:1;8:1;81:1;86:1;91:1;95:1,SIM
flood,100,20,7,warm,240.0,60.0,node_hello,continuous,1,18,0.9,0.0770559999999989,1.0883113374676157,90.66666666666667,146.54361599999865,20.788224000000145,125.7553919999985,0.1418569062742408,0.715467747382641,0.9,0,1914,0.0,2036,1632,404,20,221,5922,0,0.0,1.0,0,0.0,node_hello,11:1;12:1;23:1;29:1;31:1;38:1;39:1;40:1;41:0;42:1;43:1;49:1;5:1;57:1;69:1;73:1;74:1;82:1;83:1;96:0,SIM
flood,100,20,7,warm,240.0,60.0,node_hello,continuous,2,17,0.85,0.0770559999999989,1.364676175291819,91.17647058823529,140.12211199999874,20.685312000000142,119.43679999999858,0.14762346716555577,0.6671588272516347,0.85,0,1853,0.0,1952,1550,402,20,0,4741,0,0.0,1.0,0,0.0,node_hello,1:0;10:1;24:1;28:1;40:1;42:1;48:1;51:1;59:0;67:1;68:0;70:1;79:1;81:1;84:1;85:1;91:1;92:1;95:1;97:1,SIM
flood,100,20,7,warm,240.0,60.0,node_hello,continuous,3,20,1.0,0.0770559999999989,0.9683576628423805,83.95,150.1652479999986,20.788224000000145,129.37702399999844,0.13843565190263155,0.7308638180141408,1.0,0,1951,0.0,2083,1679,404,20,0,6506,0,0.0,1.0,0,0.0,node_hello,11:1;12:1;14:1;15:1;22:1;3:1;36:1;38:1;43:1;48:1;49:1;5:1;61:1;67:1;72:1;74:1;84:1;86:1;89:1;99:1,SIM
flood,100,20,7,warm,240.0,60.0,node_hello,continuous,4,18,0.9,0.0770559999999989,1.5462843262018835,98.61111111111111,157.5626239999985,20.788224000000145,136.77439999999834,0.13193626427546892,0.7434847864647292,0.9,0,2011,0.0,2179,1775,404,20,203,7329,0,0.0,1.0,0,0.0,node_hello,28:1;29:1;30:0;36:1;38:1;39:1;40:1;41:1;47:1;51:1;57:1;62:0;64:1;67:1;68:1;76:1;80:1;88:1;90:1;95:1,SIM
flood,100,20,7,warm,240.0,60.0,node_hello,continuous,5,19,0.95,0.0770559999999989,2.2579090464219105,92.26315789473684,155.86739199999852,20.788224000000145,135.07916799999836,0.1333712185291478,0.7273811298256074,0.95,0,2019,0.0,2157,1753,404,20,0,6709,0,0.0,1.0,0,0.0,node_hello,1:1;13:1;24:1;25:1;49:1;50:1;54:1;58:1;60:1;61:1;69:1;73:1;76:1;80:1;83:0;87:1;88:1;90:1;92:1;99:1,SIM
flood,100,20,7,warm,240.0,60.0,node_hello,continuous,6,20,1.0,0.15744006906296804,2.1186572795746854,91.65,162.03187199999843,20.788224000000145,141.24364799999827,0.12829712909815882,0.7309537246049661,1.0,0,2086,0.0,2237,1833,404,20,79,7088,0,0.38,1.0,0,0.0,node_hello,11:1;16:1;23:1;29:1;31:1;33:1;34:1;49:1;53:1;54:1;61:1;66:1;69:1;72:1;75:1;76:1;78:1;80:1;84:1;86:1,SIM
flood,100,20,7,warm,240.0,60.0,node_hello,continuous,7,16,0.8,0.18984063920081695,2.0615458391583843,101.4375,145.85011199999866,20.788224000000145,125.0618879999985,0.1425314229446758,0.6284629133154602,0.8,0,1929,0.0,2027,1623,404,20,256,4476,0,0.0,1.0,0,0.0,node_hello,11:0;12:1;17:1;20:0;25:1;28:1;40:1;43:1;45:1;50:1;51:1;53:1;55:1;59:1;62:0;65:1;85:1;90:1;92:1;95:0,SIM
flood,100,20,7,warm,240.0,60.0,node_hello,continuous,8,19,0.95,0.17405706573376278,2.991721445021323,91.0,154.01804799999854,20.788224000000145,133.2298239999984,0.1349726494391121,0.728494623655914,0.95,0,2000,0.0,2133,1729,404,20,0,6696,0,0.0,1.0,0,0.0,node_hello,15:1;17:1;27:1;3:1;37:1;4:1;44:1;47:1;48:1;50:1;60:1;62:1;64:0;65:1;67:1;72:1;79:1;82:1;89:1;98:1,SIM
flood,100,20,7,warm,240.0,60.0,node_hello,continuous,9,18,0.9,0.2243172803090232,2.7579433868884964,97.05555555555556,155.40505599999852,20.788224000000145,134.61683199999837,0.13376800301787056,0.7292144495412844,0.9,0,2003,0.0,2151,1747,404,20,166,6976,0,0.0,1.0,0,0.0,node_hello,11:1;12:1;17:1;19:1;20:1;25:1;34:1;41:0;42:0;45:1;49:1;5:1;50:1;51:1;64:1;65:1;72:1;75:1;83:1;88:1,SIM
flood,100,20,7,warm,240.0,60.0,node_hello,continuous,10,20,1.0,0.0770559999999989,1.5674737223595763,90.05,159.56607999999846,20.788224000000145,138.7778559999983,0.1302797185968368,0.7205504309693029,1.0,0,2077,0.0,2205,1801,404,20,0,6613,0,0.0,1.0,0,0.0,node_hello,1:1;12:1;20:1;29:1;31:1;37:1;44:1;49:1;60:1;65:1;66:1;68:1;77:1;79:1;81:1;83:1;85:1;86:1;88:1;97:1,SIM
flood,100,20,7,warm,240.0,60.0,node_hello,continuous,11,17,0.85,0.0770559999999989,1.539684893004789,98.3529411764706,149.6258559999986,20.788224000000145,128.83763199999845,0.13893470390572293,0.7166832834828847,0.85,0,1950,0.0,2076,1672,404,20,0,6018,0,0.0,1.0,0,0.0,node_hello,10:1;2:1;27:1;3:1;33:0;35:1;4:1;41:0;43:1;44:0;53:1;54:1;56:1;62:1;64:1;68:1;70:1;8:1;91:1;98:1,SIM
flood,100,20,7,warm,240.0,60.0,node_hello,continuous,12,19,0.95,0.0770559999999989,2.2919011522773163,96.26315789473684,161.72364799999843,20.788224000000145,140.93542399999828,0.12854164655004782,0.7585241730279898,0.95,0,2074,0.0,2233,1829,404,20,0,7860,0,0.0,1.0,0,0.0,node_hello,1:1;10:1;14:1;26:1;29:1;3:1;31:1;43:1;58:0;60:1;7:1;72:1;75:1;78:1;80:1;83:1;87:1;92:1;95:1;96:1,SIM
flood,100,20,7,warm,240.0,60.0,node_hello,continuous,13,16,0.8,0.0770559999999989,3.2027680216189616,96.75,135.02822399999857,15.745535999999985,119.28268799999859,0.1166092208988852,0.7126517684321662,0.8,0,1738,0.0,1854,1548,306,20,65,5683,0,0.0,1.0,0,0.0,node_hello,15:1;26:1;3:0;38:1;41:0;48:1;49:1;52:1;53:0;57:1;61:1;7:1;72:1;74:0;86:1;87:1;9:1;91:1;95:1;98:1,SIM
flood,100,20,7,warm,240.0,60.0,node_hello,continuous,14,19,0.95,0.0770559999999989,2.777796125005845,92.73684210526316,156.5608959999985,20.788224000000145,135.77267199999835,0.13278043579924545,0.7068690095846646,0.95,0,2036,0.0,2166,1762,404,20,0,6260,0,0.0,1.0,0,0.0,node_hello,10:1;11:0;13:1;15:1;16:1;17:1;24:1;28:1;29:1;46:1;48:1;61:1;68:1;71:1;74:1;75:1;80:1;95:1;96:1;98:1,SIM
flood,100,20,7,warm,240.0,60.0,node_hello,continuous,15,18,0.9,0.5039836596753418,1.9926418271220356,99.44444444444444,158.71846399999848,20.788224000000145,137.93023999999832,0.13097546105285107,0.722123368920522,0.9,0,2056,0.0,2194,1790,404,20,0,6744,0,0.0,1.0,0,0.0,node_hello,1:1;11:1;15:1;17:1;21:1;29:1;48:1;53:1;55:1;60:1;7:1;72:0;79:1;8:1;80:1;81:1;85:0;89:1;95:1;96:1,SIM
flood,100,20,7,warm,240.0,60.0,node_hello,continuous,16,17,0.85,0.0770559999999989,0.43647434063653,100.17647058823529,152.01459199999857,20.788224000000145,131.22636799999842,0.1367515034346199,0.7278693528693528,0.85,0,1971,0.0,2107,1703,404,20,0,6552,0,0.0,1.0,0,0.0,node_hello,0:1;10:1;12:1;13:1;15:1;2:1;24:0;25:1;34:1;35:1;45:1;5:1;63:1;67:0;68:0;70:1;8:1;90:1;93:1;94:1,SIM
flood,100,20,7,warm,240.0,60.0,node_hello,continuous,17,17,0.85,0.15953749319437804,2.3467995795972656,105.76470588235294,159.33491199999847,20.788224000000145,138.5466879999983,0.13046873242695453,0.716791215494891,0.85,0,2065,0.0,2202,1798,404,20,227,6557,0,0.0,1.0,0,0.0,node_hello,1:1;12:1;22:1;23:1;27:1;29:1;30:1;41:1;42:1;48:1;49:1;51:1;52:1;60:1;61:1;62:0;63:0;83:0;87:1;88:1,SIM
flood,100,20,7,warm,240.0,60.0,node_hello,continuous,18,18,0.9,0.0770559999999989,2.879348243480361,91.33333333333333,147.46828799999864,20.788224000000145,126.68006399999848,0.14096741938172047,0.6474332648870637,0.9,0,1945,0.0,2048,1644,404,20,0,4870,0,0.0,1.0,0,0.0,node_hello,13:0;29:1;45:1;49:1;5:1;50:1;54:0;66:1;7:1;76:1;8:1;85:1;86:1;87:1;89:1;91:1;96:1;97:1;98:1;99:1,SIM
flood,100,20,7,warm,240.0,60.0,node_hello,continuous,19,20,1.0,0.26295364902176743,2.579758378542507,89.7,159.02668799999847,20.788224000000145,138.23846399999832,0.13072160567162378,0.7373360938578329,1.0,0,2056,0.0,2198,1794,404,20,0,7245,0,0.0,1.0,0,0.0,node_hello,10:1;12:1;16:1;19:1;27:1;30:1;40:1;49:1;50:1;57:1;6:1;61:1;68:1;69:1;73:1;76:1;89:1;95:1;96:1;99:1,SIM
flood,100,20,7,cold,240.0,60.0,node_hello,continuous,0,19,0.95,0.0770559999999989,1.3421183953973788,91.84210526315789,155.25094399999853,20.788224000000145,134.46271999999837,0.13390078967893645,0.7399083882049814,0.95,0,2011,0.0,2149,1745,404,20,0,6986,0,0.0,1.0,0,0.0,node_hello,1:1;10:1;11:1;12:1;25:1;28:1;37:1;49:0;50:1;57:1;62:1;66:1;7:1;71:1;74:1;8:1;81:1;86:1;91:1;95:1,SIM
flood,100,20,7,cold,240.0,60.0,node_hello,continuous,1,17,0.85,0.27748926266176,1.8772598105932454,92.41176470588235,141.84319999999872,20.788224000000145,121.05497599999856,0.14655777647430637,0.7330851408222726,0.85,0,1845,0.0,1975,1571,404,20,225,6178,0,0.0,1.0,0,0.0,node_hello,11:1;12:1;23:1;29:1;31:1;38:1;39:1;40:1;41:0;42:1;43:1;49:1;5:1;57:1;69:1;73:0;74:1;82:1;83:1;96:0,SIM
flood,100,20,7,cold,240.0,60.0,node_hello,continuous,2,18,0.9,0.16659680303459112,1.7518953768066619,92.94444444444444,149.5999999999986,20.685312000000142,128.91468799999845,0.13827080213903967,0.7474732890557321,0.9,0,1928,0.0,2075,1673,402,20,0,6926,0,0.0,1.0,0,0.0,node_hello,1:1;10:1;24:1;28:1;40:0;42:1;48:1;51:1;59:1;67:1;68:0;70:1;79:1;81:1;84:1;85:1;91:1;92:1;95:1;97:1,SIM
flood,100,20,7,cold,240.0,60.0,node_hello,continuous,3,20,1.0,0.0770559999999989,0.9683576628423813,83.95,150.1652479999986,20.788224000000145,129.37702399999844,0.13843565190263155,0.7308638180141408,1.0,0,1951,0.0,2083,1679,404,20,0,6506,0,0.0,1.0,0,0.0,node_hello,11:1;12:1;14:1;15:1;22:1;3:1;36:1;38:1;43:1;48:1;49:1;5:1;61:1;67:1;72:1;74:1;84:1;86:1;89:1;99:1,SIM
flood,100,20,7,cold,240.0,60.0,node_hello,continuous,4,20,1.0,0.18018921227345963,1.705488875398724,89.6,158.87257599999847,20.788224000000145,138.08435199999832,0.1308484102379025,0.6786505367183506,1.0,0,2063,0.0,2196,1792,404,20,152,5869,0,0.0,1.0,0,0.0,node_hello,28:1;29:1;30:1;36:1;38:1;39:1;40:1;41:1;47:1;51:1;57:1;62:1;64:1;67:1;68:1;76:1;80:1;88:1;90:1;95:1,SIM
flood,100,20,7,cold,240.0,60.0,node_hello,continuous,5,19,0.95,0.0770559999999989,2.257909046421909,92.26315789473684,155.86739199999852,20.788224000000145,135.07916799999836,0.1333712185291478,0.7273811298256074,0.95,0,2019,0.0,2157,1753,404,20,0,6709,0,0.0,1.0,0,0.0,node_hello,1:1;13:1;24:1;25:1;49:1;50:1;54:1;58:1;60:1;61:1;69:1;73:1;76:1;80:1;83:0;87:1;88:1;90:1;92:1;99:1,SIM
flood,100,20,7,cold,240.0,60.0,node_hello,continuous,6,19,0.95,0.28920464440569305,2.4919692807105154,94.84210526315789,159.64313599999846,20.788224000000145,138.8549119999983,0.13021683563019174,0.7500329424166556,0.95,0,2041,0.0,2206,1802,404,20,82,7589,0,0.0,1.0,0,0.0,node_hello,11:1;16:1;23:1;29:1;31:1;33:1;34:1;49:1;53:1;54:1;61:1;66:0;69:1;72:1;75:1;76:1;78:1;80:1;84:1;86:1,SIM
flood,100,20,7,cold,240.0,60.0,node_hello,continuous,7,20,1.0,0.2711812798854538,2.2864073523926547,87.95,156.3297279999985,20.788224000000145,135.54150399999835,0.13297678097412377,0.7158948685857321,1.0,0,2028,0.0,2163,1759,404,20,211,6392,0,0.0,1.0,0,0.0,node_hello,11:1;12:1;17:1;20:1;25:1;28:1;40:1;43:1;45:1;50:1;51:1;53:1;55:1;59:1;62:1;65:1;85:1;90:1;92:1;95:1,SIM
flood,100,20,7,cold,240.0,60.0,node_hello,continuous,8,19,0.95,0.17405706573376278,2.99172144502132,91.0,154.01804799999854,20.788224000000145,133.2298239999984,0.1349726494391121,0.728494623655914,0.95,0,2000,0.0,2133,1729,404,20,0,6696,0,0.0,1.0,0,0.0,node_hello,15:1;17:1;27:1;3:1;37:1;4:1;44:1;47:1;48:1;50:1;60:1;62:1;64:0;65:1;67:1;72:1;79:1;82:1;89:1;98:1,SIM
flood,100,20,7,cold,240.0,60.0,node_hello,continuous,9,19,0.95,0.1763421352494552,1.0771811540742304,90.57894736842105,153.40159999999855,20.788224000000145,132.6133759999984,0.1355150402603385,0.7285886610373945,0.95,0,1983,0.0,2125,1721,404,20,217,6632,0,0.0,1.0,0,0.0,node_hello,11:1;12:1;17:1;19:1;20:1;25:1;34:1;41:1;42:1;45:1;49:1;5:1;50:1;51:1;64:1;65:1;72:1;75:1;83:1;88:0,SIM
flood,100,20,7,cold,240.0,60.0,node_hello,continuous,10,20,1.0,0.0770559999999989,1.5674737223595763,90.05,159.56607999999846,20.788224000000145,138.7778559999983,0.1302797185968368,0.7205504309693029,1.0,0,2077,0.0,2205,1801,404,20,0,6613,0,0.0,1.0,0,0.0,node_hello,1:1;12:1;20:1;29:1;31:1;37:1;44:1;49:1;60:1;65:1;66:1;68:1;77:1;79:1;81:1;83:1;85:1;86:1;88:1;97:1,SIM
flood,100,20,7,cold,240.0,60.0,node_hello,continuous,11,17,0.85,0.07705599999999979,1.5396848930047862,98.3529411764706,149.6258559999986,20.788224000000145,128.83763199999845,0.13893470390572293,0.7166832834828847,0.85,0,1950,0.0,2076,1672,404,20,0,6018,0,0.0,1.0,0,0.0,node_hello,10:1;2:1;27:1;3:1;33:0;35:1;4:1;41:0;43:1;44:0;53:1;54:1;56:1;62:1;64:1;68:1;70:1;8:1;91:1;98:1,SIM
flood,100,20,7,cold,240.0,60.0,node_hello,continuous,12,19,0.95,0.0770559999999989,2.2919011522773096,96.26315789473684,161.72364799999843,20.788224000000145,140.93542399999828,0.12854164655004782,0.7585241730279898,0.95,0,2074,0.0,2233,1829,404,20,0,7860,0,0.0,1.0,0,0.0,node_hello,1:1;10:1;14:1;26:1;29:1;3:1;31:1;43:1;58:0;60:1;7:1;72:1;75:1;78:1;80:1;83:1;87:1;92:1;95:1;96:1,SIM
flood,100,20,7,cold,240.0,60.0,node_hello,continuous,13,17,0.85,0.0770559999999989,2.3995727431173557,97.47058823529412,143.42732799999845,15.745535999999985,127.68179199999847,0.10978058518945674,0.7283605283605283,0.85,0,1827,0.0,1963,1657,306,20,62,6435,0,0.0,1.0,0,0.0,node_hello,15:1;26:1;3:0;38:1;41:1;48:1;49:1;52:1;53:0;57:1;61:1;7:1;72:1;74:1;86:1;87:1;9:1;91:1;95:1;98:0,SIM
flood,100,20,7,cold,240.0,60.0,node_hello,continuous,14,19,0.95,0.0770559999999989,2.7777961250058407,92.73684210526316,156.5608959999985,20.788224000000145,135.77267199999835,0.13278043579924545,0.7068690095846646,0.95,0,2036,0.0,2166,1762,404,20,0,6260,0,0.0,1.0,0,0.0,node_hello,10:1;11:0;13:1;15:1;16:1;17:1;24:1;28:1;29:1;46:1;48:1;61:1;68:1;71:1;74:1;75:1;80:1;95:1;96:1;98:1,SIM
flood,100,20,7,cold,240.0,60.0,node_hello,continuous,15,18,0.9,0.5039836596753471,1.9926418271220356,99.44444444444444,158.71846399999848,20.788224000000145,137.93023999999832,0.13097546105285107,0.722123368920522,0.9,0,2056,0.0,2194,1790,404,20,0,6744,0,0.0,1.0,0,0.0,node_hello,1:1;11:1;15:1;17:1;21:1;29:1;48:1;53:1;55:1;60:1;7:1;72:0;79:1;8:1;80:1;81:1;85:0;89:1;95:1;96:1,SIM
flood,100,20,7,cold,240.0,60.0,node_hello,continuous,16,17,0.85,0.0770559999999989,0.4364743406365237,100.17647058823529,152.01459199999857,20.788224000000145,131.22636799999842,0.1367515034346199,0.7278693528693528,0.85,0,1971,0.0,2107,1703,404,20,0,6552,0,0.0,1.0,0,0.0,node_hello,0:1;10:1;12:1;13:1;15:1;2:1;24:0;25:1;34:1;35:1;45:1;5:1;63:1;67:0;68:0;70:1;8:1;90:1;93:1;94:1,SIM
flood,100,20,7,cold,240.0,60.0,node_hello,continuous,17,18,0.9,0.12389297179428382,2.4054888756362107,97.38888888888889,155.86739199999852,20.788224000000145,135.07916799999836,0.1333712185291478,0.7224270353302611,0.9,0,2022,0.0,2157,1753,404,20,229,6510,0,0.0,1.0,0,0.0,node_hello,1:1;12:0;22:1;23:1;27:1;29:1;30:1;41:1;42:1;48:1;49:0;51:1;52:1;60:1;61:1;62:1;63:1;83:1;87:1;88:1,SIM
flood,100,20,7,cold,240.0,60.0,node_hello,continuous,18,18,0.9,0.0770559999999989,2.87934824348036,91.33333333333333,147.46828799999864,20.788224000000145,126.68006399999848,0.14096741938172047,0.6474332648870637,0.9,0,1945,0.0,2048,1644,404,20,0,4870,0,0.0,1.0,0,0.0,node_hello,13:0;29:1;45:1;49:1;5:1;50:1;54:0;66:1;7:1;76:1;8:1;85:1;86:1;87:1;89:1;91:1;96:1;97:1;98:1;99:1,SIM
flood,100,20,7,cold,240.0,60.0,node_hello,continuous,19,20,1.0,0.26295364902177454,2.579758378542493,89.7,159.02668799999847,20.788224000000145,138.23846399999832,0.13072160567162378,0.7373360938578329,1.0,0,2056,0.0,2198,1794,404,20,0,7245,0,0.0,1.0,0,0.0,node_hello,10:1;12:1;16:1;19:1;27:1;30:1;40:1;49:1;50:1;57:1;6:1;61:1;68:1;69:1;73:1;76:1;89:1;95:1;96:1;99:1,SIM
flood,100,20,9,warm,240.0,60.0,node_hello,continuous,0,14,0.7,0.2672639999999973,0.2672640000000115,99.35714285714286,446.64320000000976,74.87897600000021,371.76422400000956,0.167648306299074,0.0255863539445629,0.7,0,1774,0.0,1795,1391,404,20,0,1407,0,0.0,1.0,0,0.0,node_hello,1:1;10:1;11:0;12:1;25:0;28:1;37:1;49:0;50:1;57:1;62:1;66:1;7:1;71:0;74:1;8:0;81:1;86:1;91:0;95:1,SIM
flood,100,20,9,warm,240.0,60.0,node_hello,continuous,1,15,0.75,0.2672639999999973,0.5516960851172996,91.2,440.4961280000095,74.87897600000021,365.6171520000093,0.1699878188259548,0.05931612002791347,0.75,0,1752,0.0,1772,1368,404,20,0,1433,0,0.0,1.0,0,0.0,node_hello,11:1;12:1;23:1;29:1;31:0;38:1;39:1;40:1;41:0;42:1;43:1;49:1;5:0;57:1;69:1;73:1;74:0;82:1;83:1;96:0,SIM
flood,100,20,9,warm,240.0,60.0,node_hello,continuous,2,17,0.85,0.2672639999999973,0.2672640000000115,70.3529411764706,394.15603200000754,74.5082880000002,319.6477440000073,0.1890324692531885,0.04700162074554295,0.85,0,1579,0.0,1598,1196,402,20,0,1234,0,0.0,1.0,0,0.0,node_hello,1:0;10:0;24:1;28:1;40:1;42:1;48:1;51:1;59:1;67:1;68:0;70:1;79:1;81:1;84:1;85:1;91:1;92:1;95:1;97:1,SIM
flood,100,20,9,warm,240.0,60.0,node_hello,continuous,3,18,0.9,0.2672639999999973,0.2672640000000115,81.11111111111111,465.08441600001055,74.87897600000021,390.20544000001036,0.16100082785830971,0.0903348073278585,0.9,0,1841,0.0,1864,1460,404,20,0,1583,0,0.0,1.0,0,0.0,node_hello,11:0;12:1;14:1;15:1;22:1;3:1;36:0;38:1;43:1;48:1;49:1;5:1;61:1;67:1;72:1;74:1;84:1;86:1;89:1;99:1,SIM
flood,100,20,9,warm,240.0,60.0,node_hello,continuous,4,15,0.75,0.2672639999999973,0.363660047545876,86.0,419.6495360000086,74.87897600000021,344.7705600000084,0.1784321667878567,0.05646359583952452,0.75,0,1672,0.0,1694,1290,404,20,0,1346,0,0.0,1.0,0,0.0,node_hello,28:1;29:1;30:1;36:1;38:1;39:0;40:1;41:1;47:1;51:0;57:1;62:0;64:1;67:1;68:1;76:1;80:0;88:1;90:1;95:0,SIM
flood,100,20,9,warm,240.0,60.0,node_hello,continuous,5,16,0.8,0.2672639999999973,0.2672640000000115,83.5625,432.21094400000914,74.87897600000021,357.33196800000894,0.1732463674034099,0.0,0.8,0,1721,0.0,1741,1337,404,20,0,1317,0,0.0,1.0,0,0.0,node_hello,1:1;13:1;24:1;25:1;49:0;50:0;54:1;58:1;60:1;61:1;69:1;73:0;76:1;80:1;83:1;87:1;88:1;90:0;92:1;99:1,SIM
flood,100,20,9,warm,240.0,60.0,node_hello,continuous,6,14,0.7,0.2672640000000044,0.3636098550513096,96.28571428571429,435.15084800000926,74.87897600000021,360.27187200000907,0.17207590504338996,0.031363967906637494,0.7,0,1729,0.0,1752,1348,404,20,122,1371,0,0.57,1.0,0,0.0,node_hello,11:1;16:0;23:1;29:0;31:1;33:1;34:1;49:1;53:1;54:1;61:0;66:0;69:1;72:1;75:0;76:1;78:1;80:1;84:1;86:0,SIM
flood,100,20,9,warm,240.0,60.0,node_hello,continuous,7,12,0.6,0.2672639999999973,0.2672640000000115,107.33333333333333,419.1150080000086,74.87897600000021,344.2360320000084,0.17865973437056845,0.03720577069096431,0.6,0,1671,0.0,1692,1288,404,20,0,1317,0,0.0,1.0,0,0.0,node_hello,11:0;12:1;17:0;20:0;25:0;28:1;40:1;43:1;45:1;50:1;51:1;53:1;55:1;59:0;62:1;65:1;85:0;90:1;92:0;95:0,SIM
flood,100,20,9,warm,240.0,60.0,node_hello,continuous,8,13,0.65,0.2672639999999973,0.3942711074044719,106.07692307692308,443.4360320000096,74.87897600000021,368.5570560000094,0.16886082906316144,0.05886426592797784,0.65,0,1761,0.0,1783,1379,404,20,0,1444,0,0.0,1.0,0,0.0,node_hello,15:1;17:0;27:0;3:1;37:1;4:1;44:1;47:1;48:1;50:1;60:1;62:0;64:0;65:1;67:0;72:0;79:1;82:0;89:1;98:1,SIM
flood,100,20,9,warm,240.0,60.0,node_hello,continuous,9,14,0.7,0.2672640000000044,0.2672640000000115,94.14285714285714,427.1329280000089,74.87897600000021,352.2539520000087,0.1753060255752482,0.0,0.7,0,1702,0.0,1722,1318,404,20,0,1298,0,0.0,1.0,0,0.0,node_hello,11:1;12:1;17:1;19:0;20:0;25:0;34:0;41:1;42:1;45:1;49:1;5:0;50:0;51:1;64:1;65:1;72:1;75:1;83:1;88:1,SIM
flood,100,20,9,warm,240.0,60.0,node_hello,continuous,10,16,0.8,0.2672639999999973,0.3550173352709294,91.1875,464.81715200001054,74.87897600000021,389.93817600001034,0.16109340130374214,0.07933461292386436,0.8,0,1840,0.0,1863,1459,404,20,0,1563,0,0.0,1.0,0,0.0,node_hello,1:1;12:1;20:1;29:1;31:1;37:0;44:1;49:0;60:1;65:1;66:1;68:1;77:1;79:1;81:1;83:0;85:1;86:1;88:1;97:0,SIM
flood,100,20,9,warm,240.0,60.0,node_hello,continuous,11,13,0.65,0.2672639999999973,0.2672640000000115,103.3076923076923,433.8145280000092,74.87897600000021,358.935552000009,0.17260596676005885,0.13381201044386423,0.65,0,1723,0.0,1747,1343,404,20,0,1532,0,0.0,1.0,0,0.0,node_hello,10:1;2:1;27:1;3:1;33:0;35:1;4:1;41:0;43:1;44:0;53:0;54:1;56:1;62:0;64:0;68:1;70:1;8:0;91:1;98:1,SIM
flood,100,20,9,warm,240.0,60.0,node_hello,continuous,12,18,0.9,0.2672640000000044,0.3796045658170922,81.94444444444444,469.0933760000107,74.87897600000021,394.2144000000105,0.15962488457734797,0.050880626223091974,0.9,0,1857,0.0,1879,1475,404,20,0,1533,0,0.0,1.0,0,0.0,node_hello,1:1;10:1;14:1;26:1;29:1;3:1;31:1;43:1;58:0;60:1;7:1;72:0;75:1;78:1;80:1;83:1;87:1;92:1;95:1;96:1,SIM
flood,100,20,9,warm,240.0,60.0,node_hello,continuous,13,13,0.65,0.2672639999999973,0.2672640000000115,100.46153846153847,405.76204800000875,56.715264000000154,349.0467840000086,0.1397746888343755,0.05371596762325239,0.65,0,1591,0.0,1612,1306,306,20,77,1359,0,0.0,1.0,0,0.0,node_hello,15:1;26:0;3:0;38:1;41:1;48:1;49:1;52:0;53:0;57:1;61:1;7:1;72:0;74:1;86:0;87:1;9:1;91:1;95:1;98:0,SIM
flood,100,20,9,warm,240.0,60.0,node_hello,continuous,14,16,0.8,0.2672640000000044,0.350759135713389,86.75,445.8414080000097,74.87897600000021,370.9624320000095,0.1679498015581329,0.031161473087818695,0.8,0,1771,0.0,1792,1388,404,20,0,1412,0,0.0,1.0,0,0.0,node_hello,10:1;11:0;13:0;15:0;16:1;17:1;24:0;28:1;29:1;46:1;48:1;61:1;68:1;71:1;74:1;75:1;80:1;95:1;96:1;98:1,SIM
flood,100,20,9,warm,240.0,60.0,node_hello,continuous,15,12,0.6,0.2672640000000044,0.4025148946681808,116.16666666666667,447.4449920000098,74.87897600000021,372.5660160000096,0.16734789155936863,0.030345800988002825,0.6,0,1777,0.0,1798,1394,404,20,0,1417,0,0.0,1.0,0,0.0,node_hello,1:1;11:0;15:1;17:0;21:0;29:1;48:1;53:0;55:0;60:1;7:1;72:1;79:1;8:0;80:1;81:0;85:0;89:1;95:1;96:1,SIM
flood,100,20,9,warm,240.0,60.0,node_hello,continuous,16,15,0.75,0.2672639999999973,0.5851356618210275,96.66666666666667,462.41177600001043,74.87897600000021,387.53280000001024,0.1619313778029704,0.05921052631578947,0.75,0,1832,0.0,1854,1450,404,20,0,1520,0,0.0,1.0,0,0.0,node_hello,0:1;10:1;12:1;13:0;15:1;2:1;24:0;25:1;34:0;35:1;45:1;5:0;63:1;67:1;68:1;70:1;8:1;90:0;93:1;94:1,SIM
flood,100,20,9,warm,240.0,60.0,node_hello,continuous,17,11,0.55,0.2672639999999973,0.2672640000000115,110.27272727272727,399.0702080000077,74.87897600000021,324.1912320000075,0.18763359052850861,0.11695040710584752,0.55,0,1596,0.0,1617,1213,404,20,0,1351,0,0.0,1.0,0,0.0,node_hello,1:1;12:0;22:1;23:0;27:1;29:0;30:1;41:0;42:1;48:1;49:0;51:1;52:0;60:1;61:0;62:1;63:1;83:0;87:0;88:1,SIM
flood,100,20,9,warm,240.0,60.0,node_hello,continuous,18,13,0.65,0.2672639999999973,0.2672640000000115,100.84615384615384,425.26208000000884,74.87897600000021,350.38310400000864,0.17607724629479932,0.038002980625931444,0.65,0,1694,0.0,1715,1311,404,20,0,1342,0,0.0,1.0,0,0.0,node_hello,13:0;29:1;45:0;49:0;5:1;50:1;54:1;66:1;7:0;76:1;8:1;85:1;86:0;87:0;89:1;91:0;96:1;97:1;98:1;99:1,SIM
flood,100,20,9,warm,240.0,60.0,node_hello,continuous,19,8,0.4,0.2672639999999973,0.2672640000000115,174.75,448.51404800000984,74.87897600000021,373.63507200000964,0.16694900936525084,0.0,0.4,0,1782,0.0,1802,1398,404,20,0,1378,0,0.0,1.0,0,0.0,node_hello,10:1;12:0;16:0;19:1;27:0;30:0;40:1;49:0;50:1;57:1;6:0;61:0;68:1;69:0;73:0;76:0;89:1;95:0;96:1;99:0,SIM
flood,100,20,9,cold,240.0,60.0,node_hello,continuous,0,14,0.7,0.2672639999999973,0.26726400000000083,99.35714285714286,446.64320000000976,74.87897600000021,371.76422400000956,0.167648306299074,0.0255863539445629,0.7,0,1774,0.0,1795,1391,404,20,0,1407,0,0.0,1.0,0,0.0,node_hello,1:1;10:1;11:0;12:1;25:0;28:1;37:1;49:0;50:1;57:1;62:1;66:1;7:1;71:0;74:1;8:0;81:1;86:1;91:0;95:1,SIM
flood,100,20,9,cold,240.0,60.0,node_hello,continuous,1,15,0.75,0.2672639999999973,0.5516960851173028,91.2,440.4961280000095,74.87897600000021,365.6171520000093,0.1699878188259548,0.05931612002791347,0.75,0,1752,0.0,1772,1368,404,20,0,1433,0,0.0,1.0,0,0.0,node_hello,11:1;12:1;23:1;29:1;31:0;38:1;39:1;40:1;41:0;42:1;43:1;49:1;5:0;57:1;69:1;73:1;74:0;82:1;83:1;96:0,SIM
flood,100,20,9,cold,240.0,60.0,node_hello,continuous,2,12,0.6,0.2672639999999973,0.26726400000000083,104.58333333333333,409.9246080000082,74.5082880000002,335.416320000008,0.1817609544436003,0.037412314886983634,0.6,0,1637,0.0,1657,1255,402,20,0,1283,0,0.0,1.0,0,0.0,node_hello,1:1;10:0;24:0;28:1;40:1;42:1;48:0;51:1;59:0;67:1;68:0;70:1;79:0;81:1;84:1;85:1;91:0;92:1;95:1;97:0,SIM
flood,100,20,9,cold,240.0,60.0,node_hello,continuous,3,18,0.9,0.2672639999999973,0.26726400000000083,81.11111111111111,465.08441600001055,74.87897600000021,390.20544000001036,0.16100082785830971,0.0903348073278585,0.9,0,1841,0.0,1864,1460,404,20,0,1583,0,0.0,1.0,0,0.0,node_hello,11:0;12:1;14:1;15:1;22:1;3:1;36:0;38:1;43:1;48:1;49:1;5:1;61:1;67:1;72:1;74:1;84:1;86:1;89:1;99:1,SIM
flood,100,20,9,cold,240.0,60.0,node_hello,continuous,4,15,0.75,0.2672639999999973,0.3636600475458696,86.0,419.6495360000086,74.87897600000021,344.7705600000084,0.1784321667878567,0.05646359583952452,0.75,0,1672,0.0,1694,1290,404,20,0,1346,0,0.0,1.0,0,0.0,node_hello,28:1;29:1;30:1;36:1;38:1;39:0;40:1;41:1;47:1;51:0;57:1;62:0;64:1;67:1;68:1;76:1;80:0;88:1;90:1;95:0,SIM
flood,100,20,9,cold,240.0,60.0,node_hello,continuous,5,16,0.8,0.2672639999999973,0.26726400000000083,83.5625,432.21094400000914,74.87897600000021,357.33196800000894,0.1732463674034099,0.0,0.8,0,1721,0.0,1741,1337,404,20,0,1317,0,0.0,1.0,0,0.0,node_hello,1:1;13:1;24:1;25:1;49:0;50:0;54:1;58:1;60:1;61:1;69:1;73:0;76:1;80:1;83:1;87:1;88:1;90:0;92:1;99:1,SIM
flood,100,20,9,cold,240.0,60.0,node_hello,continuous,6,15,0.75,0.2672639999999973,0.35253551014190737,91.73333333333333,442.6342400000096,74.87897600000021,367.7552640000094,0.16916670522370475,0.05439330543933055,0.75,0,1756,0.0,1780,1376,404,20,128,1434,0,0.0,1.0,0,0.0,node_hello,11:0;16:0;23:1;29:0;31:1;33:1;34:1;49:1;53:1;54:1;61:0;66:1;69:1;72:1;75:1;76:1;78:1;80:1;84:0;86:1,SIM
flood,100,20,9,cold,240.0,60.0,node_hello,continuous,7,12,0.6,0.2672639999999973,0.26726400000000033,107.33333333333333,419.1150080000086,74.87897600000021,344.2360320000084,0.17865973437056845,0.03720577069096431,0.6,0,1671,0.0,1692,1288,404,20,0,1317,0,0.0,1.0,0,0.0,node_hello,11:0;12:1;17:0;20:0;25:0;28:1;40:1;43:1;45:1;50:1;51:1;53:1;55:1;59:0;62:1;65:1;85:0;90:1;92:0;95:0,SIM
flood,100,20,9,cold,240.0,60.0,node_hello,continuous,8,13,0.65,0.2672639999999973,0.3942711074044598,106.07692307692308,443.4360320000096,74.87897600000021,368.5570560000094,0.16886082906316144,0.05886426592797784,0.65,0,1761,0.0,1783,1379,404,20,0,1444,0,0.0,1.0,0,0.0,node_hello,15:1;17:0;27:0;3:1;37:1;4:1;44:1;47:1;48:1;50:1;60:1;62:0;64:0;65:1;67:0;72:0;79:1;82:0;89:1;98:1,SIM
flood,100,20,9,cold,240.0,60.0,node_hello,continuous,9,14,0.7,0.2672639999999973,0.26726400000000083,94.14285714285714,427.1329280000089,74.87897600000021,352.2539520000087,0.1753060255752482,0.0,0.7,0,1702,0.0,1722,1318,404,20,0,1298,0,0.0,1.0,0,0.0,node_hello,11:1;12:1;17:1;19:0;20:0;25:0;34:0;41:1;42:1;45:1;49:1;5:0;50:0;51:1;64:1;65:1;72:1;75:1;83:1;88:1,SIM
flood,100,20,9,cold,240.0,60.0,node_hello,continuous,10,16,0.8,0.2672639999999973,0.35501733527092205,91.1875,464.81715200001054,74.87897600000021,389.93817600001034,0.16109340130374214,0.07933461292386436,0.8,0,1840,0.0,1863,1459,404,20,0,1563,0,0.0,1.0,0,0.0,node_hello,1:1;12:1;20:1;29:1;31:1;37:0;44:1;49:0;60:1;65:1;66:1;68:1;77:1;79:1;81:1;83:0;85:1;86:1;88:1;97:0,SIM
flood,100,20,9,cold,240.0,60.0,node_hello,continuous,11,13,0.65,0.2672639999999973,0.26726400000000083,103.3076923076923,433.8145280000092,74.87897600000021,358.935552000009,0.17260596676005885,0.13381201044386423,0.65,0,1723,0.0,1747,1343,404,20,0,1532,0,0.0,1.0,0,0.0,node_hello,10:1;2:1;27:1;3:1;33:0;35:1;4:1;41:0;43:1;44:0;53:0;54:1;56:1;62:0;64:0;68:1;70:1;8:0;91:1;98:1,SIM
flood,100,20,9,cold,240.0,60.0,node_hello,continuous,12,18,0.9,0.2672639999999973,0.37960456581708524,81.94444444444444,469.0933760000107,74.87897600000021,394.2144000000105,0.15962488457734797,0.050880626223091974,0.9,0,1857,0.0,1879,1475,404,20,0,1533,0,0.0,1.0,0,0.0,node_hello,1:1;10:1;14:1;26:1;29:1;3:1;31:1;43:1;58:0;60:1;7:1;72:0;75:1;78:1;80:1;83:1;87:1;92:1;95:1;96:1,SIM
flood,100,20,9,cold,240.0,60.0,node_hello,continuous,13,13,0.65,0.2672639999999973,0.37774240641862095,107.61538461538461,430.6176000000098,56.715264000000154,373.90233600000965,0.13170679507757896,0.020596590909090908,0.65,0,1684,0.0,1705,1399,306,20,77,1408,0,0.0,1.0,0,0.0,node_hello,15:1;26:0;3:0;38:1;41:1;48:1;49:1;52:0;53:0;57:1;61:1;7:1;72:0;74:1;86:1;87:0;9:1;91:1;95:1;98:0,SIM
flood,100,20,9,cold,240.0,60.0,node_hello,continuous,14,16,0.8,0.2672639999999973,0.35075913571337036,86.75,445.8414080000097,74.87897600000021,370.9624320000095,0.1679498015581329,0.031161473087818695,0.8,0,1771,0.0,1792,1388,404,20,0,1412,0,0.0,1.0,0,0.0,node_hello,10:1;11:0;13:0;15:0;16:1;17:1;24:0;28:1;29:1;46:1;48:1;61:1;68:1;71:1;74:1;75:1;80:1;95:1;96:1;98:1,SIM
flood,100,20,9,cold,240.0,60.0,node_hello,continuous,15,12,0.6,0.2672639999999973,0.40251489466816215,116.16666666666667,447.4449920000098,74.87897600000021,372.5660160000096,0.16734789155936863,0.030345800988002825,0.6,0,1777,0.0,1798,1394,404,20,0,1417,0,0.0,1.0,0,0.0,node_hello,1:1;11:0;15:1;17:0;21:0;29:1;48:1;53:0;55:0;60:1;7:1;72:1;79:1;8:0;80:1;81:0;85:0;89:1;95:1;96:1,SIM
flood,100,20,9,cold,240.0,60.0,node_hello,continuous,16,15,0.75,0.2672639999999973,0.5851356618210047,96.66666666666667,462.41177600001043,74.87897600000021,387.53280000001024,0.1619313778029704,0.05921052631578947,0.75,0,1832,0.0,1854,1450,404,20,0,1520,0,0.0,1.0,0,0.0,node_hello,0:1;10:1;12:1;13:0;15:1;2:1;24:0;25:1;34:0;35:1;45:1;5:0;63:1;67:1;68:1;70:1;8:1;90:0;93:1;94:1,SIM
flood,100,20,9,cold,240.0,60.0,node_hello,continuous,17,11,0.55,0.2672639999999973,0.26726400000000083,110.27272727272727,399.0702080000077,74.87897600000021,324.1912320000075,0.18763359052850861,0.11695040710584752,0.55,0,1596,0.0,1617,1213,404,20,0,1351,0,0.0,1.0,0,0.0,node_hello,1:1;12:0;22:1;23:0;27:1;29:0;30:1;41:0;42:1;48:1;49:0;51:1;52:0;60:1;61:0;62:1;63:1;83:0;87:0;88:1,SIM
flood,100,20,9,cold,240.0,60.0,node_hello,continuous,18,13,0.65,0.2672639999999973,0.26726400000000083,100.84615384615384,425.26208000000884,74.87897600000021,350.38310400000864,0.17607724629479932,0.038002980625931444,0.65,0,1694,0.0,1715,1311,404,20,0,1342,0,0.0,1.0,0,0.0,node_hello,13:0;29:1;45:0;49:0;5:1;50:1;54:1;66:1;7:0;76:1;8:1;85:1;86:0;87:0;89:1;91:0;96:1;97:1;98:1;99:1,SIM
flood,100,20,9,cold,240.0,60.0,node_hello,continuous,19,8,0.4,0.2672639999999973,0.2672640000000005,174.75,448.51404800000984,74.87897600000021,373.63507200000964,0.16694900936525084,0.0,0.4,0,1782,0.0,1802,1398,404,20,0,1378,0,0.0,1.0,0,0.0,node_hello,10:1;12:0;16:0;19:1;27:0;30:0;40:1;49:0;50:1;57:1;6:0;61:0;68:1;69:0;73:0;76:0;89:1;95:0;96:1;99:0,SIM
managed_flood,25,5,7,warm,240.0,60.0,node_hello,continuous,0,4,0.8,0.0770559999999989,1.354836566706901,14.75,9.897727999999988,5.351423999999995,4.546303999999993,0.540671960272095,0.7833698030634574,0.8,0,114,0.0,163,59,104,5,159,457,0,0.0,1.0,0,0.0,node_hello,12:1;17:0;2:1;21:1;22:1,SIM
managed_flood,25,5,7,warm,240.0,60.0,node_hello,continuous,1,5,1.0,0.237516301263625,2.4051907747256647,13.8,10.668287999999986,5.351423999999995,5.316863999999991,0.501619753797423,0.7913188647746243,1.0,0,103,0.0,173,69,104,5,199,599,0,0.0,1.0,0,0.0,node_hello,0:1;17:1;24:1;6:1;7:1,SIM
managed_flood,25,5,7,warm,240.0,60.0,node_hello,continuous,2,5,1.0,0.0770559999999989,2.9097861732457937,14.6,10.976511999999985,5.351423999999995,5.62508799999999,0.4875341091960727,0.8123123123123123,1.0,0,116,0.0,177,73,104,5,86,666,0,0.0,1.0,0,0.0,node_hello,10:1;19:1;2:1;21:1;23:1,SIM
managed_flood,25,5,7,warm,240.0,60.0,node_hello,continuous,3,5,1.0,0.0770559999999989,2.366407601056505,11.6,9.820671999999988,5.351423999999995,4.469247999999993,0.5449142380480686,0.787052810902896,1.0,0,108,0.0,162,58,104,5,119,587,0,0.0,1.0,0,0.0,node_hello,10:1;16:1;17:1;7:1;8:1,SIM
managed_flood,25,5,7,warm,240.0,60.0,node_hello,continuous,4,4,0.8,0.0770559999999989,0.0770559999999989,14.25,9.743615999999989,5.351423999999995,4.392191999999993,0.5492236147237332,0.7924528301886793,0.8,0,117,0.0,161,57,104,5,53,477,0,0.0,1.0,0,0.0,node_hello,0:1;10:0;24:1;4:1;9:1,SIM
managed_flood,25,5,7,warm,240.0,60.0,node_hello,continuous,5,4,0.8,1.0379865303901,3.072615460462293,14.5,9.820671999999988,5.351423999999995,4.469247999999993,0.5449142380480686,0.8065764023210832,0.8,0,105,0.0,162,58,104,5,80,517,0,0.0,1.0,0,0.0,node_hello,1:1;11:0;23:1;24:1;9:1,SIM
managed_flood,25,5,7,warm,240.0,60.0,node_hello,continuous,6,5,1.0,0.0770559999999989,1.6941029951991022,10.8,9.512447999999988,5.351423999999995,4.161023999999994,0.5625706442757954,0.7679245283018868,1.0,0,100,0.0,158,54,104,5,239,530,0,0.52,1.0,0,0.0,node_hello,12:1;14:1;19:1;2:1;21:1,SIM
managed_flood,25,5,7,warm,240.0,60.0,node_hello,continuous,7,5,1.0,0.1681443823360098,1.8093243200231197,13.2,10.437119999999986,5.351423999999995,5.085695999999992,0.5127299484915381,0.7848537005163512,1.0,0,108,0.0,170,66,104,5,160,581,0,0.52,1.0,0,0.0,node_hello,11:1;14:1;19:1;3:1;5:1,SIM
managed_flood,25,5,7,warm,240.0,60.0,node_hello,continuous,8,4,0.8,0.9438138763648283,3.854873344522983,12.0,9.050111999999991,5.351423999999995,3.6986879999999953,0.5913102511880516,0.8161764705882353,0.8,0,91,0.0,152,48,104,5,276,544,0,0.0,1.0,0,0.0,node_hello,0:1;10:1;12:0;24:1;5:1,SIM
managed_flood,25,5,7,warm,240.0,60.0,node_hello,continuous,9,5,1.0,0.5619490634039153,1.7609064918813147,16.2,11.592959999999984,5.351423999999995,6.241535999999988,0.4616098045710503,0.812874251497006,1.0,0,116,0.0,185,81,104,5,122,668,0,0.0,1.0,0,0.0,node_hello,11:1;18:1;2:1;22:1;24:1,SIM
managed_flood,25,5,7,warm,240.0,60.0,node_hello,continuous,10,4,0.8,0.4526447839185437,1.9536559181552038,13.75,9.58950399999999,5.351423999999995,4.238079999999994,0.5580501348140635,0.7967145790554415,0.8,0,98,0.0,159,55,104,5,185,487,0,0.44,1.0,0,0.0,node_hello,12:1;14:1;15:1;18:0;5:1,SIM
managed_flood,25,5,7,warm,240.0,60.0,node_hello,continuous,11,5,1.0,0.8031248633680974,2.6977425646367292,13.6,10.591231999999987,5.351423999999995,5.239807999999991,0.505269264236682,0.7865748709122203,1.0,0,109,0.0,172,68,104,5,165,581,0,0.0,1.0,0,0.0,node_hello,0:1;18:1;6:1;8:1;9:1,SIM
managed_flood,25,5,7,warm,240.0,60.0,node_hello,continuous,12,4,0.8,0.7119370707725423,2.2796494313801574,13.75,9.58950399999999,5.351423999999995,4.238079999999994,0.5580501348140635,0.788135593220339,0.8,0,117,0.0,159,55,104,5,0,472,0,0.0,1.0,0,0.0,node_hello,14:1;15:1;22:0;7:1;9:1,SIM
managed_flood,25,5,7,warm,240.0,60.0,node_hello,continuous,13,5,1.0,0.0770559999999989,0.0770559999999989,14.2,10.822399999999986,5.351423999999995,5.4709759999999905,0.49447664104080447,0.7724770642201835,1.0,0,115,0.0,175,71,104,5,241,545,0,1.0,1.0,0,0.0,node_hello,15:1;19:1;22:1;23:1;7:1,SIM
managed_flood,25,5,7,warm,240.0,60.0,node_hello,continuous,14,4,0.8,0.160773232444555,2.266600766668842,12.75,9.28127999999999,5.351423999999995,3.9298559999999947,0.5765825403392637,0.7668997668997669,0.8,0,101,0.0,155,51,104,5,202,429,0,0.0,1.0,0,0.0,node_hello,11:0;16:1;6:1;8:1;9:1,SIM
managed_flood,25,5,7,warm,240.0,60.0,node_hello,continuous,15,5,1.0,0.2899455334803065,2.0435807263842687,14.8,11.053567999999984,5.351423999999995,5.70214399999999,0.4841354393441107,0.8204022988505747,1.0,0,105,0.0,178,74,104,5,73,696,0,0.0,1.0,0,0.0,node_hello,1:1;15:1;16:1;18:1;2:1,SIM
managed_flood,25,5,7,warm,240.0,60.0,node_hello,continuous,16,5,1.0,0.6392536423515907,4.2836303818799415,13.2,10.437119999999986,5.351423999999995,5.085695999999992,0.5127299484915381,0.78839590443686,1.0,0,113,0.0,170,66,104,5,105,586,0,0.52,1.0,0,0.0,node_hello,20:1;22:1;4:1;7:1;8:1,SIM
managed_flood,25,5,7,warm,240.0,60.0,node_hello,continuous,17,4,0.8,1.0454058981281236,1.7628605658092003,13.75,9.58950399999999,5.351423999999995,4.238079999999994,0.5580501348140635,0.7652582159624414,0.8,0,100,0.0,159,55,104,5,244,426,0,0.0,1.0,0,0.0,node_hello,12:1;15:1;21:0;23:1;4:1,SIM
managed_flood,25,5,7,warm,240.0,60.0,node_hello,continuous,18,5,1.0,0.0770559999999989,0.19359769175605376,13.6,10.591231999999987,5.351423999999995,5.239807999999991,0.505269264236682,0.8417721518987342,1.0,0,103,0.0,172,68,104,5,152,790,0,0.84,1.0,0,0.0,node_hello,10:1;11:1;22:1;23:1;4:1,SIM
managed_flood,25,5,7,warm,240.0,60.0,node_hello,continuous,19,5,1.0,1.0577915894391197,3.323138034178146,13.0,10.360063999999987,5.351423999999995,5.008639999999992,0.516543527144234,0.7929883138564274,1.0,0,118,0.0,169,65,104,5,37,599,0,0.0,1.0,0,0.0,node_hello,14:1;19:1;3:1;6:1;9:1,SIM
managed_flood,25,5,7,cold,240.0,60.0,node_hello,continuous,0,4,0.8,0.5531311181457343,1.4976591021506196,14.75,9.897727999999988,5.351423999999995,4.546303999999993,0.540671960272095,0.8023952095808383,0.8,0,111,0.0,163,59,104,5,157,501,0,0.0,1.0,0,0.0,node_hello,12:1;17:0;2:1;21:1;22:1,SIM
managed_flood,25,5,7,cold,240.0,60.0,node_hello,continuous,1,5,1.0,0.19253526982411628,1.4727145827875727,13.4,10.514175999999987,5.351423999999995,5.162751999999991,0.5089722675367049,0.7818499127399651,1.0,0,104,0.0,171,67,104,5,193,573,0,0.0,1.0,0,0.0,node_hello,0:1;17:1;24:1;6:1;7:1,SIM
managed_flood,25,5,7,cold,240.0,60.0,node_hello,continuous,2,5,1.0,0.077056,2.909786173245797,14.6,10.976511999999985,5.351423999999995,5.62508799999999,0.4875341091960727,0.8175182481751825,1.0,0,114,0.0,177,73,104,5,87,685,0,0.0,1.0,0,0.0,node_hello,10:1;19:1;2:1;21:1;23:1,SIM
managed_flood,25,5,7,cold,240.0,60.0,node_hello,continuous,3,5,1.0,0.07705599999999979,2.203314773654733,11.8,9.897727999999988,5.351423999999995,4.546303999999993,0.540671960272095,0.8006430868167203,1.0,0,105,0.0,163,59,104,5,115,622,0,0.0,1.0,0,0.0,node_hello,10:1;16:1;17:1;7:1;8:1,SIM
managed_flood,25,5,7,cold,240.0,60.0,node_hello,continuous,4,5,1.0,0.07705599999999979,1.0101341664238632,13.6,10.591231999999987,5.351423999999995,5.239807999999991,0.505269264236682,0.7647058823529411,1.0,0,122,0.0,172,68,104,5,44,527,0,0.0,1.0,0,0.0,node_hello,0:1;10:1;24:1;4:1;9:1,SIM
managed_flood,25,5,7,cold,240.0,60.0,node_hello,continuous,5,5,1.0,0.07705599999999979,2.333791459065245,13.6,10.591231999999987,5.351423999999995,5.239807999999991,0.505269264236682,0.7392241379310345,1.0,0,119,0.0,172,68,104,5,78,464,0,0.0,1.0,0,0.0,node_hello,1:1;11:1;23:1;24:1;9:1,SIM
managed_flood,25,5,7,cold,240.0,60.0,node_hello,continuous,6,5,1.0,0.07705600000000068,2.11990758511803,11.0,9.58950399999999,5.351423999999995,4.238079999999994,0.5580501348140635,0.7837370242214533,1.0,0,97,0.0,159,55,104,5,240,578,0,0.0,1.0,0,0.0,node_hello,12:1;14:1;19:1;2:1;21:1,SIM
managed_flood,25,5,7,cold,240.0,60.0,node_hello,continuous,7,4,0.8,0.4332961008933136,1.0339807578375133,14.5,9.820671999999988,5.351423999999995,4.469247999999993,0.5449142380480686,0.7907949790794979,0.8,0,108,0.0,162,58,104,5,168,478,0,0.0,1.0,0,0.0,node_hello,11:1;14:1;19:0;3:1;5:1,SIM
managed_flood,25,5,7,cold,240.0,60.0,node_hello,continuous,8,5,1.0,0.2823374765913025,2.8999019552001486,12.4,10.128895999999987,5.351423999999995,4.777471999999992,0.5283324066117375,0.8196248196248196,1.0,0,92,0.0,166,62,104,5,265,693,0,0.0,1.0,0,0.0,node_hello,0:1;10:1;12:1;24:1;5:1,SIM
managed_flood,25,5,7,cold,240.0,60.0,node_hello,continuous,9,5,1.0,0.38618831202373194,2.7168316037142155,16.6,11.747071999999983,5.351423999999995,6.395647999999988,0.4555538605705322,0.8153618906942393,1.0,0,116,0.0,187,83,104,5,119,677,0,0.0,1.0,0,0.0,node_hello,11:1;18:1;2:1;22:1;24:1,SIM
managed_flood,25,5,7,cold,240.0,60.0,node_hello,continuous,10,4,0.8,0.18621965957566222,2.622940557888116,15.75,10.205951999999987,5.351423999999995,4.854527999999992,0.5243434419444656,0.8054474708171206,0.8,0,107,0.0,167,63,104,5,186,514,0,0.0,1.0,0,0.0,node_hello,12:1;14:1;15:0;18:1;5:1,SIM
managed_flood,25,5,7,cold,240.0,60.0,node_hello,continuous,11,5,1.0,1.1883424483320564,3.2816044925543033,13.8,10.668287999999986,5.351423999999995,5.316863999999991,0.501619753797423,0.7793594306049823,1.0,0,114,0.0,173,69,104,5,154,562,0,0.0,1.0,0,0.0,node_hello,0:1;18:1;6:1;8:1;9:1,SIM
managed_flood,25,5,7,cold,240.0,60.0,node_hello,continuous,12,4,0.8,0.7119370707725419,2.2796494313801543,13.75,9.58950399999999,5.351423999999995,4.238079999999994,0.5580501348140635,0.788135593220339,0.8,0,117,0.0,159,55,104,5,0,472,0,0.0,1.0,0,0.0,node_hello,14:1;15:1;22:0;7:1;9:1,SIM
managed_flood,25,5,7,cold,240.0,60.0,node_hello,continuous,13,5,1.0,0.07705599999999979,0.07705600000000054,14.6,10.976511999999985,5.351423999999995,5.62508799999999,0.4875341091960727,0.782608695652174,1.0,0,113,0.0,177,73,104,5,217,575,0,0.0,1.0,0,0.0,node_hello,15:1;19:1;22:1;23:1;7:1,SIM
managed_flood,25,5,7,cold,240.0,60.0,node_hello,continuous,14,5,1.0,1.490418684519483,2.160143873576065,13.0,10.360063999999987,5.351423999999995,5.008639999999992,0.516543527144234,0.8129713423831071,1.0,0,97,0.0,169,65,104,5,191,663,0,0.0,1.0,0,0.0,node_hello,11:1;16:1;6:1;8:1;9:1,SIM
managed_flood,25,5,7,cold,240.0,60.0,node_hello,continuous,15,4,0.8,0.37167868319990394,1.2506773338360018,14.25,9.743615999999989,5.351423999999995,4.392191999999993,0.5492236147237332,0.7708333333333334,0.8,0,114,0.0,161,57,104,5,73,432,0,0.0,1.0,0,0.0,node_hello,1:1;15:1;16:1;18:1;2:0,SIM
managed_flood,25,5,7,cold,240.0,60.0,node_hello,continuous,16,4,0.8,0.24698589297937146,2.5381044386968763,13.25,9.43539199999999,5.351423999999995,4.083967999999994,0.5671649890115854,0.8062015503875969,0.8,0,108,0.0,157,53,104,5,103,516,0,0.0,1.0,0,0.0,node_hello,20:1;22:1;4:1;7:1;8:0,SIM
managed_flood,25,5,7,cold,240.0,60.0,node_hello,continuous,17,5,1.0,0.07705599999999979,1.149947144230313,11.8,9.897727999999988,5.351423999999995,4.546303999999993,0.540671960272095,0.7447698744769874,1.0,0,100,0.0,163,59,104,5,243,478,0,0.0,1.0,0,0.0,node_hello,12:1;15:1;21:1;23:1;4:1,SIM
managed_flood,25,5,7,cold,240.0,60.0,node_hello,continuous,18,5,1.0,0.07705599999999979,0.3260224814980037,12.8,10.283007999999988,5.351423999999995,4.931583999999992,0.5204142601075484,0.8104265402843602,1.0,0,109,0.0,168,64,104,5,165,633,0,0.0,1.0,0,0.0,node_hello,10:1;11:1;22:1;23:1;4:1,SIM
managed_flood,25,5,7,cold,240.0,60.0,node_hello,continuous,19,5,1.0,1.0552306220692138,2.728922917132255,13.0,10.360063999999987,5.351423999999995,5.008639999999992,0.516543527144234,0.8062015503875969,1.0,0,116,0.0,169,65,104,5,38,645,0,0.0,1.0,0,0.0,node_hello,14:1;19:1;3:1;6:1;9:1,SIM
managed_flood,25,5,9,warm,240.0,60.0,node_hello,continuous,0,4,0.8,0.2672639999999973,0.2672639999999973,13.75,33.97529600000006,19.275776000000032,14.699520000000021,0.5673468157569547,0.7555012224938875,0.8,0,134,0.0,159,55,104,5,0,409,0,0.0,1.0,0,0.0,node_hello,12:1;17:1;2:1;21:1;22:0,SIM
managed_flood,25,5,9,warm,240.0,60.0,node_hello,continuous,1,4,0.8,0.2672639999999973,0.2672639999999973,14.0,34.242560000000054,19.275776000000032,14.966784000000022,0.5629186602870814,0.7711670480549199,0.8,0,133,0.0,160,56,104,5,0,437,0,0.0,1.0,0,0.0,node_hello,0:1;17:1;24:0;6:1;7:1,SIM
managed_flood,25,5,9,warm,240.0,60.0,node_hello,continuous,2,4,0.8,0.2672639999999973,1.0932953348479966,15.75,36.113408000000064,19.275776000000032,16.837632000000028,0.5337567697847846,0.7130434782608696,0.8,0,145,0.0,167,63,104,5,0,345,0,0.0,1.0,0,0.0,node_hello,10:1;19:0;2:1;21:1;23:1,SIM
managed_flood,25,5,9,warm,240.0,60.0,node_hello,continuous,3,4,0.8,0.2672639999999973,1.5181337279921,12.0,32.10444800000005,19.275776000000032,12.828672000000015,0.6004082674151571,0.7493734335839599,0.8,0,128,0.0,152,48,104,5,0,399,0,0.0,1.0,0,0.0,node_hello,10:0;16:1;17:1;7:1;8:1,SIM
managed_flood,25,5,9,warm,240.0,60.0,node_hello,continuous,4,5,1.0,0.2672639999999973,0.2672639999999973,14.0,37.984256000000066,19.275776000000032,18.708480000000034,0.5074675149619884,0.7539370078740157,1.0,0,142,0.0,174,70,104,5,0,508,0,0.0,1.0,0,0.0,node_hello,0:1;10:1;24:1;4:1;9:1,SIM
managed_flood,25,5,9,warm,240.0,60.0,node_hello,continuous,5,3,0.6,1.362767564018597,3.7727508647235166,15.0,31.302656000000045,19.275776000000032,12.026880000000013,0.6157872354345908,0.70703125,0.6,0,130,0.0,149,45,104,5,0,256,0,0.0,1.0,0,0.0,node_hello,1:1;11:1;23:0;24:1;9:0,SIM
managed_flood,25,5,9,warm,240.0,60.0,node_hello,continuous,6,4,0.8,0.4446427178395673,3.573939306188299,12.25,32.371712000000045,19.275776000000032,13.095936000000016,0.5954512384145765,0.726161369193154,0.8,0,128,0.0,153,49,104,5,0,409,0,0.0,1.0,0,0.0,node_hello,12:1;14:0;19:1;2:1;21:1,SIM
managed_flood,25,5,9,warm,240.0,60.0,node_hello,continuous,7,4,0.8,0.9388397375150177,3.0590548553244266,13.75,33.97529600000006,19.275776000000032,14.699520000000021,0.5673468157569547,0.6420664206642066,0.8,0,138,0.0,159,55,104,5,51,271,0,0.6,1.0,0,0.0,node_hello,11:0;14:1;19:1;3:1;5:1,SIM
managed_flood,25,5,9,warm,240.0,60.0,node_hello,continuous,8,4,0.8,1.2734241306631304,2.2936995261413626,12.0,32.10444800000005,19.275776000000032,12.828672000000015,0.6004082674151571,0.66996699669967,0.8,0,133,0.0,152,48,104,5,0,303,0,0.0,1.0,0,0.0,node_hello,0:1;10:1;12:0;24:1;5:1,SIM
managed_flood,25,5,9,warm,240.0,60.0,node_hello,continuous,9,5,1.0,0.2672639999999973,1.4233465429520236,16.4,41.191424000000076,19.275776000000032,21.915648000000044,0.46795604832695264,0.7388535031847133,1.0,0,153,0.0,186,82,104,5,72,471,0,0.0,1.0,0,0.0,node_hello,11:1;18:1;2:1;22:1;24:1,SIM
managed_flood,25,5,9,warm,240.0,60.0,node_hello,continuous,10,5,1.0,0.2672639999999973,0.6335680965004457,15.4,39.85510400000007,19.275776000000032,20.57932800000004,0.48364636057655247,0.6392961876832844,1.0,0,158,0.0,181,77,104,5,0,341,0,0.0,1.0,0,0.0,node_hello,12:1;14:1;15:1;18:1;5:1,SIM
managed_flood,25,5,9,warm,240.0,60.0,node_hello,continuous,11,5,1.0,1.1372684477879318,2.1556239433962983,14.0,37.984256000000066,19.275776000000032,18.708480000000034,0.5074675149619884,0.7609942638623327,1.0,0,142,0.0,174,70,104,5,0,523,0,0.0,1.0,0,0.0,node_hello,0:1;18:1;6:1;8:1;9:1,SIM
managed_flood,25,5,9,warm,240.0,60.0,node_hello,continuous,12,3,0.6,0.2672639999999973,3.6751141020738953,15.333333333333334,31.569920000000046,19.275776000000032,12.294144000000014,0.6105741161206618,0.7234848484848485,0.6,0,133,0.0,150,46,104,5,0,264,0,0.0,1.0,0,0.0,node_hello,14:1;15:0;22:1;7:1;9:0,SIM
managed_flood,25,5,9,warm,240.0,60.0,node_hello,continuous,13,5,1.0,0.2672639999999973,1.8562902297375752,15.0,39.320576000000074,19.275776000000032,20.044800000000038,0.4902210995077996,0.7276688453159041,1.0,0,152,0.0,179,75,104,5,0,459,0,0.0,1.0,0,0.0,node_hello,15:1;19:1;22:1;23:1;7:1,SIM
managed_flood,25,5,9,warm,240.0,60.0,node_hello,continuous,14,5,1.0,0.2672639999999973,0.7925424323845532,12.6,36.113408000000064,19.275776000000032,16.837632000000028,0.5337567697847846,0.7286652078774617,1.0,0,133,0.0,167,63,104,5,61,457,0,0.0,1.0,0,0.0,node_hello,11:1;16:1;6:1;8:1;9:1,SIM
managed_flood,25,5,9,warm,240.0,60.0,node_hello,continuous,15,4,0.8,0.2672639999999973,1.1624855420637832,15.0,35.31161600000006,19.275776000000032,16.035840000000025,0.5458763484514558,0.7319034852546917,0.8,0,140,0.0,164,60,104,5,0,373,0,0.0,1.0,0,0.0,node_hello,1:1;15:1;16:1;18:1;2:0,SIM
managed_flood,25,5,9,warm,240.0,60.0,node_hello,continuous,16,4,0.8,0.2672639999999973,0.2672639999999973,13.0,33.17350400000005,19.275776000000032,13.897728000000019,0.5810593900481542,0.7572815533980582,0.8,0,131,0.0,156,52,104,5,0,412,0,0.0,1.0,0,0.0,node_hello,20:1;22:1;4:1;7:1;8:0,SIM
managed_flood,25,5,9,warm,240.0,60.0,node_hello,continuous,17,3,0.6,0.2672639999999973,0.2672639999999973,16.333333333333332,32.371712000000045,19.275776000000032,13.095936000000016,0.5954512384145765,0.6904761904761905,0.6,0,134,0.0,153,49,104,5,0,294,0,0.0,1.0,0,0.0,node_hello,12:0;15:0;21:1;23:1;4:1,SIM
managed_flood,25,5,9,warm,240.0,60.0,node_hello,continuous,18,5,1.0,0.2672639999999973,0.6683968814979976,13.2,36.91520000000006,19.275776000000032,17.63942400000003,0.5221636615811373,0.708433734939759,1.0,0,146,0.0,170,66,104,5,0,415,0,0.0,1.0,0,0.0,node_hello,10:1;11:1;22:1;23:1;4:1,SIM
managed_flood,25,5,9,warm,240.0,60.0,node_hello,continuous,19,5,1.0,1.482698062710071,2.8798858209791915,13.2,36.91520000000006,19.275776000000032,17.63942400000003,0.5221636615811373,0.7751798561151079,1.0,0,138,0.0,170,66,104,5,0,556,0,0.0,1.0,0,0.0,node_hello,14:1;19:1;3:1;6:1;9:1,SIM
managed_flood,25,5,9,cold,240.0,60.0,node_hello,continuous,0,4,0.8,0.2672640000000004,0.26726400000000083,13.75,33.97529600000006,19.275776000000032,14.699520000000021,0.5673468157569547,0.7555012224938875,0.8,0,134,0.0,159,55,104,5,0,409,0,0.0,1.0,0,0.0,node_hello,12:1;17:1;2:1;21:1;22:0,SIM
managed_flood,25,5,9,cold,240.0,60.0,node_hello,continuous,1,4,0.8,0.2672640000000004,0.26726400000000083,14.0,34.242560000000054,19.275776000000032,14.966784000000022,0.5629186602870814,0.7711670480549199,0.8,0,133,0.0,160,56,104,5,0,437,0,0.0,1.0,0,0.0,node_hello,0:1;17:1;24:0;6:1;7:1,SIM
managed_flood,25,5,9,cold,240.0,60.0,node_hello,continuous,2,4,0.8,0.26726400000000083,1.0932953348480046,15.75,36.113408000000064,19.275776000000032,16.837632000000028,0.5337567697847846,0.7130434782608696,0.8,0,145,0.0,167,63,104,5,0,345,0,0.0,1.0,0,0.0,node_hello,10:1;19:0;2:1;21:1;23:1,SIM
managed_flood,25,5,9,cold,240.0,60.0,node_hello,continuous,3,4,0.8,0.26726400000000083,1.5181337279921074,12.0,32.10444800000005,19.275776000000032,12.828672000000015,0.6004082674151571,0.7493734335839599,0.8,0,128,0.0,152,48,104,5,0,399,0,0.0,1.0,0,0.0,node_hello,10:0;16:1;17:1;7:1;8:1,SIM
managed_flood,25,5,9,cold,240.0,60.0,node_hello,continuous,4,5,1.0,0.26726400000000083,0.26726400000000083,14.0,37.984256000000066,19.275776000000032,18.708480000000034,0.5074675149619884,0.7539370078740157,1.0,0,142,0.0,174,70,104,5,0,508,0,0.0,1.0,0,0.0,node_hello,0:1;10:1;24:1;4:1;9:1,SIM
managed_flood,25,5,9,cold,240.0,60.0,node_hello,continuous,5,3,0.6,1.3627675640186014,3.772750864723527,15.0,31.302656000000045,19.275776000000032,12.026880000000013,0.6157872354345908,0.70703125,0.6,0,130,0.0,149,45,104,5,0,256,0,0.0,1.0,0,0.0,node_hello,1:1;11:1;23:0;24:1;9:0,SIM
managed_flood,25,5,9,cold,240.0,60.0,node_hello,continuous,6,4,0.8,0.4446427178395734,3.5739393061883153,12.25,32.371712000000045,19.275776000000032,13.095936000000016,0.5954512384145765,0.726161369193154,0.8,0,128,0.0,153,49,104,5,0,409,0,0.0,1.0,0,0.0,node_hello,12:1;14:0;19:1;2:1;21:1,SIM
managed_flood,25,5,9,cold,240.0,60.0,node_hello,continuous,7,4,0.8,0.8623990162173647,1.7338333613310855,17.5,37.984256000000066,19.275776000000032,18.708480000000034,0.5074675149619884,0.7357293868921776,0.8,0,142,0.0,174,70,104,5,55,473,0,0.0,1.0,0,0.0,node_hello,11:1;14:1;19:0;3:1;5:1,SIM
managed_flood,25,5,9,cold,240.0,60.0,node_hello,continuous,8,4,0.8,1.2734241306631353,2.293699526141373,12.0,32.10444800000005,19.275776000000032,12.828672000000015,0.6004082674151571,0.66996699669967,0.8,0,133,0.0,152,48,104,5,0,303,0,0.0,1.0,0,0.0,node_hello,0:1;10:1;12:0;24:1;5:1,SIM
managed_flood,25,5,9,cold,240.0,60.0,node_hello,continuous,9,5,1.0,0.26726400000000083,1.6856577350774733,16.6,41.45868800000008,19.275776000000032,22.182912000000044,0.46493936325240187,0.7086247086247086,1.0,0,158,0.0,187,83,104,5,52,429,0,0.0,1.0,0,0.0,node_hello,11:1;18:1;2:1;22:1;24:1,SIM
managed_flood,25,5,9,cold,240.0,60.0,node_hello,continuous,10,5,1.0,0.26726400000000083,0.633568096500447,15.4,39.85510400000007,19.275776000000032,20.57932800000004,0.48364636057655247,0.6392961876832844,1.0,0,158,0.0,181,77,104,5,0,341,0,0.0,1.0,0,0.0,node_hello,12:1;14:1;15:1;18:1;5:1,SIM
managed_flood,25,5,9,cold,240.0,60.0,node_hello,continuous,11,5,1.0,1.1372684477879424,2.155623943396306,14.0,37.984256000000066,19.275776000000032,18.708480000000034,0.5074675149619884,0.7609942638623327,1.0,0,142,0.0,174,70,104,5,0,523,0,0.0,1.0,0,0.0,node_hello,0:1;18:1;6:1;8:1;9:1,SIM
managed_flood,25,5,9,cold,240.0,60.0,node_hello,continuous,12,3,0.6,0.26726400000000083,3.675114102073902,15.333333333333334,31.569920000000046,19.275776000000032,12.294144000000014,0.6105741161206618,0.7234848484848485,0.6,0,133,0.0,150,46,104,5,0,264,0,0.0,1.0,0,0.0,node_hello,14:1;15:0;22:1;7:1;9:0,SIM
managed_flood,25,5,9,cold,240.0,60.0,node_hello,continuous,13,5,1.0,0.26726400000000083,1.856290229737579,15.0,39.320576000000074,19.275776000000032,20.044800000000038,0.4902210995077996,0.7276688453159041,1.0,0,152,0.0,179,75,104,5,0,459,0,0.0,1.0,0,0.0,node_hello,15:1;19:1;22:1;23:1;7:1,SIM
managed_flood,25,5,9,cold,240.0,60.0,node_hello,continuous,14,5,1.0,0.26726400000000083,3.6246990946109183,12.4,35.84614400000006,19.275776000000032,16.570368000000027,0.5377363880477632,0.6946564885496184,1.0,0,137,0.0,166,62,104,5,57,393,0,0.0,1.0,0,0.0,node_hello,11:1;16:1;6:1;8:1;9:1,SIM
managed_flood,25,5,9,cold,240.0,60.0,node_hello,continuous,15,4,0.8,0.26726400000000083,1.1624855420637927,15.0,35.31161600000006,19.275776000000032,16.035840000000025,0.5458763484514558,0.7319034852546917,0.8,0,140,0.0,164,60,104,5,0,373,0,0.0,1.0,0,0.0,node_hello,1:1;15:1;16:1;18:1;2:0,SIM
managed_flood,25,5,9,cold,240.0,60.0,node_hello,continuous,16,4,0.8,0.2672640000000004,0.26726400000000083,13.0,33.17350400000005,19.275776000000032,13.897728000000019,0.5810593900481542,0.7572815533980582,0.8,0,131,0.0,156,52,104,5,0,412,0,0.0,1.0,0,0.0,node_hello,20:1;22:1;4:1;7:1;8:0,SIM
managed_flood,25,5,9,cold,240.0,60.0,node_hello,continuous,17,3,0.6,0.26726400000000083,0.26726400000000083,16.333333333333332,32.371712000000045,19.275776000000032,13.095936000000016,0.5954512384145765,0.6904761904761905,0.6,0,134,0.0,153,49,104,5,0,294,0,0.0,1.0,0,0.0,node_hello,12:0;15:0;21:1;23:1;4:1,SIM
managed_flood,25,5,9,cold,240.0,60.0,node_hello,continuous,18,5,1.0,0.26726400000000083,0.6683968814980036,13.2,36.91520000000006,19.275776000000032,17.63942400000003,0.5221636615811373,0.708433734939759,1.0,0,146,0.0,170,66,104,5,0,415,0,0.0,1.0,0,0.0,node_hello,10:1;11:1;22:1;23:1;4:1,SIM
managed_flood,25,5,9,cold,240.0,60.0,node_hello,continuous,19,5,1.0,1.4826980627100808,2.8798858209792058,13.2,36.91520000000006,19.275776000000032,17.63942400000003,0.5221636615811373,0.7751798561151079,1.0,0,138,0.0,170,66,104,5,0,556,0,0.0,1.0,0,0.0,node_hello,14:1;19:1;3:1;6:1;9:1,SIM
managed_flood,25,20,7,warm,240.0,60.0,node_hello,continuous,0,18,0.9,0.0770559999999989,2.347318976081267,12.722222222222221,22.997248000000024,5.351423999999995,17.64582400000003,0.23269845157124844,0.7965485921889192,0.9,0,143,0.0,333,229,104,20,150,2202,0,0.0,1.0,0,0.0,node_hello,10:1;11:1;12:1;14:1;15:1;16:1;17:0;18:1;19:1;2:1;20:1;21:1;22:1;23:1;4:1;5:1;6:1;7:0;8:1;9:1,SIM
managed_flood,25,20,7,warm,240.0,60.0,node_hello,continuous,1,18,0.9,0.0770559999999989,1.9456929331152042,12.777777777777779,23.074304000000023,5.351423999999995,17.72288000000003,0.23192136152839063,0.7741283476503285,0.9,0,144,0.0,334,230,104,20,188,1979,0,0.0,1.0,0,0.0,node_hello,0:1;10:1;11:1;12:1;13:1;14:1;15:1;16:1;17:1;18:1;2:0;21:1;22:1;23:1;24:1;4:1;6:0;7:1;8:1;9:1,SIM
managed_flood,25,20,7,warm,240.0,60.0,node_hello,continuous,2,17,0.85,0.2233802915994545,1.76932777750336,14.058823529411764,23.767808000000013,5.351423999999995,18.41638400000002,0.22515429273073867,0.7986673012851023,0.85,0,155,0.0,343,239,104,20,89,2101,0,0.0,1.0,0,0.0,node_hello,0:1;1:1;10:0;11:1;13:0;15:1;16:1;17:1;18:1;19:1;2:0;21:1;22:1;23:1;24:1;3:1;4:1;6:1;8:1;9:1,SIM
managed_flood,25,20,7,warm,240.0,60.0,node_hello,continuous,3,19,0.95,0.0770559999999989,2.7649534605503643,12.368421052631579,23.459584000000017,5.351423999999995,18.108160000000023,0.22811248485906618,0.791077738515901,0.95,0,147,0.0,339,235,104,20,91,2264,0,0.0,1.0,0,0.0,node_hello,0:1;1:1;10:1;12:1;14:1;15:1;16:1;17:1;18:0;2:1;21:1;22:1;23:1;3:1;4:1;5:1;6:1;7:1;8:1;9:1,SIM
managed_flood,25,20,7,warm,240.0,60.0,node_hello,continuous,4,20,1.0,0.0770559999999989,1.7501258300283782,12.9,25.231871999999992,5.351423999999995,19.880447999999998,0.21208985207280684,0.7843051293292416,1.0,0,164,0.0,362,258,104,20,50,2281,0,0.0,1.0,0,0.0,node_hello,0:1;10:1;11:1;12:1;13:1;14:1;15:1;17:1;19:1;2:1;20:1;21:1;22:1;23:1;24:1;4:1;5:1;6:1;7:1;9:1,SIM
managed_flood,25,20,7,warm,240.0,60.0,node_hello,continuous,5,17,0.85,0.31279998400185605,2.9294034158426,12.705882352941176,21.995520000000038,5.351423999999995,16.644096000000044,0.24329608938547423,0.7406483790523691,0.85,0,153,0.0,320,216,104,20,85,1604,0,0.0,1.0,0,0.0,node_hello,1:1;10:0;11:1;12:1;13:1;14:1;15:1;16:1;19:1;2:1;20:0;21:1;22:1;23:1;24:1;4:1;5:0;6:1;8:1;9:1,SIM
managed_flood,25,20,7,warm,240.0,60.0,node_hello,continuous,6,18,0.9,0.43985909396047873,2.9396127598610438,13.0,23.38252800000002,5.351423999999995,18.031104000000024,0.22886421861656667,0.7965348733896046,0.9,0,144,0.0,338,234,104,20,230,2251,0,0.6,1.0,0,0.0,node_hello,1:1;11:1;12:1;13:1;14:1;15:0;16:1;17:1;19:1;2:0;21:1;22:1;23:1;3:1;4:1;5:1;6:1;7:1;8:1;9:1,SIM
managed_flood,25,20,7,warm,240.0,60.0,node_hello,continuous,7,19,0.95,1.0199028736947469,3.897837176159185,12.789473684210526,24.07603200000001,5.351423999999995,18.724608000000014,0.222271842802003,0.7863286555002263,0.95,0,155,0.0,347,243,104,20,146,2209,0,0.28,1.0,0,0.0,node_hello,1:1;10:1;11:1;12:1;13:1;14:0;15:1;17:1;18:1;19:1;2:1;20:1;21:1;23:1;3:1;4:1;5:1;6:1;7:1;9:1,SIM
managed_flood,25,20,7,warm,240.0,60.0,node_hello,continuous,8,20,1.0,0.34401090309727067,4.71989797488116,12.55,24.69248,5.351423999999995,19.341056000000005,0.21672282411487204,0.7906779661016949,1.0,0,151,0.0,355,251,104,20,236,2360,0,0.0,1.0,0,0.0,node_hello,0:1;1:1;10:1;12:1;13:1;14:1;15:1;17:1;18:1;19:1;20:1;21:1;22:1;23:1;24:1;4:1;5:1;6:1;7:1;9:1,SIM
managed_flood,25,20,7,warm,240.0,60.0,node_hello,continuous,9,18,0.9,0.0770559999999989,1.1139042149557348,13.166666666666666,23.613696000000015,5.351423999999995,18.26227200000002,0.22662373564900606,0.7765057242409159,0.9,0,154,0.0,341,237,104,20,152,2009,0,0.0,1.0,0,0.0,node_hello,0:1;10:1;11:1;13:1;14:1;15:1;16:1;17:1;18:0;19:1;2:1;20:1;22:0;23:1;24:1;3:1;5:1;6:1;7:1;9:1,SIM
managed_flood,25,20,7,warm,240.0,60.0,node_hello,continuous,10,18,0.9,0.0770559999999989,1.8896721401588468,13.222222222222221,23.690752000000014,5.351423999999995,18.33932800000002,0.22588662445160002,0.7952295229522952,0.9,0,142,0.0,342,238,104,20,197,2222,0,0.88,1.0,0,0.0,node_hello,1:1;10:1;11:1;12:1;13:0;14:0;15:1;16:1;18:1;19:1;2:1;22:1;23:1;3:1;4:1;5:1;6:1;7:1;8:1;9:1,SIM
managed_flood,25,20,7,warm,240.0,60.0,node_hello,continuous,11,18,0.9,0.8552313518512022,4.10059859528198,12.277777777777779,22.380800000000033,5.351423999999995,17.02937600000004,0.23910780669144927,0.7679722359940506,0.9,0,144,0.0,325,221,104,20,143,2017,0,0.0,1.0,0,0.0,node_hello,0:1;1:1;11:1;12:1;13:0;15:1;17:1;18:1;19:1;20:1;21:1;22:1;23:1;3:1;4:1;5:1;6:0;7:1;8:1;9:1,SIM
managed_flood,25,20,7,warm,240.0,60.0,node_hello,continuous,12,15,0.75,0.0770559999999989,2.6257387604256515,13.066666666666666,20.454400000000042,5.351423999999995,15.102976000000046,0.2616270337922395,0.7657142857142857,0.75,0,161,0.0,300,196,104,20,0,1575,0,0.0,1.0,0,0.0,node_hello,0:1;1:1;11:1;12:1;14:1;15:1;16:0;17:1;18:1;19:0;21:1;22:0;23:1;24:1;3:0;4:1;5:1;6:1;7:1;9:0,SIM
managed_flood,25,20,7,warm,240.0,60.0,node_hello,continuous,13,20,1.0,0.0770559999999989,2.372677103522918,13.6,26.310655999999977,5.351423999999995,20.959231999999982,0.20339378843309722,0.808282208588957,1.0,0,162,0.0,376,272,104,20,190,2608,0,0.92,1.0,0,0.0,node_hello,0:1;1:1;10:1;11:1;12:1;14:1;15:1;17:1;18:1;19:1;2:1;21:1;22:1;23:1;3:1;4:1;6:1;7:1;8:1;9:1,SIM
managed_flood,25,20,7,warm,240.0,60.0,node_hello,continuous,14,20,1.0,0.49001991609248563,2.770551792158667,13.55,26.233599999999978,5.351423999999995,20.882175999999983,0.20399121737009027,0.7831588132635253,1.0,0,159,0.0,375,271,104,20,203,2292,0,0.0,1.0,0,0.0,node_hello,0:1;1:1;10:1;11:1;12:1;15:1;16:1;17:1;18:1;19:1;2:1;20:1;22:1;24:1;3:1;4:1;6:1;7:1;8:1;9:1,SIM
managed_flood,25,20,7,warm,240.0,60.0,node_hello,continuous,15,18,0.9,0.3037693055830317,1.720325594860599,12.666666666666666,22.920192000000025,5.351423999999995,17.56876800000003,0.23348076665326317,0.7683377308707124,0.9,0,150,0.0,332,228,104,20,61,1895,0,0.0,1.0,0,0.0,node_hello,0:1;1:1;10:1;11:1;14:1;15:0;16:1;17:1;18:1;19:1;2:1;20:1;22:1;23:0;24:1;4:1;5:1;7:1;8:1;9:1,SIM
managed_flood,25,20,7,warm,240.0,60.0,node_hello,continuous,16,19,0.95,0.0770559999999989,2.6310981310715635,14.210526315789474,26.15654399999998,5.351423999999995,20.805119999999985,0.2045921663045393,0.7876651982378855,0.95,0,180,0.0,374,270,104,20,100,2270,0,0.56,1.0,0,0.0,node_hello,0:1;1:1;10:1;13:1;14:1;16:1;17:1;18:1;2:1;20:1;21:0;22:1;23:1;24:1;3:1;4:1;5:1;6:1;7:1;8:1,SIM
managed_flood,25,20,7,warm,240.0,60.0,node_hello,continuous,17,20,1.0,0.0770559999999989,2.663392499126103,13.0,25.38598399999999,5.351423999999995,20.034559999999995,0.2108023072889354,0.7940298507462686,1.0,0,131,0.0,364,260,104,20,233,2345,0,0.0,1.0,0,0.0,node_hello,0:1;1:1;10:1;11:1;12:1;13:1;14:1;15:1;16:1;18:1;20:1;21:1;22:1;23:1;24:1;3:1;4:1;5:1;6:1;8:1,SIM
managed_flood,25,20,7,warm,240.0,60.0,node_hello,continuous,18,20,1.0,0.0770559999999989,1.1781538604891666,13.2,25.694207999999986,5.351423999999995,20.34278399999999,0.20827355332376846,0.8113636363636364,1.0,0,163,0.0,368,264,104,20,156,2640,0,0.72,1.0,0,0.0,node_hello,0:1;10:1;11:1;12:1;13:1;14:1;15:1;16:1;17:1;18:1;19:1;2:1;21:1;22:1;23:1;24:1;4:1;6:1;8:1;9:1,SIM
managed_flood,25,20,7,warm,240.0,60.0,node_hello,continuous,19,18,0.9,1.2488280886732497,6.93628950638516,11.777777777777779,21.687296000000043,5.351423999999995,16.335872000000048,0.24675385995561572,0.7888563049853372,0.9,0,155,0.0,316,212,104,20,29,2046,0,0.0,1.0,0,0.0,node_hello,0:1;1:1;10:1;13:1;14:1;15:1;16:1;18:1;19:0;2:1;20:1;21:1;23:1;24:0;3:1;4:1;5:1;6:1;8:1;9:1,SIM
managed_flood,25,20,7,cold,240.0,60.0,node_hello,continuous,0,18,0.9,0.07705600000000035,2.3473189760812785,12.722222222222221,22.997248000000024,5.351423999999995,17.64582400000003,0.23269845157124844,0.799373040752351,0.9,0,140,0.0,333,229,104,20,138,2233,0,0.0,1.0,0,0.0,node_hello,10:1;11:1;12:1;14:1;15:1;16:1;17:0;18:1;19:1;2:1;20:1;21:1;22:1;23:1;4:1;5:1;6:1;7:0;8:1;9:1,SIM
managed_flood,25,20,7,cold,240.0,60.0,node_hello,continuous,1,20,1.0,0.5223144562463702,2.7891939994029773,12.25,24.230144000000006,5.351423999999995,18.878720000000012,0.2208581178881972,0.7716789667896679,1.0,0,145,0.0,349,245,104,20,176,2168,0,0.0,1.0,0,0.0,node_hello,0:1;10:1;11:1;12:1;13:1;14:1;15:1;16:1;17:1;18:1;2:1;21:1;22:1;23:1;24:1;4:1;6:1;7:1;8:1;9:1,SIM
managed_flood,25,20,7,cold,240.0,60.0,node_hello,continuous,2,18,0.9,0.07705600000000035,2.979235011732075,13.777777777777779,24.461312000000003,5.351423999999995,19.10988800000001,0.21877093101138625,0.7998212689901698,0.9,0,161,0.0,352,248,104,20,79,2238,0,0.0,1.0,0,0.0,node_hello,0:1;1:1;10:1;11:1;13:1;15:1;16:1;17:1;18:1;19:1;2:1;21:1;22:1;23:0;24:1;3:1;4:1;6:1;8:1;9:0,SIM
managed_flood,25,20,7,cold,240.0,60.0,node_hello,continuous,3,20,1.0,0.4386056809004124,1.7117832693701625,11.95,23.767808000000013,5.351423999999995,18.41638400000002,0.22515429273073867,0.7825327510917031,1.0,0,148,0.0,343,239,104,20,113,2290,0,0.0,1.0,0,0.0,node_hello,0:1;1:1;10:1;12:1;14:1;15:1;16:1;17:1;18:1;2:1;21:1;22:1;23:1;3:1;4:1;5:1;6:1;7:1;8:1;9:1,SIM
managed_flood,25,20,7,cold,240.0,60.0,node_hello,continuous,4,19,0.95,0.45303824114388647,2.8166284717464136,13.052631578947368,24.461312000000003,5.351423999999995,19.10988800000001,0.21877093101138625,0.7674074074074074,0.95,0,178,0.0,352,248,104,20,55,2025,0,0.0,1.0,0,0.0,node_hello,0:1;10:1;11:1;12:1;13:1;14:1;15:1;17:1;19:1;2:1;20:1;21:1;22:1;23:1;24:1;4:0;5:1;6:1;7:1;9:1,SIM
managed_flood,25,20,7,cold,240.0,60.0,node_hello,continuous,5,16,0.8,0.7656087880563405,3.583475696392309,13.3125,21.76435200000004,5.351423999999995,16.412928000000047,0.24588023571756168,0.7596153846153846,0.8,0,149,0.0,317,213,104,20,89,1664,0,0.0,1.0,0,0.0,node_hello,1:1;10:1;11:1;12:1;13:0;14:1;15:1;16:1;19:0;2:1;20:1;21:1;22:1;23:1;24:0;4:1;5:0;6:1;8:1;9:1,SIM
managed_flood,25,20,7,cold,240.0,60.0,node_hello,continuous,6,18,0.9,0.46145913528260873,2.9396127598610464,13.0,23.38252800000002,5.351423999999995,18.031104000000024,0.22886421861656667,0.8006962576153177,0.9,0,140,0.0,338,234,104,20,225,2298,0,0.0,1.0,0,0.0,node_hello,1:1;11:1;12:1;13:1;14:1;15:0;16:1;17:1;19:1;2:0;21:1;22:1;23:1;3:1;4:1;5:1;6:1;7:1;8:1;9:1,SIM
managed_flood,25,20,7,cold,240.0,60.0,node_hello,continuous,7,19,0.95,0.36499313864435834,2.557022999763011,12.789473684210526,24.07603200000001,5.351423999999995,18.724608000000014,0.222271842802003,0.7905225863596103,0.95,0,151,0.0,347,243,104,20,169,2258,0,0.0,1.0,0,0.0,node_hello,1:1;10:1;11:1;12:1;13:1;14:1;15:1;17:1;18:1;19:1;2:1;20:1;21:1;23:1;3:1;4:1;5:1;6:0;7:1;9:1,SIM
managed_flood,25,20,7,cold,240.0,60.0,node_hello,continuous,8,18,0.9,0.4728689234729089,2.991160376947099,12.666666666666666,22.920192000000025,5.351423999999995,17.56876800000003,0.23348076665326317,0.7894736842105263,0.9,0,149,0.0,332,228,104,20,224,2109,0,0.0,1.0,0,0.0,node_hello,0:1;1:1;10:1;12:1;13:1;14:1;15:1;17:1;18:0;19:1;20:1;21:1;22:1;23:1;24:0;4:1;5:1;6:1;7:1;9:1,SIM
managed_flood,25,20,7,cold,240.0,60.0,node_hello,continuous,9,18,0.9,0.37612924739701725,1.9861751708125857,13.222222222222221,23.690752000000014,5.351423999999995,18.33932800000002,0.22588662445160002,0.7924354243542435,0.9,0,147,0.0,342,238,104,20,117,2168,0,0.0,1.0,0,0.0,node_hello,0:1;10:1;11:1;13:1;14:1;15:1;16:1;17:1;18:1;19:1;2:1;20:1;22:1;23:0;24:1;3:1;5:0;6:1;7:1;9:1,SIM
managed_flood,25,20,7,cold,240.0,60.0,node_hello,continuous,10,18,0.9,0.0770559999999989,1.9345956174529937,12.88888888888889,23.22841600000002,5.351423999999995,17.876992000000026,0.23038264856286328,0.775644264780192,0.9,0,151,0.0,336,232,104,20,189,1979,0,0.0,1.0,0,0.0,node_hello,1:1;10:1;11:1;12:1;13:0;14:1;15:1;16:1;18:1;19:1;2:0;22:1;23:1;3:1;4:1;5:1;6:1;7:1;8:1;9:1,SIM
managed_flood,25,20,7,cold,240.0,60.0,node_hello,continuous,11,19,0.95,0.9098701179859461,3.784325030909554,11.631578947368421,22.380800000000033,5.351423999999995,17.02937600000004,0.23910780669144927,0.7717761557177616,0.95,0,141,0.0,325,221,104,20,148,2055,0,0.0,1.0,0,0.0,node_hello,0:1;1:1;11:1;12:1;13:0;15:1;17:1;18:1;19:1;20:1;21:1;22:1;23:1;3:1;4:1;5:1;6:1;7:1;8:1;9:1,SIM
managed_flood,25,20,7,cold,240.0,60.0,node_hello,continuous,12,15,0.75,0.0770559999999989,2.6257387604256417,13.066666666666666,20.454400000000042,5.351423999999995,15.102976000000046,0.2616270337922395,0.7657142857142857,0.75,0,161,0.0,300,196,104,20,0,1575,0,0.0,1.0,0,0.0,node_hello,0:1;1:1;11:1;12:1;14:1;15:1;16:0;17:1;18:1;19:0;21:1;22:0;23:1;24:1;3:0;4:1;5:1;6:1;7:1;9:0,SIM
managed_flood,25,20,7,cold,240.0,60.0,node_hello,continuous,13,20,1.0,0.0770559999999989,3.163564938829113,13.6,26.310655999999977,5.351423999999995,20.959231999999982,0.20339378843309722,0.7873245427477669,1.0,0,181,0.0,376,272,104,20,203,2351,0,0.0,1.0,0,0.0,node_hello,0:1;1:1;10:1;11:1;12:1;14:1;15:1;17:1;18:1;19:1;2:1;21:1;22:1;23:1;3:1;4:1;6:1;7:1;8:1;9:1,SIM
managed_flood,25,20,7,cold,240.0,60.0,node_hello,continuous,14,20,1.0,0.6762948155595012,1.7206409046382725,13.35,25.925375999999982,5.351423999999995,20.573951999999988,0.20641644695914918,0.7922240802675585,1.0,0,151,0.0,371,267,104,20,175,2392,0,0.0,1.0,0,0.0,node_hello,0:1;1:1;10:1;11:1;12:1;15:1;16:1;17:1;18:1;19:1;2:1;20:1;22:1;24:1;3:1;4:1;6:1;7:1;8:1;9:1,SIM
managed_flood,25,20,7,cold,240.0,60.0,node_hello,continuous,15,18,0.9,0.07705600000000024,3.111001450242309,12.444444444444445,22.61196800000003,5.351423999999995,17.260544000000035,0.23666334571143866,0.7685088633993743,0.9,0,144,0.0,328,224,104,20,82,1918,0,0.0,1.0,0,0.0,node_hello,0:1;1:1;10:1;11:1;14:1;15:0;16:1;17:0;18:1;19:1;2:1;20:1;22:1;23:1;24:1;4:1;5:1;7:1;8:1;9:1,SIM
managed_flood,25,20,7,cold,240.0,60.0,node_hello,continuous,16,19,0.95,0.07705599999999979,2.6310981310715706,14.210526315789474,26.15654399999998,5.351423999999995,20.805119999999985,0.2045921663045393,0.7916126242974492,0.95,0,178,0.0,374,270,104,20,95,2313,0,0.0,1.0,0,0.0,node_hello,0:1;1:1;10:1;13:1;14:1;16:1;17:1;18:1;2:1;20:1;21:0;22:1;23:1;24:1;3:1;4:1;5:1;6:1;7:1;8:1,SIM
managed_flood,25,20,7,cold,240.0,60.0,node_hello,continuous,17,19,0.95,0.15646615700070043,2.094669919418175,13.631578947368421,25.30892799999999,5.351423999999995,19.957503999999997,0.2114441196403102,0.7779868297271872,0.95,0,155,0.0,363,259,104,20,211,2126,0,0.0,1.0,0,0.0,node_hello,0:1;1:1;10:1;11:1;12:1;13:1;14:1;15:1;16:0;18:1;20:1;21:1;22:1;23:1;24:1;3:1;4:1;5:1;6:1;8:1,SIM
managed_flood,25,20,7,cold,240.0,60.0,node_hello,continuous,18,19,0.95,0.0770559999999989,1.7897301964445806,13.263157894736842,24.769536,5.351423999999995,19.418112000000004,0.21604861714002216,0.8246849518161601,0.95,0,145,0.0,356,252,104,20,148,2698,0,0.0,1.0,0,0.0,node_hello,0:1;10:1;11:1;12:1;13:1;14:1;15:1;16:1;17:1;18:1;19:1;2:0;21:1;22:1;23:1;24:1;4:1;6:1;8:1;9:1,SIM
managed_flood,25,20,7,cold,240.0,60.0,node_hello,continuous,19,19,0.95,0.7971198277273004,4.418545299122721,11.947368421052632,22.843136000000026,5.351423999999995,17.49171200000003,0.23426835965079354,0.8062605752961083,0.95,0,145,0.0,331,227,104,20,34,2364,0,0.0,1.0,0,0.0,node_hello,0:1;1:1;10:1;13:1;14:1;15:1;16:1;18:1;19:1;2:1;20:1;21:1;23:1;24:1;3:1;4:1;5:1;6:0;8:1;9:1,SIM
managed_flood,25,20,9,warm,240.0,60.0,node_hello,continuous,0,18,0.9,0.2672640000000115,3.581835012285924,12.777777777777779,80.74649599999981,19.275776000000032,61.47071999999977,0.23871965911684984,0.7302070645554202,0.9,0,236,0.0,334,230,104,20,0,1642,0,0.0,1.0,0,0.0,node_hello,10:1;11:1;12:1;14:1;15:1;16:1;17:0;18:1;19:1;2:1;20:1;21:0;22:1;23:1;4:1;5:1;6:1;7:1;8:1;9:1,SIM
managed_flood,25,20,9,warm,240.0,60.0,node_hello,continuous,1,16,0.8,0.2672640000000044,1.1959345397137504,12.875,74.33215999999987,19.275776000000032,55.05638399999984,0.25931946549111534,0.7164285714285714,0.8,0,223,0.0,310,206,104,20,0,1400,0,0.0,1.0,0,0.0,node_hello,0:1;10:0;11:1;12:0;13:1;14:1;15:1;16:1;17:1;18:1;2:1;21:1;22:1;23:1;24:0;4:1;6:0;7:1;8:1;9:1,SIM
managed_flood,25,20,9,warm,240.0,60.0,node_hello,continuous,2,18,0.9,0.2672640000000115,2.7579894372519753,14.277777777777779,87.96262399999974,19.275776000000032,68.6868479999997,0.2191359821189519,0.7759481037924152,0.9,0,237,0.0,361,257,104,20,0,2004,0,0.0,1.0,0,0.0,node_hello,0:1;1:1;10:1;11:1;13:1;15:1;16:1;17:1;18:1;19:0;2:1;21:1;22:1;23:1;24:1;3:1;4:1;6:0;8:1;9:1,SIM
managed_flood,25,20,9,warm,240.0,60.0,node_hello,continuous,3,17,0.85,0.2672640000000115,2.502509502331024,12.0,73.79763199999988,19.275776000000032,54.52185599999984,0.2611977576733094,0.7523474178403756,0.85,0,204,0.0,308,204,104,20,0,1704,0,0.0,1.0,0,0.0,node_hello,0:1;1:0;10:1;12:1;14:1;15:1;16:1;17:1;18:1;2:1;21:1;22:0;23:1;3:1;4:1;5:0;6:1;7:1;8:1;9:1,SIM
managed_flood,25,20,9,warm,240.0,60.0,node_hello,continuous,4,17,0.85,0.2672640000000115,2.1273293918118625,13.294117647058824,79.67743999999982,19.275776000000032,60.40166399999978,0.2419226320524364,0.6875,0.85,0,246,0.0,330,226,104,20,0,1328,0,0.0,1.0,0,0.0,node_hello,0:1;10:1;11:1;12:1;13:1;14:1;15:1;17:0;19:1;2:1;20:1;21:1;22:0;23:1;24:1;4:1;5:1;6:0;7:1;9:1,SIM
managed_flood,25,20,9,warm,240.0,60.0,node_hello,continuous,5,17,0.85,0.2672639999999973,3.7013320230122018,13.235294117647058,79.41017599999982,19.275776000000032,60.134399999999786,0.2427368502495206,0.73053152039555,0.85,0,217,0.0,329,225,104,20,0,1618,0,0.0,1.0,0,0.0,node_hello,1:1;10:1;11:1;12:1;13:1;14:1;15:1;16:0;19:0;2:1;20:1;21:1;22:0;23:1;24:1;4:1;5:1;6:1;8:1;9:1,SIM
managed_flood,25,20,9,warm,240.0,60.0,node_hello,continuous,6,17,0.85,0.2672640000000115,3.333227082503259,12.941176470588236,78.07385599999984,19.275776000000032,58.7980799999998,0.2468915586800282,0.7046742209631728,0.85,0,239,0.0,324,220,104,20,0,1412,0,0.0,1.0,0,0.0,node_hello,1:1;11:1;12:1;13:1;14:1;15:0;16:1;17:1;19:1;2:1;21:1;22:0;23:1;3:0;4:1;5:1;6:1;7:1;8:1;9:1,SIM
managed_flood,25,20,9,warm,240.0,60.0,node_hello,continuous,7,17,0.85,0.2672640000000115,4.476542907731293,13.176470588235293,79.14291199999982,19.275776000000032,59.86713599999979,0.24355656764310207,0.6762114537444934,0.85,0,243,0.0,328,224,104,20,53,1362,0,0.52,1.0,0,0.0,node_hello,1:1;10:1;11:1;12:1;13:0;14:0;15:1;17:1;18:1;19:1;2:1;20:1;21:1;23:1;3:1;4:1;5:0;6:1;7:1;9:1,SIM
managed_flood,25,20,9,warm,240.0,60.0,node_hello,continuous,8,18,0.9,0.2672640000000044,2.8866353815860775,13.333333333333334,83.41913599999978,19.275776000000032,64.14335999999975,0.23107139349896985,0.7088846880907372,0.9,0,246,0.0,344,240,104,20,0,1587,0,0.0,1.0,0,0.0,node_hello,0:1;1:1;10:1;12:1;13:0;14:1;15:1;17:1;18:1;19:1;20:1;21:0;22:1;23:1;24:1;4:1;5:1;6:1;7:1;9:1,SIM
managed_flood,25,20,9,warm,240.0,60.0,node_hello,continuous,9,18,0.9,0.2672640000000115,1.960874361697217,13.11111111111111,82.35007999999979,19.275776000000032,63.074303999999756,0.2340711265854275,0.7118307997356246,0.9,0,238,0.0,340,236,104,20,68,1513,0,0.0,1.0,0,0.0,node_hello,0:1;10:1;11:1;13:1;14:1;15:1;16:0;17:1;18:1;19:1;2:1;20:1;22:0;23:1;24:1;3:1;5:1;6:1;7:1;9:1,SIM
managed_flood,25,20,9,warm,240.0,60.0,node_hello,continuous,10,17,0.85,0.2672640000000115,3.1285443704479463,13.0,78.34111999999983,19.275776000000032,59.0653439999998,0.2460492778249797,0.6856702619414484,0.85,0,244,0.0,325,221,104,20,0,1298,0,0.0,1.0,0,0.0,node_hello,1:1;10:1;11:0;12:1;13:1;14:1;15:1;16:1;18:0;19:1;2:1;22:1;23:1;3:1;4:1;5:1;6:1;7:0;8:1;9:1,SIM
managed_flood,25,20,9,warm,240.0,60.0,node_hello,continuous,11,18,0.9,0.40418867476122955,4.0656814619068085,12.555555555555555,79.67743999999982,19.275776000000032,60.40166399999978,0.2419226320524364,0.6824417009602195,0.9,0,238,0.0,330,226,104,20,0,1458,0,0.0,1.0,0,0.0,node_hello,0:1;1:1;11:1;12:1;13:1;15:1;17:1;18:1;19:0;20:1;21:1;22:1;23:0;3:1;4:1;5:1;6:1;7:1;8:1;9:1,SIM
managed_flood,25,20,9,warm,240.0,60.0,node_hello,continuous,12,15,0.75,0.2672640000000115,1.9453988134927747,13.066666666666666,71.6595199999999,19.275776000000032,52.383743999999865,0.2689911403258082,0.7148468185388845,0.75,0,218,0.0,300,196,104,20,0,1273,0,0.0,1.0,0,0.0,node_hello,0:1;1:1;11:1;12:1;14:1;15:0;16:1;17:1;18:1;19:1;21:1;22:0;23:1;24:0;3:1;4:1;5:1;6:1;7:0;9:0,SIM
managed_flood,25,20,9,warm,240.0,60.0,node_hello,continuous,13,18,0.9,0.2672639999999973,2.0358530469182208,13.666666666666666,85.02271999999977,19.275776000000032,65.74694399999973,0.2267132361796951,0.6954452753229096,0.9,0,264,0.0,350,246,104,20,0,1471,0,0.0,1.0,0,0.0,node_hello,0:1;1:1;10:0;11:1;12:1;14:1;15:1;17:1;18:1;19:0;2:1;21:1;22:1;23:1;3:1;4:1;6:1;7:1;8:1;9:1,SIM
managed_flood,25,20,9,warm,240.0,60.0,node_hello,continuous,14,16,0.8,0.8402046739136395,2.7764264098031397,13.6875,77.80659199999984,19.275776000000032,58.5308159999998,0.24773962596896767,0.6848534201954397,0.8,0,243,0.0,323,219,104,20,51,1228,0,0.0,1.0,0,0.0,node_hello,0:1;1:0;10:1;11:1;12:1;15:1;16:0;17:1;18:1;19:1;2:1;20:1;22:1;24:0;3:1;4:1;6:1;7:0;8:1;9:1,SIM
managed_flood,25,20,9,warm,240.0,60.0,node_hello,continuous,15,15,0.75,0.2672639999999973,1.5807307086356523,13.2,72.1940479999999,19.275776000000032,52.91827199999986,0.2669995177441783,0.6699640287769785,0.75,0,227,0.0,302,198,104,20,0,1112,0,0.0,1.0,0,0.0,node_hello,0:1;1:1;10:1;11:0;14:1;15:1;16:1;17:0;18:1;19:0;2:1;20:1;22:1;23:1;24:1;4:1;5:0;7:0;8:1;9:1,SIM
managed_flood,25,20,9,warm,240.0,60.0,node_hello,continuous,16,16,0.8,0.2672640000000044,2.7362963929070716,13.75,78.07385599999984,19.275776000000032,58.7980799999998,0.2468915586800282,0.7298221614227086,0.8,0,235,0.0,324,220,104,20,0,1462,0,0.0,1.0,0,0.0,node_hello,0:1;1:1;10:1;13:1;14:1;16:1;17:1;18:0;2:1;20:1;21:1;22:0;23:1;24:0;3:1;4:1;5:0;6:1;7:1;8:1,SIM
managed_flood,25,20,9,warm,240.0,60.0,node_hello,continuous,17,17,0.85,0.2672640000000115,0.851753901413471,14.352941176470589,84.48819199999977,19.275776000000032,65.21241599999973,0.22814757356862464,0.6563492063492063,0.85,0,265,0.0,348,244,104,20,0,1260,0,0.0,1.0,0,0.0,node_hello,0:1;1:1;10:1;11:1;12:1;13:1;14:1;15:0;16:1;18:1;20:1;21:1;22:1;23:1;24:1;3:1;4:1;5:0;6:1;8:0,SIM
managed_flood,25,20,9,warm,240.0,60.0,node_hello,continuous,18,19,0.95,0.2672639999999973,1.8979808646323577,13.263157894736842,86.62630399999975,19.275776000000032,67.35052799999971,0.22251643103692947,0.7471880021424746,0.95,0,252,0.0,356,252,104,20,0,1867,0,0.0,1.0,0,0.0,node_hello,0:1;10:1;11:1;12:0;13:1;14:1;15:1;16:1;17:1;18:1;19:1;2:1;21:1;22:1;23:1;24:1;4:1;6:1;8:1;9:1,SIM
managed_flood,25,20,9,warm,240.0,60.0,node_hello,continuous,19,15,0.75,0.2672640000000115,2.9205421226092163,12.933333333333334,71.1249919999999,19.275776000000032,51.84921599999987,0.2710126983212885,0.6921161825726141,0.75,0,226,0.0,298,194,104,20,0,1205,0,0.0,1.0,0,0.0,node_hello,0:1;1:1;10:0;13:1;14:1;15:0;16:1;18:1;19:1;2:1;20:1;21:1;23:0;24:0;3:0;4:1;5:1;6:1;8:1;9:1,SIM
managed_flood,25,20,9,cold,240.0,60.0,node_hello,continuous,0,18,0.9,0.2672640000000004,3.581835012285926,12.777777777777779,80.74649599999981,19.275776000000032,61.47071999999977,0.23871965911684984,0.7302070645554202,0.9,0,236,0.0,334,230,104,20,0,1642,0,0.0,1.0,0,0.0,node_hello,10:1;11:1;12:1;14:1;15:1;16:1;17:0;18:1;19:1;2:1;20:1;21:0;22:1;23:1;4:1;5:1;6:1;7:1;8:1;9:1,SIM
managed_flood,25,20,9,cold,240.0,60.0,node_hello,continuous,1,16,0.8,0.2672639999999973,1.1959345397137215,12.875,74.33215999999987,19.275776000000032,55.05638399999984,0.25931946549111534,0.7164285714285714,0.8,0,223,0.0,310,206,104,20,0,1400,0,0.0,1.0,0,0.0,node_hello,0:1;10:0;11:1;12:0;13:1;14:1;15:1;16:1;17:1;18:1;2:1;21:1;22:1;23:1;24:0;4:1;6:0;7:1;8:1;9:1,SIM
managed_flood,25,20,9,cold,240.0,60.0,node_hello,continuous,2,18,0.9,0.26726399999999906,2.7579894372519744,14.277777777777779,87.96262399999974,19.275776000000032,68.6868479999997,0.2191359821189519,0.7759481037924152,0.9,0,237,0.0,361,257,104,20,0,2004,0,0.0,1.0,0,0.0,node_hello,0:1;1:1;10:1;11:1;13:1;15:1;16:1;17:1;18:1;19:0;2:1;21:1;22:1;23:1;24:1;3:1;4:1;6:0;8:1;9:1,SIM
managed_flood,25,20,9,cold,240.0,60.0,node_hello,continuous,3,17,0.85,0.26726400000000083,2.502509502331037,12.0,73.79763199999988,19.275776000000032,54.52185599999984,0.2611977576733094,0.7523474178403756,0.85,0,204,0.0,308,204,104,20,0,1704,0,0.0,1.0,0,0.0,node_hello,0:1;1:0;10:1;12:1;14:1;15:1;16:1;17:1;18:1;2:1;21:1;22:0;23:1;3:1;4:1;5:0;6:1;7:1;8:1;9:1,SIM
managed_flood,25,20,9,cold,240.0,60.0,node_hello,continuous,4,17,0.85,0.26726399999999995,2.127329391811864,13.294117647058824,79.67743999999982,19.275776000000032,60.40166399999978,0.2419226320524364,0.6875,0.85,0,246,0.0,330,226,104,20,0,1328,0,0.0,1.0,0,0.0,node_hello,0:1;10:1;11:1;12:1;13:1;14:1;15:1;17:0;19:1;2:1;20:1;21:1;22:0;23:1;24:1;4:1;5:1;6:0;7:1;9:1,SIM
managed_flood,25,20,9,cold,240.0,60.0,node_hello,continuous,5,17,0.85,0.2672639999999973,3.7013320230121844,13.235294117647058,79.41017599999982,19.275776000000032,60.134399999999786,0.2427368502495206,0.73053152039555,0.85,0,217,0.0,329,225,104,20,0,1618,0,0.0,1.0,0,0.0,node_hello,1:1;10:1;11:1;12:1;13:1;14:1;15:1;16:0;19:0;2:1;20:1;21:1;22:0;23:1;24:1;4:1;5:1;6:1;8:1;9:1,SIM
managed_flood,25,20,9,cold,240.0,60.0,node_hello,continuous,6,17,0.85,0.26726400000000083,3.3332270825032246,12.941176470588236,78.07385599999984,19.275776000000032,58.7980799999998,0.2468915586800282,0.7046742209631728,0.85,0,239,0.0,324,220,104,20,0,1412,0,0.0,1.0,0,0.0,node_hello,1:1;11:1;12:1;13:1;14:1;15:0;16:1;17:1;19:1;2:1;21:1;22:0;23:1;3:0;4:1;5:1;6:1;7:1;8:1;9:1,SIM
managed_flood,25,20,9,cold,240.0,60.0,node_hello,continuous,7,16,0.8,0.2672639999999986,4.32520172191352,13.8125,78.34111999999983,19.275776000000032,59.0653439999998,0.2460492778249797,0.7219178082191781,0.8,0,234,0.0,325,221,104,20,36,1460,0,0.0,1.0,0,0.0,node_hello,1:1;10:1;11:1;12:0;13:1;14:1;15:1;17:0;18:1;19:1;2:1;20:1;21:1;23:1;3:1;4:0;5:1;6:1;7:1;9:0,SIM
managed_flood,25,20,9,cold,240.0,60.0,node_hello,continuous,8,18,0.9,0.26726400000000083,2.8866353815860415,13.333333333333334,83.41913599999978,19.275776000000032,64.14335999999975,0.23107139349896985,0.7088846880907372,0.9,0,246,0.0,344,240,104,20,0,1587,0,0.0,1.0,0,0.0,node_hello,0:1;1:1;10:1;12:1;13:0;14:1;15:1;17:1;18:1;19:1;20:1;21:0;22:1;23:1;24:1;4:1;5:1;6:1;7:1;9:1,SIM
managed_flood,25,20,9,cold,240.0,60.0,node_hello,continuous,9,20,1.0,0.26726399999999995,1.4535646533045135,12.85,87.96262399999974,19.275776000000032,68.6868479999997,0.2191359821189519,0.7070101857399641,1.0,0,254,0.0,361,257,104,20,31,1669,0,0.0,1.0,0,0.0,node_hello,0:1;10:1;11:1;13:1;14:1;15:1;16:1;17:1;18:1;19:1;2:1;20:1;22:1;23:1;24:1;3:1;5:1;6:1;7:1;9:1,SIM
managed_flood,25,20,9,cold,240.0,60.0,node_hello,continuous,10,17,0.85,0.26726399999999995,3.128544370447943,13.0,78.34111999999983,19.275776000000032,59.0653439999998,0.2460492778249797,0.6856702619414484,0.85,0,244,0.0,325,221,104,20,0,1298,0,0.0,1.0,0,0.0,node_hello,1:1;10:1;11:0;12:1;13:1;14:1;15:1;16:1;18:0;19:1;2:1;22:1;23:1;3:1;4:1;5:1;6:1;7:0;8:1;9:1,SIM
managed_flood,25,20,9,cold,240.0,60.0,node_hello,continuous,11,18,0.9,0.4041886747612171,4.065681461906802,12.555555555555555,79.67743999999982,19.275776000000032,60.40166399999978,0.2419226320524364,0.6824417009602195,0.9,0,238,0.0,330,226,104,20,0,1458,0,0.0,1.0,0,0.0,node_hello,0:1;1:1;11:1;12:1;13:1;15:1;17:1;18:1;19:0;20:1;21:1;22:1;23:0;3:1;4:1;5:1;6:1;7:1;8:1;9:1,SIM
managed_flood,25,20,9,cold,240.0,60.0,node_hello,continuous,12,15,0.75,0.26726400000000083,1.9453988134927747,13.066666666666666,71.6595199999999,19.275776000000032,52.383743999999865,0.2689911403258082,0.7148468185388845,0.75,0,218,0.0,300,196,104,20,0,1273,0,0.0,1.0,0,0.0,node_hello,0:1;1:1;11:1;12:1;14:1;15:0;16:1;17:1;18:1;19:1;21:1;22:0;23:1;24:0;3:1;4:1;5:1;6:1;7:0;9:0,SIM
managed_flood,25,20,9,cold,240.0,60.0,node_hello,continuous,13,18,0.9,0.2672639999999973,2.0358530469182163,13.666666666666666,85.02271999999977,19.275776000000032,65.74694399999973,0.2267132361796951,0.6954452753229096,0.9,0,264,0.0,350,246,104,20,0,1471,0,0.0,1.0,0,0.0,node_hello,0:1;1:1;10:0;11:1;12:1;14:1;15:1;17:1;18:1;19:0;2:1;21:1;22:1;23:1;3:1;4:1;6:1;7:1;8:1;9:1,SIM
managed_flood,25,20,9,cold,240.0,60.0,node_hello,continuous,14,15,0.75,0.2672639999999973,2.377421808344394,15.0,79.41017599999982,19.275776000000032,60.134399999999786,0.2427368502495206,0.6987227648384673,0.75,0,242,0.0,329,225,104,20,60,1331,0,0.0,1.0,0,0.0,node_hello,0:1;1:0;10:0;11:1;12:0;15:0;16:1;17:1;18:1;19:1;2:1;20:0;22:1;24:1;3:1;4:1;6:1;7:1;8:1;9:1,SIM
managed_flood,25,20,9,cold,240.0,60.0,node_hello,continuous,15,15,0.75,0.2672639999999973,1.580730708635644,13.2,72.1940479999999,19.275776000000032,52.91827199999986,0.2669995177441783,0.6699640287769785,0.75,0,227,0.0,302,198,104,20,0,1112,0,0.0,1.0,0,0.0,node_hello,0:1;1:1;10:1;11:0;14:1;15:1;16:1;17:0;18:1;19:0;2:1;20:1;22:1;23:1;24:1;4:1;5:0;7:0;8:1;9:1,SIM
managed_flood,25,20,9,cold,240.0,60.0,node_hello,continuous,16,16,0.8,0.26726400000000083,2.7362963929070725,13.75,78.07385599999984,19.275776000000032,58.7980799999998,0.2468915586800282,0.7298221614227086,0.8,0,235,0.0,324,220,104,20,0,1462,0,0.0,1.0,0,0.0,node_hello,0:1;1:1;10:1;13:1;14:1;16:1;17:1;18:0;2:1;20:1;21:1;22:0;23:1;24:0;3:1;4:1;5:0;6:1;7:1;8:1,SIM
managed_flood,25,20,9,cold,240.0,60.0,node_hello,continuous,17,17,0.85,0.2672639999999973,0.851753901413471,14.352941176470589,84.48819199999977,19.275776000000032,65.21241599999973,0.22814757356862464,0.6563492063492063,0.85,0,265,0.0,348,244,104,20,0,1260,0,0.0,1.0,0,0.0,node_hello,0:1;1:1;10:1;11:1;12:1;13:1;14:1;15:0;16:1;18:1;20:1;21:1;22:1;23:1;24:1;3:1;4:1;5:0;6:1;8:0,SIM
managed_flood,25,20,9,cold,240.0,60.0,node_hello,continuous,18,19,0.95,0.26726399999999995,1.89798086463232,13.263157894736842,86.62630399999975,19.275776000000032,67.35052799999971,0.22251643103692947,0.7471880021424746,0.95,0,252,0.0,356,252,104,20,0,1867,0,0.0,1.0,0,0.0,node_hello,0:1;10:1;11:1;12:0;13:1;14:1;15:1;16:1;17:1;18:1;19:1;2:1;21:1;22:1;23:1;24:1;4:1;6:1;8:1;9:1,SIM
managed_flood,25,20,9,cold,240.0,60.0,node_hello,continuous,19,15,0.75,0.26726400000000083,2.9205421226091923,12.933333333333334,71.1249919999999,19.275776000000032,51.84921599999987,0.2710126983212885,0.6921161825726141,0.75,0,226,0.0,298,194,104,20,0,1205,0,0.0,1.0,0,0.0,node_hello,0:1;1:1;10:0;13:1;14:1;15:0;16:1;18:1;19:1;2:1;20:1;21:1;23:0;24:0;3:0;4:1;5:1;6:1;8:1;9:1,SIM
managed_flood,50,5,7,warm,240.0,60.0,node_hello,continuous,0,4,0.8,0.20914337191359422,0.8957514204784929,29.0,19.435519999999983,10.49702399999999,8.938495999999992,0.5400948366701791,0.8511904761904762,0.8,0,270,0.0,320,116,204,5,0,1344,0,0.0,1.0,0,0.0,node_hello,10:1;16:1;21:0;33:1;7:1,SIM
managed_flood,50,5,7,warm,240.0,60.0,node_hello,continuous,1,5,1.0,0.4221389440312322,2.533685271321994,23.8,19.666687999999986,10.49702399999999,9.169663999999994,0.5337464040716972,0.8535442296426479,1.0,0,253,0.0,323,119,204,5,0,1707,0,0.0,1.0,0,0.0,node_hello,10:1;28:1;32:1;43:1;45:1,SIM
managed_flood,50,5,7,warm,240.0,60.0,node_hello,continuous,2,5,1.0,1.2460291391560503,4.801072795758904,25.8,20.43724799999999,10.49702399999999,9.940224,0.5136221863139301,0.8506571087216248,1.0,0,266,0.0,333,129,204,5,0,1674,0,0.0,1.0,0,0.0,node_hello,14:1;29:1;32:1;40:1;6:1,SIM
managed_flood,50,5,7,warm,240.0,60.0,node_hello,continuous,3,4,0.8,0.0770559999999989,0.28553624105900316,26.0,18.510847999999974,10.49702399999999,8.013823999999984,0.5670741826630528,0.8430141287284144,0.8,0,252,0.0,308,104,204,5,110,1274,0,0.0,1.0,0,0.0,node_hello,10:1;14:1;21:0;28:1;5:1,SIM
managed_flood,50,5,7,warm,240.0,60.0,node_hello,continuous,4,5,1.0,0.0770559999999989,0.7640584938917697,26.6,20.745471999999992,10.49702399999999,10.248448000000003,0.5059910904895292,0.8549042367962856,1.0,0,252,0.0,337,133,204,5,273,1723,0,0.52,1.0,0,0.0,node_hello,13:1;26:1;33:1;41:1;43:1,SIM
managed_flood,50,5,7,warm,240.0,60.0,node_hello,continuous,5,5,1.0,0.408775281888083,2.9782039174464323,23.6,19.589631999999984,10.49702399999999,9.092607999999993,0.5358459005253391,0.8235714285714286,1.0,0,251,0.0,322,118,204,5,76,1400,0,0.0,1.0,0,0.0,node_hello,18:1;21:1;44:1;45:1;49:1,SIM
managed_flood,50,5,7,warm,240.0,60.0,node_hello,continuous,6,5,1.0,0.0770559999999989,1.8020769388965103,24.8,20.051967999999988,10.49702399999999,9.554943999999997,0.5234909610867121,0.8533724340175953,1.0,0,250,0.0,328,124,204,5,294,1705,0,0.0,1.0,0,0.0,node_hello,1:1;29:1;4:1;40:1;46:1,SIM
managed_flood,50,5,7,warm,240.0,60.0,node_hello,continuous,7,5,1.0,0.2035972173471663,1.7273892208197477,24.8,20.051967999999988,10.49702399999999,9.554943999999997,0.5234909610867121,0.8569794050343249,1.0,0,257,0.0,328,124,204,5,0,1748,0,0.0,1.0,0,0.0,node_hello,23:1;33:1;34:1;44:1;9:1,SIM
managed_flood,50,5,7,warm,240.0,60.0,node_hello,continuous,8,4,0.8,0.7294756414077987,1.1836646416242285,23.75,17.817343999999977,10.49702399999999,7.3203199999999855,0.5891463957815488,0.8672859986728599,0.8,0,233,0.0,299,95,204,5,179,1507,0,0.0,1.0,0,0.0,node_hello,0:1;18:1;39:1;47:0;5:1,SIM
managed_flood,50,5,7,warm,240.0,60.0,node_hello,continuous,9,5,1.0,0.0770559999999989,0.2844446269038428,26.4,20.668415999999993,10.49702399999999,10.171392000000003,0.5078775267538642,0.8559907834101382,1.0,0,264,0.0,336,132,204,5,0,1736,0,0.0,1.0,0,0.0,node_hello,0:1;11:1;12:1;14:1;49:1,SIM
managed_flood,50,5,7,warm,240.0,60.0,node_hello,continuous,10,5,1.0,0.0770559999999989,1.2674080068949873,23.6,19.589631999999984,10.49702399999999,9.092607999999993,0.5358459005253391,0.8434946574481458,1.0,0,258,0.0,322,118,204,5,119,1591,0,0.0,1.0,0,0.0,node_hello,27:1;28:1;33:1;44:1;46:1,SIM
managed_flood,50,5,7,warm,240.0,60.0,node_hello,continuous,11,5,1.0,0.0770559999999989,0.4676074516560561,26.8,20.822527999999995,10.49702399999999,10.325504000000004,0.504118616144975,0.823321554770318,1.0,0,279,0.0,338,134,204,5,0,1415,0,0.0,1.0,0,0.0,node_hello,1:1;19:1;22:1;30:1;44:1,SIM
managed_flood,50,5,7,warm,240.0,60.0,node_hello,continuous,12,5,1.0,0.5014765238477565,3.399138468536122,22.6,19.20435199999998,10.49702399999999,8.70732799999999,0.5465961048828933,0.8404594767070837,1.0,0,240,0.0,317,113,204,5,294,1567,0,0.0,1.0,0,0.0,node_hello,12:1;22:1;24:1;45:1;6:1,SIM
managed_flood,50,5,7,warm,240.0,60.0,node_hello,continuous,13,5,1.0,0.0770559999999989,0.0770559999999989,27.0,20.899583999999997,10.49702399999999,10.402560000000005,0.5022599492889425,0.8699947997919917,1.0,0,267,0.0,339,135,204,5,0,1923,0,0.0,1.0,0,0.0,node_hello,2:1;22:1;23:1;6:1;8:1,SIM
managed_flood,50,5,7,warm,240.0,60.0,node_hello,continuous,14,4,0.8,0.37908401805994174,0.8313606351852023,25.5,18.356735999999977,10.49702399999999,7.859711999999984,0.5718349928876247,0.8690242305173543,0.8,0,237,0.0,306,102,204,5,188,1527,0,0.0,1.0,0,0.0,node_hello,23:1;3:1;4:1;41:1;43:0,SIM
managed_flood,50,5,7,warm,240.0,60.0,node_hello,continuous,15,5,1.0,0.5047288398421017,1.6042017935779,25.8,20.43724799999999,10.49702399999999,9.940224,0.5136221863139301,0.8652291105121294,1.0,0,243,0.0,333,129,204,5,249,1855,0,0.64,1.0,0,0.0,node_hello,10:1;21:1;43:1;45:1;49:1,SIM
managed_flood,50,5,7,warm,240.0,60.0,node_hello,continuous,16,4,0.8,0.712125767062723,2.6228632702822616,24.75,18.125567999999976,10.49702399999999,7.628543999999985,0.5791280030507184,0.8571428571428571,0.8,0,244,0.0,303,99,204,5,86,1400,0,0.0,1.0,0,0.0,node_hello,3:1;34:0;40:1;42:1;9:1,SIM
managed_flood,50,5,7,warm,240.0,60.0,node_hello,continuous,17,5,1.0,0.0770559999999989,1.3579778901476682,23.0,19.358463999999984,10.49702399999999,8.861439999999991,0.5422446739576032,0.8229461756373938,1.0,0,241,0.0,319,115,204,5,379,1412,0,0.64,1.0,0,0.0,node_hello,13:1;21:1;29:1;3:1;48:1,SIM
managed_flood,50,5,7,warm,240.0,60.0,node_hello,continuous,18,5,1.0,0.0770559999999989,0.25193986567934984,26.8,20.822527999999995,10.49702399999999,10.325504000000004,0.504118616144975,0.8732179226069247,1.0,0,261,0.0,338,134,204,5,146,1964,0,0.0,1.0,0,0.0,node_hello,29:1;33:1;35:1;36:1;49:1,SIM
managed_flood,50,5,7,warm,240.0,60.0,node_hello,continuous,19,4,0.8,0.7672342628519644,1.6639805792799105,25.5,18.356735999999977,10.49702399999999,7.859711999999984,0.5718349928876247,0.8433829287392326,0.8,0,256,0.0,306,102,204,5,0,1277,0,0.0,1.0,0,0.0,node_hello,2:1;27:1;37:0;43:1;45:1,SIM
managed_flood,50,5,7,cold,240.0,60.0,node_hello,continuous,0,4,0.8,0.20914337191359644,0.8957514204784934,29.0,19.435519999999983,10.49702399999999,8.938495999999992,0.5400948366701791,0.8511904761904762,0.8,0,270,0.0,320,116,204,5,0,1344,0,0.0,1.0,0,0.0,node_hello,10:1;16:1;21:0;33:1;7:1,SIM
managed_flood,50,5,7,cold,240.0,60.0,node_hello,continuous,1,5,1.0,0.42213894403122865,2.5336852713220055,23.8,19.666687999999986,10.49702399999999,9.169663999999994,0.5337464040716972,0.8535442296426479,1.0,0,253,0.0,323,119,204,5,0,1707,0,0.0,1.0,0,0.0,node_hello,10:1;28:1;32:1;43:1;45:1,SIM
managed_flood,50,5,7,cold,240.0,60.0,node_hello,continuous,2,5,1.0,1.246029139156052,4.801072795758895,25.8,20.43724799999999,10.49702399999999,9.940224,0.5136221863139301,0.8506571087216248,1.0,0,266,0.0,333,129,204,5,0,1674,0,0.0,1.0,0,0.0,node_hello,14:1;29:1;32:1;40:1;6:1,SIM
managed_flood,50,5,7,cold,240.0,60.0,node_hello,continuous,3,4,0.8,0.07705599999999946,2.1772707875418664,25.5,18.356735999999977,10.49702399999999,7.859711999999984,0.5718349928876247,0.8641304347826086,0.8,0,241,0.0,306,102,204,5,113,1472,0,0.0,1.0,0,0.0,node_hello,10:1;14:0;21:1;28:1;5:1,SIM
managed_flood,50,5,7,cold,240.0,60.0,node_hello,continuous,4,5,1.0,0.5910105907144043,1.570321352823046,26.6,20.745471999999992,10.49702399999999,10.248448000000003,0.5059910904895292,0.8450092994420335,1.0,0,258,0.0,337,133,204,5,273,1613,0,0.0,1.0,0,0.0,node_hello,13:1;26:1;33:1;41:1;43:1,SIM
managed_flood,50,5,7,cold,240.0,60.0,node_hello,continuous,5,5,1.0,1.0664302263809589,1.4716708471641247,23.0,19.358463999999984,10.49702399999999,8.861439999999991,0.5422446739576032,0.8250175685172172,1.0,0,246,0.0,319,115,204,5,74,1423,0,0.0,1.0,0,0.0,node_hello,18:1;21:1;44:1;45:1;49:1,SIM
managed_flood,50,5,7,cold,240.0,60.0,node_hello,continuous,6,5,1.0,0.07705599999999979,0.5773312335176718,24.4,19.897855999999987,10.49702399999999,9.400831999999996,0.5275454802768699,0.8477466504263094,1.0,0,249,0.0,326,122,204,5,281,1642,0,0.0,1.0,0,0.0,node_hello,1:1;29:1;4:1;40:1;46:1,SIM
managed_flood,50,5,7,cold,240.0,60.0,node_hello,continuous,7,5,1.0,0.2035972173471663,1.7273892208197519,24.8,20.051967999999988,10.49702399999999,9.554943999999997,0.5234909610867121,0.8569794050343249,1.0,0,257,0.0,328,124,204,5,0,1748,0,0.0,1.0,0,0.0,node_hello,23:1;33:1;34:1;44:1;9:1,SIM
managed_flood,50,5,7,cold,240.0,60.0,node_hello,continuous,8,4,0.8,0.8941175834609374,1.7462289153638464,24.25,17.971455999999975,10.49702399999999,7.474431999999985,0.5840942436717429,0.8564249820531228,0.8,0,236,0.0,301,97,204,5,184,1393,0,0.0,1.0,0,0.0,node_hello,0:1;18:1;39:1;47:0;5:1,SIM
managed_flood,50,5,7,cold,240.0,60.0,node_hello,continuous,9,5,1.0,0.077056,0.2844446269038374,26.4,20.668415999999993,10.49702399999999,10.171392000000003,0.5078775267538642,0.8559907834101382,1.0,0,264,0.0,336,132,204,5,0,1736,0,0.0,1.0,0,0.0,node_hello,0:1;11:1;12:1;14:1;49:1,SIM
managed_flood,50,5,7,cold,240.0,60.0,node_hello,continuous,10,5,1.0,0.077056,0.4330003390614567,24.2,19.820799999999984,10.49702399999999,9.323775999999995,0.5295963835970293,0.8522458628841607,1.0,0,257,0.0,325,121,204,5,84,1692,0,0.0,1.0,0,0.0,node_hello,27:1;28:1;33:1;44:1;46:1,SIM
managed_flood,50,5,7,cold,240.0,60.0,node_hello,continuous,11,5,1.0,0.07705600000000068,0.46760745165606177,26.8,20.822527999999995,10.49702399999999,10.325504000000004,0.504118616144975,0.823321554770318,1.0,0,279,0.0,338,134,204,5,0,1415,0,0.0,1.0,0,0.0,node_hello,1:1;19:1;22:1;30:1;44:1,SIM
managed_flood,50,5,7,cold,240.0,60.0,node_hello,continuous,12,5,1.0,0.5678491671855319,3.045779369282587,22.0,18.97318399999998,10.49702399999999,8.476159999999988,0.553255795126427,0.8577929465301479,1.0,0,232,0.0,314,110,204,5,262,1758,0,0.0,1.0,0,0.0,node_hello,12:1;22:1;24:1;45:1;6:1,SIM
managed_flood,50,5,7,cold,240.0,60.0,node_hello,continuous,13,5,1.0,0.07705599999999979,0.07705600000000054,27.0,20.899583999999997,10.49702399999999,10.402560000000005,0.5022599492889425,0.8699947997919917,1.0,0,267,0.0,339,135,204,5,0,1923,0,0.0,1.0,0,0.0,node_hello,2:1;22:1;23:1;6:1;8:1,SIM
managed_flood,50,5,7,cold,240.0,60.0,node_hello,continuous,14,4,0.8,0.11673641927502264,0.7526563555497321,25.5,18.356735999999977,10.49702399999999,7.859711999999984,0.5718349928876247,0.871216999356085,0.8,0,235,0.0,306,102,204,5,192,1553,0,0.0,1.0,0,0.0,node_hello,23:1;3:1;4:1;41:1;43:0,SIM
managed_flood,50,5,7,cold,240.0,60.0,node_hello,continuous,15,4,0.8,1.0000964100354817,2.7188301058780007,26.25,18.587903999999973,10.49702399999999,8.090879999999984,0.5647233813990005,0.8813056379821959,0.8,0,231,0.0,309,105,204,5,251,1685,0,0.0,1.0,0,0.0,node_hello,10:1;21:1;43:1;45:1;49:0,SIM
managed_flood,50,5,7,cold,240.0,60.0,node_hello,continuous,16,5,1.0,0.1979073493610235,0.8836997816458292,26.6,20.745471999999992,10.49702399999999,10.248448000000003,0.5059910904895292,0.8450092994420335,1.0,0,267,0.0,337,133,204,5,102,1613,0,0.0,1.0,0,0.0,node_hello,3:1;34:1;40:1;42:1;9:1,SIM
managed_flood,50,5,7,cold,240.0,60.0,node_hello,continuous,17,5,1.0,0.5023550835309454,1.11536593933059,23.6,19.589631999999984,10.49702399999999,9.092607999999993,0.5358459005253391,0.8559027777777778,1.0,0,231,0.0,322,118,204,5,416,1728,0,0.0,1.0,0,0.0,node_hello,13:1;21:1;29:1;3:1;48:1,SIM
managed_flood,50,5,7,cold,240.0,60.0,node_hello,continuous,18,5,1.0,0.16836260534212677,0.42415254274720837,27.6,21.130751999999998,10.49702399999999,10.633728000000007,0.4967652831285887,0.8571428571428571,1.0,0,272,0.0,342,138,204,5,132,1750,0,0.0,1.0,0,0.0,node_hello,29:1;33:1;35:1;36:1;49:1,SIM
managed_flood,50,5,7,cold,240.0,60.0,node_hello,continuous,19,4,0.8,0.7672342628519666,1.6639805792799143,25.5,18.356735999999977,10.49702399999999,7.859711999999984,0.5718349928876247,0.8433829287392326,0.8,0,256,0.0,306,102,204,5,0,1277,0,0.0,1.0,0,0.0,node_hello,2:1;27:1;37:0;43:1;45:1,SIM
managed_flood,50,5,9,warm,240.0,60.0,node_hello,continuous,0,4,0.8,0.7768985881016519,3.3087990732040917,27.5,67.20921600000015,37.81017600000009,29.399040000000067,0.5625742755279277,0.7342281879194631,0.8,0,292,0.0,314,110,204,5,0,745,0,0.0,1.0,0,0.0,node_hello,10:1;16:1;21:1;33:0;7:1,SIM
managed_flood,50,5,9,warm,240.0,60.0,node_hello,continuous,1,4,0.8,0.2672639999999973,0.2672639999999973,24.0,63.46752000000015,37.81017600000009,25.657344000000055,0.5957405614714424,0.5829787234042553,0.8,0,286,0.0,300,96,204,5,0,470,0,0.0,1.0,0,0.0,node_hello,10:1;28:1;32:1;43:1;45:0,SIM
managed_flood,50,5,9,warm,240.0,60.0,node_hello,continuous,2,5,1.0,0.2672639999999973,2.5931460950959204,25.2,71.48544000000015,37.81017600000009,33.675264000000055,0.5289213579716374,0.6693877551020408,1.0,0,307,0.0,330,126,204,5,0,735,0,0.0,1.0,0,0.0,node_hello,14:1;29:1;32:1;40:1;6:1,SIM
managed_flood,50,5,9,warm,240.0,60.0,node_hello,continuous,3,4,0.8,0.2672639999999973,0.2672639999999973,26.25,65.87289600000015,37.81017600000009,28.062720000000063,0.5739868488551043,0.6812297734627831,0.8,0,290,0.0,309,105,204,5,0,618,0,0.0,1.0,0,0.0,node_hello,10:0;14:1;21:1;28:1;5:1,SIM
managed_flood,50,5,9,warm,240.0,60.0,node_hello,continuous,4,2,0.4,1.4160055536130116,2.4498729518647244,27.5,52.50969600000011,37.81017600000009,14.699520000000021,0.7200608436201956,0.7126099706744868,0.4,0,248,0.0,259,55,204,5,0,341,0,0.0,1.0,0,0.0,node_hello,13:0;26:1;33:0;41:1;43:0,SIM
managed_flood,50,5,9,warm,240.0,60.0,node_hello,continuous,5,4,0.8,0.2672639999999973,0.2672639999999973,23.75,63.200256000000145,37.81017600000009,25.390080000000054,0.5982598551499538,0.6872037914691943,0.8,0,278,0.0,299,95,204,5,0,633,0,0.0,1.0,0,0.0,node_hello,18:1;21:1;44:0;45:1;49:1,SIM
managed_flood,50,5,9,warm,240.0,60.0,node_hello,continuous,6,4,0.8,0.2672639999999973,0.2672639999999973,24.5,64.00204800000014,37.81017600000009,26.191872000000057,0.5907650955169436,0.7248968363136176,0.8,0,281,0.0,302,98,204,5,0,727,0,0.0,1.0,0,0.0,node_hello,1:1;29:1;4:0;40:1;46:1,SIM
managed_flood,50,5,9,warm,240.0,60.0,node_hello,continuous,7,4,0.8,0.2672639999999973,1.6333395059414182,26.25,65.87289600000015,37.81017600000009,28.062720000000063,0.5739868488551043,0.6801948051948052,0.8,0,291,0.0,309,105,204,5,0,616,0,0.0,1.0,0,0.0,node_hello,23:1;33:0;34:1;44:1;9:1,SIM
managed_flood,50,5,9,warm,240.0,60.0,node_hello,continuous,8,4,0.8,0.5719346653462196,1.4172672693422872,24.0,63.46752000000015,37.81017600000009,25.657344000000055,0.5957405614714424,0.7465145754119138,0.8,0,276,0.0,300,96,204,5,0,789,0,0.0,1.0,0,0.0,node_hello,0:1;18:1;39:1;47:0;5:1,SIM
managed_flood,50,5,9,warm,240.0,60.0,node_hello,continuous,9,4,0.8,0.5386102381635567,1.846803027714112,25.25,64.80384000000015,37.81017600000009,26.99366400000006,0.5834557952121356,0.6351606805293005,0.8,0,289,0.0,305,101,204,5,0,529,0,0.0,1.0,0,0.0,node_hello,0:1;11:1;12:0;14:1;49:1,SIM
managed_flood,50,5,9,warm,240.0,60.0,node_hello,continuous,10,4,0.8,0.2672639999999973,0.818979379346347,25.0,64.53657600000015,37.81017600000009,26.72640000000006,0.5858720487433359,0.6981424148606811,0.8,0,286,0.0,304,100,204,5,0,646,0,0.0,1.0,0,0.0,node_hello,27:0;28:1;33:1;44:1;46:1,SIM
managed_flood,50,5,9,warm,240.0,60.0,node_hello,continuous,11,4,0.8,0.2672639999999973,0.2672639999999973,25.75,65.33836800000014,37.81017600000009,27.52819200000006,0.5786825896845175,0.6838487972508591,0.8,0,288,0.0,307,103,204,5,0,582,0,0.0,1.0,0,0.0,node_hello,1:1;19:1;22:0;30:1;44:1,SIM
managed_flood,50,5,9,warm,240.0,60.0,node_hello,continuous,12,5,1.0,0.2672639999999973,2.975876118992613,22.2,67.47648000000015,37.81017600000009,29.666304000000068,0.5603460050079673,0.6797829036635007,1.0,0,288,0.0,315,111,204,5,143,737,0,0.0,1.0,0,0.0,node_hello,12:1;22:1;24:1;45:1;6:1,SIM
managed_flood,50,5,9,warm,240.0,60.0,node_hello,continuous,13,4,0.8,0.2672639999999973,0.2672639999999973,27.5,67.20921600000015,37.81017600000009,29.399040000000067,0.5625742755279277,0.7036474164133738,0.8,0,295,0.0,314,110,204,5,0,658,0,0.0,1.0,0,0.0,node_hello,2:0;22:1;23:1;6:1;8:1,SIM
managed_flood,50,5,9,warm,240.0,60.0,node_hello,continuous,14,4,0.8,0.2672639999999973,0.2672639999999973,26.0,65.60563200000016,37.81017600000009,27.795456000000062,0.576325154523319,0.6856240126382307,0.8,0,289,0.0,308,104,204,5,0,633,0,0.0,1.0,0,0.0,node_hello,23:0;3:1;4:1;41:1;43:1,SIM
managed_flood,50,5,9,warm,240.0,60.0,node_hello,continuous,15,5,1.0,0.2672639999999973,0.7364026537553258,24.2,70.14912000000015,37.81017600000009,32.33894400000007,0.5389971534924459,0.6237942122186495,1.0,0,301,0.0,325,121,204,5,115,622,0,0.0,1.0,0,0.0,node_hello,10:1;21:1;43:1;45:1;49:1,SIM
managed_flood,50,5,9,warm,240.0,60.0,node_hello,continuous,16,3,0.6,0.2672639999999973,2.192378546406786,27.666666666666668,59.993088000000135,37.81017600000009,22.182912000000044,0.6302422039018896,0.7214953271028037,0.6,0,271,0.0,287,83,204,5,0,535,0,0.0,1.0,0,0.0,node_hello,3:1;34:1;40:0;42:1;9:0,SIM
managed_flood,50,5,9,warm,240.0,60.0,node_hello,continuous,17,4,0.8,0.8542428786621699,2.244984560548794,27.0,66.67468800000016,37.81017600000009,28.864512000000065,0.5670844084039809,0.7035573122529645,0.8,0,289,0.0,312,108,204,5,0,759,0,0.0,1.0,0,0.0,node_hello,13:1;21:1;29:1;3:1;48:0,SIM
managed_flood,50,5,9,warm,240.0,60.0,node_hello,continuous,18,4,0.8,1.088598083686776,2.1309244578727093,26.75,66.40742400000016,37.81017600000009,28.597248000000064,0.5693667021325808,0.6643835616438356,0.8,0,295,0.0,311,107,204,5,0,584,0,0.0,1.0,0,0.0,node_hello,29:1;33:0;35:1;36:1;49:1,SIM
managed_flood,50,5,9,warm,240.0,60.0,node_hello,continuous,19,4,0.8,0.2672639999999973,0.2672639999999973,25.75,65.33836800000014,37.81017600000009,27.52819200000006,0.5786825896845175,0.7314439946018894,0.8,0,285,0.0,307,103,204,5,0,741,0,0.0,1.0,0,0.0,node_hello,2:1;27:1;37:0;43:1;45:1,SIM
managed_flood,50,5,9,cold,240.0,60.0,node_hello,continuous,0,4,0.8,0.7768985881016564,3.3087990732040957,27.5,67.20921600000015,37.81017600000009,29.399040000000067,0.5625742755279277,0.7342281879194631,0.8,0,292,0.0,314,110,204,5,0,745,0,0.0,1.0,0,0.0,node_hello,10:1;16:1;21:1;33:0;7:1,SIM
managed_flood,50,5,9,cold,240.0,60.0,node_hello,continuous,1,4,0.8,0.2672640000000004,0.26726400000000083,24.0,63.46752000000015,37.81017600000009,25.657344000000055,0.5957405614714424,0.5829787234042553,0.8,0,286,0.0,300,96,204,5,0,470,0,0.0,1.0,0,0.0,node_hello,10:1;28:1;32:1;43:1;45:0,SIM
managed_flood,50,5,9,cold,240.0,60.0,node_hello,continuous,2,5,1.0,0.26726400000000083,2.5931460950959226,25.2,71.48544000000015,37.81017600000009,33.675264000000055,0.5289213579716374,0.6693877551020408,1.0,0,307,0.0,330,126,204,5,0,735,0,0.0,1.0,0,0.0,node_hello,14:1;29:1;32:1;40:1;6:1,SIM
managed_flood,50,5,9,cold,240.0,60.0,node_hello,continuous,3,4,0.8,0.26726400000000083,0.26726400000000083,26.25,65.87289600000015,37.81017600000009,28.062720000000063,0.5739868488551043,0.6812297734627831,0.8,0,290,0.0,309,105,204,5,0,618,0,0.0,1.0,0,0.0,node_hello,10:0;14:1;21:1;28:1;5:1,SIM
managed_flood,50,5,9,cold,240.0,60.0,node_hello,continuous,4,4,0.8,0.2672640000000004,0.26726400000000083,26.25,65.87289600000015,37.81017600000009,28.062720000000063,0.5739868488551043,0.6406533575317604,0.8,0,292,0.0,309,105,204,5,0,551,0,0.0,1.0,0,0.0,node_hello,13:1;26:1;33:0;41:1;43:1,SIM
managed_flood,50,5,9,cold,240.0,60.0,node_hello,continuous,5,4,0.8,0.2672640000000004,0.26726400000000083,23.75,63.200256000000145,37.81017600000009,25.390080000000054,0.5982598551499538,0.6872037914691943,0.8,0,278,0.0,299,95,204,5,0,633,0,0.0,1.0,0,0.0,node_hello,18:1;21:1;44:0;45:1;49:1,SIM
managed_flood,50,5,9,cold,240.0,60.0,node_hello,continuous,6,4,0.8,0.26726400000000083,0.26726400000000083,24.5,64.00204800000014,37.81017600000009,26.191872000000057,0.5907650955169436,0.7248968363136176,0.8,0,281,0.0,302,98,204,5,0,727,0,0.0,1.0,0,0.0,node_hello,1:1;29:1;4:0;40:1;46:1,SIM
managed_flood,50,5,9,cold,240.0,60.0,node_hello,continuous,7,4,0.8,0.2672640000000004,1.6333395059414215,26.25,65.87289600000015,37.81017600000009,28.062720000000063,0.5739868488551043,0.6801948051948052,0.8,0,291,0.0,309,105,204,5,0,616,0,0.0,1.0,0,0.0,node_hello,23:1;33:0;34:1;44:1;9:1,SIM
managed_flood,50,5,9,cold,240.0,60.0,node_hello,continuous,8,4,0.8,0.5719346653462276,1.4172672693422923,24.0,63.46752000000015,37.81017600000009,25.657344000000055,0.5957405614714424,0.7465145754119138,0.8,0,276,0.0,300,96,204,5,0,789,0,0.0,1.0,0,0.0,node_hello,0:1;18:1;39:1;47:0;5:1,SIM
managed_flood,50,5,9,cold,240.0,60.0,node_hello,continuous,9,4,0.8,0.5386102381635602,1.8468030277141128,25.25,64.80384000000015,37.81017600000009,26.99366400000006,0.5834557952121356,0.6351606805293005,0.8,0,289,0.0,305,101,204,5,0,529,0,0.0,1.0,0,0.0,node_hello,0:1;11:1;12:0;14:1;49:1,SIM
managed_flood,50,5,9,cold,240.0,60.0,node_hello,continuous,10,4,0.8,0.26726400000000083,0.818979379346352,25.0,64.53657600000015,37.81017600000009,26.72640000000006,0.5858720487433359,0.6981424148606811,0.8,0,286,0.0,304,100,204,5,0,646,0,0.0,1.0,0,0.0,node_hello,27:0;28:1;33:1;44:1;46:1,SIM
managed_flood,50,5,9,cold,240.0,60.0,node_hello,continuous,11,4,0.8,0.2672640000000004,0.26726400000000083,25.75,65.33836800000014,37.81017600000009,27.52819200000006,0.5786825896845175,0.6838487972508591,0.8,0,288,0.0,307,103,204,5,0,582,0,0.0,1.0,0,0.0,node_hello,1:1;19:1;22:0;30:1;44:1,SIM
managed_flood,50,5,9,cold,240.0,60.0,node_hello,continuous,12,5,1.0,0.26726400000000083,0.8338456701417893,22.2,67.47648000000015,37.81017600000009,29.666304000000068,0.5603460050079673,0.688212927756654,1.0,0,288,0.0,315,111,204,5,108,789,0,0.0,1.0,0,0.0,node_hello,12:1;22:1;24:1;45:1;6:1,SIM
managed_flood,50,5,9,cold,240.0,60.0,node_hello,continuous,13,4,0.8,0.26726400000000083,0.26726400000000083,27.5,67.20921600000015,37.81017600000009,29.399040000000067,0.5625742755279277,0.7036474164133738,0.8,0,295,0.0,314,110,204,5,0,658,0,0.0,1.0,0,0.0,node_hello,2:0;22:1;23:1;6:1;8:1,SIM
managed_flood,50,5,9,cold,240.0,60.0,node_hello,continuous,14,4,0.8,0.2672640000000004,0.26726400000000083,26.0,65.60563200000016,37.81017600000009,27.795456000000062,0.576325154523319,0.6856240126382307,0.8,0,289,0.0,308,104,204,5,0,633,0,0.0,1.0,0,0.0,node_hello,23:0;3:1;4:1;41:1;43:1,SIM
managed_flood,50,5,9,cold,240.0,60.0,node_hello,continuous,15,5,1.0,0.26726400000000083,0.8024973050999173,24.8,70.95091200000016,37.81017600000009,33.14073600000006,0.5329061309317632,0.6068515497553018,1.0,0,305,0.0,328,124,204,5,105,613,0,0.0,1.0,0,0.0,node_hello,10:1;21:1;43:1;45:1;49:1,SIM
managed_flood,50,5,9,cold,240.0,60.0,node_hello,continuous,16,3,0.6,0.26726400000000083,2.192378546406796,27.666666666666668,59.993088000000135,37.81017600000009,22.182912000000044,0.6302422039018896,0.7214953271028037,0.6,0,271,0.0,287,83,204,5,0,535,0,0.0,1.0,0,0.0,node_hello,3:1;34:1;40:0;42:1;9:0,SIM
managed_flood,50,5,9,cold,240.0,60.0,node_hello,continuous,17,4,0.8,0.8542428786621765,2.244984560548805,27.0,66.67468800000016,37.81017600000009,28.864512000000065,0.5670844084039809,0.7035573122529645,0.8,0,289,0.0,312,108,204,5,0,759,0,0.0,1.0,0,0.0,node_hello,13:1;21:1;29:1;3:1;48:0,SIM
managed_flood,50,5,9,cold,240.0,60.0,node_hello,continuous,18,4,0.8,1.0885980836867848,2.1309244578727147,26.75,66.40742400000016,37.81017600000009,28.597248000000064,0.5693667021325808,0.6643835616438356,0.8,0,295,0.0,311,107,204,5,0,584,0,0.0,1.0,0,0.0,node_hello,29:1;33:0;35:1;36:1;49:1,SIM
managed_flood,50,5,9,cold,240.0,60.0,node_hello,continuous,19,4,0.8,0.2672640000000004,0.26726400000000083,25.75,65.33836800000014,37.81017600000009,27.52819200000006,0.5786825896845175,0.7314439946018894,0.8,0,285,0.0,307,103,204,5,0,741,0,0.0,1.0,0,0.0,node_hello,2:1;27:1;37:0;43:1;45:1,SIM
managed_flood,50,20,7,warm,240.0,60.0,node_hello,continuous,0,20,1.0,0.0770559999999989,0.8260506365125369,26.95,52.03020799999968,10.49702399999999,41.53318399999969,0.2017486457098164,0.8487051340299864,1.0,0,494,0.0,743,539,204,20,0,6603,0,0.0,1.0,0,0.0,node_hello,0:1;10:1;11:1;16:1;17:1;19:1;21:1;22:1;24:1;26:1;28:1;30:1;32:1;33:1;36:1;38:1;42:1;46:1;7:1;9:1,SIM
managed_flood,50,20,7,warm,240.0,60.0,node_hello,continuous,1,18,0.9,0.2133245592535502,3.4205116284981174,25.27777777777778,45.557503999999774,10.49702399999999,35.060479999999785,0.23041262313229546,0.8632348461772769,0.9,0,396,0.0,659,455,204,20,0,6566,0,0.0,1.0,0,0.0,node_hello,1:1;10:1;14:1;19:0;20:1;25:1;27:1;28:1;3:1;32:1;33:1;34:1;4:1;40:0;41:1;42:1;43:1;44:1;45:1;48:1,SIM
managed_flood,50,20,7,warm,240.0,60.0,node_hello,continuous,2,20,1.0,0.7976235003418566,2.2568891454394717,25.95,50.489087999999704,10.49702399999999,39.992063999999715,0.20790678571971932,0.8630005485463522,1.0,0,435,0.0,723,519,204,20,0,7292,0,0.0,1.0,0,0.0,node_hello,0:1;14:1;15:1;16:1;17:1;2:1;23:1;27:1;28:1;29:1;32:1;37:1;39:1;4:1;40:1;42:1;46:1;47:1;5:1;6:1,SIM
managed_flood,50,20,7,warm,240.0,60.0,node_hello,continuous,3,20,1.0,0.0770559999999989,0.6887768942801635,25.05,49.102079999999724,10.49702399999999,38.605055999999735,0.21377961992648886,0.8253856942496494,1.0,0,461,0.0,705,501,204,20,118,5704,0,0.0,1.0,0,0.0,node_hello,10:1;11:1;12:1;13:1;14:1;17:1;2:1;20:1;21:1;25:1;28:1;33:1;36:1;40:1;41:1;45:1;48:1;49:1;5:1;7:1,SIM
managed_flood,50,20,7,warm,240.0,60.0,node_hello,continuous,4,20,1.0,0.12914826094748122,0.9789042193010677,25.3,49.48735999999972,10.49702399999999,38.99033599999973,0.2121152552894325,0.8554495518936108,1.0,0,408,0.0,710,506,204,20,272,6918,0,0.44,1.0,0,0.0,node_hello,10:1;12:1;13:1;17:1;18:1;2:1;21:1;25:1;26:1;29:1;3:1;31:1;33:1;39:1;4:1;41:1;42:1;43:1;44:1;8:1,SIM
managed_flood,50,20,7,warm,240.0,60.0,node_hello,continuous,5,19,0.95,0.8322009790290394,3.3828545361791096,24.105263157894736,45.78867199999977,10.49702399999999,35.29164799999978,0.22924936543256907,0.8258076358296622,0.95,0,401,0.0,662,458,204,20,54,5448,0,0.0,1.0,0,0.0,node_hello,0:1;11:1;16:1;17:1;18:1;20:1;21:0;22:1;29:1;30:1;32:1;33:1;35:1;37:1;41:1;44:1;45:1;46:1;49:1;8:1,SIM
managed_flood,50,20,7,warm,240.0,60.0,node_hello,continuous,6,18,0.9,0.1262864018387262,1.2088540287433815,23.77777777777778,43.476991999999804,10.49702399999999,32.979967999999815,0.2414385981440491,0.8461142563046835,0.9,0,383,0.0,632,428,204,20,256,5829,0,0.0,1.0,0,0.0,node_hello,1:1;10:1;12:1;16:1;24:0;28:1;29:1;30:0;31:1;35:1;37:1;39:1;4:1;40:1;42:1;44:1;45:1;46:1;5:1;8:1,SIM
managed_flood,50,20,7,warm,240.0,60.0,node_hello,continuous,7,18,0.9,0.0770559999999989,1.173105846792907,25.333333333333332,45.63455999999977,10.49702399999999,35.137535999999784,0.23002356109054284,0.8503094162903495,0.9,0,414,0.0,660,456,204,20,0,5979,0,0.0,1.0,0,0.0,node_hello,1:1;10:1;14:0;16:1;19:1;21:1;22:1;23:1;32:1;33:1;34:1;41:0;42:1;43:1;44:1;45:1;48:1;49:1;5:1;9:1,SIM
managed_flood,50,20,7,warm,240.0,60.0,node_hello,continuous,8,18,0.9,0.33041352771408583,2.258778611387778,26.166666666666668,46.79039999999976,10.49702399999999,36.29337599999977,0.22434140336479375,0.8495486459378134,0.9,0,425,0.0,675,471,204,20,172,5982,0,0.0,1.0,0,0.0,node_hello,0:1;14:1;18:1;19:0;20:1;22:1;23:1;25:1;26:1;33:1;35:1;38:1;39:1;40:0;41:1;44:1;45:1;46:1;48:1;5:1,SIM
managed_flood,50,20,7,warm,240.0,60.0,node_hello,continuous,9,20,1.0,0.0770559999999989,1.8436671155663023,25.4,49.641471999999716,10.49702399999999,39.14444799999973,0.2114567432649872,0.850112528132033,1.0,0,434,0.0,712,508,204,20,0,6665,0,0.0,1.0,0,0.0,node_hello,0:1;1:1;11:1;12:1;14:1;16:1;17:1;24:1;27:1;29:1;30:1;34:1;35:1;37:1;4:1;41:1;44:1;45:1;49:1;5:1,SIM
managed_flood,50,20,7,warm,240.0,60.0,node_hello,continuous,10,18,0.9,0.17492947999670605,2.516279996694879,25.555555555555557,45.94278399999977,10.49702399999999,35.44575999999978,0.2284803637498338,0.8633257403189066,0.9,0,416,0.0,664,460,204,20,54,6585,0,0.0,1.0,0,0.0,node_hello,0:1;12:1;13:0;17:1;23:1;24:1;26:1;27:1;28:1;33:1;35:1;38:1;4:1;42:1;44:1;46:1;47:0;48:1;49:1;7:1,SIM
managed_flood,50,20,7,warm,240.0,60.0,node_hello,continuous,11,18,0.9,0.0770559999999989,1.3236346978016114,24.666666666666668,44.709887999999786,10.49702399999999,34.2128639999998,0.23478081627044203,0.8383039885016169,0.9,0,413,0.0,648,444,204,20,0,5566,0,0.0,1.0,0,0.0,node_hello,1:1;19:1;2:1;20:1;22:0;23:1;28:1;30:1;31:1;34:1;38:1;4:0;40:1;41:1;42:1;44:1;45:1;48:1;49:1;8:1,SIM
managed_flood,50,20,7,warm,240.0,60.0,node_hello,continuous,12,19,0.95,0.3971562426781361,1.394269424383372,25.0,47.09862399999975,10.49702399999999,36.60159999999976,0.22287326270933194,0.8528448947778644,0.95,0,413,0.0,679,475,204,20,215,6415,0,0.0,1.0,0,0.0,node_hello,10:1;12:1;13:1;15:1;17:1;19:1;22:1;24:1;25:1;26:1;31:1;34:1;39:1;4:1;40:1;42:0;45:1;46:1;6:1;7:1,SIM
managed_flood,50,20,7,warm,240.0,60.0,node_hello,continuous,13,20,1.0,0.0770559999999989,1.2736911288856558,25.1,49.17913599999972,10.49702399999999,38.682111999999734,0.21344466076020632,0.8665865384615384,1.0,0,423,0.0,706,502,204,20,0,7488,0,0.0,1.0,0,0.0,node_hello,10:1;18:1;2:1;20:1;22:1;23:1;27:1;28:1;3:1;31:1;34:1;35:1;37:1;42:1;43:1;47:1;48:1;49:1;6:1;8:1,SIM
managed_flood,50,20,7,warm,240.0,60.0,node_hello,continuous,14,20,1.0,0.0770559999999989,0.6490566471208745,26.0,50.5661439999997,10.49702399999999,40.069119999999714,0.2075899637512414,0.8472582862379716,1.0,0,449,0.0,724,520,204,20,130,6547,0,0.0,1.0,0,0.0,node_hello,0:1;10:1;19:1;2:1;23:1;24:1;27:1;28:1;3:1;34:1;4:1;41:1;43:1;44:1;45:1;47:1;49:1;6:1;7:1;8:1,SIM
managed_flood,50,20,7,warm,240.0,60.0,node_hello,continuous,15,18,0.9,0.3389214915150518,2.1785068916682504,24.61111111111111,44.63283199999979,10.49702399999999,34.1358079999998,0.23518615175483468,0.8441130570487255,0.9,0,403,0.0,647,443,204,20,209,5767,0,0.54,1.0,0,0.0,node_hello,1:1;10:1;11:1;13:1;17:1;21:1;22:1;26:0;29:1;3:1;33:1;36:1;38:1;39:1;42:1;43:1;45:1;46:1;48:0;8:1,SIM
managed_flood,50,20,7,warm,240.0,60.0,node_hello,continuous,16,19,0.95,0.0770559999999989,0.7999016703160479,24.894736842105264,46.944511999999754,10.49702399999999,36.447487999999765,0.22360492319102274,0.8575716644154285,0.95,0,405,0.0,677,473,204,20,96,6663,0,0.0,1.0,0,0.0,node_hello,1:1;13:1;14:1;17:1;22:1;3:1;30:1;32:1;33:1;34:1;37:0;4:1;40:1;41:1;42:1;44:1;45:1;46:1;49:1;9:1,SIM
managed_flood,50,20,7,warm,240.0,60.0,node_hello,continuous,17,18,0.9,0.0770559999999989,0.7825631689453805,25.944444444444443,46.48217599999976,10.49702399999999,35.98515199999977,0.22582901454527526,0.8414182395484212,0.9,0,417,0.0,671,467,204,20,348,5669,0,0.58,1.0,0,0.0,node_hello,0:1;1:1;13:1;14:1;17:1;19:1;21:1;27:1;29:1;3:1;30:1;33:1;34:1;40:0;43:1;46:1;48:0;49:1;6:1;7:1,SIM
managed_flood,50,20,7,warm,240.0,60.0,node_hello,continuous,18,20,1.0,0.0770559999999989,1.0491948247470086,24.75,48.63974399999973,10.49702399999999,38.14271999999974,0.215811662166644,0.8679693688935833,1.0,0,416,0.0,699,495,204,20,100,7574,0,0.0,1.0,0,0.0,node_hello,10:1;14:1;20:1;21:1;23:1;24:1;25:1;29:1;31:1;32:1;33:1;34:1;35:1;36:1;4:1;44:1;45:1;47:1;48:1;5:1,SIM
managed_flood,50,20,7,warm,240.0,60.0,node_hello,continuous,19,17,0.85,0.7632265879925484,2.443506561383552,25.058823529411764,43.322879999999806,10.49702399999999,32.82585599999982,0.2422974649884781,0.8507986659645428,0.85,0,400,0.0,630,426,204,20,0,5697,0,0.0,1.0,0,0.0,node_hello,12:1;15:1;17:1;18:1;2:1;20:1;27:1;28:1;34:0;37:1;39:1;4:1;40:0;41:1;43:1;45:1;47:1;7:0;8:1;9:1,SIM
managed_flood,50,20,7,cold,240.0,60.0,node_hello,continuous,0,20,1.0,0.0770559999999989,0.8260506365125369,26.95,52.03020799999968,10.49702399999999,41.53318399999969,0.2017486457098164,0.8487051340299864,1.0,0,494,0.0,743,539,204,20,0,6603,0,0.0,1.0,0,0.0,node_hello,0:1;10:1;11:1;16:1;17:1;19:1;21:1;22:1;24:1;26:1;28:1;30:1;32:1;33:1;36:1;38:1;42:1;46:1;7:1;9:1,SIM
managed_flood,50,20,7,cold,240.0,60.0,node_hello,continuous,1,18,0.9,0.21332455925355465,3.420511628498107,25.27777777777778,45.557503999999774,10.49702399999999,35.060479999999785,0.23041262313229546,0.8632348461772769,0.9,0,396,0.0,659,455,204,20,0,6566,0,0.0,1.0,0,0.0,node_hello,1:1;10:1;14:1;19:0;20:1;25:1;27:1;28:1;3:1;32:1;33:1;34:1;4:1;40:0;41:1;42:1;43:1;44:1;45:1;48:1,SIM
managed_flood,50,20,7,cold,240.0,60.0,node_hello,continuous,2,20,1.0,0.7976235003418637,2.256889145439486,25.95,50.489087999999704,10.49702399999999,39.992063999999715,0.20790678571971932,0.8630005485463522,1.0,0,435,0.0,723,519,204,20,0,7292,0,0.0,1.0,0,0.0,node_hello,0:1;14:1;15:1;16:1;17:1;2:1;23:1;27:1;28:1;29:1;32:1;37:1;39:1;4:1;40:1;42:1;46:1;47:1;5:1;6:1,SIM
managed_flood,50,20,7,cold,240.0,60.0,node_hello,continuous,3,18,0.9,0.0770559999999989,1.0828868838848202,25.333333333333332,45.63455999999977,10.49702399999999,35.137535999999784,0.23002356109054284,0.8389237668161434,0.9,0,421,0.0,660,456,204,20,78,5575,0,0.0,1.0,0,0.0,node_hello,10:1;11:1;12:1;13:0;14:1;17:1;2:1;20:1;21:1;25:1;28:0;33:1;36:1;40:1;41:1;45:1;48:1;49:1;5:1;7:1,SIM
managed_flood,50,20,7,cold,240.0,60.0,node_hello,continuous,4,18,0.9,0.3607653607585455,2.130607897569157,25.0,45.17222399999978,10.49702399999999,34.67519999999979,0.23237784351729154,0.8492023509655752,0.9,0,395,0.0,654,450,204,20,278,5955,0,0.0,1.0,0,0.0,node_hello,10:1;12:1;13:1;17:1;18:1;2:1;21:1;25:1;26:1;29:1;3:1;31:1;33:1;39:1;4:0;41:1;42:0;43:1;44:1;8:1,SIM
managed_flood,50,20,7,cold,240.0,60.0,node_hello,continuous,5,18,0.9,0.8141639504412015,2.9475076456442366,23.833333333333332,43.5540479999998,10.49702399999999,33.057023999999814,0.24101144398793972,0.8103302286198137,0.9,0,409,0.0,633,429,204,20,58,4724,0,0.0,1.0,0,0.0,node_hello,0:1;11:1;16:1;17:1;18:1;20:0;21:1;22:1;29:1;30:1;32:1;33:1;35:1;37:1;41:1;44:1;45:0;46:1;49:1;8:1,SIM
managed_flood,50,20,7,cold,240.0,60.0,node_hello,continuous,6,18,0.9,0.07705600000000035,1.2088540287433815,23.77777777777778,43.476991999999804,10.49702399999999,32.979967999999815,0.2414385981440491,0.847008547008547,0.9,0,380,0.0,632,428,204,20,256,5850,0,0.0,1.0,0,0.0,node_hello,1:1;10:1;12:1;16:1;24:0;28:1;29:1;30:0;31:1;35:1;37:1;39:1;4:1;40:1;42:1;44:1;45:1;46:1;5:1;8:1,SIM
managed_flood,50,20,7,cold,240.0,60.0,node_hello,continuous,7,18,0.9,0.0770559999999999,1.173105846792907,25.333333333333332,45.63455999999977,10.49702399999999,35.137535999999784,0.23002356109054284,0.8503094162903495,0.9,0,414,0.0,660,456,204,20,0,5979,0,0.0,1.0,0,0.0,node_hello,1:1;10:1;14:0;16:1;19:1;21:1;22:1;23:1;32:1;33:1;34:1;41:0;42:1;43:1;44:1;45:1;48:1;49:1;5:1;9:1,SIM
managed_flood,50,20,7,cold,240.0,60.0,node_hello,continuous,8,18,0.9,0.24825891483730667,2.5445896631248726,26.055555555555557,46.63628799999976,10.49702399999999,36.13926399999977,0.2250827510114022,0.8548334949886841,0.9,0,420,0.0,673,469,204,20,188,6186,0,0.0,1.0,0,0.0,node_hello,0:1;14:1;18:1;19:0;20:1;22:1;23:1;25:1;26:1;33:1;35:1;38:1;39:1;40:0;41:1;44:1;45:1;46:1;48:1;5:1,SIM
managed_flood,50,20,7,cold,240.0,60.0,node_hello,continuous,9,20,1.0,0.07705600000000024,1.8436671155663082,25.4,49.641471999999716,10.49702399999999,39.14444799999973,0.2114567432649872,0.850112528132033,1.0,0,434,0.0,712,508,204,20,0,6665,0,0.0,1.0,0,0.0,node_hello,0:1;1:1;11:1;12:1;14:1;16:1;17:1;24:1;27:1;29:1;30:1;34:1;35:1;37:1;4:1;41:1;44:1;45:1;49:1;5:1,SIM
managed_flood,50,20,7,cold,240.0,60.0,node_hello,continuous,10,18,0.9,0.0770559999999999,1.9157493241139663,25.555555555555557,45.94278399999977,10.49702399999999,35.44575999999978,0.2284803637498338,0.8632426682874943,0.9,0,415,0.0,664,460,204,20,91,6581,0,0.0,1.0,0,0.0,node_hello,0:1;12:1;13:0;17:1;23:1;24:1;26:1;27:1;28:1;33:1;35:1;38:1;4:1;42:1;44:1;46:1;47:0;48:1;49:1;7:1,SIM
managed_flood,50,20,7,cold,240.0,60.0,node_hello,continuous,11,18,0.9,0.0770559999999989,1.3236346978016136,24.666666666666668,44.709887999999786,10.49702399999999,34.2128639999998,0.23478081627044203,0.8383039885016169,0.9,0,413,0.0,648,444,204,20,0,5566,0,0.0,1.0,0,0.0,node_hello,1:1;19:1;2:1;20:1;22:0;23:1;28:1;30:1;31:1;34:1;38:1;4:0;40:1;41:1;42:1;44:1;45:1;48:1;49:1;8:1,SIM
managed_flood,50,20,7,cold,240.0,60.0,node_hello,continuous,12,20,1.0,0.3885074898135876,2.3062900508174455,24.9,48.87091199999973,10.49702399999999,38.37388799999974,0.21479083508816144,0.8534647638664117,1.0,0,420,0.0,702,498,204,20,280,6797,0,0.0,1.0,0,0.0,node_hello,10:1;12:1;13:1;15:1;17:1;19:1;22:1;24:1;25:1;26:1;31:1;34:1;39:1;4:1;40:1;42:1;45:1;46:1;6:1;7:1,SIM
managed_flood,50,20,7,cold,240.0,60.0,node_hello,continuous,13,20,1.0,0.07705599999999946,1.2736911288856558,25.1,49.17913599999972,10.49702399999999,38.682111999999734,0.21344466076020632,0.8665865384615384,1.0,0,423,0.0,706,502,204,20,0,7488,0,0.0,1.0,0,0.0,node_hello,10:1;18:1;2:1;20:1;22:1;23:1;27:1;28:1;3:1;31:1;34:1;35:1;37:1;42:1;43:1;47:1;48:1;49:1;6:1;8:1,SIM
managed_flood,50,20,7,cold,240.0,60.0,node_hello,continuous,14,19,0.95,0.0770559999999989,1.1123738824356575,25.842105263157894,48.331519999999735,10.49702399999999,37.834495999999746,0.21718795518949224,0.843554236729311,0.95,0,442,0.0,695,491,204,20,133,6066,0,0.0,1.0,0,0.0,node_hello,0:1;10:0;19:1;2:1;23:1;24:1;27:1;28:1;3:1;34:1;4:1;41:1;43:1;44:1;45:1;47:1;49:1;6:1;7:1;8:1,SIM
managed_flood,50,20,7,cold,240.0,60.0,node_hello,continuous,15,18,0.9,0.07705600000000035,1.3193159044857308,24.72222222222222,44.786943999999785,10.49702399999999,34.289919999999796,0.2343768755465888,0.8538011695906432,0.9,0,387,0.0,649,445,204,20,186,6156,0,0.0,1.0,0,0.0,node_hello,1:1;10:1;11:1;13:1;17:1;21:1;22:1;26:0;29:1;3:1;33:1;36:1;38:1;39:1;42:1;43:1;45:1;46:1;48:0;8:1,SIM
managed_flood,50,20,7,cold,240.0,60.0,node_hello,continuous,16,18,0.9,0.192978822741666,1.1811886337153266,24.88888888888889,45.01811199999978,10.49702399999999,34.52108799999979,0.2331733503173132,0.8517235691901699,0.9,0,406,0.0,652,448,204,20,50,6063,0,0.0,1.0,0,0.0,node_hello,1:1;13:1;14:0;17:1;22:1;3:1;30:1;32:1;33:1;34:1;37:0;4:1;40:1;41:1;42:1;44:1;45:1;46:1;49:1;9:1,SIM
managed_flood,50,20,7,cold,240.0,60.0,node_hello,continuous,17,19,0.95,0.0770559999999989,1.4144444265964689,26.263157894736842,48.947967999999726,10.49702399999999,38.45094399999974,0.21445270210195547,0.8502994011976048,0.95,0,420,0.0,703,499,204,20,354,6346,0,0.0,1.0,0,0.0,node_hello,0:1;1:1;13:1;14:1;17:1;19:1;21:1;27:1;29:1;3:1;30:1;33:0;34:1;40:1;43:1;46:1;48:1;49:1;6:1;7:1,SIM
managed_flood,50,20,7,cold,240.0,60.0,node_hello,continuous,18,20,1.0,0.0770559999999989,0.6726876428857768,24.5,48.254463999999736,10.49702399999999,37.75743999999975,0.21753477564272702,0.8567741935483871,1.0,0,431,0.0,694,490,204,20,133,6975,0,0.0,1.0,0,0.0,node_hello,10:1;14:1;20:1;21:1;23:1;24:1;25:1;29:1;31:1;32:1;33:1;34:1;35:1;36:1;4:1;44:1;45:1;47:1;48:1;5:1,SIM
managed_flood,50,20,7,cold,240.0,60.0,node_hello,continuous,19,17,0.85,0.7632265879925555,2.4435065613835505,25.058823529411764,43.322879999999806,10.49702399999999,32.82585599999982,0.2422974649884781,0.8507986659645428,0.85,0,400,0.0,630,426,204,20,0,5697,0,0.0,1.0,0,0.0,node_hello,12:1;15:1;17:1;18:1;2:1;20:1;27:1;28:1;34:0;37:1;39:1;4:1;40:0;41:1;43:1;45:1;47:1;7:0;8:1;9:1,SIM
managed_flood,50,20,9,warm,240.0,60.0,node_hello,continuous,0,17,0.85,0.2672640000000115,1.7444988764558131,27.647058823529413,163.42425599999922,37.81017600000009,125.61407999999912,0.23136208128125282,0.6990326048011466,0.85,0,594,0.0,674,470,204,20,0,2791,0,0.0,1.0,0,0.0,node_hello,0:1;10:1;11:1;16:1;17:1;19:0;21:1;22:1;24:1;26:0;28:1;30:1;32:1;33:1;36:1;38:1;42:1;46:1;7:0;9:1,SIM
managed_flood,50,20,9,warm,240.0,60.0,node_hello,continuous,1,14,0.7,1.1848561180620294,4.424409458770995,27.785714285714285,141.77587199999942,37.81017600000009,103.96569599999934,0.2666897792030526,0.6463527239150508,0.7,0,527,0.0,593,389,204,20,0,2166,0,0.0,1.0,0,0.0,node_hello,1:0;10:0;14:0;19:1;20:1;25:0;27:1;28:1;3:1;32:0;33:1;34:1;4:1;40:1;41:1;42:1;43:1;44:1;45:1;48:0,SIM
managed_flood,50,20,9,warm,240.0,60.0,node_hello,continuous,2,15,0.75,0.2672640000000115,5.535422068602008,26.333333333333332,143.3794559999994,37.81017600000009,105.56927999999932,0.26370706832644314,0.6406101048617732,0.75,0,536,0.0,599,395,204,20,0,2098,0,0.0,1.0,0,0.0,node_hello,0:1;14:0;15:1;16:0;17:1;2:0;23:1;27:1;28:1;29:0;32:1;37:1;39:1;4:1;40:1;42:0;46:1;47:1;5:1;6:1,SIM
managed_flood,50,20,9,warm,240.0,60.0,node_hello,continuous,3,15,0.75,0.2672639999999973,1.3815257818185802,24.533333333333335,136.1633279999995,37.81017600000009,98.3531519999994,0.2776825196281941,0.6231501057082452,0.75,0,515,0.0,572,368,204,20,0,1892,0,0.0,1.0,0,0.0,node_hello,10:1;11:1;12:1;13:1;14:1;17:1;2:1;20:0;21:1;25:1;28:1;33:1;36:0;40:1;41:1;45:0;48:1;49:0;5:1;7:0,SIM
managed_flood,50,20,9,warm,240.0,60.0,node_hello,continuous,4,14,0.7,0.6907058046234482,2.914176950711875,25.285714285714285,132.42163199999953,37.81017600000009,94.61145599999944,0.285528696701157,0.701511879049676,0.7,0,488,0.0,558,354,204,20,0,2315,0,0.0,1.0,0,0.0,node_hello,10:1;12:1;13:1;17:0;18:1;2:0;21:1;25:0;26:1;29:1;3:1;31:1;33:0;39:1;4:1;41:1;42:1;43:1;44:0;8:0,SIM
managed_flood,50,20,9,warm,240.0,60.0,node_hello,continuous,5,16,0.8,0.9243805105298009,4.379264956471456,24.0,140.43955199999945,37.81017600000009,102.62937599999935,0.26922740397235273,0.6485125858123569,0.8,0,515,0.0,588,384,204,20,0,2185,0,0.0,1.0,0,0.0,node_hello,0:1;11:0;16:1;17:1;18:1;20:1;21:1;22:1;29:1;30:1;32:0;33:1;35:0;37:1;41:0;44:1;45:1;46:1;49:1;8:1,SIM
managed_flood,50,20,9,warm,240.0,60.0,node_hello,continuous,6,17,0.85,0.2672640000000115,1.1760924566385191,23.705882352941178,145.5175679999994,37.81017600000009,107.7073919999993,0.2598323798264705,0.6833903458760927,0.85,0,528,0.0,607,403,204,20,0,2631,0,0.0,1.0,0,0.0,node_hello,1:1;10:1;12:0;16:1;24:1;28:1;29:1;30:0;31:1;35:1;37:1;39:1;4:1;40:1;42:1;44:1;45:0;46:1;5:1;8:1,SIM
managed_flood,50,20,9,warm,240.0,60.0,node_hello,continuous,7,17,0.85,0.2672639999999973,2.650478025081421,25.941176470588236,155.67359999999928,37.81017600000009,117.8634239999992,0.2428811050814028,0.6835395575553056,0.85,0,563,0.0,645,441,204,20,0,2667,0,0.0,1.0,0,0.0,node_hello,1:1;10:1;14:1;16:0;19:1;21:1;22:1;23:1;32:1;33:1;34:1;41:0;42:1;43:1;44:1;45:0;48:1;49:1;5:1;9:1,SIM
managed_flood,50,20,9,warm,240.0,60.0,node_hello,continuous,8,16,0.8,0.2672640000000115,3.043596701282393,27.375,154.8718079999993,37.81017600000009,117.06163199999921,0.2441385329471989,0.6434443963652099,0.8,0,572,0.0,642,438,204,20,0,2311,0,0.0,1.0,0,0.0,node_hello,0:1;14:1;18:0;19:0;20:1;22:1;23:1;25:1;26:1;33:1;35:1;38:0;39:1;40:0;41:1;44:1;45:1;46:1;48:1;5:1,SIM
managed_flood,50,20,9,warm,240.0,60.0,node_hello,continuous,9,19,0.95,0.2672639999999973,2.5607802953567163,23.789473684210527,158.61350399999927,37.81017600000009,120.80332799999917,0.2383792996591278,0.7003322259136212,0.95,0,563,0.0,656,452,204,20,0,3010,0,0.0,1.0,0,0.0,node_hello,0:1;1:1;11:1;12:1;14:0;16:1;17:1;24:1;27:1;29:1;30:1;34:1;35:1;37:1;4:1;41:1;44:1;45:1;49:1;5:1,SIM
managed_flood,50,20,9,warm,240.0,60.0,node_hello,continuous,10,16,0.8,0.2672640000000115,1.7661662276779602,26.625,151.66463999999934,37.81017600000009,113.85446399999924,0.24930119505772905,0.6920492721164614,0.8,0,554,0.0,630,426,204,20,0,2679,0,0.0,1.0,0,0.0,node_hello,0:0;12:1;13:1;17:1;23:1;24:1;26:1;27:1;28:0;33:1;35:0;38:1;4:1;42:1;44:1;46:1;47:1;48:1;49:1;7:0,SIM
managed_flood,50,20,9,warm,240.0,60.0,node_hello,continuous,11,16,0.8,0.2672640000000115,1.6259899364481534,23.875,139.90502399999946,37.81017600000009,102.09484799999936,0.2702560274032778,0.6735035579740477,0.8,0,512,0.0,586,382,204,20,0,2389,0,0.0,1.0,0,0.0,node_hello,1:1;19:0;2:0;20:1;22:1;23:0;28:1;30:1;31:1;34:1;38:0;4:1;40:1;41:1;42:1;44:1;45:1;48:1;49:1;8:1,SIM
managed_flood,50,20,9,warm,240.0,60.0,node_hello,continuous,12,19,0.95,0.2672640000000115,4.304667790068495,24.36842105263158,161.55340799999922,37.81017600000009,123.74323199999914,0.23404133944361158,0.6303202269963518,0.95,0,591,0.0,667,463,204,20,74,2467,0,0.0,1.0,0,0.0,node_hello,10:1;12:1;13:1;15:1;17:1;19:1;22:1;24:1;25:1;26:1;31:1;34:0;39:1;4:1;40:1;42:1;45:1;46:1;6:1;7:1,SIM
managed_flood,50,20,9,warm,240.0,60.0,node_hello,continuous,13,15,0.75,0.2672640000000115,1.8777627400243593,24.0,134.02521599999952,37.81017600000009,96.21503999999942,0.28211240487760325,0.5463917525773195,0.75,0,520,0.0,564,360,204,20,0,1552,0,0.0,1.0,0,0.0,node_hello,10:0;18:1;2:0;20:0;22:1;23:1;27:1;28:0;3:1;31:1;34:1;35:1;37:1;42:1;43:1;47:0;48:1;49:1;6:1;8:1,SIM
managed_flood,50,20,9,warm,240.0,60.0,node_hello,continuous,14,17,0.85,0.2672639999999973,1.2734189007413796,25.41176470588235,153.26822399999932,37.81017600000009,115.45804799999922,0.2466928565701933,0.654020618556701,0.85,0,565,0.0,636,432,204,20,0,2425,0,0.0,1.0,0,0.0,node_hello,0:1;10:1;19:1;2:1;23:1;24:0;27:1;28:1;3:1;34:1;4:1;41:1;43:1;44:0;45:1;47:0;49:1;6:1;7:1;8:1,SIM
managed_flood,50,20,9,warm,240.0,60.0,node_hello,continuous,15,14,0.7,0.2672640000000115,1.9906269850454876,23.857142857142858,127.07635199999959,37.81017600000009,89.26617599999949,0.29753904172508994,0.6708922476840565,0.7,0,472,0.0,538,334,204,20,90,2051,0,0.0,1.0,0,0.0,node_hello,1:1;10:1;11:0;13:1;17:1;21:1;22:1;26:0;29:1;3:1;33:0;36:1;38:0;39:1;42:1;43:0;45:1;46:1;48:0;8:1,SIM
managed_flood,50,20,9,warm,240.0,60.0,node_hello,continuous,16,17,0.85,0.2672639999999973,1.203486937325913,24.941176470588236,151.13011199999934,37.81017600000009,113.31993599999925,0.25018294170257915,0.7116374871266735,0.85,0,539,0.0,628,424,204,20,0,2913,0,0.0,1.0,0,0.0,node_hello,1:1;13:1;14:1;17:0;22:1;3:1;30:1;32:1;33:1;34:1;37:0;4:1;40:1;41:1;42:1;44:0;45:1;46:1;49:1;9:1,SIM
managed_flood,50,20,9,warm,240.0,60.0,node_hello,continuous,17,15,0.75,0.2672640000000115,1.9591084417042373,27.533333333333335,148.19020799999936,37.81017600000009,110.38003199999928,0.2551462509587695,0.6789340101522843,0.75,0,542,0.0,617,413,204,20,0,2364,0,0.0,1.0,0,0.0,node_hello,0:1;1:1;13:1;14:1;17:1;19:0;21:1;27:0;29:1;3:0;30:1;33:1;34:1;40:1;43:1;46:0;48:1;49:1;6:1;7:0,SIM
managed_flood,50,20,9,warm,240.0,60.0,node_hello,continuous,18,17,0.85,0.2672639999999973,0.5860604142583941,24.647058823529413,149.79379199999934,37.81017600000009,111.98361599999926,0.25241483972847323,0.7123287671232876,0.85,0,541,0.0,623,419,204,20,0,2920,0,0.0,1.0,0,0.0,node_hello,10:1;14:1;20:1;21:1;23:1;24:1;25:0;29:1;31:1;32:0;33:1;34:1;35:1;36:0;4:1;44:1;45:1;47:1;48:1;5:1,SIM
managed_flood,50,20,9,warm,240.0,60.0,node_hello,continuous,19,15,0.75,0.2672640000000115,2.420777642579761,23.866666666666667,133.49068799999952,37.81017600000009,95.68051199999942,0.2832420490633791,0.7169019458222052,0.75,0,484,0.0,562,358,204,20,0,2621,0,0.0,1.0,0,0.0,node_hello,12:1;15:0;17:1;18:1;2:1;20:1;27:1;28:0;34:0;37:1;39:1;4:0;40:1;41:1;43:1;45:1;47:1;7:0;8:1;9:1,SIM
managed_flood,50,20,9,cold,240.0,60.0,node_hello,continuous,0,17,0.85,0.26726400000000083,1.7444988764558078,27.647058823529413,163.42425599999922,37.81017600000009,125.61407999999912,0.23136208128125282,0.6990326048011466,0.85,0,594,0.0,674,470,204,20,0,2791,0,0.0,1.0,0,0.0,node_hello,0:1;10:1;11:1;16:1;17:1;19:0;21:1;22:1;24:1;26:0;28:1;30:1;32:1;33:1;36:1;38:1;42:1;46:1;7:0;9:1,SIM
managed_flood,50,20,9,cold,240.0,60.0,node_hello,continuous,1,14,0.7,1.184856118062024,4.424409458770952,27.785714285714285,141.77587199999942,37.81017600000009,103.96569599999934,0.2666897792030526,0.6463527239150508,0.7,0,527,0.0,593,389,204,20,0,2166,0,0.0,1.0,0,0.0,node_hello,1:0;10:0;14:0;19:1;20:1;25:0;27:1;28:1;3:1;32:0;33:1;34:1;4:1;40:1;41:1;42:1;43:1;44:1;45:1;48:0,SIM
managed_flood,50,20,9,cold,240.0,60.0,node_hello,continuous,2,15,0.75,0.26726400000000083,5.535422068601985,26.333333333333332,143.3794559999994,37.81017600000009,105.56927999999932,0.26370706832644314,0.6406101048617732,0.75,0,536,0.0,599,395,204,20,0,2098,0,0.0,1.0,0,0.0,node_hello,0:1;14:0;15:1;16:0;17:1;2:0;23:1;27:1;28:1;29:0;32:1;37:1;39:1;4:1;40:1;42:0;46:1;47:1;5:1;6:1,SIM
managed_flood,50,20,9,cold,240.0,60.0,node_hello,continuous,3,15,0.75,0.2672639999999973,1.3815257818185516,24.533333333333335,136.1633279999995,37.81017600000009,98.3531519999994,0.2776825196281941,0.6231501057082452,0.75,0,515,0.0,572,368,204,20,0,1892,0,0.0,1.0,0,0.0,node_hello,10:1;11:1;12:1;13:1;14:1;17:1;2:1;20:0;21:1;25:1;28:1;33:1;36:0;40:1;41:1;45:0;48:1;49:0;5:1;7:0,SIM
managed_flood,50,20,9,cold,240.0,60.0,node_hello,continuous,4,15,0.75,0.2672639999999973,1.0410218949923435,25.6,140.43955199999945,37.81017600000009,102.62937599999935,0.26922740397235273,0.690717299578059,0.75,0,514,0.0,588,384,204,20,0,2370,0,0.0,1.0,0,0.0,node_hello,10:1;12:1;13:1;17:1;18:1;2:1;21:1;25:0;26:1;29:0;3:0;31:1;33:1;39:0;4:1;41:1;42:1;43:0;44:1;8:1,SIM
managed_flood,50,20,9,cold,240.0,60.0,node_hello,continuous,5,16,0.8,0.9243805105297653,4.379264956471447,24.0,140.43955199999945,37.81017600000009,102.62937599999935,0.26922740397235273,0.6485125858123569,0.8,0,515,0.0,588,384,204,20,0,2185,0,0.0,1.0,0,0.0,node_hello,0:1;11:0;16:1;17:1;18:1;20:1;21:1;22:1;29:1;30:1;32:0;33:1;35:0;37:1;41:0;44:1;45:1;46:1;49:1;8:1,SIM
managed_flood,50,20,9,cold,240.0,60.0,node_hello,continuous,6,17,0.85,0.26726399999999995,1.1760924566384934,23.705882352941178,145.5175679999994,37.81017600000009,107.7073919999993,0.2598323798264705,0.6833903458760927,0.85,0,528,0.0,607,403,204,20,0,2631,0,0.0,1.0,0,0.0,node_hello,1:1;10:1;12:0;16:1;24:1;28:1;29:1;30:0;31:1;35:1;37:1;39:1;4:1;40:1;42:1;44:1;45:0;46:1;5:1;8:1,SIM
managed_flood,50,20,9,cold,240.0,60.0,node_hello,continuous,7,17,0.85,0.26726399999999995,2.65047802508139,25.941176470588236,155.67359999999928,37.81017600000009,117.8634239999992,0.2428811050814028,0.6835395575553056,0.85,0,563,0.0,645,441,204,20,0,2667,0,0.0,1.0,0,0.0,node_hello,1:1;10:1;14:1;16:0;19:1;21:1;22:1;23:1;32:1;33:1;34:1;41:0;42:1;43:1;44:1;45:0;48:1;49:1;5:1;9:1,SIM
managed_flood,50,20,9,cold,240.0,60.0,node_hello,continuous,8,16,0.8,0.26726399999999906,3.043596701282398,27.375,154.8718079999993,37.81017600000009,117.06163199999921,0.2441385329471989,0.6434443963652099,0.8,0,572,0.0,642,438,204,20,0,2311,0,0.0,1.0,0,0.0,node_hello,0:1;14:1;18:0;19:0;20:1;22:1;23:1;25:1;26:1;33:1;35:1;38:0;39:1;40:0;41:1;44:1;45:1;46:1;48:1;5:1,SIM
managed_flood,50,20,9,cold,240.0,60.0,node_hello,continuous,9,19,0.95,0.26726399999999995,2.5607802953567136,23.789473684210527,158.61350399999927,37.81017600000009,120.80332799999917,0.2383792996591278,0.7003322259136212,0.95,0,563,0.0,656,452,204,20,0,3010,0,0.0,1.0,0,0.0,node_hello,0:1;1:1;11:1;12:1;14:0;16:1;17:1;24:1;27:1;29:1;30:1;34:1;35:1;37:1;4:1;41:1;44:1;45:1;49:1;5:1,SIM
managed_flood,50,20,9,cold,240.0,60.0,node_hello,continuous,10,16,0.8,0.2672639999999973,1.7661662276779664,26.625,151.66463999999934,37.81017600000009,113.85446399999924,0.24930119505772905,0.6920492721164614,0.8,0,554,0.0,630,426,204,20,0,2679,0,0.0,1.0,0,0.0,node_hello,0:0;12:1;13:1;17:1;23:1;24:1;26:1;27:1;28:0;33:1;35:0;38:1;4:1;42:1;44:1;46:1;47:1;48:1;49:1;7:0,SIM
managed_flood,50,20,9,cold,240.0,60.0,node_hello,continuous,11,16,0.8,0.2672639999999973,1.6259899364481587,23.875,139.90502399999946,37.81017600000009,102.09484799999936,0.2702560274032778,0.6735035579740477,0.8,0,512,0.0,586,382,204,20,0,2389,0,0.0,1.0,0,0.0,node_hello,1:1;19:0;2:0;20:1;22:1;23:0;28:1;30:1;31:1;34:1;38:0;4:1;40:1;41:1;42:1;44:1;45:1;48:1;49:1;8:1,SIM
managed_flood,50,20,9,cold,240.0,60.0,node_hello,continuous,12,16,0.8,0.26726400000000083,4.516322904420094,26.125,149.52652799999936,37.81017600000009,111.71635199999926,0.2528660064921741,0.6693354683746997,0.8,0,543,0.0,622,418,204,20,105,2498,0,0.0,1.0,0,0.0,node_hello,10:0;12:1;13:1;15:1;17:1;19:1;22:1;24:0;25:1;26:1;31:0;34:1;39:1;4:1;40:1;42:1;45:0;46:1;6:1;7:1,SIM
managed_flood,50,20,9,cold,240.0,60.0,node_hello,continuous,13,15,0.75,0.2672639999999973,1.8777627400243315,24.0,134.02521599999952,37.81017600000009,96.21503999999942,0.28211240487760325,0.5463917525773195,0.75,0,520,0.0,564,360,204,20,0,1552,0,0.0,1.0,0,0.0,node_hello,10:0;18:1;2:0;20:0;22:1;23:1;27:1;28:0;3:1;31:1;34:1;35:1;37:1;42:1;43:1;47:0;48:1;49:1;6:1;8:1,SIM
managed_flood,50,20,9,cold,240.0,60.0,node_hello,continuous,14,17,0.85,0.2672639999999973,1.2734189007413783,25.41176470588235,153.26822399999932,37.81017600000009,115.45804799999922,0.2466928565701933,0.654020618556701,0.85,0,565,0.0,636,432,204,20,0,2425,0,0.0,1.0,0,0.0,node_hello,0:1;10:1;19:1;2:1;23:1;24:0;27:1;28:1;3:1;34:1;4:1;41:1;43:1;44:0;45:1;47:0;49:1;6:1;7:1;8:1,SIM
managed_flood,50,20,9,cold,240.0,60.0,node_hello,continuous,15,13,0.65,0.5443768737078614,4.131604194520179,23.846153846153847,120.66201599999965,37.81017600000009,82.85183999999956,0.3133560771933414,0.6816386969397829,0.65,0,448,0.0,514,310,204,20,106,2026,0,0.0,1.0,0,0.0,node_hello,1:1;10:1;11:1;13:1;17:1;21:1;22:1;26:0;29:1;3:0;33:0;36:0;38:1;39:0;42:1;43:1;45:1;46:0;48:0;8:1,SIM
managed_flood,50,20,9,cold,240.0,60.0,node_hello,continuous,16,17,0.85,0.26726399999999995,1.2034869373258703,24.941176470588236,151.13011199999934,37.81017600000009,113.31993599999925,0.25018294170257915,0.7116374871266735,0.85,0,539,0.0,628,424,204,20,0,2913,0,0.0,1.0,0,0.0,node_hello,1:1;13:1;14:1;17:0;22:1;3:1;30:1;32:1;33:1;34:1;37:0;4:1;40:1;41:1;42:1;44:0;45:1;46:1;49:1;9:1,SIM
managed_flood,50,20,9,cold,240.0,60.0,node_hello,continuous,17,15,0.75,0.26726399999999995,1.9591084417042286,27.533333333333335,148.19020799999936,37.81017600000009,110.38003199999928,0.2551462509587695,0.6789340101522843,0.75,0,542,0.0,617,413,204,20,0,2364,0,0.0,1.0,0,0.0,node_hello,0:1;1:1;13:1;14:1;17:1;19:0;21:1;27:0;29:1;3:0;30:1;33:1;34:1;40:1;43:1;46:0;48:1;49:1;6:1;7:0,SIM
managed_flood,50,20,9,cold,240.0,60.0,node_hello,continuous,18,17,0.85,0.2672639999999973,0.5860604142583798,24.647058823529413,149.79379199999934,37.81017600000009,111.98361599999926,0.25241483972847323,0.7123287671232876,0.85,0,541,0.0,623,419,204,20,0,2920,0,0.0,1.0,0,0.0,node_hello,10:1;14:1;20:1;21:1;23:1;24:1;25:0;29:1;31:1;32:0;33:1;34:1;35:1;36:0;4:1;44:1;45:1;47:1;48:1;5:1,SIM
managed_flood,50,20,9,cold,240.0,60.0,node_hello,continuous,19,15,0.75,0.26726400000000083,2.420777642579754,23.866666666666667,133.49068799999952,37.81017600000009,95.68051199999942,0.2832420490633791,0.7169019458222052,0.75,0,484,0.0,562,358,204,20,0,2621,0,0.0,1.0,0,0.0,node_hello,12:1;15:0;17:1;18:1;2:1;20:1;27:1;28:0;34:0;37:1;39:1;4:0;40:1;41:1;43:1;45:1;47:1;7:0;8:1;9:1,SIM
managed_flood,100,5,7,warm,240.0,60.0,node_hello,continuous,0,5,1.0,0.0770559999999989,0.17681590079855025,49.2,39.744000000000156,20.788224000000145,18.95577600000001,0.52305314009662,0.8651927743327043,1.0,0,578,0.0,650,246,404,5,0,3709,0,0.0,1.0,0,0.0,node_hello,10:1;11:1;25:1;8:1;81:1,SIM
managed_flood,100,5,7,warm,240.0,60.0,node_hello,continuous,1,5,1.0,0.0770559999999989,0.555618528191836,48.0,39.28166400000016,20.788224000000145,18.493440000000017,0.5292093532493954,0.8587969500141203,1.0,0,571,0.0,644,240,404,5,234,3541,0,0.0,1.0,0,0.0,node_hello,11:1;57:1;73:1;83:1;96:1,SIM
managed_flood,100,5,7,warm,240.0,60.0,node_hello,continuous,2,4,0.8,0.0770559999999989,0.16953213185947572,52.75,36.94412800000019,20.685312000000142,16.25881600000005,0.5599079777982588,0.8351195383347073,0.8,0,564,0.0,613,211,402,5,0,2426,0,0.0,1.0,0,0.0,node_hello,42:0;70:1;84:1;91:1;95:1,SIM
managed_flood,100,5,7,warm,240.0,60.0,node_hello,continuous,3,5,1.0,0.0770559999999989,0.0770559999999989,48.8,39.58988800000016,20.788224000000145,18.801664000000013,0.5250892349076628,0.8835472578763127,1.0,0,566,0.0,648,244,404,5,0,4285,0,0.0,1.0,0,0.0,node_hello,11:1;49:1;5:1;67:1;99:1,SIM
managed_flood,100,5,7,warm,240.0,60.0,node_hello,continuous,4,5,1.0,0.6101282364703593,3.35755054228081,47.6,39.127552000000165,20.788224000000145,18.33932800000002,0.5312937543345431,0.8402822322001283,1.0,0,570,0.0,642,238,404,5,210,3118,0,0.0,1.0,0,0.0,node_hello,30:1;38:1;51:1;76:1;88:1,SIM
managed_flood,100,5,7,warm,240.0,60.0,node_hello,continuous,5,4,0.8,0.0770559999999989,0.5136869579110451,55.0,37.740544000000185,20.788224000000145,16.95232000000004,0.5508194052528772,0.8534704370179949,0.8,0,569,0.0,624,220,404,5,0,2723,0,0.0,1.0,0,0.0,node_hello,13:1;24:0;58:1;69:1;87:1,SIM
managed_flood,100,5,7,warm,240.0,60.0,node_hello,continuous,6,5,1.0,0.0770559999999989,0.38798233169732727,48.8,39.58988800000016,20.788224000000145,18.801664000000013,0.5250892349076628,0.8409961685823755,1.0,0,578,0.0,648,244,404,5,191,3132,0,0.41,1.0,0,0.0,node_hello,11:1;33:1;75:1;78:1;86:1,SIM
managed_flood,100,5,7,warm,240.0,60.0,node_hello,continuous,7,4,0.8,0.1591730753241123,0.8607023257162081,45.0,34.65830400000018,20.788224000000145,13.870080000000035,0.5998049991136334,0.8477508650519031,0.8,0,522,0.0,584,180,404,5,419,2601,0,0.0,1.0,0,0.0,node_hello,12:1;17:0;28:1;59:1;95:1,SIM
managed_flood,100,5,7,warm,240.0,60.0,node_hello,continuous,8,5,1.0,0.41391191421359963,1.2039143453854066,51.2,40.514560000000145,20.788224000000145,19.726336,0.513105017060535,0.8529672276350753,1.0,0,591,0.0,660,256,404,5,0,3387,0,0.0,1.0,0,0.0,node_hello,27:1;37:1;65:1;67:1;72:1,SIM
managed_flood,100,5,7,warm,240.0,60.0,node_hello,continuous,9,5,1.0,0.0770559999999989,0.44288989365213915,49.8,39.97516800000015,20.788224000000145,19.186944000000008,0.5200284336516126,0.841838351822504,1.0,0,585,0.0,653,249,404,5,209,3155,0,0.0,1.0,0,0.0,node_hello,11:1;19:1;20:1;42:1;5:1,SIM
managed_flood,100,5,7,warm,240.0,60.0,node_hello,continuous,10,5,1.0,0.0770559999999989,0.5800712361485793,53.6,41.43923200000013,20.788224000000145,20.651007999999987,0.5016556291390748,0.8628744160483649,1.0,0,601,0.0,672,268,404,5,0,3639,0,0.0,1.0,0,0.0,node_hello,12:1;44:1;66:1;79:1;83:1,SIM
managed_flood,100,5,7,warm,240.0,60.0,node_hello,continuous,11,4,0.8,0.0770559999999989,1.0218383005093448,50.25,36.27648000000019,20.788224000000145,15.48825600000005,0.5730496453900719,0.8609179415855355,0.8,0,545,0.0,605,201,404,5,0,2876,0,0.0,1.0,0,0.0,node_hello,2:1;33:1;41:1;68:0;91:1,SIM
managed_flood,100,5,7,warm,240.0,60.0,node_hello,continuous,12,5,1.0,0.0770559999999989,0.0770559999999989,48.8,39.58988800000016,20.788224000000145,18.801664000000013,0.5250892349076628,0.8647841433613902,1.0,0,576,0.0,648,244,404,5,0,3683,0,0.0,1.0,0,0.0,node_hello,1:1;10:1;3:1;31:1;7:1,SIM
managed_flood,100,5,7,warm,240.0,60.0,node_hello,continuous,13,4,0.8,0.14693802739042638,1.2543239942857614,55.25,32.77491200000002,15.745535999999985,17.02937600000004,0.48041428761120625,0.8576512455516014,0.8,0,470,0.0,527,221,306,5,50,2810,0,0.0,1.0,0,0.0,node_hello,15:0;26:1;41:1;86:1;87:1,SIM
managed_flood,100,5,7,warm,240.0,60.0,node_hello,continuous,14,5,1.0,0.39863381823829513,0.9030418923630292,51.2,40.514560000000145,20.788224000000145,19.726336,0.513105017060535,0.8749687421855464,1.0,0,579,0.0,660,256,404,5,0,3999,0,0.0,1.0,0,0.0,node_hello,24:1;48:1;68:1;75:1;96:1,SIM
managed_flood,100,5,7,warm,240.0,60.0,node_hello,continuous,15,5,1.0,0.0770559999999989,0.7598374786338751,47.0,38.89638400000017,20.788224000000145,18.108160000000023,0.5344513258610377,0.8592738530819026,1.0,0,567,0.0,639,235,404,5,0,3553,0,0.0,1.0,0,0.0,node_hello,1:1;48:1;60:1;80:1;96:1,SIM
managed_flood,100,5,7,warm,240.0,60.0,node_hello,continuous,16,5,1.0,0.0770559999999989,0.6184390496217759,50.2,40.12928000000015,20.788224000000145,19.341056000000005,0.5180313227648258,0.8727087576374746,1.0,0,577,0.0,655,251,404,5,0,3928,0,0.0,1.0,0,0.0,node_hello,25:1;5:1;67:1;68:1;93:1,SIM
managed_flood,100,5,7,warm,240.0,60.0,node_hello,continuous,17,5,1.0,0.7169397871821204,0.7987597635166906,53.2,41.285120000000134,20.788224000000145,20.49689599999999,0.5035282445588163,0.8080185042405551,1.0,0,615,0.0,670,266,404,5,240,2594,0,0.0,1.0,0,0.0,node_hello,29:1;48:1;51:1;62:1;87:1,SIM
managed_flood,100,5,7,warm,240.0,60.0,node_hello,continuous,18,5,1.0,0.5663470534563118,0.9288165170573222,50.6,40.28339200000015,20.788224000000145,19.495168000000003,0.516049492555147,0.8389175257731959,1.0,0,593,0.0,657,253,404,5,0,3104,0,0.0,1.0,0,0.0,node_hello,29:1;49:1;87:1;89:1;96:1,SIM
managed_flood,100,5,7,warm,240.0,60.0,node_hello,continuous,19,5,1.0,0.6436441781604287,0.8918517908904959,47.2,38.97344000000017,20.788224000000145,18.185216000000022,0.5333946400420403,0.8447630922693267,1.0,0,580,0.0,640,236,404,5,0,3208,0,0.0,1.0,0,0.0,node_hello,49:1;57:1;73:1;96:1;99:1,SIM
managed_flood,100,5,7,cold,240.0,60.0,node_hello,continuous,0,5,1.0,0.07705599999999979,0.17681590079855047,49.2,39.744000000000156,20.788224000000145,18.95577600000001,0.52305314009662,0.8651927743327043,1.0,0,578,0.0,650,246,404,5,0,3709,0,0.0,1.0,0,0.0,node_hello,10:1;11:1;25:1;8:1;81:1,SIM
managed_flood,100,5,7,cold,240.0,60.0,node_hello,continuous,1,5,1.0,0.07705600000000068,0.5945002187498417,48.2,39.35872000000016,20.788224000000145,18.570496000000016,0.5281732739276089,0.8558220167581624,1.0,0,569,0.0,645,241,404,5,226,3461,0,0.0,1.0,0,0.0,node_hello,11:1;57:1;73:1;83:1;96:1,SIM
managed_flood,100,5,7,cold,240.0,60.0,node_hello,continuous,2,5,1.0,0.07705599999999979,0.07705600000000054,51.2,40.41164800000014,20.685312000000142,19.726336,0.511865093945193,0.8681434599156118,1.0,0,582,0.0,658,256,402,5,0,3792,0,0.0,1.0,0,0.0,node_hello,42:1;70:1;84:1;91:1;95:1,SIM
managed_flood,100,5,7,cold,240.0,60.0,node_hello,continuous,3,5,1.0,0.07705599999999979,0.07705600000000054,48.8,39.58988800000016,20.788224000000145,18.801664000000013,0.5250892349076628,0.8835472578763127,1.0,0,566,0.0,648,244,404,5,0,4285,0,0.0,1.0,0,0.0,node_hello,11:1;49:1;5:1;67:1;99:1,SIM
managed_flood,100,5,7,cold,240.0,60.0,node_hello,continuous,4,5,1.0,0.2197385233789948,1.2892686731933969,48.4,39.43577600000016,20.788224000000145,18.647552000000015,0.527141243524663,0.8613422074320577,1.0,0,564,0.0,646,242,404,5,192,3606,0,0.0,1.0,0,0.0,node_hello,30:1;38:1;51:1;76:1;88:1,SIM
managed_flood,100,5,7,cold,240.0,60.0,node_hello,continuous,5,4,0.8,0.07705599999999946,0.5136869579110513,55.0,37.740544000000185,20.788224000000145,16.95232000000004,0.5508194052528772,0.8534704370179949,0.8,0,569,0.0,624,220,404,5,0,2723,0,0.0,1.0,0,0.0,node_hello,13:1;24:0;58:1;69:1;87:1,SIM
managed_flood,100,5,7,cold,240.0,60.0,node_hello,continuous,6,5,1.0,0.07705600000000068,1.248396692837209,48.2,39.35872000000016,20.788224000000145,18.570496000000016,0.5281732739276089,0.8520272269902338,1.0,0,571,0.0,645,241,404,5,193,3379,0,0.0,1.0,0,0.0,node_hello,11:1;33:1;75:1;78:1;86:1,SIM
managed_flood,100,5,7,cold,240.0,60.0,node_hello,continuous,7,5,1.0,0.31591942992944677,1.628466869868597,46.6,38.74227200000017,20.788224000000145,17.954048000000025,0.5365773075982755,0.8754980079681275,1.0,0,545,0.0,637,233,404,5,411,4016,0,0.0,1.0,0,0.0,node_hello,12:1;17:1;28:1;59:1;95:1,SIM
managed_flood,100,5,7,cold,240.0,60.0,node_hello,continuous,8,5,1.0,0.4139119142135961,1.2039143453854102,51.2,40.514560000000145,20.788224000000145,19.726336,0.513105017060535,0.8529672276350753,1.0,0,591,0.0,660,256,404,5,0,3387,0,0.0,1.0,0,0.0,node_hello,27:1;37:1;65:1;67:1;72:1,SIM
managed_flood,100,5,7,cold,240.0,60.0,node_hello,continuous,9,5,1.0,0.07705599999999979,0.07705600000000054,50.2,40.12928000000015,20.788224000000145,19.341056000000005,0.5180313227648258,0.84399375975039,1.0,0,587,0.0,655,251,404,5,162,3205,0,0.0,1.0,0,0.0,node_hello,11:1;19:1;20:1;42:1;5:1,SIM
managed_flood,100,5,7,cold,240.0,60.0,node_hello,continuous,10,5,1.0,0.07705600000000068,0.5800712361485802,53.6,41.43923200000013,20.788224000000145,20.651007999999987,0.5016556291390748,0.8628744160483649,1.0,0,601,0.0,672,268,404,5,0,3639,0,0.0,1.0,0,0.0,node_hello,12:1;44:1;66:1;79:1;83:1,SIM
managed_flood,100,5,7,cold,240.0,60.0,node_hello,continuous,11,4,0.8,0.07705600000000035,1.0218383005093488,50.25,36.27648000000019,20.788224000000145,15.48825600000005,0.5730496453900719,0.8609179415855355,0.8,0,545,0.0,605,201,404,5,0,2876,0,0.0,1.0,0,0.0,node_hello,2:1;33:1;41:1;68:0;91:1,SIM
managed_flood,100,5,7,cold,240.0,60.0,node_hello,continuous,12,5,1.0,0.07705599999999979,0.07705600000000054,48.8,39.58988800000016,20.788224000000145,18.801664000000013,0.5250892349076628,0.8647841433613902,1.0,0,576,0.0,648,244,404,5,0,3683,0,0.0,1.0,0,0.0,node_hello,1:1;10:1;3:1;31:1;7:1,SIM
managed_flood,100,5,7,cold,240.0,60.0,node_hello,continuous,13,4,0.8,0.0770559999999999,0.2908700228447107,55.5,32.85196800000002,15.745535999999985,17.106432000000037,0.47928745090704994,0.8752728406610539,0.8,0,462,0.0,528,222,306,5,60,3207,0,0.0,1.0,0,0.0,node_hello,15:1;26:1;41:0;86:1;87:1,SIM
managed_flood,100,5,7,cold,240.0,60.0,node_hello,continuous,14,5,1.0,0.39863381823829336,0.9030418923630321,51.2,40.514560000000145,20.788224000000145,19.726336,0.513105017060535,0.8749687421855464,1.0,0,579,0.0,660,256,404,5,0,3999,0,0.0,1.0,0,0.0,node_hello,24:1;48:1;68:1;75:1;96:1,SIM
managed_flood,100,5,7,cold,240.0,60.0,node_hello,continuous,15,5,1.0,0.07705599999999979,0.7598374786338853,47.0,38.89638400000017,20.788224000000145,18.108160000000023,0.5344513258610377,0.8592738530819026,1.0,0,567,0.0,639,235,404,5,0,3553,0,0.0,1.0,0,0.0,node_hello,1:1;48:1;60:1;80:1;96:1,SIM
managed_flood,100,5,7,cold,240.0,60.0,node_hello,continuous,16,5,1.0,0.07705600000000068,0.6184390496217802,50.2,40.12928000000015,20.788224000000145,19.341056000000005,0.5180313227648258,0.8727087576374746,1.0,0,577,0.0,655,251,404,5,0,3928,0,0.0,1.0,0,0.0,node_hello,25:1;5:1;67:1;68:1;93:1,SIM
managed_flood,100,5,7,cold,240.0,60.0,node_hello,continuous,17,5,1.0,0.32091640579864134,0.9318056799019361,53.4,41.36217600000013,20.788224000000145,20.573951999999988,0.5025901925469317,0.8706248379569613,1.0,0,593,0.0,671,267,404,5,234,3857,0,0.0,1.0,0,0.0,node_hello,29:1;48:1;51:1;62:1;87:1,SIM
managed_flood,100,5,7,cold,240.0,60.0,node_hello,continuous,18,5,1.0,0.5663470534563082,0.9288165170573257,50.6,40.28339200000015,20.788224000000145,19.495168000000003,0.516049492555147,0.8389175257731959,1.0,0,593,0.0,657,253,404,5,0,3104,0,0.0,1.0,0,0.0,node_hello,29:1;49:1;87:1;89:1;96:1,SIM
managed_flood,100,5,7,cold,240.0,60.0,node_hello,continuous,19,5,1.0,0.6436441781604287,0.8918517908905024,47.2,38.97344000000017,20.788224000000145,18.185216000000022,0.5333946400420403,0.8447630922693267,1.0,0,580,0.0,640,236,404,5,0,3208,0,0.0,1.0,0,0.0,node_hello,49:1;57:1;73:1;96:1;99:1,SIM
managed_flood,100,5,9,warm,240.0,60.0,node_hello,continuous,0,2,0.4,0.2672639999999973,0.2672639999999973,71.5,113.09772800000022,74.87897600000021,38.21875200000001,0.662073211585648,0.7245283018867924,0.4,0,530,0.0,547,143,404,5,0,1060,0,0.0,1.0,0,0.0,node_hello,10:0;11:1;25:0;8:0;81:1,SIM
managed_flood,100,5,9,warm,240.0,60.0,node_hello,continuous,1,3,0.6,0.2672639999999973,0.2672639999999973,62.333333333333336,124.8573440000001,74.87897600000021,49.97836799999989,0.5997162329514245,0.6731583403895004,0.6,0,573,0.0,591,187,404,5,0,1181,0,0.0,1.0,0,0.0,node_hello,11:1;57:0;73:0;83:1;96:1,SIM
managed_flood,100,5,9,warm,240.0,60.0,node_hello,continuous,2,4,0.8,0.2672639999999973,0.2672639999999973,51.25,129.29740800000005,74.5082880000002,54.78911999999984,0.5762550785240813,0.6113936927772126,0.8,0,592,0.0,607,205,402,5,0,983,0,0.0,1.0,0,0.0,node_hello,42:0;70:1;84:1;91:1;95:1,SIM
managed_flood,100,5,9,warm,240.0,60.0,node_hello,continuous,3,3,0.6,0.2672639999999973,0.2672639999999973,49.0,114.1667840000002,74.87897600000021,39.287808,0.6558735682700852,0.6060606060606061,0.6,0,541,0.0,551,147,404,5,0,660,0,0.0,1.0,0,0.0,node_hello,11:1;49:0;5:1;67:1;99:0,SIM
managed_flood,100,5,9,warm,240.0,60.0,node_hello,continuous,4,4,0.8,1.053226171822807,3.4177310732072,39.75,117.37395200000017,74.87897600000021,42.494975999999966,0.637952243441544,0.5355648535564853,0.8,0,551,0.0,563,159,404,5,0,717,0,0.0,1.0,0,0.0,node_hello,30:1;38:0;51:1;76:1;88:1,SIM
managed_flood,100,5,9,warm,240.0,60.0,node_hello,continuous,5,4,0.8,0.2672639999999973,1.7480109927493452,52.25,130.73715200000004,74.87897600000021,55.85817599999983,0.572744433043793,0.49732620320855614,0.8,0,602,0.0,613,209,404,5,0,748,0,0.0,1.0,0,0.0,node_hello,13:1;24:1;58:1;69:0;87:1,SIM
managed_flood,100,5,9,warm,240.0,60.0,node_hello,continuous,6,4,0.8,0.2672639999999973,0.630495228985893,49.25,127.52998400000007,74.87897600000021,52.65100799999986,0.5871480074834806,0.706646294881589,0.8,0,577,0.0,601,197,404,5,244,1309,0,0.57,1.0,0,0.0,node_hello,11:1;33:1;75:1;78:0;86:1,SIM
managed_flood,100,5,9,warm,240.0,60.0,node_hello,continuous,7,3,0.6,0.2672639999999973,1.3355881939313845,56.0,119.77932800000015,74.87897600000021,44.90035199999994,0.6251410593988315,0.3587360594795539,0.6,0,564,0.0,572,168,404,5,0,538,0,0.0,1.0,0,0.0,node_hello,12:0;17:1;28:1;59:1;95:0,SIM
managed_flood,100,5,9,warm,240.0,60.0,node_hello,continuous,8,4,0.8,0.2672639999999973,0.5642658266549787,50.0,128.33177600000005,74.87897600000021,53.452799999999854,0.5834796208228287,0.5856052344601963,0.8,0,590,0.0,604,200,404,5,0,917,0,0.0,1.0,0,0.0,node_hello,27:1;37:0;65:1;67:1;72:1,SIM
managed_flood,100,5,9,warm,240.0,60.0,node_hello,continuous,9,4,0.8,0.804230899236515,4.006336970475182,48.75,126.99545600000008,74.87897600000021,52.11647999999987,0.589619332521631,0.659400544959128,0.8,0,582,0.0,599,195,404,5,0,1101,0,0.0,1.0,0,0.0,node_hello,11:1;19:0;20:1;42:1;5:1,SIM
managed_flood,100,5,9,warm,240.0,60.0,node_hello,continuous,10,4,0.8,0.2672639999999973,0.5027819036831664,51.25,129.66809600000005,74.87897600000021,54.78911999999984,0.5774664571306745,0.4489795918367347,0.8,0,599,0.0,609,205,404,5,0,686,0,0.0,1.0,0,0.0,node_hello,12:0;44:1;66:1;79:1;83:1,SIM
managed_flood,100,5,9,warm,240.0,60.0,node_hello,continuous,11,4,0.8,0.46531150743896177,5.123912890689016,45.0,122.98649600000012,74.87897600000021,48.10751999999991,0.6088390061946324,0.6725043782837128,0.8,0,566,0.0,584,180,404,5,0,1142,0,0.0,1.0,0,0.0,node_hello,2:1;33:1;41:0;68:1;91:1,SIM
managed_flood,100,5,9,warm,240.0,60.0,node_hello,continuous,12,4,0.8,0.2672639999999973,3.8493104204035338,45.5,123.52102400000011,74.87897600000021,48.6420479999999,0.6062043008969885,0.5262483994878361,0.8,0,575,0.0,586,182,404,5,0,781,0,0.0,1.0,0,0.0,node_hello,1:1;10:1;3:0;31:1;7:1,SIM
managed_flood,100,5,9,warm,240.0,60.0,node_hello,continuous,13,3,0.6,0.5972360547808506,3.251844898443823,53.0,99.21024000000011,56.715264000000154,42.494975999999966,0.5716674407803074,0.6780258519388954,0.6,0,452,0.0,465,159,306,5,70,851,0,0.0,1.0,0,0.0,node_hello,15:0;26:1;41:1;86:1;87:0,SIM
managed_flood,100,5,9,warm,240.0,60.0,node_hello,continuous,14,4,0.8,0.2672639999999973,0.6064803751226783,53.75,132.34073600000002,74.87897600000021,57.46175999999981,0.5658044398362738,0.5714285714285714,0.8,0,605,0.0,619,215,404,5,0,980,0,0.0,1.0,0,0.0,node_hello,24:0;48:1;68:1;75:1;96:1,SIM
managed_flood,100,5,9,warm,240.0,60.0,node_hello,continuous,15,3,0.6,0.2672639999999973,3.8317823117823493,44.333333333333336,110.42508800000024,74.87897600000021,35.546112000000036,0.6780974990031254,0.6866952789699571,0.6,0,523,0.0,537,133,404,5,0,932,0,0.0,1.0,0,0.0,node_hello,1:1;48:1;60:0;80:1;96:0,SIM
managed_flood,100,5,9,warm,240.0,60.0,node_hello,continuous,16,3,0.6,0.2672639999999973,0.2672639999999973,67.0,128.59904000000006,74.87897600000021,53.72006399999985,0.5822669904845338,0.5815991237677984,0.6,0,591,0.0,605,201,404,5,0,913,0,0.0,1.0,0,0.0,node_hello,25:0;5:1;67:1;68:1;93:0,SIM
managed_flood,100,5,9,warm,240.0,60.0,node_hello,continuous,17,2,0.4,0.2672639999999973,0.2672639999999973,72.5,113.63225600000021,74.87897600000021,38.753280000000004,0.6589588083158365,0.6363636363636364,0.4,0,538,0.0,549,145,404,5,0,737,0,0.0,1.0,0,0.0,node_hello,29:1;48:0;51:1;62:0;87:0,SIM
managed_flood,100,5,9,warm,240.0,60.0,node_hello,continuous,18,4,0.8,0.8808322507996991,1.9625705756593155,47.75,125.92640000000009,74.87897600000021,51.04742399999988,0.5946249237649941,0.5598548972188634,0.8,0,581,0.0,595,191,404,5,0,827,0,0.0,1.0,0,0.0,node_hello,29:1;49:1;87:0;89:1;96:1,SIM
managed_flood,100,5,9,warm,240.0,60.0,node_hello,continuous,19,4,0.8,0.2672639999999973,2.326023540459406,38.5,116.03763200000019,74.87897600000021,41.15865599999998,0.6452990698741602,0.5130168453292496,0.8,0,548,0.0,558,154,404,5,0,653,0,0.0,1.0,0,0.0,node_hello,49:1;57:1;73:1;96:1;99:0,SIM
managed_flood,100,5,9,cold,240.0,60.0,node_hello,continuous,0,2,0.4,0.26726400000000083,0.26726400000000083,71.5,113.09772800000022,74.87897600000021,38.21875200000001,0.662073211585648,0.7245283018867924,0.4,0,530,0.0,547,143,404,5,0,1060,0,0.0,1.0,0,0.0,node_hello,10:0;11:1;25:0;8:0;81:1,SIM
managed_flood,100,5,9,cold,240.0,60.0,node_hello,continuous,1,3,0.6,0.26726400000000083,0.26726400000000083,62.333333333333336,124.8573440000001,74.87897600000021,49.97836799999989,0.5997162329514245,0.6731583403895004,0.6,0,573,0.0,591,187,404,5,0,1181,0,0.0,1.0,0,0.0,node_hello,11:1;57:0;73:0;83:1;96:1,SIM
managed_flood,100,5,9,cold,240.0,60.0,node_hello,continuous,2,4,0.8,0.26726400000000083,2.5278299194055984,47.75,125.55571200000009,74.5082880000002,51.04742399999988,0.5934281030559578,0.5831408775981525,0.8,0,580,0.0,593,191,402,5,0,866,0,0.0,1.0,0,0.0,node_hello,42:1;70:0;84:1;91:1;95:1,SIM
managed_flood,100,5,9,cold,240.0,60.0,node_hello,continuous,3,3,0.6,0.267264,0.2672640000000008,49.0,114.1667840000002,74.87897600000021,39.287808,0.6558735682700852,0.6060606060606061,0.6,0,541,0.0,551,147,404,5,0,660,0,0.0,1.0,0,0.0,node_hello,11:1;49:0;5:1;67:1;99:0,SIM
managed_flood,100,5,9,cold,240.0,60.0,node_hello,continuous,4,4,0.8,1.0532261718228106,3.4177310732072077,39.75,117.37395200000017,74.87897600000021,42.494975999999966,0.637952243441544,0.5355648535564853,0.8,0,551,0.0,563,159,404,5,0,717,0,0.0,1.0,0,0.0,node_hello,30:1;38:0;51:1;76:1;88:1,SIM
managed_flood,100,5,9,cold,240.0,60.0,node_hello,continuous,5,4,0.8,0.2672640000000004,1.7480109927493457,52.25,130.73715200000004,74.87897600000021,55.85817599999983,0.572744433043793,0.49732620320855614,0.8,0,602,0.0,613,209,404,5,0,748,0,0.0,1.0,0,0.0,node_hello,13:1;24:1;58:1;69:0;87:1,SIM
managed_flood,100,5,9,cold,240.0,60.0,node_hello,continuous,6,3,0.6,0.5406617668035244,4.622295376937085,54.333333333333336,118.44300800000016,74.87897600000021,43.564031999999955,0.6321941435327284,0.48942598187311176,0.6,0,553,0.0,567,163,404,5,252,662,0,0.0,1.0,0,0.0,node_hello,11:1;33:0;75:1;78:1;86:0,SIM
managed_flood,100,5,9,cold,240.0,60.0,node_hello,continuous,7,3,0.6,0.26726400000000083,1.335588193931392,56.0,119.77932800000015,74.87897600000021,44.90035199999994,0.6251410593988315,0.3587360594795539,0.6,0,564,0.0,572,168,404,5,0,538,0,0.0,1.0,0,0.0,node_hello,12:0;17:1;28:1;59:1;95:0,SIM
managed_flood,100,5,9,cold,240.0,60.0,node_hello,continuous,8,4,0.8,0.26726400000000083,0.5642658266549851,50.0,128.33177600000005,74.87897600000021,53.452799999999854,0.5834796208228287,0.5856052344601963,0.8,0,590,0.0,604,200,404,5,0,917,0,0.0,1.0,0,0.0,node_hello,27:1;37:0;65:1;67:1;72:1,SIM
managed_flood,100,5,9,cold,240.0,60.0,node_hello,continuous,9,4,0.8,0.8042308992365186,4.006336970475182,48.75,126.99545600000008,74.87897600000021,52.11647999999987,0.589619332521631,0.659400544959128,0.8,0,582,0.0,599,195,404,5,0,1101,0,0.0,1.0,0,0.0,node_hello,11:1;19:0;20:1;42:1;5:1,SIM
managed_flood,100,5,9,cold,240.0,60.0,node_hello,continuous,10,4,0.8,0.26726400000000083,0.50278190368317,51.25,129.66809600000005,74.87897600000021,54.78911999999984,0.5774664571306745,0.4489795918367347,0.8,0,599,0.0,609,205,404,5,0,686,0,0.0,1.0,0,0.0,node_hello,12:0;44:1;66:1;79:1;83:1,SIM
managed_flood,100,5,9,cold,240.0,60.0,node_hello,continuous,11,4,0.8,0.46531150743897065,5.123912890689024,45.0,122.98649600000012,74.87897600000021,48.10751999999991,0.6088390061946324,0.6725043782837128,0.8,0,566,0.0,584,180,404,5,0,1142,0,0.0,1.0,0,0.0,node_hello,2:1;33:1;41:0;68:1;91:1,SIM
managed_flood,100,5,9,cold,240.0,60.0,node_hello,continuous,12,4,0.8,0.26726400000000083,3.849310420403537,45.5,123.52102400000011,74.87897600000021,48.6420479999999,0.6062043008969885,0.5262483994878361,0.8,0,575,0.0,586,182,404,5,0,781,0,0.0,1.0,0,0.0,node_hello,1:1;10:1;3:0;31:1;7:1,SIM
managed_flood,100,5,9,cold,240.0,60.0,node_hello,continuous,13,5,1.0,0.26726400000000083,0.26726400000000083,43.2,114.44428799999997,56.715264000000154,57.72902399999981,0.4955709454018375,0.228,1.0,0,514,0.0,522,216,306,5,77,500,0,0.0,1.0,0,0.0,node_hello,15:1;26:1;41:1;86:1;87:1,SIM
managed_flood,100,5,9,cold,240.0,60.0,node_hello,continuous,14,4,0.8,0.26726400000000083,0.6064803751226863,53.75,132.34073600000002,74.87897600000021,57.46175999999981,0.5658044398362738,0.5714285714285714,0.8,0,605,0.0,619,215,404,5,0,980,0,0.0,1.0,0,0.0,node_hello,24:0;48:1;68:1;75:1;96:1,SIM
managed_flood,100,5,9,cold,240.0,60.0,node_hello,continuous,15,3,0.6,0.26726400000000083,3.831782311782351,44.333333333333336,110.42508800000024,74.87897600000021,35.546112000000036,0.6780974990031254,0.6866952789699571,0.6,0,523,0.0,537,133,404,5,0,932,0,0.0,1.0,0,0.0,node_hello,1:1;48:1;60:0;80:1;96:0,SIM
managed_flood,100,5,9,cold,240.0,60.0,node_hello,continuous,16,3,0.6,0.26726400000000083,0.26726400000000083,67.0,128.59904000000006,74.87897600000021,53.72006399999985,0.5822669904845338,0.5815991237677984,0.6,0,591,0.0,605,201,404,5,0,913,0,0.0,1.0,0,0.0,node_hello,25:0;5:1;67:1;68:1;93:0,SIM
managed_flood,100,5,9,cold,240.0,60.0,node_hello,continuous,17,2,0.4,0.2672640000000004,0.2672640000000008,72.5,113.63225600000021,74.87897600000021,38.753280000000004,0.6589588083158365,0.6363636363636364,0.4,0,538,0.0,549,145,404,5,0,737,0,0.0,1.0,0,0.0,node_hello,29:1;48:0;51:1;62:0;87:0,SIM
managed_flood,100,5,9,cold,240.0,60.0,node_hello,continuous,18,4,0.8,0.880832250799704,1.9625705756593284,47.75,125.92640000000009,74.87897600000021,51.04742399999988,0.5946249237649941,0.5598548972188634,0.8,0,581,0.0,595,191,404,5,0,827,0,0.0,1.0,0,0.0,node_hello,29:1;49:1;87:0;89:1;96:1,SIM
managed_flood,100,5,9,cold,240.0,60.0,node_hello,continuous,19,4,0.8,0.2672640000000004,2.326023540459413,38.5,116.03763200000019,74.87897600000021,41.15865599999998,0.6452990698741602,0.5130168453292496,0.8,0,548,0.0,558,154,404,5,0,653,0,0.0,1.0,0,0.0,node_hello,49:1;57:1;73:1;96:1;99:0,SIM
managed_flood,100,20,7,warm,240.0,60.0,node_hello,continuous,0,20,1.0,0.0770559999999989,0.6465672200916511,51.15,99.6165119999993,20.788224000000145,78.82828799999916,0.20868251239312907,0.8689040377556371,1.0,0,1131,0.0,1427,1023,404,20,0,15256,0,0.0,1.0,0,0.0,node_hello,1:1;10:1;11:1;12:1;25:1;28:1;37:1;49:1;50:1;57:1;62:1;66:1;7:1;71:1;74:1;8:1;81:1;86:1;91:1;95:1,SIM
managed_flood,100,20,7,warm,240.0,60.0,node_hello,continuous,1,18,0.9,0.0770559999999989,1.0736646888381138,50.77777777777778,91.21740799999942,20.788224000000145,70.42918399999928,0.22789755218653304,0.85034126852006,0.9,0,1076,0.0,1318,914,404,20,216,12014,0,0.0,1.0,0,0.0,node_hello,11:1;12:1;23:1;29:1;31:1;38:1;39:1;40:1;41:0;42:1;43:1;49:1;5:1;57:1;69:1;73:1;74:1;82:1;83:1;96:0,SIM
managed_flood,100,20,7,warm,240.0,60.0,node_hello,continuous,2,18,0.9,0.0770559999999989,1.2993122710058431,51.72222222222222,92.4244479999994,20.685312000000142,71.73913599999926,0.22380779596325287,0.8563991670671152,0.9,0,1078,0.0,1333,931,402,20,0,12486,0,0.0,1.0,0,0.0,node_hello,1:0;10:1;24:1;28:1;40:1;42:1;48:1;51:1;59:1;67:1;68:0;70:1;79:1;81:1;84:1;85:1;91:1;92:1;95:1;97:1,SIM
managed_flood,100,20,7,warm,240.0,60.0,node_hello,continuous,3,19,0.95,0.0770559999999989,0.5783144954244083,48.578947368421055,91.91091199999941,20.788224000000145,71.12268799999927,0.2261779754725998,0.8621415607985481,0.95,0,1057,0.0,1327,923,404,20,0,13775,0,0.0,1.0,0,0.0,node_hello,11:1;12:1;14:1;15:1;22:1;3:1;36:1;38:1;43:0;48:1;49:1;5:1;61:1;67:1;72:1;74:1;84:1;86:1;89:1;99:1,SIM
managed_flood,100,20,7,warm,240.0,60.0,node_hello,continuous,4,20,1.0,0.11828948224432168,0.9008890445867381,49.75,97.45894399999933,20.788224000000145,76.67071999999919,0.2133023727406721,0.8645345284171929,1.0,0,1077,0.0,1399,995,404,20,229,14727,0,0.0,1.0,0,0.0,node_hello,28:1;29:1;30:1;36:1;38:1;39:1;40:1;41:1;47:1;51:1;57:1;62:1;64:1;67:1;68:1;76:1;80:1;88:1;90:1;95:1,SIM
managed_flood,100,20,7,warm,240.0,60.0,node_hello,continuous,5,20,1.0,0.12294172514916824,1.2252429003272682,49.95,97.76716799999933,20.788224000000145,76.97894399999919,0.2126299086417261,0.8591688421646794,1.0,0,1118,0.0,1403,999,404,20,0,14173,0,0.0,1.0,0,0.0,node_hello,1:1;13:1;24:1;25:1;49:1;50:1;54:1;58:1;60:1;61:1;69:1;73:1;76:1;80:1;83:1;87:1;88:1;90:1;92:1;99:1,SIM
managed_flood,100,20,7,warm,240.0,60.0,node_hello,continuous,6,18,0.9,0.3629102843300913,1.634931751567452,52.27777777777778,93.2979199999994,20.788224000000145,72.50969599999925,0.22281551400074387,0.853403995108031,0.9,0,1083,0.0,1345,941,404,20,93,12265,0,0.38,1.0,0,0.0,node_hello,11:1;16:1;23:1;29:1;31:1;33:1;34:0;49:1;53:1;54:1;61:1;66:1;69:1;72:1;75:1;76:1;78:0;80:1;84:1;86:1,SIM
managed_flood,100,20,7,warm,240.0,60.0,node_hello,continuous,7,18,0.9,0.14248925423777337,1.5488720677173737,49.666666666666664,89.67628799999945,20.788224000000145,68.8880639999993,0.2318140554613531,0.8575277337559429,0.9,0,1031,0.0,1298,894,404,20,258,12620,0,0.0,1.0,0,0.0,node_hello,11:1;12:1;17:1;20:1;25:1;28:1;40:1;43:1;45:1;50:1;51:1;53:0;55:1;59:1;62:1;65:1;85:1;90:1;92:0;95:1,SIM
managed_flood,100,20,7,warm,240.0,60.0,node_hello,continuous,8,20,1.0,0.0770559999999989,0.53822361304794,48.65,95.76371199999936,20.788224000000145,74.97548799999922,0.21707830206080864,0.8731447418495497,1.0,0,1064,0.0,1377,973,404,20,0,15766,0,0.0,1.0,0,0.0,node_hello,15:1;17:1;27:1;3:1;37:1;4:1;44:1;47:1;48:1;50:1;60:1;62:1;64:1;65:1;67:1;72:1;79:1;82:1;89:1;98:1,SIM
managed_flood,100,20,7,warm,240.0,60.0,node_hello,continuous,9,18,0.9,0.17733040161448343,1.6670430843449806,50.22222222222222,90.44684799999943,20.788224000000145,69.65862399999929,0.22983912054072106,0.8542155989309144,0.9,0,1057,0.0,1308,904,404,20,108,12347,0,0.0,1.0,0,0.0,node_hello,11:1;12:0;17:1;19:1;20:1;25:1;34:1;41:1;42:1;45:1;49:1;5:1;50:0;51:1;64:1;65:1;72:1;75:1;83:1;88:1,SIM
managed_flood,100,20,7,warm,240.0,60.0,node_hello,continuous,10,19,0.95,0.0770559999999989,0.7838368302144103,51.78947368421053,96.61132799999935,20.788224000000145,75.8231039999992,0.21517377341092223,0.8698423577793009,0.95,0,1109,0.0,1388,984,404,20,0,14590,0,0.0,1.0,0,0.0,node_hello,1:1;12:1;20:1;29:1;31:1;37:1;44:1;49:1;60:1;65:0;66:1;68:1;77:1;79:1;81:1;83:1;85:1;86:1;88:1;97:1,SIM
managed_flood,100,20,7,warm,240.0,60.0,node_hello,continuous,11,19,0.95,0.16512883281214386,2.434685470161119,50.26315789473684,94.37670399999938,20.788224000000145,73.58847999999924,0.2202685950973694,0.8637504481893151,0.95,0,1072,0.0,1359,955,404,20,0,13945,0,0.0,1.0,0,0.0,node_hello,10:1;2:1;27:1;3:1;33:1;35:1;4:1;41:1;43:1;44:1;53:1;54:1;56:1;62:1;64:1;68:0;70:1;8:1;91:1;98:1,SIM
managed_flood,100,20,7,warm,240.0,60.0,node_hello,continuous,12,20,1.0,0.0770559999999989,1.0621111275270114,52.55,101.77407999999927,20.788224000000145,80.98585599999913,0.20425853026625534,0.8689492325855962,1.0,0,1167,0.0,1455,1051,404,20,0,15246,0,0.0,1.0,0,0.0,node_hello,1:1;10:1;14:1;26:1;29:1;3:1;31:1;43:1;58:1;60:1;7:1;72:1;75:1;78:1;80:1;83:1;87:1;92:1;95:1;96:1,SIM
managed_flood,100,20,7,warm,240.0,60.0,node_hello,continuous,13,18,0.9,0.14567240022402927,1.6474121577966123,50.111111111111114,85.25004799999928,15.745535999999985,69.5045119999993,0.18469826550713636,0.8536565525095583,0.9,0,962,0.0,1208,902,306,20,60,12293,0,0.0,1.0,0,0.0,node_hello,15:1;26:1;3:0;38:1;41:1;48:1;49:1;52:1;53:0;57:1;61:1;7:1;72:1;74:1;86:1;87:1;9:1;91:1;95:1;98:1,SIM
managed_flood,100,20,7,warm,240.0,60.0,node_hello,continuous,14,16,0.8,0.0770559999999989,1.245333748792639,51.5625,84.35942399999952,20.788224000000145,63.57119999999938,0.2464244421583564,0.8477162200820063,0.8,0,1015,0.0,1229,825,404,20,0,10487,0,0.0,1.0,0,0.0,node_hello,10:1;11:1;13:1;15:1;16:1;17:0;24:1;28:1;29:1;46:1;48:0;61:1;68:0;71:1;74:1;75:1;80:1;95:1;96:0;98:1,SIM
managed_flood,100,20,7,warm,240.0,60.0,node_hello,continuous,15,18,0.9,0.4252379500902066,0.9487456395406443,48.77777777777778,88.44339199999946,20.788224000000145,67.65516799999932,0.2350455305920455,0.8590025094102886,0.9,0,1023,0.0,1282,878,404,20,0,12752,0,0.0,1.0,0,0.0,node_hello,1:1;11:1;15:1;17:1;21:1;29:1;48:0;53:1;55:1;60:0;7:1;72:1;79:1;8:1;80:1;81:1;85:1;89:1;95:1;96:1,SIM
managed_flood,100,20,7,warm,240.0,60.0,node_hello,continuous,16,20,1.0,0.13069981556209598,0.7513463047366877,51.4,100.0017919999993,20.788224000000145,79.21356799999916,0.20787851481701738,0.8642411077925604,1.0,0,1131,0.0,1432,1028,404,20,0,14732,0,0.0,1.0,0,0.0,node_hello,0:1;10:1;12:1;13:1;15:1;2:1;24:1;25:1;34:1;35:1;45:1;5:1;63:1;67:1;68:1;70:1;8:1;90:1;93:1;94:1,SIM
managed_flood,100,20,7,warm,240.0,60.0,node_hello,continuous,17,20,1.0,0.20533080115119162,1.662916817770002,49.1,96.45721599999935,20.788224000000145,75.66899199999921,0.21551756169284716,0.8584979118000992,1.0,0,1100,0.0,1386,982,404,20,238,14127,0,0.0,1.0,0,0.0,node_hello,1:1;12:1;22:1;23:1;27:1;29:1;30:1;41:1;42:1;48:1;49:1;51:1;52:1;60:1;61:1;62:1;63:1;83:1;87:1;88:1,SIM
managed_flood,100,20,7,warm,240.0,60.0,node_hello,continuous,18,19,0.95,0.463230903514642,2.037843158876361,50.26315789473684,94.37670399999938,20.788224000000145,73.58847999999924,0.2202685950973694,0.8580403889304413,0.95,0,1085,0.0,1359,955,404,20,0,13370,0,0.0,1.0,0,0.0,node_hello,13:1;29:1;45:1;49:1;5:1;50:1;54:1;66:1;7:1;76:1;8:1;85:0;86:1;87:1;89:1;91:1;96:1;97:1;98:1;99:1,SIM
managed_flood,100,20,7,warm,240.0,60.0,node_hello,continuous,19,18,0.9,0.24378095464020078,1.9962074958516394,49.111111111111114,88.90572799999946,20.788224000000145,68.11750399999931,0.23382322452834842,0.849724034119418,0.9,0,1059,0.0,1288,884,404,20,0,11958,0,0.0,1.0,0,0.0,node_hello,10:1;12:1;16:1;19:1;27:0;30:1;40:1;49:0;50:1;57:1;6:1;61:1;68:1;69:1;73:1;76:1;89:1;95:1;96:1;99:1,SIM
managed_flood,100,20,7,cold,240.0,60.0,node_hello,continuous,0,20,1.0,0.0770559999999989,0.6465672200916515,51.15,99.6165119999993,20.788224000000145,78.82828799999916,0.20868251239312907,0.8689040377556371,1.0,0,1131,0.0,1427,1023,404,20,0,15256,0,0.0,1.0,0,0.0,node_hello,1:1;10:1;11:1;12:1;25:1;28:1;37:1;49:1;50:1;57:1;62:1;66:1;7:1;71:1;74:1;8:1;81:1;86:1;91:1;95:1,SIM
managed_flood,100,20,7,cold,240.0,60.0,node_hello,continuous,1,18,0.9,0.12349466599326009,1.073664688838116,50.77777777777778,91.21740799999942,20.788224000000145,70.42918399999928,0.22789755218653304,0.8508750103674214,0.9,0,1075,0.0,1318,914,404,20,214,12057,0,0.0,1.0,0,0.0,node_hello,11:1;12:1;23:1;29:1;31:1;38:1;39:1;40:1;41:0;42:1;43:1;49:1;5:1;57:1;69:1;73:1;74:1;82:1;83:1;96:0,SIM
managed_flood,100,20,7,cold,240.0,60.0,node_hello,continuous,2,18,0.9,0.0770559999999989,0.7604589380207329,52.388888888888886,93.34911999999939,20.685312000000142,72.66380799999925,0.22159086234557196,0.866538147846074,0.9,0,1071,0.0,1345,943,402,20,0,13487,0,0.0,1.0,0,0.0,node_hello,1:1;10:0;24:1;28:1;40:1;42:1;48:1;51:1;59:1;67:1;68:0;70:1;79:1;81:1;84:1;85:1;91:1;92:1;95:1;97:1,SIM
managed_flood,100,20,7,cold,240.0,60.0,node_hello,continuous,3,19,0.95,0.0770559999999989,0.5783144954244085,48.578947368421055,91.91091199999941,20.788224000000145,71.12268799999927,0.2261779754725998,0.8621415607985481,0.95,0,1057,0.0,1327,923,404,20,0,13775,0,0.0,1.0,0,0.0,node_hello,11:1;12:1;14:1;15:1;22:1;3:1;36:1;38:1;43:0;48:1;49:1;5:1;61:1;67:1;72:1;74:1;84:1;86:1;89:1;99:1,SIM
managed_flood,100,20,7,cold,240.0,60.0,node_hello,continuous,4,18,0.9,0.0770559999999999,1.3316756808923438,48.5,88.05811199999947,20.788224000000145,67.26988799999933,0.23607392354721699,0.8601974963066635,0.9,0,991,0.0,1277,873,404,20,211,12861,0,0.0,1.0,0,0.0,node_hello,28:1;29:1;30:0;36:1;38:1;39:1;40:0;41:1;47:1;51:1;57:1;62:1;64:1;67:1;68:1;76:1;80:1;88:1;90:1;95:1,SIM
managed_flood,100,20,7,cold,240.0,60.0,node_hello,continuous,5,20,1.0,0.12294172514916912,1.225242900327269,49.95,97.76716799999933,20.788224000000145,76.97894399999919,0.2126299086417261,0.8591688421646794,1.0,0,1118,0.0,1403,999,404,20,0,14173,0,0.0,1.0,0,0.0,node_hello,1:1;13:1;24:1;25:1;49:1;50:1;54:1;58:1;60:1;61:1;69:1;73:1;76:1;80:1;83:1;87:1;88:1;90:1;92:1;99:1,SIM
managed_flood,100,20,7,cold,240.0,60.0,node_hello,continuous,6,20,1.0,0.07705600000000024,1.885814876381252,53.1,102.62169599999926,20.788224000000145,81.83347199999912,0.2025714328478872,0.8517831986357233,1.0,0,1182,0.0,1466,1062,404,20,84,13487,0,0.0,1.0,0,0.0,node_hello,11:1;16:1;23:1;29:1;31:1;33:1;34:1;49:1;53:1;54:1;61:1;66:1;69:1;72:1;75:1;76:1;78:1;80:1;84:1;86:1,SIM
managed_flood,100,20,7,cold,240.0,60.0,node_hello,continuous,7,18,0.9,0.34670793462655014,1.9760623829728972,50.72222222222222,91.14035199999942,20.788224000000145,70.35212799999928,0.22809023164624465,0.8506482712765957,0.9,0,1060,0.0,1317,913,404,20,432,12032,0,0.0,1.0,0,0.0,node_hello,11:1;12:1;17:1;20:1;25:1;28:1;40:1;43:1;45:1;50:1;51:0;53:1;55:1;59:1;62:1;65:1;85:0;90:1;92:1;95:1,SIM
managed_flood,100,20,7,cold,240.0,60.0,node_hello,continuous,8,20,1.0,0.0770559999999999,0.53822361304794,48.65,95.76371199999936,20.788224000000145,74.97548799999922,0.21707830206080864,0.8731447418495497,1.0,0,1064,0.0,1377,973,404,20,0,15766,0,0.0,1.0,0,0.0,node_hello,15:1;17:1;27:1;3:1;37:1;4:1;44:1;47:1;48:1;50:1;60:1;62:1;64:1;65:1;67:1;72:1;79:1;82:1;89:1;98:1,SIM
managed_flood,100,20,7,cold,240.0,60.0,node_hello,continuous,9,20,1.0,0.27359604189857567,1.1600050322901658,50.95,99.30828799999931,20.788224000000145,78.52006399999917,0.20933020212774478,0.862913180633658,1.0,0,1124,0.0,1423,1019,404,20,152,14582,0,0.0,1.0,0,0.0,node_hello,11:1;12:1;17:1;19:1;20:1;25:1;34:1;41:1;42:1;45:1;49:1;5:1;50:1;51:1;64:1;65:1;72:1;75:1;83:1;88:1,SIM
managed_flood,100,20,7,cold,240.0,60.0,node_hello,continuous,10,19,0.95,0.0770559999999989,0.7838368302144103,51.78947368421053,96.61132799999935,20.788224000000145,75.8231039999992,0.21517377341092223,0.8698423577793009,0.95,0,1109,0.0,1388,984,404,20,0,14590,0,0.0,1.0,0,0.0,node_hello,1:1;12:1;20:1;29:1;31:1;37:1;44:1;49:1;60:1;65:0;66:1;68:1;77:1;79:1;81:1;83:1;85:1;86:1;88:1;97:1,SIM
managed_flood,100,20,7,cold,240.0,60.0,node_hello,continuous,11,19,0.95,0.16512883281214386,2.4346854701611185,50.26315789473684,94.37670399999938,20.788224000000145,73.58847999999924,0.2202685950973694,0.8637504481893151,0.95,0,1072,0.0,1359,955,404,20,0,13945,0,0.0,1.0,0,0.0,node_hello,10:1;2:1;27:1;3:1;33:1;35:1;4:1;41:1;43:1;44:1;53:1;54:1;56:1;62:1;64:1;68:0;70:1;8:1;91:1;98:1,SIM
managed_flood,100,20,7,cold,240.0,60.0,node_hello,continuous,12,20,1.0,0.0770559999999989,1.0621111275270116,52.55,101.77407999999927,20.788224000000145,80.98585599999913,0.20425853026625534,0.8689492325855962,1.0,0,1167,0.0,1455,1051,404,20,0,15246,0,0.0,1.0,0,0.0,node_hello,1:1;10:1;14:1;26:1;29:1;3:1;31:1;43:1;58:1;60:1;7:1;72:1;75:1;78:1;80:1;83:1;87:1;92:1;95:1;96:1,SIM
managed_flood,100,20,7,cold,240.0,60.0,node_hello,continuous,13,19,0.95,0.077056,1.3523367875487415,50.578947368421055,89.79635199999922,15.745535999999985,74.05081599999923,0.17534716777804205,0.8660651346397857,0.95,0,987,0.0,1267,961,306,20,61,14186,0,0.0,1.0,0,0.0,node_hello,15:1;26:1;3:1;38:1;41:1;48:1;49:1;52:1;53:0;57:1;61:1;7:1;72:1;74:1;86:1;87:1;9:1;91:1;95:1;98:1,SIM
managed_flood,100,20,7,cold,240.0,60.0,node_hello,continuous,14,16,0.8,0.0770559999999999,1.2453337487926337,51.5625,84.35942399999952,20.788224000000145,63.57119999999938,0.2464244421583564,0.8477162200820063,0.8,0,1015,0.0,1229,825,404,20,0,10487,0,0.0,1.0,0,0.0,node_hello,10:1;11:1;13:1;15:1;16:1;17:0;24:1;28:1;29:1;46:1;48:0;61:1;68:0;71:1;74:1;75:1;80:1;95:1;96:0;98:1,SIM
managed_flood,100,20,7,cold,240.0,60.0,node_hello,continuous,15,18,0.9,0.42523795009021015,0.9487456395406443,48.77777777777778,88.44339199999946,20.788224000000145,67.65516799999932,0.2350455305920455,0.8590025094102886,0.9,0,1023,0.0,1282,878,404,20,0,12752,0,0.0,1.0,0,0.0,node_hello,1:1;11:1;15:1;17:1;21:1;29:1;48:0;53:1;55:1;60:0;7:1;72:1;79:1;8:1;80:1;81:1;85:1;89:1;95:1;96:1,SIM
managed_flood,100,20,7,cold,240.0,60.0,node_hello,continuous,16,20,1.0,0.13069981556208943,0.7513463047366905,51.4,100.0017919999993,20.788224000000145,79.21356799999916,0.20787851481701738,0.8642411077925604,1.0,0,1131,0.0,1432,1028,404,20,0,14732,0,0.0,1.0,0,0.0,node_hello,0:1;10:1;12:1;13:1;15:1;2:1;24:1;25:1;34:1;35:1;45:1;5:1;63:1;67:1;68:1;70:1;8:1;90:1;93:1;94:1,SIM
managed_flood,100,20,7,cold,240.0,60.0,node_hello,continuous,17,20,1.0,0.13414437272282298,1.7303892194650727,49.2,96.61132799999935,20.788224000000145,75.8231039999992,0.21517377341092223,0.8601050788091068,1.0,0,1099,0.0,1388,984,404,20,233,14275,0,0.0,1.0,0,0.0,node_hello,1:1;12:1;22:1;23:1;27:1;29:1;30:1;41:1;42:1;48:1;49:1;51:1;52:1;60:1;61:1;62:1;63:1;83:1;87:1;88:1,SIM
managed_flood,100,20,7,cold,240.0,60.0,node_hello,continuous,18,19,0.95,0.46323090351465623,2.0378431588763615,50.26315789473684,94.37670399999938,20.788224000000145,73.58847999999924,0.2202685950973694,0.8580403889304413,0.95,0,1085,0.0,1359,955,404,20,0,13370,0,0.0,1.0,0,0.0,node_hello,13:1;29:1;45:1;49:1;5:1;50:1;54:1;66:1;7:1;76:1;8:1;85:0;86:1;87:1;89:1;91:1;96:1;97:1;98:1;99:1,SIM
managed_flood,100,20,7,cold,240.0,60.0,node_hello,continuous,19,18,0.9,0.24378095464019345,1.9962074958516518,49.111111111111114,88.90572799999946,20.788224000000145,68.11750399999931,0.23382322452834842,0.849724034119418,0.9,0,1059,0.0,1288,884,404,20,0,11958,0,0.0,1.0,0,0.0,node_hello,10:1;12:1;16:1;19:1;27:0;30:1;40:1;49:0;50:1;57:1;6:1;61:1;68:1;69:1;73:1;76:1;89:1;95:1;96:1;99:1,SIM
managed_flood,100,20,9,warm,240.0,60.0,node_hello,continuous,0,15,0.75,0.2672640000000115,1.1807231611192897,47.266666666666666,264.369152000002,74.87897600000021,189.49017600000175,0.2832364344838525,0.5498800137127186,0.75,0,1071,0.0,1113,709,404,20,0,2917,0,0.0,1.0,0,0.0,node_hello,1:1;10:0;11:1;12:0;25:1;28:1;37:1;49:1;50:1;57:0;62:1;66:1;7:0;71:1;74:1;8:1;81:1;86:0;91:1;95:1,SIM
managed_flood,100,20,9,warm,240.0,60.0,node_hello,continuous,1,14,0.7,0.2672640000000044,0.3760195360321893,51.857142857142854,268.91264000000217,74.87897600000021,194.03366400000195,0.27845093484634864,0.40888335408883353,0.7,0,1095,0.0,1130,726,404,20,0,2409,0,0.0,1.0,0,0.0,node_hello,11:0;12:1;23:0;29:1;31:1;38:1;39:1;40:1;41:0;42:1;43:0;49:1;5:1;57:1;69:1;73:0;74:1;82:1;83:1;96:0,SIM
managed_flood,100,20,9,warm,240.0,60.0,node_hello,continuous,2,12,0.6,0.2672639999999973,3.3469810704824097,53.25,245.28998400000114,74.5082880000002,170.78169600000095,0.30375593322228706,0.5735968937522061,0.6,0,996,0.0,1041,639,402,20,0,2833,0,0.0,1.0,0,0.0,node_hello,1:0;10:1;24:0;28:1;40:1;42:1;48:0;51:1;59:0;67:1;68:0;70:1;79:1;81:0;84:1;85:1;91:0;92:1;95:0;97:1,SIM
managed_flood,100,20,9,warm,240.0,60.0,node_hello,continuous,3,13,0.65,0.2672639999999973,0.7514281265326059,51.07692307692308,252.34227200000146,74.87897600000021,177.46329600000124,0.2967357605466902,0.5519217801753203,0.65,0,1024,0.0,1068,664,404,20,0,2966,0,0.0,1.0,0,0.0,node_hello,11:1;12:0;14:1;15:0;22:1;3:1;36:0;38:0;43:1;48:1;49:1;5:0;61:1;67:1;72:0;74:1;84:0;86:1;89:1;99:1,SIM
managed_flood,100,20,9,warm,240.0,60.0,node_hello,continuous,4,11,0.55,0.2672640000000115,4.2135867860169895,51.0,224.81408000000027,74.87897600000021,149.93510400000005,0.33307066888337294,0.6151724137931035,0.55,0,918,0.0,965,561,404,20,0,2900,0,0.0,1.0,0,0.0,node_hello,28:1;29:1;30:0;36:1;38:0;39:1;40:0;41:1;47:0;51:0;57:1;62:0;64:1;67:1;68:1;76:0;80:1;88:0;90:1;95:0,SIM
managed_flood,100,20,9,warm,240.0,60.0,node_hello,continuous,5,13,0.65,0.2672640000000115,0.4799084912706,48.07692307692308,241.918976000001,74.87897600000021,167.0400000000008,0.30952088686089635,0.5921490352628077,0.65,0,983,0.0,1029,625,404,20,0,3006,0,0.0,1.0,0,0.0,node_hello,1:1;13:0;24:1;25:0;49:1;50:0;54:1;58:0;60:1;61:0;69:1;73:1;76:1;80:1;83:1;87:0;88:1;90:1;92:0;99:1,SIM
managed_flood,100,20,9,warm,240.0,60.0,node_hello,continuous,6,14,0.7,0.2672640000000115,4.793198548707365,54.0,276.9305600000025,74.87897600000021,202.0515840000023,0.27038899571069197,0.4710308502633559,0.7,0,1118,0.0,1160,756,404,20,112,2658,0,0.57,1.0,0,0.0,node_hello,11:1;16:0;23:1;29:1;31:0;33:1;34:1;49:1;53:1;54:1;61:1;66:0;69:1;72:1;75:1;76:0;78:1;80:1;84:0;86:0,SIM
managed_flood,100,20,9,warm,240.0,60.0,node_hello,continuous,7,12,0.6,0.2672639999999973,0.2672640000000115,55.0,251.2732160000014,74.87897600000021,176.3942400000012,0.2979982394940167,0.5717105263157894,0.6,0,1018,0.0,1064,660,404,20,0,3040,0,0.0,1.0,0,0.0,node_hello,11:1;12:0;17:1;20:1;25:0;28:1;40:1;43:0;45:1;50:1;51:1;53:1;55:0;59:0;62:1;65:0;85:1;90:0;92:1;95:0,SIM
managed_flood,100,20,9,warm,240.0,60.0,node_hello,continuous,8,15,0.75,0.2672640000000115,5.064399100888461,45.733333333333334,258.2220800000017,74.87897600000021,183.3431040000015,0.2899789824324849,0.61514552133371,0.75,0,1035,0.0,1090,686,404,20,0,3539,0,0.0,1.0,0,0.0,node_hello,15:1;17:1;27:1;3:1;37:1;4:1;44:0;47:1;48:1;50:1;60:0;62:1;64:1;65:1;67:0;72:1;79:1;82:0;89:1;98:0,SIM
managed_flood,100,20,9,warm,240.0,60.0,node_hello,continuous,9,13,0.65,0.2672640000000115,2.036054931322327,49.30769230769231,246.1952000000012,74.87897600000021,171.31622400000097,0.3041447436830606,0.6492711370262391,0.65,0,994,0.0,1045,641,404,20,0,3430,0,0.0,1.0,0,0.0,node_hello,11:1;12:1;17:1;19:0;20:1;25:0;34:1;41:0;42:1;45:1;49:1;5:1;50:0;51:1;64:0;65:1;72:0;75:1;83:0;88:1,SIM
managed_flood,100,20,9,warm,240.0,60.0,node_hello,continuous,10,18,0.9,0.2672640000000044,0.5580668342740316,46.55555555555556,298.84620800000346,74.87897600000021,223.96723200000324,0.25056023464751254,0.5076452599388379,0.9,0,1195,0.0,1242,838,404,20,0,3270,0,0.0,1.0,0,0.0,node_hello,1:1;12:1;20:1;29:0;31:1;37:1;44:0;49:1;60:1;65:1;66:1;68:1;77:1;79:1;81:1;83:1;85:1;86:1;88:1;97:1,SIM
managed_flood,100,20,9,warm,240.0,60.0,node_hello,continuous,11,13,0.65,0.2672639999999973,1.1969003099494024,49.46153846153846,246.72972800000122,74.87897600000021,171.850752000001,0.30348582883372627,0.6033537568526282,0.65,0,1000,0.0,1047,643,404,20,0,3101,0,0.0,1.0,0,0.0,node_hello,10:0;2:1;27:1;3:1;33:1;35:1;4:0;41:1;43:1;44:0;53:1;54:1;56:0;62:1;64:0;68:1;70:0;8:1;91:1;98:0,SIM
managed_flood,100,20,9,warm,240.0,60.0,node_hello,continuous,12,16,0.8,0.2672639999999973,2.0725080390752275,44.5625,265.438208000002,74.87897600000021,190.5592320000018,0.282095695884142,0.5335628227194492,0.8,0,1074,0.0,1117,713,404,20,0,2905,0,0.0,1.0,0,0.0,node_hello,1:1;10:1;14:1;26:1;29:1;3:1;31:1;43:1;58:1;60:0;7:0;72:1;75:1;78:0;80:1;83:0;87:1;92:1;95:1;96:1,SIM
managed_flood,100,20,9,warm,240.0,60.0,node_hello,continuous,13,11,0.55,0.2672640000000115,2.158888509767152,48.36363636363637,198.89971199999988,56.715264000000154,142.18444799999972,0.2851450282642953,0.6446308724832215,0.55,0,792,0.0,838,532,306,20,80,2980,0,0.0,1.0,0,0.0,node_hello,15:0;26:1;3:0;38:0;41:1;48:1;49:0;52:1;53:0;57:0;61:1;7:1;72:1;74:0;86:1;87:0;9:1;91:1;95:1;98:0,SIM
managed_flood,100,20,9,warm,240.0,60.0,node_hello,continuous,14,13,0.65,0.2672640000000115,2.019180206768557,57.07692307692308,273.18886400000235,74.87897600000021,198.30988800000213,0.2740923436762033,0.5827777777777777,0.65,0,1093,0.0,1146,742,404,20,0,3600,0,0.0,1.0,0,0.0,node_hello,10:1;11:1;13:0;15:1;16:1;17:1;24:0;28:1;29:1;46:0;48:0;61:1;68:1;71:1;74:0;75:0;80:1;95:0;96:1;98:1,SIM
managed_flood,100,20,9,warm,240.0,60.0,node_hello,continuous,15,13,0.65,0.2672640000000115,2.3358651791900726,52.30769230769231,256.61849600000164,74.87897600000021,181.73952000000142,0.29179103286459807,0.6321341628347309,0.65,0,1027,0.0,1084,680,404,20,0,3697,0,0.0,1.0,0,0.0,node_hello,1:1;11:0;15:1;17:0;21:0;29:1;48:1;53:1;55:1;60:0;7:0;72:1;79:1;8:1;80:0;81:1;85:1;89:1;95:1;96:0,SIM
managed_flood,100,20,9,warm,240.0,60.0,node_hello,continuous,16,16,0.8,0.2672640000000044,2.6845938410711714,46.75,274.7924480000024,74.87897600000021,199.9134720000022,0.2724928452182192,0.583751846381093,0.8,0,1101,0.0,1152,748,404,20,0,3385,0,0.0,1.0,0,0.0,node_hello,0:1;10:1;12:1;13:1;15:0;2:1;24:1;25:0;34:1;35:1;45:1;5:1;63:0;67:1;68:1;70:1;8:1;90:1;93:1;94:0,SIM
managed_flood,100,20,9,warm,240.0,60.0,node_hello,continuous,17,12,0.6,0.2672640000000115,6.052676756832807,50.583333333333336,237.1082240000008,74.87897600000021,162.22924800000058,0.3158008386921238,0.503228583727938,0.6,0,976,0.0,1011,607,404,20,0,2323,0,0.0,1.0,0,0.0,node_hello,1:1;12:0;22:1;23:0;27:1;29:1;30:0;41:0;42:1;48:1;49:1;51:0;52:1;60:1;61:0;62:1;63:1;83:0;87:1;88:0,SIM
managed_flood,100,20,9,warm,240.0,60.0,node_hello,continuous,18,12,0.6,0.2672640000000115,3.8984114085034447,61.666666666666664,272.65433600000233,74.87897600000021,197.7753600000021,0.27462969083315647,0.4980572235959025,0.6,0,1102,0.0,1144,740,404,20,0,2831,0,0.0,1.0,0,0.0,node_hello,13:0;29:1;45:0;49:0;5:1;50:1;54:0;66:1;7:1;76:0;8:1;85:1;86:0;87:1;89:0;91:1;96:0;97:1;98:1;99:1,SIM
managed_flood,100,20,9,warm,240.0,60.0,node_hello,continuous,19,13,0.65,0.2672640000000115,2.273520829106683,49.84615384615385,248.06604800000127,74.87897600000021,173.18707200000105,0.30185096511071047,0.6448598130841121,0.65,0,997,0.0,1052,648,404,20,0,3745,0,0.0,1.0,0,0.0,node_hello,10:0;12:1;16:1;19:1;27:1;30:0;40:1;49:0;50:1;57:1;6:1;61:0;68:1;69:0;73:1;76:0;89:1;95:0;96:1;99:1,SIM
managed_flood,100,20,9,cold,240.0,60.0,node_hello,continuous,0,15,0.75,0.2672639999999973,1.1807231611192948,47.266666666666666,264.369152000002,74.87897600000021,189.49017600000175,0.2832364344838525,0.5498800137127186,0.75,0,1071,0.0,1113,709,404,20,0,2917,0,0.0,1.0,0,0.0,node_hello,1:1;10:0;11:1;12:0;25:1;28:1;37:1;49:1;50:1;57:0;62:1;66:1;7:0;71:1;74:1;8:1;81:1;86:0;91:1;95:1,SIM
managed_flood,100,20,9,cold,240.0,60.0,node_hello,continuous,1,14,0.7,0.2672639999999973,0.376019536032184,51.857142857142854,268.91264000000217,74.87897600000021,194.03366400000195,0.27845093484634864,0.40888335408883353,0.7,0,1095,0.0,1130,726,404,20,0,2409,0,0.0,1.0,0,0.0,node_hello,11:0;12:1;23:0;29:1;31:1;38:1;39:1;40:1;41:0;42:1;43:0;49:1;5:1;57:1;69:1;73:0;74:1;82:1;83:1;96:0,SIM
managed_flood,100,20,9,cold,240.0,60.0,node_hello,continuous,2,15,0.75,0.26726400000000083,3.5797872774621924,46.53333333333333,261.0585600000018,74.5082880000002,186.55027200000163,0.2854083313720864,0.5196288365453248,0.75,0,1057,0.0,1100,698,402,20,0,2802,0,0.0,1.0,0,0.0,node_hello,1:1;10:0;24:1;28:0;40:1;42:1;48:1;51:1;59:0;67:1;68:0;70:1;79:0;81:1;84:1;85:1;91:1;92:1;95:1;97:1,SIM
managed_flood,100,20,9,cold,240.0,60.0,node_hello,continuous,3,13,0.65,0.2672639999999973,0.7514281265325882,51.07692307692308,252.34227200000146,74.87897600000021,177.46329600000124,0.2967357605466902,0.5519217801753203,0.65,0,1024,0.0,1068,664,404,20,0,2966,0,0.0,1.0,0,0.0,node_hello,11:1;12:0;14:1;15:0;22:1;3:1;36:0;38:0;43:1;48:1;49:1;5:0;61:1;67:1;72:0;74:1;84:0;86:1;89:1;99:1,SIM
managed_flood,100,20,9,cold,240.0,60.0,node_hello,continuous,4,11,0.55,0.267264,4.213586786016933,51.0,224.81408000000027,74.87897600000021,149.93510400000005,0.33307066888337294,0.6151724137931035,0.55,0,918,0.0,965,561,404,20,0,2900,0,0.0,1.0,0,0.0,node_hello,28:1;29:1;30:0;36:1;38:0;39:1;40:0;41:1;47:0;51:0;57:1;62:0;64:1;67:1;68:1;76:0;80:1;88:0;90:1;95:0,SIM
managed_flood,100,20,9,cold,240.0,60.0,node_hello,continuous,5,13,0.65,0.2672639999999973,0.47990849127059354,48.07692307692308,241.918976000001,74.87897600000021,167.0400000000008,0.30952088686089635,0.5921490352628077,0.65,0,983,0.0,1029,625,404,20,0,3006,0,0.0,1.0,0,0.0,node_hello,1:1;13:0;24:1;25:0;49:1;50:0;54:1;58:0;60:1;61:0;69:1;73:1;76:1;80:1;83:1;87:0;88:1;90:1;92:0;99:1,SIM
managed_flood,100,20,9,cold,240.0,60.0,node_hello,continuous,6,12,0.6,0.26726400000000083,5.508719548003615,56.083333333333336,254.74764800000156,74.87897600000021,179.86867200000134,0.2939339247599246,0.595004742333228,0.6,0,1025,0.0,1077,673,404,20,169,3163,0,0.0,1.0,0,0.0,node_hello,11:1;16:0;23:1;29:1;31:0;33:1;34:1;49:0;53:1;54:1;61:0;66:1;69:0;72:1;75:1;76:1;78:0;80:0;84:1;86:0,SIM
managed_flood,100,20,9,cold,240.0,60.0,node_hello,continuous,7,12,0.6,0.2672639999999973,0.26726400000000083,55.0,251.2732160000014,74.87897600000021,176.3942400000012,0.2979982394940167,0.5717105263157894,0.6,0,1018,0.0,1064,660,404,20,0,3040,0,0.0,1.0,0,0.0,node_hello,11:1;12:0;17:1;20:1;25:0;28:1;40:1;43:0;45:1;50:1;51:1;53:1;55:0;59:0;62:1;65:0;85:1;90:0;92:1;95:0,SIM
managed_flood,100,20,9,cold,240.0,60.0,node_hello,continuous,8,15,0.75,0.26726400000000083,5.064399100888471,45.733333333333334,258.2220800000017,74.87897600000021,183.3431040000015,0.2899789824324849,0.61514552133371,0.75,0,1035,0.0,1090,686,404,20,0,3539,0,0.0,1.0,0,0.0,node_hello,15:1;17:1;27:1;3:1;37:1;4:1;44:0;47:1;48:1;50:1;60:0;62:1;64:1;65:1;67:0;72:1;79:1;82:0;89:1;98:0,SIM
managed_flood,100,20,9,cold,240.0,60.0,node_hello,continuous,9,13,0.65,0.2672639999999973,2.0360549313223295,49.30769230769231,246.1952000000012,74.87897600000021,171.31622400000097,0.3041447436830606,0.6492711370262391,0.65,0,994,0.0,1045,641,404,20,0,3430,0,0.0,1.0,0,0.0,node_hello,11:1;12:1;17:1;19:0;20:1;25:0;34:1;41:0;42:1;45:1;49:1;5:1;50:0;51:1;64:0;65:1;72:0;75:1;83:0;88:1,SIM
managed_flood,100,20,9,cold,240.0,60.0,node_hello,continuous,10,18,0.9,0.2672639999999973,0.558066834274031,46.55555555555556,298.84620800000346,74.87897600000021,223.96723200000324,0.25056023464751254,0.5076452599388379,0.9,0,1195,0.0,1242,838,404,20,0,3270,0,0.0,1.0,0,0.0,node_hello,1:1;12:1;20:1;29:0;31:1;37:1;44:0;49:1;60:1;65:1;66:1;68:1;77:1;79:1;81:1;83:1;85:1;86:1;88:1;97:1,SIM
managed_flood,100,20,9,cold,240.0,60.0,node_hello,continuous,11,13,0.65,0.2672639999999973,1.1969003099493911,49.46153846153846,246.72972800000122,74.87897600000021,171.850752000001,0.30348582883372627,0.6033537568526282,0.65,0,1000,0.0,1047,643,404,20,0,3101,0,0.0,1.0,0,0.0,node_hello,10:0;2:1;27:1;3:1;33:1;35:1;4:0;41:1;43:1;44:0;53:1;54:1;56:0;62:1;64:0;68:1;70:0;8:1;91:1;98:0,SIM
managed_flood,100,20,9,cold,240.0,60.0,node_hello,continuous,12,16,0.8,0.2672639999999973,2.0725080390752186,44.5625,265.438208000002,74.87897600000021,190.5592320000018,0.282095695884142,0.5335628227194492,0.8,0,1074,0.0,1117,713,404,20,0,2905,0,0.0,1.0,0,0.0,node_hello,1:1;10:1;14:1;26:1;29:1;3:1;31:1;43:1;58:1;60:0;7:0;72:1;75:1;78:0;80:1;83:0;87:1;92:1;95:1;96:1,SIM
managed_flood,100,20,9,cold,240.0,60.0,node_hello,continuous,13,10,0.5,0.2672639999999973,1.4118603367622895,60.8,219.21177600000075,56.715264000000154,162.4965120000006,0.2587236189355081,0.6230183893468612,0.5,0,866,0.0,914,608,306,20,79,3154,0,0.0,1.0,0,0.0,node_hello,15:0;26:0;3:1;38:1;41:0;48:1;49:0;52:1;53:0;57:1;61:0;7:0;72:1;74:1;86:0;87:1;9:1;91:0;95:1;98:0,SIM
managed_flood,100,20,9,cold,240.0,60.0,node_hello,continuous,14,13,0.65,0.267264,2.0191802067685427,57.07692307692308,273.18886400000235,74.87897600000021,198.30988800000213,0.2740923436762033,0.5827777777777777,0.65,0,1093,0.0,1146,742,404,20,0,3600,0,0.0,1.0,0,0.0,node_hello,10:1;11:1;13:0;15:1;16:1;17:1;24:0;28:1;29:1;46:0;48:0;61:1;68:1;71:1;74:0;75:0;80:1;95:0;96:1;98:1,SIM
managed_flood,100,20,9,cold,240.0,60.0,node_hello,continuous,15,13,0.65,0.2672639999999973,2.3358651791900735,52.30769230769231,256.61849600000164,74.87897600000021,181.73952000000142,0.29179103286459807,0.6321341628347309,0.65,0,1027,0.0,1084,680,404,20,0,3697,0,0.0,1.0,0,0.0,node_hello,1:1;11:0;15:1;17:0;21:0;29:1;48:1;53:1;55:1;60:0;7:0;72:1;79:1;8:1;80:0;81:1;85:1;89:1;95:1;96:0,SIM
managed_flood,100,20,9,cold,240.0,60.0,node_hello,continuous,16,16,0.8,0.2672639999999986,2.6845938410711625,46.75,274.7924480000024,74.87897600000021,199.9134720000022,0.2724928452182192,0.583751846381093,0.8,0,1101,0.0,1152,748,404,20,0,3385,0,0.0,1.0,0,0.0,node_hello,0:1;10:1;12:1;13:1;15:0;2:1;24:1;25:0;34:1;35:1;45:1;5:1;63:0;67:1;68:1;70:1;8:1;90:1;93:1;94:0,SIM
managed_flood,100,20,9,cold,240.0,60.0,node_hello,continuous,17,12,0.6,0.2672639999999973,6.0526767568327875,50.583333333333336,237.1082240000008,74.87897600000021,162.22924800000058,0.3158008386921238,0.503228583727938,0.6,0,976,0.0,1011,607,404,20,0,2323,0,0.0,1.0,0,0.0,node_hello,1:1;12:0;22:1;23:0;27:1;29:1;30:0;41:0;42:1;48:1;49:1;51:0;52:1;60:1;61:0;62:1;63:1;83:0;87:1;88:0,SIM
managed_flood,100,20,9,cold,240.0,60.0,node_hello,continuous,18,12,0.6,0.2672640000000004,3.8984114085034425,61.666666666666664,272.65433600000233,74.87897600000021,197.7753600000021,0.27462969083315647,0.4980572235959025,0.6,0,1102,0.0,1144,740,404,20,0,2831,0,0.0,1.0,0,0.0,node_hello,13:0;29:1;45:0;49:0;5:1;50:1;54:0;66:1;7:1;76:0;8:1;85:1;86:0;87:1;89:0;91:1;96:0;97:1;98:1;99:1,SIM
managed_flood,100,20,9,cold,240.0,60.0,node_hello,continuous,19,13,0.65,0.2672639999999973,2.273520829106687,49.84615384615385,248.06604800000127,74.87897600000021,173.18707200000105,0.30185096511071047,0.6448598130841121,0.65,0,997,0.0,1052,648,404,20,0,3745,0,0.0,1.0,0,0.0,node_hello,10:0;12:1;16:1;19:1;27:1;30:0;40:1;49:0;50:1;57:1;6:1;61:0;68:1;69:0;73:1;76:0;89:1;95:0;96:1;99:1,SIM
gradient,25,5,7,warm,240.0,60.0,node_hello,continuous,0,4,0.8,0.0770559999999989,0.0770559999999989,1.25,5.736703999999995,5.351423999999995,0.38528,0.9328394841358383,0.0,0.8,0,92,0.0,109,5,104,5,166,64,0,0.0,1.0,0,0.0,node_hello,12:1;17:1;2:1;21:1;22:0,SIM
gradient,25,5,7,warm,240.0,60.0,node_hello,continuous,1,3,0.6,0.0770559999999989,0.0770559999999989,1.6666666666666667,5.736703999999995,5.351423999999995,0.38528,0.9328394841358383,0.0,0.6,0,88,0.0,109,5,104,5,193,58,0,0.0,1.0,0,0.0,node_hello,0:1;17:1;24:0;6:0;7:1,SIM
gradient,25,5,7,warm,240.0,60.0,node_hello,continuous,2,3,0.6,0.0770559999999989,0.0770559999999989,1.6666666666666667,5.736703999999995,5.351423999999995,0.38528,0.9328394841358383,0.0,0.6,0,96,0.0,109,5,104,5,83,60,0,0.0,1.0,0,0.0,node_hello,10:0;19:1;2:1;21:1;23:0,SIM
gradient,25,5,7,warm,240.0,60.0,node_hello,continuous,3,3,0.6,0.0770559999999989,0.0770559999999989,1.6666666666666667,5.736703999999995,5.351423999999995,0.38528,0.9328394841358383,0.0,0.6,0,96,0.0,109,5,104,5,117,68,0,0.0,1.0,0,0.0,node_hello,10:0;16:1;17:1;7:0;8:1,SIM
gradient,25,5,7,warm,240.0,60.0,node_hello,continuous,4,5,1.0,0.0770559999999989,0.0770559999999989,1.0,5.736703999999995,5.351423999999995,0.38528,0.9328394841358383,0.0,1.0,0,100,0.0,109,5,104,5,48,54,0,0.0,1.0,0,0.0,node_hello,0:1;10:1;24:1;4:1;9:1,SIM
gradient,25,5,7,warm,240.0,60.0,node_hello,continuous,5,2,0.4,0.0770559999999989,0.0770559999999989,2.5,5.736703999999995,5.351423999999995,0.38528,0.9328394841358383,0.0,0.4,0,96,0.0,109,5,104,5,79,48,0,0.0,1.0,0,0.0,node_hello,1:0;11:1;23:1;24:0;9:0,SIM
gradient,25,5,7,warm,240.0,60.0,node_hello,continuous,6,5,1.0,0.3329089714943052,2.3486458213331542,4.2,6.969599999999995,5.351423999999995,1.618176,0.7678236914600549,0.608,1.0,0,89,0.0,125,21,104,5,247,250,0,0.52,1.0,0,0.0,node_hello,12:1;14:1;19:1;2:1;21:1,SIM
gradient,25,5,7,warm,240.0,60.0,node_hello,continuous,7,5,1.0,0.6337265233445493,2.09803923251188,6.8,7.9713279999999935,5.351423999999995,2.6199039999999982,0.6713340612756118,0.7314148681055156,1.0,0,91,0.0,138,34,104,5,169,417,0,0.52,1.0,0,0.0,node_hello,11:1;14:1;19:1;3:1;5:1,SIM
gradient,25,5,7,warm,240.0,60.0,node_hello,continuous,8,2,0.4,0.0770559999999989,0.0770559999999989,2.5,5.736703999999995,5.351423999999995,0.38528,0.9328394841358383,0.0,0.4,0,84,0.0,109,5,104,5,274,59,0,0.0,1.0,0,0.0,node_hello,0:1;10:0;12:0;24:0;5:1,SIM
gradient,25,5,7,warm,240.0,60.0,node_hello,continuous,9,4,0.8,0.0770559999999989,0.0770559999999989,1.25,5.736703999999995,5.351423999999995,0.38528,0.9328394841358383,0.0,0.8,0,92,0.0,109,5,104,5,146,55,0,0.0,1.0,0,0.0,node_hello,11:1;18:0;2:1;22:1;24:1,SIM
gradient,25,5,7,warm,240.0,60.0,node_hello,continuous,10,5,1.0,0.3614629146420043,1.8562120186772457,5.6,7.508991999999995,5.351423999999995,2.1575679999999995,0.7126687576708031,0.6676056338028169,1.0,0,89,0.0,132,28,104,5,188,355,0,0.44,1.0,0,0.0,node_hello,12:1;14:1;15:1;18:1;5:1,SIM
gradient,25,5,7,warm,240.0,60.0,node_hello,continuous,11,3,0.6,0.0770559999999989,0.0770559999999989,1.6666666666666667,5.736703999999995,5.351423999999995,0.38528,0.9328394841358383,0.0,0.6,0,92,0.0,109,5,104,5,159,49,0,0.0,1.0,0,0.0,node_hello,0:1;18:0;6:1;8:0;9:1,SIM
gradient,25,5,7,warm,240.0,60.0,node_hello,continuous,12,4,0.8,0.0770559999999989,0.0770559999999989,1.25,5.736703999999995,5.351423999999995,0.38528,0.9328394841358383,0.0,0.8,0,104,0.0,109,5,104,5,0,48,0,0.0,1.0,0,0.0,node_hello,14:1;15:1;22:1;7:0;9:1,SIM
gradient,25,5,7,warm,240.0,60.0,node_hello,continuous,13,3,0.6,0.0770559999999989,0.0770559999999989,1.6666666666666667,5.736703999999995,5.351423999999995,0.38528,0.9328394841358383,0.0,0.6,0,88,0.0,109,5,104,5,252,65,0,1.0,1.0,0,0.0,node_hello,15:1;19:0;22:1;23:0;7:1,SIM
gradient,25,5,7,warm,240.0,60.0,node_hello,continuous,14,3,0.6,0.0770559999999989,0.0770559999999989,1.6666666666666667,5.736703999999995,5.351423999999995,0.38528,0.9328394841358383,0.0,0.6,0,88,0.0,109,5,104,5,187,55,0,0.0,1.0,0,0.0,node_hello,11:1;16:0;6:0;8:1;9:1,SIM
gradient,25,5,7,warm,240.0,60.0,node_hello,continuous,15,4,0.8,0.0770559999999989,0.0770559999999989,1.25,5.736703999999995,5.351423999999995,0.38528,0.9328394841358383,0.0,0.8,0,96,0.0,109,5,104,5,75,45,0,0.0,1.0,0,0.0,node_hello,1:1;15:1;16:1;18:1;2:0,SIM
gradient,25,5,7,warm,240.0,60.0,node_hello,continuous,16,3,0.6,0.0770559999999989,1.554637642248467,5.0,6.507263999999996,5.351423999999995,1.15584,0.8223769621149531,0.5060975609756098,0.6,0,98,0.0,119,15,104,5,104,164,0,0.52,1.0,0,0.0,node_hello,20:1;22:1;4:1;7:0;8:0,SIM
gradient,25,5,7,warm,240.0,60.0,node_hello,continuous,17,2,0.4,0.0770559999999989,0.0770559999999989,2.5,5.736703999999995,5.351423999999995,0.38528,0.9328394841358383,0.0,0.4,0,84,0.0,109,5,104,5,239,47,0,0.0,1.0,0,0.0,node_hello,12:0;15:1;21:0;23:1;4:0,SIM
gradient,25,5,7,warm,240.0,60.0,node_hello,continuous,18,5,1.0,0.0770559999999989,0.0770559999999989,5.0,7.277823999999995,5.351423999999995,1.9264000000000001,0.7353054979070666,0.6259842519685039,1.0,0,99,0.0,129,25,104,5,172,254,0,0.84,1.0,0,0.0,node_hello,10:1;11:1;22:1;23:1;4:1,SIM
gradient,25,5,7,warm,240.0,60.0,node_hello,continuous,19,1,0.2,0.0770559999999989,0.0770559999999989,5.0,5.736703999999995,5.351423999999995,0.38528,0.9328394841358383,0.0,0.2,0,100,0.0,109,5,104,5,38,75,0,0.0,1.0,0,0.0,node_hello,14:1;19:0;3:0;6:0;9:0,SIM
gradient,25,5,7,cold,240.0,60.0,node_hello,continuous,0,3,0.6,0.0770559999999989,0.0770560000000005,1.6666666666666667,5.736703999999995,5.351423999999995,0.38528,0.9328394841358383,0.0,0.6,0,92,0.0,109,5,104,5,161,63,0,0.0,1.0,0,0.0,node_hello,12:0;17:1;2:0;21:1;22:1,SIM
gradient,25,5,7,cold,240.0,60.0,node_hello,continuous,1,1,0.2,0.07705600000000068,0.07705600000000068,5.0,5.736703999999995,5.351423999999995,0.38528,0.9328394841358383,0.0,0.2,0,88,0.0,109,5,104,5,195,49,0,0.0,1.0,0,0.0,node_hello,0:0;17:0;24:0;6:0;7:1,SIM
gradient,25,5,7,cold,240.0,60.0,node_hello,continuous,2,4,0.8,0.07705599999999946,0.07705600000000057,1.25,5.736703999999995,5.351423999999995,0.38528,0.9328394841358383,0.0,0.8,0,96,0.0,109,5,104,5,84,61,0,0.0,1.0,0,0.0,node_hello,10:0;19:1;2:1;21:1;23:1,SIM
gradient,25,5,7,cold,240.0,60.0,node_hello,continuous,3,2,0.4,0.07705599999999935,0.07705599999999975,2.5,5.736703999999995,5.351423999999995,0.38528,0.9328394841358383,0.0,0.4,0,96,0.0,109,5,104,5,119,62,0,0.0,1.0,0,0.0,node_hello,10:0;16:0;17:1;7:0;8:1,SIM
gradient,25,5,7,cold,240.0,60.0,node_hello,continuous,4,5,1.0,0.07705599999999979,0.07705600000000054,1.0,5.736703999999995,5.351423999999995,0.38528,0.9328394841358383,0.0,1.0,0,100,0.0,109,5,104,5,46,59,0,0.0,1.0,0,0.0,node_hello,0:1;10:1;24:1;4:1;9:1,SIM
gradient,25,5,7,cold,240.0,60.0,node_hello,continuous,5,3,0.6,0.0770559999999989,0.07705599999999971,1.6666666666666667,5.736703999999995,5.351423999999995,0.38528,0.9328394841358383,0.0,0.6,0,96,0.0,109,5,104,5,79,53,0,0.0,1.0,0,0.0,node_hello,1:0;11:0;23:1;24:1;9:1,SIM
gradient,25,5,7,cold,240.0,60.0,node_hello,continuous,6,3,0.6,0.0770559999999989,2.10032765255792,5.666666666666667,6.661375999999995,5.351423999999995,1.309952,0.8033511394642787,0.58,0.6,0,90,0.0,121,17,104,5,256,200,0,0.0,1.0,0,0.0,node_hello,12:0;14:1;19:1;2:0;21:1,SIM
gradient,25,5,7,cold,240.0,60.0,node_hello,continuous,7,1,0.2,0.07705600000000068,0.07705600000000068,5.0,5.736703999999995,5.351423999999995,0.38528,0.9328394841358383,0.0,0.2,0,88,0.0,109,5,104,5,179,55,0,0.0,1.0,0,0.0,node_hello,11:1;14:0;19:0;3:0;5:0,SIM
gradient,25,5,7,cold,240.0,60.0,node_hello,continuous,8,2,0.4,0.07705600000000024,0.07705600000000064,2.5,5.736703999999995,5.351423999999995,0.38528,0.9328394841358383,0.0,0.4,0,84,0.0,109,5,104,5,280,64,0,0.0,1.0,0,0.0,node_hello,0:0;10:1;12:0;24:0;5:1,SIM
gradient,25,5,7,cold,240.0,60.0,node_hello,continuous,9,3,0.6,0.07705599999999979,0.07705599999999999,1.6666666666666667,5.736703999999995,5.351423999999995,0.38528,0.9328394841358383,0.0,0.6,0,92,0.0,109,5,104,5,138,67,0,0.0,1.0,0,0.0,node_hello,11:1;18:0;2:1;22:0;24:1,SIM
gradient,25,5,7,cold,240.0,60.0,node_hello,continuous,10,1,0.2,0.0770559999999989,0.0770559999999989,5.0,5.736703999999995,5.351423999999995,0.38528,0.9328394841358383,0.0,0.2,0,88,0.0,109,5,104,5,204,44,0,0.0,1.0,0,0.0,node_hello,12:0;14:0;15:1;18:0;5:0,SIM
gradient,25,5,7,cold,240.0,60.0,node_hello,continuous,11,1,0.2,0.07705599999999979,0.07705599999999979,5.0,5.736703999999995,5.351423999999995,0.38528,0.9328394841358383,0.0,0.2,0,92,0.0,109,5,104,5,148,60,0,0.0,1.0,0,0.0,node_hello,0:0;18:0;6:1;8:0;9:0,SIM
gradient,25,5,7,cold,240.0,60.0,node_hello,continuous,12,4,0.8,0.07705599999999935,0.07705600000000054,1.25,5.736703999999995,5.351423999999995,0.38528,0.9328394841358383,0.0,0.8,0,104,0.0,109,5,104,5,0,48,0,0.0,1.0,0,0.0,node_hello,14:1;15:1;22:1;7:0;9:1,SIM
gradient,25,5,7,cold,240.0,60.0,node_hello,continuous,13,4,0.8,0.07705599999999935,0.07705600000000054,3.5,6.430207999999995,5.351423999999995,1.078784,0.8322318655943943,0.5434782608695652,0.8,0,88,0.0,118,14,104,5,252,184,0,0.0,1.0,0,0.0,node_hello,15:1;19:1;22:1;23:1;7:0,SIM
gradient,25,5,7,cold,240.0,60.0,node_hello,continuous,14,1,0.2,0.077056,0.077056,5.0,5.736703999999995,5.351423999999995,0.38528,0.9328394841358383,0.0,0.2,0,88,0.0,109,5,104,5,185,62,0,0.0,1.0,0,0.0,node_hello,11:0;16:0;6:1;8:0;9:0,SIM
gradient,25,5,7,cold,240.0,60.0,node_hello,continuous,15,3,0.6,0.077056,0.07705600000000061,1.6666666666666667,5.736703999999995,5.351423999999995,0.38528,0.9328394841358383,0.0,0.6,0,96,0.0,109,5,104,5,73,49,0,0.0,1.0,0,0.0,node_hello,1:1;15:1;16:0;18:0;2:1,SIM
gradient,25,5,7,cold,240.0,60.0,node_hello,continuous,16,2,0.4,0.07705599999999946,0.07705599999999994,2.5,5.736703999999995,5.351423999999995,0.38528,0.9328394841358383,0.0,0.4,0,96,0.0,109,5,104,5,114,61,0,0.0,1.0,0,0.0,node_hello,20:0;22:1;4:1;7:0;8:0,SIM
gradient,25,5,7,cold,240.0,60.0,node_hello,continuous,17,3,0.6,0.07705599999999979,0.0770560000000006,1.6666666666666667,5.736703999999995,5.351423999999995,0.38528,0.9328394841358383,0.0,0.6,0,84,0.0,109,5,104,5,237,56,0,0.0,1.0,0,0.0,node_hello,12:1;15:1;21:0;23:1;4:0,SIM
gradient,25,5,7,cold,240.0,60.0,node_hello,continuous,18,3,0.6,0.0770559999999989,0.07705599999999971,1.6666666666666667,5.736703999999995,5.351423999999995,0.38528,0.9328394841358383,0.0,0.6,0,92,0.0,109,5,104,5,183,66,0,0.0,1.0,0,0.0,node_hello,10:1;11:0;22:1;23:1;4:0,SIM
gradient,25,5,7,cold,240.0,60.0,node_hello,continuous,19,1,0.2,0.07705600000000068,0.07705600000000068,5.0,5.736703999999995,5.351423999999995,0.38528,0.9328394841358383,0.0,0.2,0,100,0.0,109,5,104,5,38,77,0,0.0,1.0,0,0.0,node_hello,14:0;19:0;3:0;6:0;9:1,SIM
gradient,25,5,9,warm,240.0,60.0,node_hello,continuous,0,3,0.6,0.2672639999999973,0.2672639999999973,1.6666666666666667,20.612096000000033,19.275776000000032,1.33632,0.9351681653335984,0.0,0.6,0,104,0.0,109,5,104,5,0,81,0,0.0,1.0,0,0.0,node_hello,12:1;17:0;2:1;21:1;22:0,SIM
gradient,25,5,9,warm,240.0,60.0,node_hello,continuous,1,3,0.6,0.2672639999999973,0.2672639999999973,1.6666666666666667,20.612096000000033,19.275776000000032,1.33632,0.9351681653335984,0.0,0.6,0,104,0.0,109,5,104,5,0,69,0,0.0,1.0,0,0.0,node_hello,0:1;17:0;24:1;6:0;7:1,SIM
gradient,25,5,9,warm,240.0,60.0,node_hello,continuous,2,4,0.8,0.2672639999999973,0.2672639999999973,1.25,20.612096000000033,19.275776000000032,1.33632,0.9351681653335984,0.0,0.8,0,104,0.0,109,5,104,5,0,82,0,0.0,1.0,0,0.0,node_hello,10:0;19:1;2:1;21:1;23:1,SIM
gradient,25,5,9,warm,240.0,60.0,node_hello,continuous,3,3,0.6,0.2672639999999973,0.2672639999999973,1.6666666666666667,20.612096000000033,19.275776000000032,1.33632,0.9351681653335984,0.0,0.6,0,104,0.0,109,5,104,5,0,83,0,0.0,1.0,0,0.0,node_hello,10:1;16:0;17:1;7:0;8:1,SIM
gradient,25,5,9,warm,240.0,60.0,node_hello,continuous,4,5,1.0,0.2672639999999973,0.2672639999999973,1.0,20.612096000000033,19.275776000000032,1.33632,0.9351681653335984,0.0,1.0,0,104,0.0,109,5,104,5,0,80,0,0.0,1.0,0,0.0,node_hello,0:1;10:1;24:1;4:1;9:1,SIM
gradient,25,5,9,warm,240.0,60.0,node_hello,continuous,5,4,0.8,0.2672639999999973,0.2672639999999973,1.25,20.612096000000033,19.275776000000032,1.33632,0.9351681653335984,0.0,0.8,0,104,0.0,109,5,104,5,0,68,0,0.0,1.0,0,0.0,node_hello,1:1;11:0;23:1;24:1;9:1,SIM
gradient,25,5,9,warm,240.0,60.0,node_hello,continuous,6,2,0.4,0.2672639999999973,0.2672639999999973,2.5,20.612096000000033,19.275776000000032,1.33632,0.9351681653335984,0.0,0.4,0,104,0.0,109,5,104,5,0,78,0,0.0,1.0,0,0.0,node_hello,12:0;14:0;19:1;2:0;21:1,SIM
gradient,25,5,9,warm,240.0,60.0,node_hello,continuous,7,2,0.4,0.2672639999999973,0.2672639999999973,5.5,22.21568000000003,19.275776000000032,2.939904,0.8676653606821851,0.38,0.4,0,102,0.0,115,11,104,5,58,150,0,0.6,1.0,0,0.0,node_hello,11:1;14:0;19:0;3:1;5:0,SIM
gradient,25,5,9,warm,240.0,60.0,node_hello,continuous,8,2,0.4,0.2672639999999973,0.2672639999999973,2.5,20.612096000000033,19.275776000000032,1.33632,0.9351681653335984,0.0,0.4,0,104,0.0,109,5,104,5,0,90,0,0.0,1.0,0,0.0,node_hello,0:0;10:1;12:0;24:0;5:1,SIM
gradient,25,5,9,warm,240.0,60.0,node_hello,continuous,9,4,0.8,0.2672639999999973,0.2672639999999973,1.25,20.612096000000033,19.275776000000032,1.33632,0.9351681653335984,0.0,0.8,0,100,0.0,109,5,104,5,63,82,0,0.0,1.0,0,0.0,node_hello,11:1;18:0;2:1;22:1;24:1,SIM
gradient,25,5,9,warm,240.0,60.0,node_hello,continuous,10,2,0.4,0.2672639999999973,0.2672639999999973,2.5,20.612096000000033,19.275776000000032,1.33632,0.9351681653335984,0.0,0.4,0,104,0.0,109,5,104,5,0,67,0,0.0,1.0,0,0.0,node_hello,12:0;14:0;15:1;18:0;5:1,SIM
gradient,25,5,9,warm,240.0,60.0,node_hello,continuous,11,4,0.8,0.2672639999999973,0.2672639999999973,1.25,20.612096000000033,19.275776000000032,1.33632,0.9351681653335984,0.0,0.8,0,104,0.0,109,5,104,5,0,78,0,0.0,1.0,0,0.0,node_hello,0:1;18:0;6:1;8:1;9:1,SIM
gradient,25,5,9,warm,240.0,60.0,node_hello,continuous,12,4,0.8,0.2672639999999973,0.2672639999999973,1.25,20.612096000000033,19.275776000000032,1.33632,0.9351681653335984,0.0,0.8,0,104,0.0,109,5,104,5,0,73,0,0.0,1.0,0,0.0,node_hello,14:1;15:1;22:1;7:0;9:1,SIM
gradient,25,5,9,warm,240.0,60.0,node_hello,continuous,13,5,1.0,0.2672639999999973,0.2672639999999973,1.0,20.612096000000033,19.275776000000032,1.33632,0.9351681653335984,0.0,1.0,0,104,0.0,109,5,104,5,0,92,0,0.0,1.0,0,0.0,node_hello,15:1;19:1;22:1;23:1;7:1,SIM
gradient,25,5,9,warm,240.0,60.0,node_hello,continuous,14,3,0.6,0.2672639999999973,0.2672639999999973,1.6666666666666667,20.612096000000033,19.275776000000032,1.33632,0.9351681653335984,0.0,0.6,0,100,0.0,109,5,104,5,59,79,0,0.0,1.0,0,0.0,node_hello,11:0;16:1;6:1;8:0;9:1,SIM
gradient,25,5,9,warm,240.0,60.0,node_hello,continuous,15,4,0.8,0.2672639999999973,0.2672639999999973,1.25,20.612096000000033,19.275776000000032,1.33632,0.9351681653335984,0.0,0.8,0,104,0.0,109,5,104,5,0,64,0,0.0,1.0,0,0.0,node_hello,1:1;15:1;16:0;18:1;2:1,SIM
gradient,25,5,9,warm,240.0,60.0,node_hello,continuous,16,2,0.4,0.2672639999999973,0.2672639999999973,2.5,20.612096000000033,19.275776000000032,1.33632,0.9351681653335984,0.0,0.4,0,104,0.0,109,5,104,5,0,78,0,0.0,1.0,0,0.0,node_hello,20:0;22:1;4:1;7:0;8:0,SIM
gradient,25,5,9,warm,240.0,60.0,node_hello,continuous,17,3,0.6,0.2672639999999973,0.2672639999999973,1.6666666666666667,20.612096000000033,19.275776000000032,1.33632,0.9351681653335984,0.0,0.6,0,104,0.0,109,5,104,5,0,70,0,0.0,1.0,0,0.0,node_hello,12:1;15:1;21:0;23:1;4:0,SIM
gradient,25,5,9,warm,240.0,60.0,node_hello,continuous,18,4,0.8,0.2672639999999973,0.2672639999999973,1.25,20.612096000000033,19.275776000000032,1.33632,0.9351681653335984,0.0,0.8,0,104,0.0,109,5,104,5,0,85,0,0.0,1.0,0,0.0,node_hello,10:1;11:0;22:1;23:1;4:1,SIM
gradient,25,5,9,warm,240.0,60.0,node_hello,continuous,19,3,0.6,0.2672639999999973,0.2672639999999973,1.6666666666666667,20.612096000000033,19.275776000000032,1.33632,0.9351681653335984,0.0,0.6,0,104,0.0,109,5,104,5,0,94,0,0.0,1.0,0,0.0,node_hello,14:1;19:1;3:0;6:0;9:1,SIM
gradient,25,5,9,cold,240.0,60.0,node_hello,continuous,0,3,0.6,0.267264,0.2672640000000008,1.6666666666666667,20.612096000000033,19.275776000000032,1.33632,0.9351681653335984,0.0,0.6,0,104,0.0,109,5,104,5,0,81,0,0.0,1.0,0,0.0,node_hello,12:1;17:0;2:1;21:1;22:0,SIM
gradient,25,5,9,cold,240.0,60.0,node_hello,continuous,1,3,0.6,0.26726400000000083,0.26726400000000083,1.6666666666666667,20.612096000000033,19.275776000000032,1.33632,0.9351681653335984,0.0,0.6,0,104,0.0,109,5,104,5,0,69,0,0.0,1.0,0,0.0,node_hello,0:1;17:0;24:1;6:0;7:1,SIM
gradient,25,5,9,cold,240.0,60.0,node_hello,continuous,2,4,0.8,0.26726400000000083,0.26726400000000083,1.25,20.612096000000033,19.275776000000032,1.33632,0.9351681653335984,0.0,0.8,0,104,0.0,109,5,104,5,0,82,0,0.0,1.0,0,0.0,node_hello,10:0;19:1;2:1;21:1;23:1,SIM
gradient,25,5,9,cold,240.0,60.0,node_hello,continuous,3,3,0.6,0.26726400000000083,0.26726400000000083,1.6666666666666667,20.612096000000033,19.275776000000032,1.33632,0.9351681653335984,0.0,0.6,0,104,0.0,109,5,104,5,0,83,0,0.0,1.0,0,0.0,node_hello,10:1;16:0;17:1;7:0;8:1,SIM
gradient,25,5,9,cold,240.0,60.0,node_hello,continuous,4,5,1.0,0.26726400000000083,0.26726400000000083,1.0,20.612096000000033,19.275776000000032,1.33632,0.9351681653335984,0.0,1.0,0,104,0.0,109,5,104,5,0,80,0,0.0,1.0,0,0.0,node_hello,0:1;10:1;24:1;4:1;9:1,SIM
gradient,25,5,9,cold,240.0,60.0,node_hello,continuous,5,4,0.8,0.2672640000000004,0.26726400000000083,1.25,20.612096000000033,19.275776000000032,1.33632,0.9351681653335984,0.0,0.8,0,104,0.0,109,5,104,5,0,68,0,0.0,1.0,0,0.0,node_hello,1:1;11:0;23:1;24:1;9:1,SIM
gradient,25,5,9,cold,240.0,60.0,node_hello,continuous,6,2,0.4,0.26726400000000083,0.26726400000000083,2.5,20.612096000000033,19.275776000000032,1.33632,0.9351681653335984,0.0,0.4,0,104,0.0,109,5,104,5,0,78,0,0.0,1.0,0,0.0,node_hello,12:0;14:0;19:1;2:0;21:1,SIM
gradient,25,5,9,cold,240.0,60.0,node_hello,continuous,7,3,0.6,0.267264,0.2672640000000008,1.6666666666666667,20.612096000000033,19.275776000000032,1.33632,0.9351681653335984,0.0,0.6,0,100,0.0,109,5,104,5,56,79,0,0.0,1.0,0,0.0,node_hello,11:1;14:0;19:0;3:1;5:1,SIM
gradient,25,5,9,cold,240.0,60.0,node_hello,continuous,8,2,0.4,0.2672640000000004,0.2672640000000008,2.5,20.612096000000033,19.275776000000032,1.33632,0.9351681653335984,0.0,0.4,0,104,0.0,109,5,104,5,0,90,0,0.0,1.0,0,0.0,node_hello,0:0;10:1;12:0;24:0;5:1,SIM
gradient,25,5,9,cold,240.0,60.0,node_hello,continuous,9,5,1.0,0.26726400000000083,0.26726400000000083,1.0,20.612096000000033,19.275776000000032,1.33632,0.9351681653335984,0.0,1.0,0,100,0.0,109,5,104,5,66,85,0,0.0,1.0,0,0.0,node_hello,11:1;18:1;2:1;22:1;24:1,SIM
gradient,25,5,9,cold,240.0,60.0,node_hello,continuous,10,2,0.4,0.2672640000000004,0.2672640000000008,2.5,20.612096000000033,19.275776000000032,1.33632,0.9351681653335984,0.0,0.4,0,104,0.0,109,5,104,5,0,67,0,0.0,1.0,0,0.0,node_hello,12:0;14:0;15:1;18:0;5:1,SIM
gradient,25,5,9,cold,240.0,60.0,node_hello,continuous,11,4,0.8,0.2672640000000004,0.26726400000000083,1.25,20.612096000000033,19.275776000000032,1.33632,0.9351681653335984,0.0,0.8,0,104,0.0,109,5,104,5,0,78,0,0.0,1.0,0,0.0,node_hello,0:1;18:0;6:1;8:1;9:1,SIM
gradient,25,5,9,cold,240.0,60.0,node_hello,continuous,12,4,0.8,0.26726400000000083,0.26726400000000083,1.25,20.612096000000033,19.275776000000032,1.33632,0.9351681653335984,0.0,0.8,0,104,0.0,109,5,104,5,0,73,0,0.0,1.0,0,0.0,node_hello,14:1;15:1;22:1;7:0;9:1,SIM
gradient,25,5,9,cold,240.0,60.0,node_hello,continuous,13,5,1.0,0.26726400000000083,0.26726400000000083,1.0,20.612096000000033,19.275776000000032,1.33632,0.9351681653335984,0.0,1.0,0,104,0.0,109,5,104,5,0,92,0,0.0,1.0,0,0.0,node_hello,15:1;19:1;22:1;23:1;7:1,SIM
gradient,25,5,9,cold,240.0,60.0,node_hello,continuous,14,1,0.2,0.267264,0.267264,5.0,20.612096000000033,19.275776000000032,1.33632,0.9351681653335984,0.0,0.2,0,100,0.0,109,5,104,5,58,78,0,0.0,1.0,0,0.0,node_hello,11:0;16:0;6:1;8:0;9:0,SIM
gradient,25,5,9,cold,240.0,60.0,node_hello,continuous,15,4,0.8,0.2672640000000004,0.26726400000000083,1.25,20.612096000000033,19.275776000000032,1.33632,0.9351681653335984,0.0,0.8,0,104,0.0,109,5,104,5,0,64,0,0.0,1.0,0,0.0,node_hello,1:1;15:1;16:0;18:1;2:1,SIM
gradient,25,5,9,cold,240.0,60.0,node_hello,continuous,16,2,0.4,0.2672640000000004,0.2672640000000008,2.5,20.612096000000033,19.275776000000032,1.33632,0.9351681653335984,0.0,0.4,0,104,0.0,109,5,104,5,0,78,0,0.0,1.0,0,0.0,node_hello,20:0;22:1;4:1;7:0;8:0,SIM
gradient,25,5,9,cold,240.0,60.0,node_hello,continuous,17,3,0.6,0.26726400000000083,0.26726400000000083,1.6666666666666667,20.612096000000033,19.275776000000032,1.33632,0.9351681653335984,0.0,0.6,0,104,0.0,109,5,104,5,0,70,0,0.0,1.0,0,0.0,node_hello,12:1;15:1;21:0;23:1;4:0,SIM
gradient,25,5,9,cold,240.0,60.0,node_hello,continuous,18,4,0.8,0.2672640000000004,0.26726400000000083,1.25,20.612096000000033,19.275776000000032,1.33632,0.9351681653335984,0.0,0.8,0,104,0.0,109,5,104,5,0,85,0,0.0,1.0,0,0.0,node_hello,10:1;11:0;22:1;23:1;4:1,SIM
gradient,25,5,9,cold,240.0,60.0,node_hello,continuous,19,3,0.6,0.26726400000000083,0.26726400000000083,1.6666666666666667,20.612096000000033,19.275776000000032,1.33632,0.9351681653335984,0.0,0.6,0,104,0.0,109,5,104,5,0,94,0,0.0,1.0,0,0.0,node_hello,14:1;19:1;3:0;6:0;9:1,SIM
gradient,25,20,7,warm,240.0,60.0,node_hello,continuous,0,11,0.55,0.0770559999999989,0.0770559999999989,1.8181818181818181,6.892543999999996,5.351423999999995,1.54112,0.776407666022879,0.0,0.55,0,92,0.0,124,20,104,20,165,241,0,0.0,1.0,0,0.0,node_hello,10:0;11:1;12:1;14:1;15:0;16:1;17:0;18:1;19:1;2:0;20:1;21:1;22:0;23:0;4:1;5:1;6:0;7:0;8:0;9:1,SIM
gradient,25,20,7,warm,240.0,60.0,node_hello,continuous,1,12,0.6,0.0770559999999989,0.0770559999999989,1.6666666666666667,6.892543999999996,5.351423999999995,1.54112,0.776407666022879,0.0,0.6,0,88,0.0,124,20,104,20,179,229,0,0.0,1.0,0,0.0,node_hello,0:1;10:1;11:0;12:1;13:1;14:1;15:1;16:1;17:0;18:1;2:1;21:0;22:0;23:0;24:1;4:0;6:0;7:1;8:1;9:0,SIM
gradient,25,20,7,warm,240.0,60.0,node_hello,continuous,2,7,0.35,0.0770559999999989,0.0770559999999989,2.857142857142857,6.892543999999996,5.351423999999995,1.54112,0.776407666022879,0.0,0.35,0,96,0.0,124,20,104,20,87,261,0,0.0,1.0,0,0.0,node_hello,0:0;1:0;10:0;11:0;13:1;15:0;16:1;17:1;18:0;19:1;2:0;21:1;22:0;23:0;24:1;3:0;4:1;6:0;8:0;9:0,SIM
gradient,25,20,7,warm,240.0,60.0,node_hello,continuous,3,8,0.4,0.0770559999999989,0.0770559999999989,2.5,6.892543999999996,5.351423999999995,1.54112,0.776407666022879,0.0,0.4,0,96,0.0,124,20,104,20,109,236,0,0.0,1.0,0,0.0,node_hello,0:0;1:1;10:0;12:0;14:1;15:1;16:1;17:1;18:0;2:0;21:0;22:1;23:0;3:1;4:0;5:0;6:0;7:0;8:1;9:0,SIM
gradient,25,20,7,warm,240.0,60.0,node_hello,continuous,4,12,0.6,0.0770559999999989,0.0770559999999989,1.6666666666666667,6.892543999999996,5.351423999999995,1.54112,0.776407666022879,0.0,0.6,0,100,0.0,124,20,104,20,50,231,0,0.0,1.0,0,0.0,node_hello,0:1;10:1;11:0;12:0;13:1;14:1;15:0;17:1;19:0;2:1;20:1;21:1;22:1;23:0;24:1;4:0;5:1;6:0;7:1;9:0,SIM
gradient,25,20,7,warm,240.0,60.0,node_hello,continuous,5,11,0.55,0.0770559999999989,0.0770559999999989,1.8181818181818181,6.892543999999996,5.351423999999995,1.54112,0.776407666022879,0.0,0.55,0,96,0.0,124,20,104,20,68,200,0,0.0,1.0,0,0.0,node_hello,1:0;10:0;11:1;12:1;13:0;14:1;15:1;16:0;19:0;2:0;20:1;21:1;22:1;23:1;24:0;4:1;5:1;6:1;8:0;9:0,SIM
gradient,25,20,7,warm,240.0,60.0,node_hello,continuous,6,13,0.65,0.0770559999999989,2.354692758270964,5.923076923076923,11.284735999999985,5.351423999999995,5.933311999999989,0.47421791701640187,0.532394366197183,0.65,0,110,0.0,181,77,104,20,223,710,0,0.6,1.0,0,0.0,node_hello,1:0;11:1;12:0;13:1;14:1;15:1;16:0;17:1;19:1;2:1;21:0;22:0;23:1;3:1;4:0;5:0;6:1;7:1;8:1;9:1,SIM
gradient,25,20,7,warm,240.0,60.0,node_hello,continuous,7,11,0.55,0.0770559999999989,2.2011607479623194,8.636363636363637,12.67174399999998,5.351423999999995,7.3203199999999855,0.4223115618497346,0.5617848970251716,0.55,0,114,0.0,199,95,104,20,160,874,0,0.28,1.0,0,0.0,node_hello,1:1;10:1;11:1;12:0;13:1;14:0;15:1;17:1;18:0;19:0;2:1;20:1;21:0;23:1;3:1;4:0;5:1;6:0;7:0;9:0,SIM
gradient,25,20,7,warm,240.0,60.0,node_hello,continuous,8,3,0.15,0.0770559999999989,0.0770559999999989,6.666666666666667,6.892543999999996,5.351423999999995,1.54112,0.776407666022879,0.0,0.15,0,84,0.0,124,20,104,20,276,243,0,0.0,1.0,0,0.0,node_hello,0:0;1:0;10:0;12:0;13:0;14:0;15:0;17:0;18:0;19:0;20:1;21:0;22:0;23:0;24:0;4:1;5:0;6:0;7:0;9:1,SIM
gradient,25,20,7,warm,240.0,60.0,node_hello,continuous,9,14,0.7,0.0770559999999989,0.0770559999999989,1.4285714285714286,6.892543999999996,5.351423999999995,1.54112,0.776407666022879,0.0,0.7,0,92,0.0,124,20,104,20,147,240,0,0.0,1.0,0,0.0,node_hello,0:1;10:0;11:0;13:1;14:0;15:1;16:1;17:0;18:1;19:1;2:1;20:1;22:1;23:0;24:1;3:0;5:1;6:1;7:1;9:1,SIM
gradient,25,20,7,warm,240.0,60.0,node_hello,continuous,10,15,0.75,0.0770559999999989,0.9549592994970768,4.866666666666666,10.976511999999985,5.351423999999995,5.62508799999999,0.4875341091960727,0.5672436750998668,0.75,0,101,0.0,177,73,104,20,188,751,0,0.88,1.0,0,0.0,node_hello,1:0;10:0;11:1;12:1;13:0;14:1;15:1;16:1;18:1;19:1;2:0;22:1;23:1;3:1;4:1;5:0;6:1;7:1;8:1;9:1,SIM
gradient,25,20,7,warm,240.0,60.0,node_hello,continuous,11,8,0.4,0.0770559999999989,0.0770559999999989,2.5,6.892543999999996,5.351423999999995,1.54112,0.776407666022879,0.0,0.4,0,92,0.0,124,20,104,20,151,224,0,0.0,1.0,0,0.0,node_hello,0:0;1:0;11:0;12:1;13:0;15:0;17:1;18:0;19:0;20:0;21:1;22:0;23:1;3:1;4:0;5:1;6:1;7:0;8:0;9:1,SIM
gradient,25,20,7,warm,240.0,60.0,node_hello,continuous,12,8,0.4,0.0770559999999989,0.0770559999999989,2.5,6.892543999999996,5.351423999999995,1.54112,0.776407666022879,0.0,0.4,0,106,0.0,124,20,104,20,0,201,0,0.0,1.0,0,0.0,node_hello,0:1;1:1;11:0;12:0;14:0;15:1;16:1;17:0;18:0;19:0;21:1;22:0;23:0;24:0;3:1;4:0;5:1;6:1;7:0;9:0,SIM
gradient,25,20,7,warm,240.0,60.0,node_hello,continuous,13,12,0.6,0.0770559999999989,1.9425277793578881,5.166666666666667,10.128895999999987,5.351423999999995,4.777471999999992,0.5283324066117375,0.5405405405405406,0.6,0,100,0.0,166,62,104,20,251,666,0,0.92,1.0,0,0.0,node_hello,0:1;1:1;10:0;11:1;12:0;14:0;15:1;17:1;18:0;19:1;2:0;21:1;22:1;23:1;3:0;4:1;6:1;7:1;8:0;9:0,SIM
gradient,25,20,7,warm,240.0,60.0,node_hello,continuous,14,6,0.3,0.0770559999999989,0.0770559999999989,3.3333333333333335,6.892543999999996,5.351423999999995,1.54112,0.776407666022879,0.0,0.3,0,88,0.0,124,20,104,20,191,237,0,0.0,1.0,0,0.0,node_hello,0:0;1:0;10:0;11:0;12:0;15:0;16:0;17:0;18:0;19:1;2:1;20:0;22:0;24:0;3:1;4:0;6:1;7:0;8:1;9:1,SIM
gradient,25,20,7,warm,240.0,60.0,node_hello,continuous,15,14,0.7,0.0770559999999989,0.0770559999999989,1.4285714285714286,6.892543999999996,5.351423999999995,1.54112,0.776407666022879,0.0,0.7,0,96,0.0,124,20,104,20,72,205,0,0.0,1.0,0,0.0,node_hello,0:1;1:1;10:1;11:1;14:0;15:1;16:0;17:0;18:1;19:1;2:1;20:1;22:1;23:0;24:1;4:0;5:1;7:1;8:0;9:1,SIM
gradient,25,20,7,warm,240.0,60.0,node_hello,continuous,16,13,0.65,0.0770559999999989,0.31406578056688655,5.769230769230769,11.130623999999985,5.351423999999995,5.77919999999999,0.48078382667494673,0.5619718309859155,0.65,0,114,0.0,179,75,104,20,109,710,0,0.56,1.0,0,0.0,node_hello,0:1;1:1;10:1;13:0;14:0;16:0;17:1;18:1;2:1;20:0;21:1;22:1;23:1;24:1;3:0;4:1;5:0;6:1;7:0;8:1,SIM
gradient,25,20,7,warm,240.0,60.0,node_hello,continuous,17,10,0.5,0.0770559999999989,0.0770559999999989,2.0,6.892543999999996,5.351423999999995,1.54112,0.776407666022879,0.0,0.5,0,84,0.0,124,20,104,20,255,230,0,0.0,1.0,0,0.0,node_hello,0:0;1:1;10:0;11:1;12:0;13:1;14:1;15:0;16:0;18:1;20:0;21:0;22:0;23:1;24:0;3:1;4:1;5:1;6:1;8:0,SIM
gradient,25,20,7,warm,240.0,60.0,node_hello,continuous,18,14,0.7,0.0770559999999989,0.8629923396123135,4.214285714285714,9.897727999999988,5.351423999999995,4.546303999999993,0.540671960272095,0.5344827586206896,0.7,0,105,0.0,163,59,104,20,173,638,0,0.72,1.0,0,0.0,node_hello,0:1;10:1;11:0;12:0;13:0;14:1;15:1;16:1;17:1;18:1;19:0;2:1;21:0;22:1;23:1;24:0;4:1;6:1;8:1;9:1,SIM
gradient,25,20,7,warm,240.0,60.0,node_hello,continuous,19,9,0.45,0.0770559999999989,0.0770559999999989,2.2222222222222223,6.892543999999996,5.351423999999995,1.54112,0.776407666022879,0.0,0.45,0,100,0.0,124,20,104,20,33,263,0,0.0,1.0,0,0.0,node_hello,0:1;1:0;10:0;13:1;14:0;15:1;16:1;18:1;19:1;2:0;20:0;21:0;23:1;24:0;3:1;4:0;5:0;6:0;8:0;9:1,SIM
gradient,25,20,7,cold,240.0,60.0,node_hello,continuous,0,12,0.6,0.0770559999999989,0.0770560000000003,1.6666666666666667,6.892543999999996,5.351423999999995,1.54112,0.776407666022879,0.0,0.6,0,92,0.0,124,20,104,20,163,260,0,0.0,1.0,0,0.0,node_hello,10:0;11:1;12:1;14:0;15:1;16:0;17:1;18:1;19:1;2:1;20:0;21:0;22:0;23:1;4:1;5:1;6:0;7:1;8:1;9:0,SIM
gradient,25,20,7,cold,240.0,60.0,node_hello,continuous,1,11,0.55,0.0770559999999989,0.07705599999999935,1.8181818181818181,6.892543999999996,5.351423999999995,1.54112,0.776407666022879,0.0,0.55,0,88,0.0,124,20,104,20,185,234,0,0.0,1.0,0,0.0,node_hello,0:0;10:1;11:0;12:1;13:1;14:1;15:0;16:1;17:0;18:0;2:1;21:1;22:1;23:0;24:1;4:0;6:0;7:1;8:1;9:0,SIM
gradient,25,20,7,cold,240.0,60.0,node_hello,continuous,2,8,0.4,0.0770559999999989,0.07705600000000006,2.5,6.892543999999996,5.351423999999995,1.54112,0.776407666022879,0.0,0.4,0,96,0.0,124,20,104,20,93,253,0,0.0,1.0,0,0.0,node_hello,0:0;1:0;10:0;11:0;13:0;15:0;16:1;17:0;18:1;19:1;2:1;21:1;22:0;23:1;24:0;3:0;4:0;6:0;8:1;9:1,SIM
gradient,25,20,7,cold,240.0,60.0,node_hello,continuous,3,11,0.55,0.0770559999999989,0.07705599999999935,1.8181818181818181,6.892543999999996,5.351423999999995,1.54112,0.776407666022879,0.0,0.55,0,96,0.0,124,20,104,20,106,237,0,0.0,1.0,0,0.0,node_hello,0:0;1:1;10:0;12:0;14:1;15:1;16:0;17:1;18:0;2:0;21:1;22:0;23:1;3:1;4:0;5:1;6:1;7:0;8:1;9:1,SIM
gradient,25,20,7,cold,240.0,60.0,node_hello,continuous,4,11,0.55,0.0770559999999989,0.07705599999999935,1.8181818181818181,6.892543999999996,5.351423999999995,1.54112,0.776407666022879,0.0,0.55,0,100,0.0,124,20,104,20,51,232,0,0.0,1.0,0,0.0,node_hello,0:0;10:1;11:0;12:0;13:0;14:1;15:1;17:1;19:1;2:1;20:1;21:1;22:1;23:0;24:1;4:0;5:1;6:0;7:0;9:0,SIM
gradient,25,20,7,cold,240.0,60.0,node_hello,continuous,5,8,0.4,0.0770559999999989,0.0770559999999989,2.5,6.892543999999996,5.351423999999995,1.54112,0.776407666022879,0.0,0.4,0,96,0.0,124,20,104,20,78,199,0,0.0,1.0,0,0.0,node_hello,1:0;10:0;11:0;12:0;13:1;14:1;15:0;16:0;19:1;2:0;20:0;21:1;22:1;23:1;24:0;4:0;5:0;6:1;8:1;9:0,SIM
gradient,25,20,7,cold,240.0,60.0,node_hello,continuous,6,16,0.8,0.0770559999999989,0.5211900189504202,3.75,9.974783999999989,5.351423999999995,4.623359999999993,0.5364952263627966,0.5345911949685535,0.8,0,97,0.0,164,60,104,20,257,636,0,0.0,1.0,0,0.0,node_hello,1:1;11:1;12:1;13:1;14:1;15:1;16:1;17:1;19:1;2:0;21:1;22:0;23:1;3:1;4:0;5:1;6:1;7:1;8:0;9:1,SIM
gradient,25,20,7,cold,240.0,60.0,node_hello,continuous,7,11,0.55,0.0770559999999989,2.7002322214064094,6.2727272727272725,10.668287999999986,5.351423999999995,5.316863999999991,0.501619753797423,0.5773195876288659,0.55,0,96,0.0,173,69,104,20,168,776,0,0.0,1.0,0,0.0,node_hello,1:1;10:1;11:0;12:1;13:1;14:1;15:1;17:1;18:1;19:1;2:0;20:0;21:0;23:0;3:0;4:0;5:0;6:1;7:0;9:1,SIM
gradient,25,20,7,cold,240.0,60.0,node_hello,continuous,8,8,0.4,0.0770559999999989,0.07705600000000044,2.5,6.892543999999996,5.351423999999995,1.54112,0.776407666022879,0.0,0.4,0,84,0.0,124,20,104,20,277,243,0,0.0,1.0,0,0.0,node_hello,0:1;1:1;10:1;12:0;13:0;14:1;15:1;17:0;18:1;19:0;20:1;21:0;22:0;23:0;24:0;4:1;5:0;6:0;7:0;9:0,SIM
gradient,25,20,7,cold,240.0,60.0,node_hello,continuous,9,12,0.6,0.0770559999999989,0.07705599999999989,1.6666666666666667,6.892543999999996,5.351423999999995,1.54112,0.776407666022879,0.0,0.6,0,92,0.0,124,20,104,20,148,233,0,0.0,1.0,0,0.0,node_hello,0:1;10:1;11:1;13:0;14:0;15:1;16:1;17:1;18:0;19:1;2:1;20:1;22:1;23:0;24:1;3:0;5:1;6:0;7:0;9:0,SIM
gradient,25,20,7,cold,240.0,60.0,node_hello,continuous,10,12,0.6,0.0770559999999989,0.0770560000000002,5.416666666666667,10.360063999999987,5.351423999999995,5.008639999999992,0.516543527144234,0.5557251908396946,0.6,0,100,0.0,169,65,104,20,203,655,0,0.0,1.0,0,0.0,node_hello,1:0;10:1;11:1;12:0;13:1;14:0;15:1;16:1;18:1;19:0;2:1;22:0;23:1;3:1;4:1;5:0;6:0;7:0;8:1;9:1,SIM
gradient,25,20,7,cold,240.0,60.0,node_hello,continuous,11,7,0.35,0.0770559999999989,0.0770559999999989,2.857142857142857,6.892543999999996,5.351423999999995,1.54112,0.776407666022879,0.0,0.35,0,92,0.0,124,20,104,20,153,232,0,0.0,1.0,0,0.0,node_hello,0:0;1:0;11:0;12:1;13:1;15:0;17:0;18:0;19:0;20:1;21:1;22:1;23:0;3:0;4:0;5:0;6:1;7:0;8:1;9:0,SIM
gradient,25,20,7,cold,240.0,60.0,node_hello,continuous,12,8,0.4,0.0770559999999989,0.07705600000000044,2.5,6.892543999999996,5.351423999999995,1.54112,0.776407666022879,0.0,0.4,0,106,0.0,124,20,104,20,0,201,0,0.0,1.0,0,0.0,node_hello,0:1;1:1;11:0;12:0;14:0;15:1;16:1;17:0;18:0;19:0;21:1;22:0;23:0;24:0;3:1;4:0;5:1;6:1;7:0;9:0,SIM
gradient,25,20,7,cold,240.0,60.0,node_hello,continuous,13,17,0.85,0.0770559999999989,0.6838770501340443,4.9411764705882355,11.824127999999984,5.351423999999995,6.472703999999988,0.45258508703559386,0.6192090395480226,0.85,0,105,0.0,188,84,104,20,253,885,0,0.0,1.0,0,0.0,node_hello,0:0;1:1;10:0;11:1;12:1;14:1;15:1;17:1;18:1;19:0;2:1;21:1;22:1;23:1;3:1;4:1;6:1;7:1;8:1;9:1,SIM
gradient,25,20,7,cold,240.0,60.0,node_hello,continuous,14,9,0.45,0.0770559999999989,0.07705600000000032,2.2222222222222223,6.892543999999996,5.351423999999995,1.54112,0.776407666022879,0.0,0.45,0,88,0.0,124,20,104,20,178,234,0,0.0,1.0,0,0.0,node_hello,0:0;1:1;10:0;11:1;12:1;15:0;16:0;17:1;18:0;19:1;2:1;20:0;22:0;24:0;3:0;4:0;6:1;7:0;8:1;9:1,SIM
gradient,25,20,7,cold,240.0,60.0,node_hello,continuous,15,11,0.55,0.0770559999999989,0.07705600000000024,1.8181818181818181,6.892543999999996,5.351423999999995,1.54112,0.776407666022879,0.0,0.55,0,96,0.0,124,20,104,20,76,206,0,0.0,1.0,0,0.0,node_hello,0:0;1:1;10:0;11:1;14:1;15:1;16:0;17:0;18:0;19:0;2:1;20:0;22:0;23:1;24:1;4:0;5:1;7:1;8:1;9:1,SIM
gradient,25,20,7,cold,240.0,60.0,node_hello,continuous,16,14,0.7,0.07705599999999935,3.124592267314172,4.285714285714286,9.974783999999989,5.351423999999995,4.623359999999993,0.5364952263627966,0.5417298937784522,0.7,0,101,0.0,164,60,104,20,114,659,0,0.0,1.0,0,0.0,node_hello,0:1;1:1;10:0;13:1;14:1;16:0;17:0;18:1;2:1;20:1;21:0;22:1;23:1;24:1;3:1;4:0;5:0;6:1;7:1;8:1,SIM
gradient,25,20,7,cold,240.0,60.0,node_hello,continuous,17,12,0.6,0.0770559999999989,0.07705599999999989,1.6666666666666667,6.892543999999996,5.351423999999995,1.54112,0.776407666022879,0.0,0.6,0,84,0.0,124,20,104,20,245,227,0,0.0,1.0,0,0.0,node_hello,0:1;1:1;10:1;11:1;12:1;13:0;14:1;15:0;16:0;18:1;20:0;21:0;22:1;23:1;24:1;3:0;4:0;5:1;6:1;8:0,SIM
gradient,25,20,7,cold,240.0,60.0,node_hello,continuous,18,16,0.8,0.0770559999999989,0.4789099454169481,4.875,11.361791999999983,5.351423999999995,6.010367999999989,0.47100175746924455,0.6365614798694232,0.8,0,105,0.0,182,78,104,20,192,919,0,0.0,1.0,0,0.0,node_hello,0:1;10:1;11:1;12:1;13:1;14:0;15:1;16:1;17:0;18:1;19:0;2:1;21:1;22:1;23:1;24:0;4:1;6:1;8:1;9:1,SIM
gradient,25,20,7,cold,240.0,60.0,node_hello,continuous,19,8,0.4,0.0770559999999989,0.07705599999999993,2.5,6.892543999999996,5.351423999999995,1.54112,0.776407666022879,0.0,0.4,0,100,0.0,124,20,104,20,35,264,0,0.0,1.0,0,0.0,node_hello,0:1;1:1;10:0;13:0;14:0;15:1;16:1;18:1;19:1;2:0;20:1;21:0;23:0;24:0;3:0;4:1;5:0;6:0;8:0;9:0,SIM
gradient,25,20,9,warm,240.0,60.0,node_hello,continuous,0,16,0.8,0.2672639999999973,0.2672640000000115,1.25,24.62105600000003,19.275776000000032,5.34528,0.7828980202961241,0.0,0.8,0,104,0.0,124,20,104,20,0,324,0,0.0,1.0,0,0.0,node_hello,10:1;11:1;12:0;14:0;15:1;16:1;17:1;18:1;19:1;2:1;20:1;21:1;22:0;23:1;4:1;5:1;6:0;7:1;8:1;9:1,SIM
gradient,25,20,9,warm,240.0,60.0,node_hello,continuous,1,14,0.7,0.2672639999999973,0.2672640000000115,1.4285714285714286,24.62105600000003,19.275776000000032,5.34528,0.7828980202961241,0.0,0.7,0,106,0.0,124,20,104,20,0,275,0,0.0,1.0,0,0.0,node_hello,0:1;10:1;11:0;12:0;13:1;14:1;15:1;16:1;17:1;18:1;2:1;21:1;22:0;23:1;24:0;4:1;6:0;7:1;8:1;9:0,SIM
gradient,25,20,9,warm,240.0,60.0,node_hello,continuous,2,7,0.35,0.2672640000000115,0.2672640000000115,2.857142857142857,24.62105600000003,19.275776000000032,5.34528,0.7828980202961241,0.0,0.35,0,106,0.0,124,20,104,20,0,286,0,0.0,1.0,0,0.0,node_hello,0:0;1:0;10:0;11:1;13:1;15:0;16:1;17:0;18:0;19:0;2:1;21:1;22:0;23:1;24:1;3:0;4:0;6:0;8:0;9:0,SIM
gradient,25,20,9,warm,240.0,60.0,node_hello,continuous,3,14,0.7,0.2672640000000044,0.2672640000000115,1.4285714285714286,24.62105600000003,19.275776000000032,5.34528,0.7828980202961241,0.0,0.7,0,104,0.0,124,20,104,20,0,333,0,0.0,1.0,0,0.0,node_hello,0:0;1:1;10:0;12:1;14:1;15:1;16:1;17:1;18:0;2:0;21:1;22:1;23:1;3:1;4:0;5:1;6:1;7:0;8:1;9:1,SIM
gradient,25,20,9,warm,240.0,60.0,node_hello,continuous,4,15,0.75,0.2672639999999973,0.2672640000000115,1.3333333333333333,24.62105600000003,19.275776000000032,5.34528,0.7828980202961241,0.0,0.75,0,104,0.0,124,20,104,20,0,302,0,0.0,1.0,0,0.0,node_hello,0:0;10:1;11:1;12:1;13:1;14:1;15:1;17:1;19:0;2:1;20:1;21:0;22:1;23:1;24:1;4:0;5:1;6:1;7:1;9:0,SIM
gradient,25,20,9,warm,240.0,60.0,node_hello,continuous,5,14,0.7,0.2672639999999973,0.2672640000000115,1.4285714285714286,24.62105600000003,19.275776000000032,5.34528,0.7828980202961241,0.0,0.7,0,104,0.0,124,20,104,20,0,278,0,0.0,1.0,0,0.0,node_hello,1:0;10:0;11:0;12:1;13:1;14:1;15:1;16:1;19:0;2:1;20:0;21:1;22:1;23:1;24:1;4:0;5:1;6:1;8:1;9:1,SIM
gradient,25,20,9,warm,240.0,60.0,node_hello,continuous,6,13,0.65,0.2672639999999973,0.2672640000000115,1.5384615384615385,24.62105600000003,19.275776000000032,5.34528,0.7828980202961241,0.0,0.65,0,104,0.0,124,20,104,20,0,321,0,0.0,1.0,0,0.0,node_hello,1:1;11:1;12:0;13:1;14:1;15:0;16:1;17:1;19:1;2:0;21:0;22:0;23:1;3:1;4:0;5:0;6:1;7:1;8:1;9:1,SIM
gradient,25,20,9,warm,240.0,60.0,node_hello,continuous,7,14,0.7,0.2672640000000115,3.562708852155998,8.357142857142858,50.5456640000001,19.275776000000032,31.269888000000073,0.3813537002897023,0.41863905325443784,0.7,0,178,0.0,221,117,104,20,48,676,0,0.52,1.0,0,0.0,node_hello,1:1;10:1;11:1;12:1;13:1;14:0;15:0;17:1;18:0;19:0;2:1;20:0;21:1;23:1;3:1;4:1;5:1;6:1;7:1;9:0,SIM
gradient,25,20,9,warm,240.0,60.0,node_hello,continuous,8,12,0.6,0.2672639999999973,0.2672640000000115,1.6666666666666667,24.62105600000003,19.275776000000032,5.34528,0.7828980202961241,0.0,0.6,0,104,0.0,124,20,104,20,0,317,0,0.0,1.0,0,0.0,node_hello,0:1;1:1;10:1;12:0;13:1;14:1;15:1;17:0;18:1;19:0;20:1;21:0;22:1;23:1;24:0;4:1;5:1;6:0;7:0;9:0,SIM
gradient,25,20,9,warm,240.0,60.0,node_hello,continuous,9,15,0.75,0.2672639999999973,0.2672640000000115,1.3333333333333333,24.62105600000003,19.275776000000032,5.34528,0.7828980202961241,0.0,0.75,0,100,0.0,124,20,104,20,64,326,0,0.0,1.0,0,0.0,node_hello,0:1;10:0;11:1;13:1;14:1;15:1;16:1;17:1;18:0;19:1;2:1;20:1;22:1;23:1;24:0;3:0;5:1;6:1;7:0;9:1,SIM
gradient,25,20,9,warm,240.0,60.0,node_hello,continuous,10,14,0.7,0.2672639999999973,0.2672640000000115,1.4285714285714286,24.62105600000003,19.275776000000032,5.34528,0.7828980202961241,0.0,0.7,0,106,0.0,124,20,104,20,0,281,0,0.0,1.0,0,0.0,node_hello,1:1;10:1;11:1;12:0;13:1;14:0;15:1;16:0;18:0;19:1;2:1;22:1;23:1;3:1;4:1;5:0;6:1;7:0;8:1;9:1,SIM
gradient,25,20,9,warm,240.0,60.0,node_hello,continuous,11,10,0.5,0.2672639999999973,0.2672640000000115,2.0,24.62105600000003,19.275776000000032,5.34528,0.7828980202961241,0.0,0.5,0,104,0.0,124,20,104,20,0,302,0,0.0,1.0,0,0.0,node_hello,0:1;1:0;11:0;12:1;13:1;15:0;17:1;18:0;19:0;20:1;21:0;22:0;23:0;3:1;4:0;5:1;6:1;7:0;8:1;9:1,SIM
gradient,25,20,9,warm,240.0,60.0,node_hello,continuous,12,12,0.6,0.2672639999999973,0.2672640000000115,1.6666666666666667,24.62105600000003,19.275776000000032,5.34528,0.7828980202961241,0.0,0.6,0,106,0.0,124,20,104,20,0,278,0,0.0,1.0,0,0.0,node_hello,0:1;1:1;11:0;12:1;14:0;15:1;16:1;17:1;18:0;19:1;21:1;22:0;23:0;24:0;3:1;4:1;5:1;6:1;7:0;9:0,SIM
gradient,25,20,9,warm,240.0,60.0,node_hello,continuous,13,15,0.75,0.2672639999999973,0.2672640000000115,1.3333333333333333,24.62105600000003,19.275776000000032,5.34528,0.7828980202961241,0.0,0.75,0,104,0.0,124,20,104,20,0,340,0,0.0,1.0,0,0.0,node_hello,0:0;1:1;10:1;11:1;12:0;14:1;15:1;17:1;18:0;19:1;2:0;21:1;22:1;23:1;3:1;4:1;6:1;7:1;8:0;9:1,SIM
gradient,25,20,9,warm,240.0,60.0,node_hello,continuous,14,10,0.5,0.2672639999999973,0.2672640000000115,2.0,24.62105600000003,19.275776000000032,5.34528,0.7828980202961241,0.0,0.5,0,100,0.0,124,20,104,20,58,315,0,0.0,1.0,0,0.0,node_hello,0:1;1:1;10:1;11:1;12:0;15:1;16:0;17:1;18:0;19:1;2:0;20:0;22:0;24:0;3:0;4:0;6:1;7:1;8:0;9:1,SIM
gradient,25,20,9,warm,240.0,60.0,node_hello,continuous,15,14,0.7,0.2672639999999973,0.2672640000000115,1.4285714285714286,24.62105600000003,19.275776000000032,5.34528,0.7828980202961241,0.0,0.7,0,106,0.0,124,20,104,20,0,255,0,0.0,1.0,0,0.0,node_hello,0:1;1:1;10:1;11:1;14:1;15:1;16:1;17:1;18:1;19:0;2:1;20:0;22:1;23:0;24:0;4:0;5:1;7:0;8:1;9:1,SIM
gradient,25,20,9,warm,240.0,60.0,node_hello,continuous,16,17,0.85,0.2672639999999973,0.2672640000000115,1.1764705882352942,24.62105600000003,19.275776000000032,5.34528,0.7828980202961241,0.0,0.85,0,104,0.0,124,20,104,20,0,327,0,0.0,1.0,0,0.0,node_hello,0:1;1:1;10:1;13:1;14:1;16:1;17:1;18:1;2:1;20:1;21:1;22:1;23:1;24:1;3:1;4:0;5:0;6:1;7:1;8:0,SIM
gradient,25,20,9,warm,240.0,60.0,node_hello,continuous,17,15,0.75,0.2672639999999973,0.2672640000000115,1.3333333333333333,24.62105600000003,19.275776000000032,5.34528,0.7828980202961241,0.0,0.75,0,104,0.0,124,20,104,20,0,305,0,0.0,1.0,0,0.0,node_hello,0:1;1:1;10:1;11:1;12:1;13:1;14:1;15:1;16:1;18:1;20:0;21:0;22:0;23:1;24:0;3:1;4:0;5:1;6:1;8:1,SIM
gradient,25,20,9,warm,240.0,60.0,node_hello,continuous,18,18,0.9,0.2672639999999973,0.2672640000000115,1.1111111111111112,24.62105600000003,19.275776000000032,5.34528,0.7828980202961241,0.0,0.9,0,104,0.0,124,20,104,20,0,343,0,0.0,1.0,0,0.0,node_hello,0:1;10:1;11:1;12:1;13:1;14:1;15:1;16:1;17:1;18:1;19:1;2:1;21:1;22:1;23:1;24:0;4:1;6:1;8:0;9:1,SIM
gradient,25,20,9,warm,240.0,60.0,node_hello,continuous,19,11,0.55,0.2672640000000115,0.2672640000000115,1.8181818181818181,24.62105600000003,19.275776000000032,5.34528,0.7828980202961241,0.0,0.55,0,106,0.0,124,20,104,20,0,297,0,0.0,1.0,0,0.0,node_hello,0:1;1:1;10:0;13:1;14:0;15:1;16:1;18:1;19:0;2:1;20:1;21:1;23:1;24:0;3:0;4:1;5:0;6:0;8:0;9:0,SIM
gradient,25,20,9,cold,240.0,60.0,node_hello,continuous,0,16,0.8,0.2672639999999973,0.26726400000000083,1.25,24.62105600000003,19.275776000000032,5.34528,0.7828980202961241,0.0,0.8,0,104,0.0,124,20,104,20,0,324,0,0.0,1.0,0,0.0,node_hello,10:1;11:1;12:0;14:0;15:1;16:1;17:1;18:1;19:1;2:1;20:1;21:1;22:0;23:1;4:1;5:1;6:0;7:1;8:1;9:1,SIM
gradient,25,20,9,cold,240.0,60.0,node_hello,continuous,1,14,0.7,0.2672639999999973,0.26726400000000083,1.4285714285714286,24.62105600000003,19.275776000000032,5.34528,0.7828980202961241,0.0,0.7,0,106,0.0,124,20,104,20,0,275,0,0.0,1.0,0,0.0,node_hello,0:1;10:1;11:0;12:0;13:1;14:1;15:1;16:1;17:1;18:1;2:1;21:1;22:0;23:1;24:0;4:1;6:0;7:1;8:1;9:0,SIM
gradient,25,20,9,cold,240.0,60.0,node_hello,continuous,2,7,0.35,0.2672639999999973,0.2672639999999997,2.857142857142857,24.62105600000003,19.275776000000032,5.34528,0.7828980202961241,0.0,0.35,0,106,0.0,124,20,104,20,0,286,0,0.0,1.0,0,0.0,node_hello,0:0;1:0;10:0;11:1;13:1;15:0;16:1;17:0;18:0;19:0;2:1;21:1;22:0;23:1;24:1;3:0;4:0;6:0;8:0;9:0,SIM
gradient,25,20,9,cold,240.0,60.0,node_hello,continuous,3,14,0.7,0.2672639999999973,0.26726400000000083,1.4285714285714286,24.62105600000003,19.275776000000032,5.34528,0.7828980202961241,0.0,0.7,0,104,0.0,124,20,104,20,0,333,0,0.0,1.0,0,0.0,node_hello,0:0;1:1;10:0;12:1;14:1;15:1;16:1;17:1;18:0;2:0;21:1;22:1;23:1;3:1;4:0;5:1;6:1;7:0;8:1;9:1,SIM
gradient,25,20,9,cold,240.0,60.0,node_hello,continuous,4,15,0.75,0.2672639999999973,0.26726400000000083,1.3333333333333333,24.62105600000003,19.275776000000032,5.34528,0.7828980202961241,0.0,0.75,0,104,0.0,124,20,104,20,0,302,0,0.0,1.0,0,0.0,node_hello,0:0;10:1;11:1;12:1;13:1;14:1;15:1;17:1;19:0;2:1;20:1;21:0;22:1;23:1;24:1;4:0;5:1;6:1;7:1;9:0,SIM
gradient,25,20,9,cold,240.0,60.0,node_hello,continuous,5,14,0.7,0.2672639999999973,0.26726400000000083,1.4285714285714286,24.62105600000003,19.275776000000032,5.34528,0.7828980202961241,0.0,0.7,0,104,0.0,124,20,104,20,0,278,0,0.0,1.0,0,0.0,node_hello,1:0;10:0;11:0;12:1;13:1;14:1;15:1;16:1;19:0;2:1;20:0;21:1;22:1;23:1;24:1;4:0;5:1;6:1;8:1;9:1,SIM
gradient,25,20,9,cold,240.0,60.0,node_hello,continuous,6,13,0.65,0.2672639999999973,0.26726400000000083,1.5384615384615385,24.62105600000003,19.275776000000032,5.34528,0.7828980202961241,0.0,0.65,0,104,0.0,124,20,104,20,0,321,0,0.0,1.0,0,0.0,node_hello,1:1;11:1;12:0;13:1;14:1;15:0;16:1;17:1;19:1;2:0;21:0;22:0;23:1;3:1;4:0;5:0;6:1;7:1;8:1;9:1,SIM
gradient,25,20,9,cold,240.0,60.0,node_hello,continuous,7,16,0.8,0.41357504200822026,2.5101422758986445,5.75,43.864064000000084,19.275776000000032,24.588288000000052,0.43944345877299457,0.5480549199084668,0.8,0,141,0.0,196,92,104,20,43,874,0,0.0,1.0,0,0.0,node_hello,1:1;10:1;11:1;12:1;13:1;14:1;15:1;17:1;18:1;19:1;2:1;20:1;21:1;23:0;3:0;4:0;5:0;6:1;7:1;9:1,SIM
gradient,25,20,9,cold,240.0,60.0,node_hello,continuous,8,12,0.6,0.2672639999999973,0.26726400000000083,1.6666666666666667,24.62105600000003,19.275776000000032,5.34528,0.7828980202961241,0.0,0.6,0,104,0.0,124,20,104,20,0,317,0,0.0,1.0,0,0.0,node_hello,0:1;1:1;10:1;12:0;13:1;14:1;15:1;17:0;18:1;19:0;20:1;21:0;22:1;23:1;24:0;4:1;5:1;6:0;7:0;9:0,SIM
gradient,25,20,9,cold,240.0,60.0,node_hello,continuous,9,16,0.8,0.2672639999999973,0.26726400000000083,1.25,24.62105600000003,19.275776000000032,5.34528,0.7828980202961241,0.0,0.8,0,100,0.0,124,20,104,20,67,315,0,0.0,1.0,0,0.0,node_hello,0:1;10:1;11:1;13:1;14:1;15:0;16:1;17:1;18:0;19:1;2:1;20:1;22:1;23:1;24:1;3:0;5:1;6:1;7:1;9:0,SIM
gradient,25,20,9,cold,240.0,60.0,node_hello,continuous,10,14,0.7,0.2672639999999973,0.26726400000000083,1.4285714285714286,24.62105600000003,19.275776000000032,5.34528,0.7828980202961241,0.0,0.7,0,106,0.0,124,20,104,20,0,281,0,0.0,1.0,0,0.0,node_hello,1:1;10:1;11:1;12:0;13:1;14:0;15:1;16:0;18:0;19:1;2:1;22:1;23:1;3:1;4:1;5:0;6:1;7:0;8:1;9:1,SIM
gradient,25,20,9,cold,240.0,60.0,node_hello,continuous,11,10,0.5,0.2672639999999973,0.26726400000000083,2.0,24.62105600000003,19.275776000000032,5.34528,0.7828980202961241,0.0,0.5,0,104,0.0,124,20,104,20,0,302,0,0.0,1.0,0,0.0,node_hello,0:1;1:0;11:0;12:1;13:1;15:0;17:1;18:0;19:0;20:1;21:0;22:0;23:0;3:1;4:0;5:1;6:1;7:0;8:1;9:1,SIM
gradient,25,20,9,cold,240.0,60.0,node_hello,continuous,12,12,0.6,0.2672639999999986,0.26726400000000083,1.6666666666666667,24.62105600000003,19.275776000000032,5.34528,0.7828980202961241,0.0,0.6,0,106,0.0,124,20,104,20,0,278,0,0.0,1.0,0,0.0,node_hello,0:1;1:1;11:0;12:1;14:0;15:1;16:1;17:1;18:0;19:1;21:1;22:0;23:0;24:0;3:1;4:1;5:1;6:1;7:0;9:0,SIM
gradient,25,20,9,cold,240.0,60.0,node_hello,continuous,13,15,0.75,0.2672639999999973,0.26726400000000083,1.3333333333333333,24.62105600000003,19.275776000000032,5.34528,0.7828980202961241,0.0,0.75,0,104,0.0,124,20,104,20,0,340,0,0.0,1.0,0,0.0,node_hello,0:0;1:1;10:1;11:1;12:0;14:1;15:1;17:1;18:0;19:1;2:0;21:1;22:1;23:1;3:1;4:1;6:1;7:1;8:0;9:1,SIM
gradient,25,20,9,cold,240.0,60.0,node_hello,continuous,14,12,0.6,0.2672639999999973,0.26726400000000083,1.6666666666666667,24.62105600000003,19.275776000000032,5.34528,0.7828980202961241,0.0,0.6,0,100,0.0,124,20,104,20,57,329,0,0.0,1.0,0,0.0,node_hello,0:1;1:1;10:0;11:1;12:1;15:0;16:1;17:1;18:1;19:1;2:1;20:0;22:0;24:0;3:0;4:0;6:1;7:0;8:1;9:1,SIM
gradient,25,20,9,cold,240.0,60.0,node_hello,continuous,15,14,0.7,0.2672639999999973,0.26726400000000083,1.4285714285714286,24.62105600000003,19.275776000000032,5.34528,0.7828980202961241,0.0,0.7,0,106,0.0,124,20,104,20,0,255,0,0.0,1.0,0,0.0,node_hello,0:1;1:1;10:1;11:1;14:1;15:1;16:1;17:1;18:1;19:0;2:1;20:0;22:1;23:0;24:0;4:0;5:1;7:0;8:1;9:1,SIM
gradient,25,20,9,cold,240.0,60.0,node_hello,continuous,16,17,0.85,0.2672639999999973,0.26726400000000083,1.1764705882352942,24.62105600000003,19.275776000000032,5.34528,0.7828980202961241,0.0,0.85,0,104,0.0,124,20,104,20,0,327,0,0.0,1.0,0,0.0,node_hello,0:1;1:1;10:1;13:1;14:1;16:1;17:1;18:1;2:1;20:1;21:1;22:1;23:1;24:1;3:1;4:0;5:0;6:1;7:1;8:0,SIM
gradient,25,20,9,cold,240.0,60.0,node_hello,continuous,17,15,0.75,0.2672639999999973,0.26726400000000083,1.3333333333333333,24.62105600000003,19.275776000000032,5.34528,0.7828980202961241,0.0,0.75,0,104,0.0,124,20,104,20,0,305,0,0.0,1.0,0,0.0,node_hello,0:1;1:1;10:1;11:1;12:1;13:1;14:1;15:1;16:1;18:1;20:0;21:0;22:0;23:1;24:0;3:1;4:0;5:1;6:1;8:1,SIM
gradient,25,20,9,cold,240.0,60.0,node_hello,continuous,18,18,0.9,0.2672639999999973,0.26726400000000083,1.1111111111111112,24.62105600000003,19.275776000000032,5.34528,0.7828980202961241,0.0,0.9,0,104,0.0,124,20,104,20,0,343,0,0.0,1.0,0,0.0,node_hello,0:1;10:1;11:1;12:1;13:1;14:1;15:1;16:1;17:1;18:1;19:1;2:1;21:1;22:1;23:1;24:0;4:1;6:1;8:0;9:1,SIM
gradient,25,20,9,cold,240.0,60.0,node_hello,continuous,19,11,0.55,0.2672639999999973,0.26726400000000083,1.8181818181818181,24.62105600000003,19.275776000000032,5.34528,0.7828980202961241,0.0,0.55,0,106,0.0,124,20,104,20,0,297,0,0.0,1.0,0,0.0,node_hello,0:1;1:1;10:0;13:1;14:0;15:1;16:1;18:1;19:0;2:1;20:1;21:1;23:1;24:0;3:0;4:1;5:0;6:0;8:0;9:0,SIM
gradient,50,5,7,warm,240.0,60.0,node_hello,continuous,0,3,0.6,0.0770559999999989,0.0770559999999989,1.6666666666666667,10.88230399999999,10.49702399999999,0.38528,0.9645957326683761,0.0,0.6,0,204,0.0,209,5,204,5,0,127,0,0.0,1.0,0,0.0,node_hello,10:1;16:1;21:1;33:0;7:0,SIM
gradient,50,5,7,warm,240.0,60.0,node_hello,continuous,1,2,0.4,0.0770559999999989,0.0770559999999989,2.5,10.88230399999999,10.49702399999999,0.38528,0.9645957326683761,0.0,0.4,0,204,0.0,209,5,204,5,0,121,0,0.0,1.0,0,0.0,node_hello,10:1;28:0;32:1;43:0;45:0,SIM
gradient,50,5,7,warm,240.0,60.0,node_hello,continuous,2,1,0.2,0.0770559999999989,0.0770559999999989,5.0,10.88230399999999,10.49702399999999,0.38528,0.9645957326683761,0.0,0.2,0,204,0.0,209,5,204,5,0,119,0,0.0,1.0,0,0.0,node_hello,14:1;29:0;32:0;40:0;6:0,SIM
gradient,50,5,7,warm,240.0,60.0,node_hello,continuous,3,4,0.8,0.0770559999999989,0.0770559999999989,1.25,10.88230399999999,10.49702399999999,0.38528,0.9645957326683761,0.0,0.8,0,200,0.0,209,5,204,5,110,114,0,0.0,1.0,0,0.0,node_hello,10:1;14:1;21:1;28:1;5:0,SIM
gradient,50,5,7,warm,240.0,60.0,node_hello,continuous,4,5,1.0,0.3416500922353123,1.672158346668553,7.2,13.271039999999989,10.49702399999999,2.774015999999998,0.7909722222222222,0.7195467422096318,1.0,0,200,0.0,240,36,204,5,283,706,0,0.52,1.0,0,0.0,node_hello,13:1;26:1;33:1;41:1;43:1,SIM
gradient,50,5,7,warm,240.0,60.0,node_hello,continuous,5,3,0.6,0.0770559999999989,0.0770559999999989,1.6666666666666667,10.88230399999999,10.49702399999999,0.38528,0.9645957326683761,0.0,0.6,0,200,0.0,209,5,204,5,88,120,0,0.0,1.0,0,0.0,node_hello,18:0;21:0;44:1;45:1;49:1,SIM
gradient,50,5,7,warm,240.0,60.0,node_hello,continuous,6,4,0.8,0.0770559999999989,0.0770559999999989,1.25,10.88230399999999,10.49702399999999,0.38528,0.9645957326683761,0.0,0.8,0,192,0.0,209,5,204,5,313,126,0,0.0,1.0,0,0.0,node_hello,1:0;29:1;4:1;40:1;46:1,SIM
gradient,50,5,7,warm,240.0,60.0,node_hello,continuous,7,2,0.4,0.0770559999999989,0.0770559999999989,2.5,10.88230399999999,10.49702399999999,0.38528,0.9645957326683761,0.0,0.4,0,204,0.0,209,5,204,5,0,127,0,0.0,1.0,0,0.0,node_hello,23:1;33:0;34:0;44:1;9:0,SIM
gradient,50,5,7,warm,240.0,60.0,node_hello,continuous,8,2,0.4,0.0770559999999989,0.0770559999999989,2.5,10.88230399999999,10.49702399999999,0.38528,0.9645957326683761,0.0,0.4,0,197,0.0,209,5,204,5,184,88,0,0.0,1.0,0,0.0,node_hello,0:0;18:0;39:1;47:0;5:1,SIM
gradient,50,5,7,warm,240.0,60.0,node_hello,continuous,9,3,0.6,0.0770559999999989,0.0770559999999989,1.6666666666666667,10.88230399999999,10.49702399999999,0.38528,0.9645957326683761,0.0,0.6,0,204,0.0,209,5,204,5,0,143,0,0.0,1.0,0,0.0,node_hello,0:0;11:1;12:1;14:0;49:1,SIM
gradient,50,5,7,warm,240.0,60.0,node_hello,continuous,10,2,0.4,0.0770559999999989,0.0770559999999989,2.5,10.88230399999999,10.49702399999999,0.38528,0.9645957326683761,0.0,0.4,0,200,0.0,209,5,204,5,110,134,0,0.0,1.0,0,0.0,node_hello,27:0;28:0;33:1;44:1;46:0,SIM
gradient,50,5,7,warm,240.0,60.0,node_hello,continuous,11,2,0.4,0.0770559999999989,0.0770559999999989,2.5,10.88230399999999,10.49702399999999,0.38528,0.9645957326683761,0.0,0.4,0,204,0.0,209,5,204,5,0,103,0,0.0,1.0,0,0.0,node_hello,1:0;19:0;22:1;30:1;44:0,SIM
gradient,50,5,7,warm,240.0,60.0,node_hello,continuous,12,2,0.4,0.0770559999999989,0.0770559999999989,2.5,10.88230399999999,10.49702399999999,0.38528,0.9645957326683761,0.0,0.4,0,192,0.0,209,5,204,5,305,109,0,0.0,1.0,0,0.0,node_hello,12:0;22:1;24:0;45:1;6:0,SIM
gradient,50,5,7,warm,240.0,60.0,node_hello,continuous,13,4,0.8,0.0770559999999989,0.0770559999999989,1.25,10.88230399999999,10.49702399999999,0.38528,0.9645957326683761,0.0,0.8,0,204,0.0,209,5,204,5,0,144,0,0.0,1.0,0,0.0,node_hello,2:1;22:1;23:1;6:0;8:1,SIM
gradient,50,5,7,warm,240.0,60.0,node_hello,continuous,14,2,0.4,0.0770559999999989,0.0770559999999989,2.5,10.88230399999999,10.49702399999999,0.38528,0.9645957326683761,0.0,0.4,0,196,0.0,209,5,204,5,198,136,0,0.0,1.0,0,0.0,node_hello,23:0;3:1;4:1;41:0;43:0,SIM
gradient,50,5,7,warm,240.0,60.0,node_hello,continuous,15,4,0.8,0.0770559999999989,0.217400869928425,8.25,13.039871999999988,10.49702399999999,2.5428479999999984,0.8049944048530537,0.7294117647058823,0.8,0,200,0.0,237,33,204,5,263,680,0,0.64,1.0,0,0.0,node_hello,10:1;21:1;43:1;45:1;49:0,SIM
gradient,50,5,7,warm,240.0,60.0,node_hello,continuous,16,3,0.6,0.0770559999999989,0.0770559999999989,1.6666666666666667,10.88230399999999,10.49702399999999,0.38528,0.9645957326683761,0.0,0.6,0,200,0.0,209,5,204,5,112,125,0,0.0,1.0,0,0.0,node_hello,3:1;34:1;40:1;42:0;9:0,SIM
gradient,50,5,7,warm,240.0,60.0,node_hello,continuous,17,3,0.6,0.0770559999999989,0.0770559999999989,1.6666666666666667,10.88230399999999,10.49702399999999,0.38528,0.9645957326683761,0.0,0.6,0,188,0.0,209,5,204,5,408,114,0,0.64,1.0,0,0.0,node_hello,13:1;21:0;29:0;3:1;48:1,SIM
gradient,50,5,7,warm,240.0,60.0,node_hello,continuous,18,3,0.6,0.0770559999999989,0.0770559999999989,1.6666666666666667,10.88230399999999,10.49702399999999,0.38528,0.9645957326683761,0.0,0.6,0,200,0.0,209,5,204,5,128,122,0,0.0,1.0,0,0.0,node_hello,29:1;33:1;35:0;36:1;49:0,SIM
gradient,50,5,7,warm,240.0,60.0,node_hello,continuous,19,1,0.2,0.0770559999999989,0.0770559999999989,5.0,10.88230399999999,10.49702399999999,0.38528,0.9645957326683761,0.0,0.2,0,205,0.0,209,5,204,5,0,95,0,0.0,1.0,0,0.0,node_hello,2:0;27:0;37:0;43:1;45:0,SIM
gradient,50,5,7,cold,240.0,60.0,node_hello,continuous,0,3,0.6,0.07705599999999979,0.0770560000000006,1.6666666666666667,10.88230399999999,10.49702399999999,0.38528,0.9645957326683761,0.0,0.6,0,204,0.0,209,5,204,5,0,127,0,0.0,1.0,0,0.0,node_hello,10:1;16:1;21:1;33:0;7:0,SIM
gradient,50,5,7,cold,240.0,60.0,node_hello,continuous,1,2,0.4,0.07705600000000035,0.07705600000000065,2.5,10.88230399999999,10.49702399999999,0.38528,0.9645957326683761,0.0,0.4,0,204,0.0,209,5,204,5,0,121,0,0.0,1.0,0,0.0,node_hello,10:1;28:0;32:1;43:0;45:0,SIM
gradient,50,5,7,cold,240.0,60.0,node_hello,continuous,2,1,0.2,0.07705599999999979,0.07705599999999979,5.0,10.88230399999999,10.49702399999999,0.38528,0.9645957326683761,0.0,0.2,0,204,0.0,209,5,204,5,0,119,0,0.0,1.0,0,0.0,node_hello,14:1;29:0;32:0;40:0;6:0,SIM
gradient,50,5,7,cold,240.0,60.0,node_hello,continuous,3,4,0.8,0.07705599999999946,0.07705600000000057,1.25,10.88230399999999,10.49702399999999,0.38528,0.9645957326683761,0.0,0.8,0,200,0.0,209,5,204,5,110,123,0,0.0,1.0,0,0.0,node_hello,10:0;14:1;21:1;28:1;5:1,SIM
gradient,50,5,7,cold,240.0,60.0,node_hello,continuous,4,2,0.4,0.07705600000000024,0.07705600000000064,2.5,10.88230399999999,10.49702399999999,0.38528,0.9645957326683761,0.0,0.4,0,192,0.0,209,5,204,5,283,125,0,0.0,1.0,0,0.0,node_hello,13:0;26:1;33:1;41:0;43:0,SIM
gradient,50,5,7,cold,240.0,60.0,node_hello,continuous,5,1,0.2,0.0770559999999989,0.0770559999999989,5.0,10.88230399999999,10.49702399999999,0.38528,0.9645957326683761,0.0,0.2,0,200,0.0,209,5,204,5,92,107,0,0.0,1.0,0,0.0,node_hello,18:0;21:0;44:0;45:1;49:0,SIM
gradient,50,5,7,cold,240.0,60.0,node_hello,continuous,6,3,0.6,0.0770559999999989,0.07705599999999971,1.6666666666666667,10.88230399999999,10.49702399999999,0.38528,0.9645957326683761,0.0,0.6,0,192,0.0,209,5,204,5,325,139,0,0.0,1.0,0,0.0,node_hello,1:0;29:0;4:1;40:1;46:1,SIM
gradient,50,5,7,cold,240.0,60.0,node_hello,continuous,7,2,0.4,0.07705599999999935,0.07705599999999975,2.5,10.88230399999999,10.49702399999999,0.38528,0.9645957326683761,0.0,0.4,0,204,0.0,209,5,204,5,0,127,0,0.0,1.0,0,0.0,node_hello,23:1;33:0;34:0;44:1;9:0,SIM
gradient,50,5,7,cold,240.0,60.0,node_hello,continuous,8,2,0.4,0.07705599999999935,0.07705599999999975,2.5,10.88230399999999,10.49702399999999,0.38528,0.9645957326683761,0.0,0.4,0,197,0.0,209,5,204,5,185,92,0,0.0,1.0,0,0.0,node_hello,0:0;18:0;39:1;47:0;5:1,SIM
gradient,50,5,7,cold,240.0,60.0,node_hello,continuous,9,3,0.6,0.07705599999999979,0.0770560000000006,1.6666666666666667,10.88230399999999,10.49702399999999,0.38528,0.9645957326683761,0.0,0.6,0,204,0.0,209,5,204,5,0,143,0,0.0,1.0,0,0.0,node_hello,0:0;11:1;12:1;14:0;49:1,SIM
gradient,50,5,7,cold,240.0,60.0,node_hello,continuous,10,3,0.6,0.07705599999999979,0.0770560000000006,1.6666666666666667,10.88230399999999,10.49702399999999,0.38528,0.9645957326683761,0.0,0.6,0,200,0.0,209,5,204,5,107,131,0,0.0,1.0,0,0.0,node_hello,27:0;28:1;33:1;44:1;46:0,SIM
gradient,50,5,7,cold,240.0,60.0,node_hello,continuous,11,2,0.4,0.07705599999999979,0.0770560000000006,2.5,10.88230399999999,10.49702399999999,0.38528,0.9645957326683761,0.0,0.4,0,204,0.0,209,5,204,5,0,103,0,0.0,1.0,0,0.0,node_hello,1:0;19:0;22:1;30:1;44:0,SIM
gradient,50,5,7,cold,240.0,60.0,node_hello,continuous,12,1,0.2,0.07705600000000068,0.07705600000000068,5.0,10.88230399999999,10.49702399999999,0.38528,0.9645957326683761,0.0,0.2,0,192,0.0,209,5,204,5,301,110,0,0.0,1.0,0,0.0,node_hello,12:0;22:1;24:0;45:0;6:0,SIM
gradient,50,5,7,cold,240.0,60.0,node_hello,continuous,13,4,0.8,0.07705599999999946,0.07705600000000057,1.25,10.88230399999999,10.49702399999999,0.38528,0.9645957326683761,0.0,0.8,0,204,0.0,209,5,204,5,0,144,0,0.0,1.0,0,0.0,node_hello,2:1;22:1;23:1;6:0;8:1,SIM
gradient,50,5,7,cold,240.0,60.0,node_hello,continuous,14,3,0.6,0.077056,0.07705600000000061,1.6666666666666667,10.88230399999999,10.49702399999999,0.38528,0.9645957326683761,0.0,0.6,0,196,0.0,209,5,204,5,194,135,0,0.0,1.0,0,0.0,node_hello,23:1;3:1;4:1;41:0;43:0,SIM
gradient,50,5,7,cold,240.0,60.0,node_hello,continuous,15,3,0.6,0.077056,0.07705600000000061,1.6666666666666667,10.88230399999999,10.49702399999999,0.38528,0.9645957326683761,0.0,0.6,0,192,0.0,209,5,204,5,261,131,0,0.0,1.0,0,0.0,node_hello,10:1;21:0;43:1;45:1;49:0,SIM
gradient,50,5,7,cold,240.0,60.0,node_hello,continuous,16,5,1.0,0.07705599999999979,0.07705600000000054,1.0,10.88230399999999,10.49702399999999,0.38528,0.9645957326683761,0.0,1.0,0,200,0.0,209,5,204,5,113,132,0,0.0,1.0,0,0.0,node_hello,3:1;34:1;40:1;42:1;9:1,SIM
gradient,50,5,7,cold,240.0,60.0,node_hello,continuous,17,4,0.8,0.07705599999999946,0.16908084227838185,6.0,12.346367999999991,10.49702399999999,1.849344,0.8502114953968648,0.6798029556650246,0.8,0,194,0.0,228,24,204,5,430,406,0,0.0,1.0,0,0.0,node_hello,13:0;21:1;29:1;3:1;48:1,SIM
gradient,50,5,7,cold,240.0,60.0,node_hello,continuous,18,3,0.6,0.07705599999999979,0.0770560000000006,1.6666666666666667,10.88230399999999,10.49702399999999,0.38528,0.9645957326683761,0.0,0.6,0,200,0.0,209,5,204,5,128,125,0,0.0,1.0,0,0.0,node_hello,29:0;33:1;35:1;36:0;49:1,SIM
gradient,50,5,7,cold,240.0,60.0,node_hello,continuous,19,1,0.2,0.0770559999999989,0.0770559999999989,5.0,10.88230399999999,10.49702399999999,0.38528,0.9645957326683761,0.0,0.2,0,205,0.0,209,5,204,5,0,95,0,0.0,1.0,0,0.0,node_hello,2:0;27:0;37:0;43:1;45:0,SIM
gradient,50,5,9,warm,240.0,60.0,node_hello,continuous,0,3,0.6,0.2672639999999973,0.2672639999999973,1.6666666666666667,39.14649600000009,37.81017600000009,1.33632,0.9658636113944912,0.0,0.6,0,204,0.0,209,5,204,5,0,178,0,0.0,1.0,0,0.0,node_hello,10:1;16:1;21:1;33:0;7:0,SIM
gradient,50,5,9,warm,240.0,60.0,node_hello,continuous,1,2,0.4,0.2672639999999973,0.2672639999999973,2.5,39.14649600000009,37.81017600000009,1.33632,0.9658636113944912,0.0,0.4,0,204,0.0,209,5,204,5,0,157,0,0.0,1.0,0,0.0,node_hello,10:1;28:0;32:1;43:0;45:0,SIM
gradient,50,5,9,warm,240.0,60.0,node_hello,continuous,2,3,0.6,0.2672639999999973,0.2672639999999973,1.6666666666666667,39.14649600000009,37.81017600000009,1.33632,0.9658636113944912,0.0,0.6,0,204,0.0,209,5,204,5,0,156,0,0.0,1.0,0,0.0,node_hello,14:1;29:0;32:0;40:1;6:1,SIM
gradient,50,5,9,warm,240.0,60.0,node_hello,continuous,3,4,0.8,0.2672639999999973,0.2672639999999973,1.25,39.14649600000009,37.81017600000009,1.33632,0.9658636113944912,0.0,0.8,0,204,0.0,209,5,204,5,0,155,0,0.0,1.0,0,0.0,node_hello,10:0;14:1;21:1;28:1;5:1,SIM
gradient,50,5,9,warm,240.0,60.0,node_hello,continuous,4,2,0.4,0.2672639999999973,0.2672639999999973,2.5,39.14649600000009,37.81017600000009,1.33632,0.9658636113944912,0.0,0.4,0,205,0.0,209,5,204,5,0,128,0,0.0,1.0,0,0.0,node_hello,13:0;26:1;33:1;41:0;43:0,SIM
gradient,50,5,9,warm,240.0,60.0,node_hello,continuous,5,2,0.4,0.2672639999999973,0.2672639999999973,2.5,39.14649600000009,37.81017600000009,1.33632,0.9658636113944912,0.0,0.4,0,204,0.0,209,5,204,5,0,153,0,0.0,1.0,0,0.0,node_hello,18:0;21:0;44:0;45:1;49:1,SIM
gradient,50,5,9,warm,240.0,60.0,node_hello,continuous,6,3,0.6,0.2672639999999973,0.2672639999999973,1.6666666666666667,39.14649600000009,37.81017600000009,1.33632,0.9658636113944912,0.0,0.6,0,204,0.0,209,5,204,5,0,169,0,0.0,1.0,0,0.0,node_hello,1:0;29:0;4:1;40:1;46:1,SIM
gradient,50,5,9,warm,240.0,60.0,node_hello,continuous,7,4,0.8,0.2672639999999973,0.2672639999999973,1.25,39.14649600000009,37.81017600000009,1.33632,0.9658636113944912,0.0,0.8,0,204,0.0,209,5,204,5,0,164,0,0.0,1.0,0,0.0,node_hello,23:1;33:0;34:1;44:1;9:1,SIM
gradient,50,5,9,warm,240.0,60.0,node_hello,continuous,8,2,0.4,0.2672639999999973,0.2672639999999973,2.5,39.14649600000009,37.81017600000009,1.33632,0.9658636113944912,0.0,0.4,0,205,0.0,209,5,204,5,0,128,0,0.0,1.0,0,0.0,node_hello,0:0;18:0;39:1;47:0;5:1,SIM
gradient,50,5,9,warm,240.0,60.0,node_hello,continuous,9,5,1.0,0.2672639999999973,0.2672639999999973,1.0,39.14649600000009,37.81017600000009,1.33632,0.9658636113944912,0.0,1.0,0,204,0.0,209,5,204,5,0,179,0,0.0,1.0,0,0.0,node_hello,0:1;11:1;12:1;14:1;49:1,SIM
gradient,50,5,9,warm,240.0,60.0,node_hello,continuous,10,3,0.6,0.2672639999999973,0.2672639999999973,1.6666666666666667,39.14649600000009,37.81017600000009,1.33632,0.9658636113944912,0.0,0.6,0,205,0.0,209,5,204,5,0,145,0,0.0,1.0,0,0.0,node_hello,27:0;28:0;33:1;44:1;46:1,SIM
gradient,50,5,9,warm,240.0,60.0,node_hello,continuous,11,3,0.6,0.2672639999999973,0.2672639999999973,1.6666666666666667,39.14649600000009,37.81017600000009,1.33632,0.9658636113944912,0.0,0.6,0,204,0.0,209,5,204,5,0,139,0,0.0,1.0,0,0.0,node_hello,1:0;19:1;22:1;30:1;44:0,SIM
gradient,50,5,9,warm,240.0,60.0,node_hello,continuous,12,2,0.4,0.2672639999999973,0.2672639999999973,2.5,39.14649600000009,37.81017600000009,1.33632,0.9658636113944912,0.0,0.4,0,200,0.0,209,5,204,5,140,149,0,0.0,1.0,0,0.0,node_hello,12:0;22:1;24:0;45:1;6:0,SIM
gradient,50,5,9,warm,240.0,60.0,node_hello,continuous,13,4,0.8,0.2672639999999973,0.2672639999999973,1.25,39.14649600000009,37.81017600000009,1.33632,0.9658636113944912,0.0,0.8,0,205,0.0,209,5,204,5,0,145,0,0.0,1.0,0,0.0,node_hello,2:0;22:1;23:1;6:1;8:1,SIM
gradient,50,5,9,warm,240.0,60.0,node_hello,continuous,14,3,0.6,0.2672639999999973,0.2672639999999973,1.6666666666666667,39.14649600000009,37.81017600000009,1.33632,0.9658636113944912,0.0,0.6,0,204,0.0,209,5,204,5,0,163,0,0.0,1.0,0,0.0,node_hello,23:1;3:1;4:1;41:0;43:0,SIM
gradient,50,5,9,warm,240.0,60.0,node_hello,continuous,15,3,0.6,0.2672639999999973,0.2672639999999973,1.6666666666666667,39.14649600000009,37.81017600000009,1.33632,0.9658636113944912,0.0,0.6,0,200,0.0,209,5,204,5,107,170,0,0.0,1.0,0,0.0,node_hello,10:1;21:0;43:1;45:0;49:1,SIM
gradient,50,5,9,warm,240.0,60.0,node_hello,continuous,16,5,1.0,0.2672639999999973,0.2672639999999973,1.0,39.14649600000009,37.81017600000009,1.33632,0.9658636113944912,0.0,1.0,0,204,0.0,209,5,204,5,0,169,0,0.0,1.0,0,0.0,node_hello,3:1;34:1;40:1;42:1;9:1,SIM
gradient,50,5,9,warm,240.0,60.0,node_hello,continuous,17,3,0.6,0.2672639999999973,0.2672639999999973,1.6666666666666667,39.14649600000009,37.81017600000009,1.33632,0.9658636113944912,0.0,0.6,0,204,0.0,209,5,204,5,0,152,0,0.0,1.0,0,0.0,node_hello,13:0;21:0;29:1;3:1;48:1,SIM
gradient,50,5,9,warm,240.0,60.0,node_hello,continuous,18,5,1.0,0.2672639999999973,0.2672639999999973,1.0,39.14649600000009,37.81017600000009,1.33632,0.9658636113944912,0.0,1.0,0,204,0.0,209,5,204,5,0,159,0,0.0,1.0,0,0.0,node_hello,29:1;33:1;35:1;36:1;49:1,SIM
gradient,50,5,9,warm,240.0,60.0,node_hello,continuous,19,2,0.4,0.2672639999999973,0.2672639999999973,2.5,39.14649600000009,37.81017600000009,1.33632,0.9658636113944912,0.0,0.4,0,205,0.0,209,5,204,5,0,133,0,0.0,1.0,0,0.0,node_hello,2:1;27:0;37:0;43:1;45:0,SIM
gradient,50,5,9,cold,240.0,60.0,node_hello,continuous,0,3,0.6,0.26726400000000083,0.26726400000000083,1.6666666666666667,39.14649600000009,37.81017600000009,1.33632,0.9658636113944912,0.0,0.6,0,204,0.0,209,5,204,5,0,178,0,0.0,1.0,0,0.0,node_hello,10:1;16:1;21:1;33:0;7:0,SIM
gradient,50,5,9,cold,240.0,60.0,node_hello,continuous,1,2,0.4,0.2672640000000004,0.2672640000000008,2.5,39.14649600000009,37.81017600000009,1.33632,0.9658636113944912,0.0,0.4,0,204,0.0,209,5,204,5,0,157,0,0.0,1.0,0,0.0,node_hello,10:1;28:0;32:1;43:0;45:0,SIM
gradient,50,5,9,cold,240.0,60.0,node_hello,continuous,2,3,0.6,0.267264,0.2672640000000008,1.6666666666666667,39.14649600000009,37.81017600000009,1.33632,0.9658636113944912,0.0,0.6,0,204,0.0,209,5,204,5,0,156,0,0.0,1.0,0,0.0,node_hello,14:1;29:0;32:0;40:1;6:1,SIM
gradient,50,5,9,cold,240.0,60.0,node_hello,continuous,3,4,0.8,0.26726400000000083,0.26726400000000083,1.25,39.14649600000009,37.81017600000009,1.33632,0.9658636113944912,0.0,0.8,0,204,0.0,209,5,204,5,0,155,0,0.0,1.0,0,0.0,node_hello,10:0;14:1;21:1;28:1;5:1,SIM
gradient,50,5,9,cold,240.0,60.0,node_hello,continuous,4,3,0.6,0.267264,0.2672640000000008,1.6666666666666667,39.14649600000009,37.81017600000009,1.33632,0.9658636113944912,0.0,0.6,0,204,0.0,209,5,204,5,0,169,0,0.0,1.0,0,0.0,node_hello,13:1;26:1;33:1;41:0;43:0,SIM
gradient,50,5,9,cold,240.0,60.0,node_hello,continuous,5,2,0.4,0.26726400000000083,0.26726400000000083,2.5,39.14649600000009,37.81017600000009,1.33632,0.9658636113944912,0.0,0.4,0,204,0.0,209,5,204,5,0,153,0,0.0,1.0,0,0.0,node_hello,18:0;21:0;44:0;45:1;49:1,SIM
gradient,50,5,9,cold,240.0,60.0,node_hello,continuous,6,3,0.6,0.26726400000000083,0.26726400000000083,1.6666666666666667,39.14649600000009,37.81017600000009,1.33632,0.9658636113944912,0.0,0.6,0,204,0.0,209,5,204,5,0,169,0,0.0,1.0,0,0.0,node_hello,1:0;29:0;4:1;40:1;46:1,SIM
gradient,50,5,9,cold,240.0,60.0,node_hello,continuous,7,4,0.8,0.2672640000000004,0.26726400000000083,1.25,39.14649600000009,37.81017600000009,1.33632,0.9658636113944912,0.0,0.8,0,204,0.0,209,5,204,5,0,164,0,0.0,1.0,0,0.0,node_hello,23:1;33:0;34:1;44:1;9:1,SIM
gradient,50,5,9,cold,240.0,60.0,node_hello,continuous,8,2,0.4,0.2672640000000004,0.2672640000000008,2.5,39.14649600000009,37.81017600000009,1.33632,0.9658636113944912,0.0,0.4,0,205,0.0,209,5,204,5,0,128,0,0.0,1.0,0,0.0,node_hello,0:0;18:0;39:1;47:0;5:1,SIM
gradient,50,5,9,cold,240.0,60.0,node_hello,continuous,9,5,1.0,0.26726400000000083,0.26726400000000083,1.0,39.14649600000009,37.81017600000009,1.33632,0.9658636113944912,0.0,1.0,0,204,0.0,209,5,204,5,0,179,0,0.0,1.0,0,0.0,node_hello,0:1;11:1;12:1;14:1;49:1,SIM
gradient,50,5,9,cold,240.0,60.0,node_hello,continuous,10,3,0.6,0.26726400000000083,0.26726400000000083,1.6666666666666667,39.14649600000009,37.81017600000009,1.33632,0.9658636113944912,0.0,0.6,0,205,0.0,209,5,204,5,0,145,0,0.0,1.0,0,0.0,node_hello,27:0;28:0;33:1;44:1;46:1,SIM
gradient,50,5,9,cold,240.0,60.0,node_hello,continuous,11,3,0.6,0.26726400000000083,0.26726400000000083,1.6666666666666667,39.14649600000009,37.81017600000009,1.33632,0.9658636113944912,0.0,0.6,0,204,0.0,209,5,204,5,0,139,0,0.0,1.0,0,0.0,node_hello,1:0;19:1;22:1;30:1;44:0,SIM
gradient,50,5,9,cold,240.0,60.0,node_hello,continuous,12,3,0.6,0.26726400000000083,0.26726400000000083,1.6666666666666667,39.14649600000009,37.81017600000009,1.33632,0.9658636113944912,0.0,0.6,0,200,0.0,209,5,204,5,134,160,0,0.0,1.0,0,0.0,node_hello,12:0;22:1;24:0;45:1;6:1,SIM
gradient,50,5,9,cold,240.0,60.0,node_hello,continuous,13,4,0.8,0.26726400000000083,0.26726400000000083,1.25,39.14649600000009,37.81017600000009,1.33632,0.9658636113944912,0.0,0.8,0,205,0.0,209,5,204,5,0,145,0,0.0,1.0,0,0.0,node_hello,2:0;22:1;23:1;6:1;8:1,SIM
gradient,50,5,9,cold,240.0,60.0,node_hello,continuous,14,3,0.6,0.267264,0.2672640000000008,1.6666666666666667,39.14649600000009,37.81017600000009,1.33632,0.9658636113944912,0.0,0.6,0,204,0.0,209,5,204,5,0,163,0,0.0,1.0,0,0.0,node_hello,23:1;3:1;4:1;41:0;43:0,SIM
gradient,50,5,9,cold,240.0,60.0,node_hello,continuous,15,4,0.8,0.2672640000000004,0.26726400000000083,1.25,39.14649600000009,37.81017600000009,1.33632,0.9658636113944912,0.0,0.8,0,200,0.0,209,5,204,5,113,172,0,0.0,1.0,0,0.0,node_hello,10:1;21:1;43:1;45:1;49:0,SIM
gradient,50,5,9,cold,240.0,60.0,node_hello,continuous,16,5,1.0,0.26726400000000083,0.26726400000000083,1.0,39.14649600000009,37.81017600000009,1.33632,0.9658636113944912,0.0,1.0,0,204,0.0,209,5,204,5,0,169,0,0.0,1.0,0,0.0,node_hello,3:1;34:1;40:1;42:1;9:1,SIM
gradient,50,5,9,cold,240.0,60.0,node_hello,continuous,17,3,0.6,0.26726400000000083,0.26726400000000083,1.6666666666666667,39.14649600000009,37.81017600000009,1.33632,0.9658636113944912,0.0,0.6,0,204,0.0,209,5,204,5,0,152,0,0.0,1.0,0,0.0,node_hello,13:0;21:0;29:1;3:1;48:1,SIM
gradient,50,5,9,cold,240.0,60.0,node_hello,continuous,18,5,1.0,0.26726400000000083,0.26726400000000083,1.0,39.14649600000009,37.81017600000009,1.33632,0.9658636113944912,0.0,1.0,0,204,0.0,209,5,204,5,0,159,0,0.0,1.0,0,0.0,node_hello,29:1;33:1;35:1;36:1;49:1,SIM
gradient,50,5,9,cold,240.0,60.0,node_hello,continuous,19,2,0.4,0.2672640000000004,0.2672640000000008,2.5,39.14649600000009,37.81017600000009,1.33632,0.9658636113944912,0.0,0.4,0,205,0.0,209,5,204,5,0,133,0,0.0,1.0,0,0.0,node_hello,2:1;27:0;37:0;43:1;45:0,SIM
gradient,50,20,7,warm,240.0,60.0,node_hello,continuous,0,13,0.65,0.0770559999999989,0.0770559999999989,1.5384615384615385,12.03814399999999,10.49702399999999,1.54112,0.8719802653963933,0.0,0.65,0,204,0.0,224,20,204,20,0,543,0,0.0,1.0,0,0.0,node_hello,0:1;10:1;11:1;16:1;17:0;19:1;21:0;22:1;24:0;26:0;28:0;30:0;32:1;33:1;36:1;38:1;42:0;46:1;7:1;9:1,SIM
gradient,50,20,7,warm,240.0,60.0,node_hello,continuous,1,7,0.35,0.0770559999999989,0.0770559999999989,2.857142857142857,12.03814399999999,10.49702399999999,1.54112,0.8719802653963933,0.0,0.35,0,204,0.0,224,20,204,20,0,501,0,0.0,1.0,0,0.0,node_hello,1:0;10:1;14:0;19:0;20:0;25:0;27:0;28:1;3:0;32:1;33:1;34:0;4:0;40:0;41:0;42:0;43:1;44:1;45:0;48:1,SIM
gradient,50,20,7,warm,240.0,60.0,node_hello,continuous,2,5,0.25,0.0770559999999989,0.0770559999999989,4.0,12.03814399999999,10.49702399999999,1.54112,0.8719802653963933,0.0,0.25,0,204,0.0,224,20,204,20,0,500,0,0.0,1.0,0,0.0,node_hello,0:0;14:0;15:1;16:0;17:1;2:0;23:0;27:0;28:0;29:0;32:0;37:0;39:0;4:0;40:1;42:1;46:1;47:0;5:0;6:0,SIM
gradient,50,20,7,warm,240.0,60.0,node_hello,continuous,3,15,0.75,0.0770559999999989,0.0770559999999989,1.3333333333333333,12.03814399999999,10.49702399999999,1.54112,0.8719802653963933,0.0,0.75,0,200,0.0,224,20,204,20,121,479,0,0.0,1.0,0,0.0,node_hello,10:0;11:1;12:0;13:1;14:1;17:0;2:0;20:1;21:1;25:1;28:1;33:1;36:1;40:1;41:1;45:1;48:1;49:1;5:0;7:1,SIM
gradient,50,20,7,warm,240.0,60.0,node_hello,continuous,4,14,0.7,0.0770559999999989,1.2708398837206814,11.071428571428571,22.44070400000001,10.49702399999999,11.943680000000018,0.4677671431341898,0.6974822974036192,0.7,0,246,0.0,359,155,204,20,276,2542,0,0.44,1.0,0,0.0,node_hello,10:1;12:1;13:1;17:0;18:1;2:1;21:1;25:1;26:0;29:0;3:1;31:0;33:1;39:1;4:1;41:1;42:0;43:1;44:1;8:0,SIM
gradient,50,20,7,warm,240.0,60.0,node_hello,continuous,5,7,0.35,0.0770559999999989,0.0770559999999989,2.857142857142857,12.03814399999999,10.49702399999999,1.54112,0.8719802653963933,0.0,0.35,0,200,0.0,224,20,204,20,85,433,0,0.0,1.0,0,0.0,node_hello,0:0;11:1;16:0;17:1;18:0;20:1;21:1;22:0;29:1;30:1;32:0;33:1;35:0;37:0;41:0;44:0;45:0;46:0;49:0;8:0,SIM
gradient,50,20,7,warm,240.0,60.0,node_hello,continuous,6,8,0.4,0.0770559999999989,0.0770559999999989,2.5,12.03814399999999,10.49702399999999,1.54112,0.8719802653963933,0.0,0.4,0,192,0.0,224,20,204,20,325,472,0,0.0,1.0,0,0.0,node_hello,1:0;10:0;12:0;16:0;24:1;28:0;29:1;30:0;31:0;35:1;37:1;39:0;4:1;40:1;42:0;44:0;45:0;46:1;5:1;8:0,SIM
gradient,50,20,7,warm,240.0,60.0,node_hello,continuous,7,12,0.6,0.0770559999999989,0.0770559999999989,1.6666666666666667,12.03814399999999,10.49702399999999,1.54112,0.8719802653963933,0.0,0.6,0,204,0.0,224,20,204,20,0,496,0,0.0,1.0,0,0.0,node_hello,1:0;10:0;14:1;16:0;19:1;21:1;22:1;23:0;32:1;33:0;34:1;41:1;42:1;43:0;44:1;45:1;48:0;49:0;5:1;9:1,SIM
gradient,50,20,7,warm,240.0,60.0,node_hello,continuous,8,11,0.55,0.0770559999999989,0.0770559999999989,1.8181818181818181,12.03814399999999,10.49702399999999,1.54112,0.8719802653963933,0.0,0.55,0,198,0.0,224,20,204,20,166,460,0,0.0,1.0,0,0.0,node_hello,0:0;14:0;18:0;19:0;20:1;22:0;23:0;25:0;26:1;33:1;35:1;38:1;39:1;40:0;41:1;44:1;45:1;46:1;48:0;5:1,SIM
gradient,50,20,7,warm,240.0,60.0,node_hello,continuous,9,10,0.5,0.0770559999999989,0.0770559999999989,2.0,12.03814399999999,10.49702399999999,1.54112,0.8719802653963933,0.0,0.5,0,204,0.0,224,20,204,20,0,481,0,0.0,1.0,0,0.0,node_hello,0:0;1:1;11:1;12:1;14:0;16:1;17:1;24:0;27:0;29:0;30:1;34:0;35:0;37:1;4:0;41:1;44:0;45:0;49:1;5:1,SIM
gradient,50,20,7,warm,240.0,60.0,node_hello,continuous,10,12,0.6,0.0770559999999989,0.0770559999999989,1.6666666666666667,12.03814399999999,10.49702399999999,1.54112,0.8719802653963933,0.0,0.6,0,200,0.0,224,20,204,20,107,537,0,0.0,1.0,0,0.0,node_hello,0:0;12:0;13:1;17:1;23:1;24:0;26:1;27:1;28:0;33:1;35:0;38:1;4:1;42:0;44:1;46:1;47:1;48:1;49:0;7:0,SIM
gradient,50,20,7,warm,240.0,60.0,node_hello,continuous,11,15,0.75,0.0770559999999989,0.0770559999999989,1.3333333333333333,12.03814399999999,10.49702399999999,1.54112,0.8719802653963933,0.0,0.75,0,204,0.0,224,20,204,20,0,452,0,0.0,1.0,0,0.0,node_hello,1:1;19:0;2:1;20:1;22:0;23:1;28:1;30:1;31:0;34:1;38:1;4:1;40:1;41:1;42:1;44:0;45:1;48:1;49:1;8:0,SIM
gradient,50,20,7,warm,240.0,60.0,node_hello,continuous,12,9,0.45,0.0770559999999989,0.0770559999999989,2.2222222222222223,12.03814399999999,10.49702399999999,1.54112,0.8719802653963933,0.0,0.45,0,192,0.0,224,20,204,20,294,498,0,0.0,1.0,0,0.0,node_hello,10:1;12:0;13:1;15:0;17:1;19:0;22:1;24:0;25:0;26:1;31:1;34:0;39:1;4:0;40:0;42:0;45:0;46:1;6:1;7:0,SIM
gradient,50,20,7,warm,240.0,60.0,node_hello,continuous,13,12,0.6,0.0770559999999989,0.0770559999999989,1.6666666666666667,12.03814399999999,10.49702399999999,1.54112,0.8719802653963933,0.0,0.6,0,204,0.0,224,20,204,20,0,543,0,0.0,1.0,0,0.0,node_hello,10:0;18:1;2:1;20:1;22:1;23:0;27:1;28:1;3:1;31:0;34:1;35:0;37:0;42:1;43:0;47:1;48:0;49:1;6:1;8:0,SIM
gradient,50,20,7,warm,240.0,60.0,node_hello,continuous,14,10,0.5,0.0770559999999989,0.0770559999999989,2.0,12.03814399999999,10.49702399999999,1.54112,0.8719802653963933,0.0,0.5,0,196,0.0,224,20,204,20,175,524,0,0.0,1.0,0,0.0,node_hello,0:1;10:1;19:0;2:1;23:0;24:1;27:1;28:1;3:0;34:0;4:1;41:0;43:0;44:1;45:1;47:0;49:0;6:0;7:0;8:1,SIM
gradient,50,20,7,warm,240.0,60.0,node_hello,continuous,15,16,0.8,0.0770559999999989,1.6022070223108784,10.0625,22.90304000000001,10.49702399999999,12.406016000000022,0.45832448443525337,0.7272082298687478,0.8,0,244,0.0,365,161,204,20,216,2819,0,0.54,1.0,0,0.0,node_hello,1:1;10:0;11:1;13:1;17:1;21:1;22:1;26:0;29:1;3:0;33:1;36:1;38:1;39:1;42:1;43:1;45:1;46:1;48:0;8:1,SIM
gradient,50,20,7,warm,240.0,60.0,node_hello,continuous,16,9,0.45,0.0770559999999989,0.0770559999999989,2.2222222222222223,12.03814399999999,10.49702399999999,1.54112,0.8719802653963933,0.0,0.45,0,200,0.0,224,20,204,20,111,475,0,0.0,1.0,0,0.0,node_hello,1:1;13:1;14:1;17:0;22:0;3:1;30:1;32:0;33:0;34:1;37:0;4:0;40:1;41:0;42:0;44:1;45:0;46:1;49:0;9:0,SIM
gradient,50,20,7,warm,240.0,60.0,node_hello,continuous,17,11,0.55,0.0770559999999989,0.631357952346498,7.090909090909091,16.50739199999998,10.49702399999999,6.010367999999989,0.6358983902484415,0.6515337423312884,0.55,0,199,0.0,282,78,204,20,416,1630,0,0.58,1.0,0,0.0,node_hello,0:0;1:0;13:1;14:1;17:0;19:0;21:1;27:0;29:1;3:1;30:0;33:0;34:1;40:0;43:0;46:1;48:1;49:1;6:1;7:1,SIM
gradient,50,20,7,warm,240.0,60.0,node_hello,continuous,18,16,0.8,0.0770559999999989,0.0770559999999989,1.25,12.03814399999999,10.49702399999999,1.54112,0.8719802653963933,0.0,0.8,0,200,0.0,224,20,204,20,125,549,0,0.0,1.0,0,0.0,node_hello,10:0;14:1;20:1;21:1;23:1;24:1;25:1;29:1;31:1;32:1;33:1;34:1;35:1;36:0;4:1;44:1;45:0;47:1;48:1;5:0,SIM
gradient,50,20,7,warm,240.0,60.0,node_hello,continuous,19,7,0.35,0.0770559999999989,0.0770559999999989,2.857142857142857,12.03814399999999,10.49702399999999,1.54112,0.8719802653963933,0.0,0.35,0,206,0.0,224,20,204,20,0,455,0,0.0,1.0,0,0.0,node_hello,12:0;15:1;17:0;18:0;2:0;20:1;27:1;28:1;34:0;37:0;39:0;4:0;40:1;41:0;43:1;45:0;47:0;7:0;8:1;9:0,SIM
gradient,50,20,7,cold,240.0,60.0,node_hello,continuous,0,13,0.65,0.0770559999999989,0.07705600000000028,1.5384615384615385,12.03814399999999,10.49702399999999,1.54112,0.8719802653963933,0.0,0.65,0,204,0.0,224,20,204,20,0,543,0,0.0,1.0,0,0.0,node_hello,0:1;10:1;11:1;16:1;17:0;19:1;21:0;22:1;24:0;26:0;28:0;30:0;32:1;33:1;36:1;38:1;42:0;46:1;7:1;9:1,SIM
gradient,50,20,7,cold,240.0,60.0,node_hello,continuous,1,7,0.35,0.0770559999999989,0.0770559999999989,2.857142857142857,12.03814399999999,10.49702399999999,1.54112,0.8719802653963933,0.0,0.35,0,204,0.0,224,20,204,20,0,501,0,0.0,1.0,0,0.0,node_hello,1:0;10:1;14:0;19:0;20:0;25:0;27:0;28:1;3:0;32:1;33:1;34:0;4:0;40:0;41:0;42:0;43:1;44:1;45:0;48:1,SIM
gradient,50,20,7,cold,240.0,60.0,node_hello,continuous,2,5,0.25,0.0770559999999989,0.0770559999999989,4.0,12.03814399999999,10.49702399999999,1.54112,0.8719802653963933,0.0,0.25,0,204,0.0,224,20,204,20,0,500,0,0.0,1.0,0,0.0,node_hello,0:0;14:0;15:1;16:0;17:1;2:0;23:0;27:0;28:0;29:0;32:0;37:0;39:0;4:0;40:1;42:1;46:1;47:0;5:0;6:0,SIM
gradient,50,20,7,cold,240.0,60.0,node_hello,continuous,3,15,0.75,0.0770559999999989,0.0770559999999989,1.3333333333333333,12.03814399999999,10.49702399999999,1.54112,0.8719802653963933,0.0,0.75,0,200,0.0,224,20,204,20,125,473,0,0.0,1.0,0,0.0,node_hello,10:1;11:1;12:0;13:1;14:1;17:1;2:0;20:0;21:1;25:1;28:1;33:1;36:1;40:1;41:1;45:1;48:1;49:1;5:0;7:0,SIM
gradient,50,20,7,cold,240.0,60.0,node_hello,continuous,4,9,0.45,0.0770559999999989,2.2015664110160564,6.888888888888889,15.274495999999983,10.49702399999999,4.777471999999992,0.6872255555928001,0.5522609340252038,0.45,0,200,0.0,266,62,204,20,291,1349,0,0.0,1.0,0,0.0,node_hello,10:0;12:0;13:0;17:1;18:0;2:0;21:1;25:1;26:1;29:0;3:0;31:0;33:0;39:1;4:0;41:1;42:1;43:1;44:1;8:0,SIM
gradient,50,20,7,cold,240.0,60.0,node_hello,continuous,5,8,0.4,0.0770559999999989,0.07705600000000044,2.5,12.03814399999999,10.49702399999999,1.54112,0.8719802653963933,0.0,0.4,0,200,0.0,224,20,204,20,99,445,0,0.0,1.0,0,0.0,node_hello,0:1;11:1;16:0;17:1;18:0;20:1;21:0;22:1;29:0;30:1;32:1;33:0;35:1;37:0;41:0;44:0;45:0;46:0;49:0;8:0,SIM
gradient,50,20,7,cold,240.0,60.0,node_hello,continuous,6,11,0.55,0.0770559999999989,0.07705600000000035,1.8181818181818181,12.03814399999999,10.49702399999999,1.54112,0.8719802653963933,0.0,0.55,0,192,0.0,224,20,204,20,325,452,0,0.0,1.0,0,0.0,node_hello,1:1;10:0;12:1;16:0;24:0;28:0;29:1;30:0;31:0;35:1;37:1;39:1;4:1;40:1;42:1;44:0;45:0;46:1;5:1;8:0,SIM
gradient,50,20,7,cold,240.0,60.0,node_hello,continuous,7,12,0.6,0.0770559999999989,0.0770560000000002,1.6666666666666667,12.03814399999999,10.49702399999999,1.54112,0.8719802653963933,0.0,0.6,0,204,0.0,224,20,204,20,0,496,0,0.0,1.0,0,0.0,node_hello,1:0;10:0;14:1;16:0;19:1;21:1;22:1;23:0;32:1;33:0;34:1;41:1;42:1;43:0;44:1;45:1;48:0;49:0;5:1;9:1,SIM
gradient,50,20,7,cold,240.0,60.0,node_hello,continuous,8,8,0.4,0.0770559999999989,0.0770559999999989,2.5,12.03814399999999,10.49702399999999,1.54112,0.8719802653963933,0.0,0.4,0,198,0.0,224,20,204,20,183,459,0,0.0,1.0,0,0.0,node_hello,0:0;14:0;18:0;19:0;20:0;22:0;23:1;25:0;26:0;33:1;35:1;38:1;39:1;40:0;41:1;44:0;45:1;46:1;48:0;5:0,SIM
gradient,50,20,7,cold,240.0,60.0,node_hello,continuous,9,10,0.5,0.0770559999999989,0.07705599999999939,2.0,12.03814399999999,10.49702399999999,1.54112,0.8719802653963933,0.0,0.5,0,204,0.0,224,20,204,20,0,481,0,0.0,1.0,0,0.0,node_hello,0:0;1:1;11:1;12:1;14:0;16:1;17:1;24:0;27:0;29:0;30:1;34:0;35:0;37:1;4:0;41:1;44:0;45:0;49:1;5:1,SIM
gradient,50,20,7,cold,240.0,60.0,node_hello,continuous,10,14,0.7,0.0770559999999989,0.07705599999999921,1.4285714285714286,12.03814399999999,10.49702399999999,1.54112,0.8719802653963933,0.0,0.7,0,200,0.0,224,20,204,20,111,546,0,0.0,1.0,0,0.0,node_hello,0:0;12:0;13:1;17:1;23:1;24:1;26:1;27:1;28:1;33:1;35:0;38:1;4:1;42:0;44:1;46:0;47:1;48:1;49:1;7:0,SIM
gradient,50,20,7,cold,240.0,60.0,node_hello,continuous,11,15,0.75,0.0770559999999989,0.07705600000000021,1.3333333333333333,12.03814399999999,10.49702399999999,1.54112,0.8719802653963933,0.0,0.75,0,204,0.0,224,20,204,20,0,452,0,0.0,1.0,0,0.0,node_hello,1:1;19:0;2:1;20:1;22:0;23:1;28:1;30:1;31:0;34:1;38:1;4:1;40:1;41:1;42:1;44:0;45:1;48:1;49:1;8:0,SIM
gradient,50,20,7,cold,240.0,60.0,node_hello,continuous,12,9,0.45,0.0770559999999989,0.07705600000000032,2.2222222222222223,12.03814399999999,10.49702399999999,1.54112,0.8719802653963933,0.0,0.45,0,192,0.0,224,20,204,20,303,472,0,0.0,1.0,0,0.0,node_hello,10:0;12:0;13:1;15:0;17:1;19:0;22:1;24:1;25:1;26:0;31:0;34:0;39:0;4:0;40:0;42:0;45:1;46:1;6:1;7:1,SIM
gradient,50,20,7,cold,240.0,60.0,node_hello,continuous,13,12,0.6,0.0770559999999989,0.0770560000000003,1.6666666666666667,12.03814399999999,10.49702399999999,1.54112,0.8719802653963933,0.0,0.6,0,204,0.0,224,20,204,20,0,543,0,0.0,1.0,0,0.0,node_hello,10:0;18:1;2:1;20:1;22:1;23:0;27:1;28:1;3:1;31:0;34:1;35:0;37:0;42:1;43:0;47:1;48:0;49:1;6:1;8:0,SIM
gradient,50,20,7,cold,240.0,60.0,node_hello,continuous,14,13,0.65,0.0770559999999989,0.07705599999999987,1.5384615384615385,12.03814399999999,10.49702399999999,1.54112,0.8719802653963933,0.0,0.65,0,196,0.0,224,20,204,20,174,483,0,0.0,1.0,0,0.0,node_hello,0:1;10:1;19:1;2:1;23:0;24:0;27:1;28:1;3:0;34:1;4:1;41:0;43:1;44:0;45:1;47:1;49:0;6:1;7:0;8:1,SIM
gradient,50,20,7,cold,240.0,60.0,node_hello,continuous,15,9,0.45,0.0770559999999989,0.0770560000000004,2.2222222222222223,12.03814399999999,10.49702399999999,1.54112,0.8719802653963933,0.0,0.45,0,196,0.0,224,20,204,20,203,481,0,0.0,1.0,0,0.0,node_hello,1:1;10:1;11:0;13:1;17:0;21:0;22:0;26:0;29:0;3:1;33:0;36:0;38:1;39:0;42:1;43:1;45:1;46:0;48:0;8:1,SIM
gradient,50,20,7,cold,240.0,60.0,node_hello,continuous,16,9,0.45,0.0770559999999989,0.07705599999999992,2.2222222222222223,12.03814399999999,10.49702399999999,1.54112,0.8719802653963933,0.0,0.45,0,200,0.0,224,20,204,20,108,476,0,0.0,1.0,0,0.0,node_hello,1:1;13:0;14:1;17:0;22:0;3:1;30:1;32:0;33:0;34:1;37:0;4:0;40:0;41:1;42:0;44:1;45:1;46:0;49:1;9:0,SIM
gradient,50,20,7,cold,240.0,60.0,node_hello,continuous,17,18,0.9,0.0770559999999989,1.2721795105512168,7.0,20.20607999999999,10.49702399999999,9.709055999999999,0.519498289623717,0.6263622210690192,0.9,0,234,0.0,330,126,204,20,412,1927,0,0.0,1.0,0,0.0,node_hello,0:1;1:1;13:0;14:1;17:1;19:1;21:1;27:1;29:1;3:1;30:0;33:1;34:1;40:1;43:1;46:1;48:1;49:1;6:1;7:1,SIM
gradient,50,20,7,cold,240.0,60.0,node_hello,continuous,18,16,0.8,0.0770559999999989,0.07705599999999985,1.25,12.03814399999999,10.49702399999999,1.54112,0.8719802653963933,0.0,0.8,0,200,0.0,224,20,204,20,139,545,0,0.0,1.0,0,0.0,node_hello,10:0;14:0;20:1;21:1;23:1;24:1;25:1;29:1;31:1;32:1;33:1;34:0;35:1;36:1;4:1;44:0;45:1;47:1;48:1;5:1,SIM
gradient,50,20,7,cold,240.0,60.0,node_hello,continuous,19,7,0.35,0.0770559999999989,0.0770559999999989,2.857142857142857,12.03814399999999,10.49702399999999,1.54112,0.8719802653963933,0.0,0.35,0,206,0.0,224,20,204,20,0,455,0,0.0,1.0,0,0.0,node_hello,12:0;15:1;17:0;18:0;2:0;20:1;27:1;28:1;34:0;37:0;39:0;4:0;40:1;41:0;43:1;45:0;47:0;7:0;8:1;9:0,SIM
gradient,50,20,9,warm,240.0,60.0,node_hello,continuous,0,16,0.8,0.2672639999999973,0.2672640000000115,1.25,43.15545600000009,37.81017600000009,5.34528,0.8761389521640093,0.0,0.8,0,204,0.0,224,20,204,20,0,711,0,0.0,1.0,0,0.0,node_hello,0:1;10:1;11:1;16:1;17:0;19:1;21:1;22:1;24:0;26:0;28:1;30:0;32:1;33:1;36:1;38:1;42:1;46:1;7:1;9:1,SIM
gradient,50,20,9,warm,240.0,60.0,node_hello,continuous,1,9,0.45,0.2672639999999973,0.2672640000000115,2.2222222222222223,43.15545600000009,37.81017600000009,5.34528,0.8761389521640093,0.0,0.45,0,204,0.0,224,20,204,20,0,659,0,0.0,1.0,0,0.0,node_hello,1:0;10:1;14:0;19:0;20:0;25:1;27:0;28:1;3:0;32:1;33:1;34:0;4:0;40:0;41:0;42:1;43:1;44:1;45:0;48:1,SIM
gradient,50,20,9,warm,240.0,60.0,node_hello,continuous,2,9,0.45,0.2672639999999973,0.2672640000000115,2.2222222222222223,43.15545600000009,37.81017600000009,5.34528,0.8761389521640093,0.0,0.45,0,204,0.0,224,20,204,20,0,670,0,0.0,1.0,0,0.0,node_hello,0:0;14:1;15:1;16:0;17:1;2:0;23:1;27:1;28:0;29:0;32:1;37:0;39:0;4:0;40:1;42:1;46:1;47:0;5:0;6:0,SIM
gradient,50,20,9,warm,240.0,60.0,node_hello,continuous,3,18,0.9,0.2672639999999973,0.2672640000000115,1.1111111111111112,43.15545600000009,37.81017600000009,5.34528,0.8761389521640093,0.0,0.9,0,204,0.0,224,20,204,20,0,654,0,0.0,1.0,0,0.0,node_hello,10:1;11:1;12:1;13:1;14:1;17:1;2:1;20:1;21:1;25:1;28:1;33:1;36:1;40:1;41:1;45:1;48:1;49:1;5:0;7:0,SIM
gradient,50,20,9,warm,240.0,60.0,node_hello,continuous,4,9,0.45,0.2672640000000115,0.2672640000000115,2.2222222222222223,43.15545600000009,37.81017600000009,5.34528,0.8761389521640093,0.0,0.45,0,206,0.0,224,20,204,20,0,590,0,0.0,1.0,0,0.0,node_hello,10:1;12:0;13:0;17:1;18:0;2:0;21:1;25:0;26:1;29:1;3:0;31:1;33:1;39:1;4:0;41:0;42:0;43:0;44:1;8:0,SIM
gradient,50,20,9,warm,240.0,60.0,node_hello,continuous,5,11,0.55,0.2672639999999973,0.2672640000000115,1.8181818181818181,43.15545600000009,37.81017600000009,5.34528,0.8761389521640093,0.0,0.55,0,204,0.0,224,20,204,20,0,616,0,0.0,1.0,0,0.0,node_hello,0:1;11:1;16:0;17:1;18:1;20:1;21:0;22:0;29:1;30:1;32:1;33:1;35:0;37:1;41:0;44:0;45:1;46:0;49:0;8:0,SIM
gradient,50,20,9,warm,240.0,60.0,node_hello,continuous,6,14,0.7,0.2672639999999973,0.2672640000000115,1.4285714285714286,43.15545600000009,37.81017600000009,5.34528,0.8761389521640093,0.0,0.7,0,204,0.0,224,20,204,20,0,630,0,0.0,1.0,0,0.0,node_hello,1:1;10:1;12:1;16:0;24:0;28:1;29:1;30:0;31:0;35:1;37:1;39:1;4:1;40:1;42:1;44:0;45:0;46:1;5:1;8:1,SIM
gradient,50,20,9,warm,240.0,60.0,node_hello,continuous,7,14,0.7,0.2672639999999973,0.2672640000000115,1.4285714285714286,43.15545600000009,37.81017600000009,5.34528,0.8761389521640093,0.0,0.7,0,204,0.0,224,20,204,20,0,679,0,0.0,1.0,0,0.0,node_hello,1:1;10:0;14:1;16:0;19:1;21:1;22:1;23:0;32:1;33:0;34:1;41:1;42:1;43:1;44:1;45:1;48:0;49:0;5:1;9:1,SIM
gradient,50,20,9,warm,240.0,60.0,node_hello,continuous,8,10,0.5,0.2672640000000115,0.2672640000000115,2.0,43.15545600000009,37.81017600000009,5.34528,0.8761389521640093,0.0,0.5,0,206,0.0,224,20,204,20,0,601,0,0.0,1.0,0,0.0,node_hello,0:0;14:1;18:1;19:0;20:0;22:0;23:0;25:0;26:1;33:1;35:0;38:1;39:1;40:0;41:1;44:1;45:1;46:1;48:0;5:0,SIM
gradient,50,20,9,warm,240.0,60.0,node_hello,continuous,9,12,0.6,0.2672639999999973,0.2672640000000115,1.6666666666666667,43.15545600000009,37.81017600000009,5.34528,0.8761389521640093,0.0,0.6,0,204,0.0,224,20,204,20,0,663,0,0.0,1.0,0,0.0,node_hello,0:0;1:1;11:1;12:1;14:0;16:1;17:1;24:0;27:1;29:0;30:1;34:0;35:0;37:1;4:0;41:1;44:0;45:1;49:1;5:1,SIM
gradient,50,20,9,warm,240.0,60.0,node_hello,continuous,10,12,0.6,0.2672640000000115,0.2672640000000115,1.6666666666666667,43.15545600000009,37.81017600000009,5.34528,0.8761389521640093,0.0,0.6,0,206,0.0,224,20,204,20,0,645,0,0.0,1.0,0,0.0,node_hello,0:0;12:0;13:1;17:0;23:0;24:1;26:1;27:1;28:0;33:1;35:1;38:1;4:0;42:1;44:1;46:1;47:1;48:1;49:0;7:0,SIM
gradient,50,20,9,warm,240.0,60.0,node_hello,continuous,11,16,0.8,0.2672639999999973,0.2672640000000115,1.25,43.15545600000009,37.81017600000009,5.34528,0.8761389521640093,0.0,0.8,0,204,0.0,224,20,204,20,0,632,0,0.0,1.0,0,0.0,node_hello,1:1;19:0;2:1;20:1;22:0;23:1;28:1;30:1;31:1;34:1;38:1;4:1;40:1;41:1;42:1;44:0;45:1;48:1;49:1;8:0,SIM
gradient,50,20,9,warm,240.0,60.0,node_hello,continuous,12,12,0.6,0.2672639999999973,0.2672640000000115,1.6666666666666667,43.15545600000009,37.81017600000009,5.34528,0.8761389521640093,0.0,0.6,0,200,0.0,224,20,204,20,142,650,0,0.0,1.0,0,0.0,node_hello,10:1;12:1;13:1;15:0;17:1;19:0;22:1;24:0;25:1;26:1;31:1;34:0;39:1;4:1;40:1;42:0;45:0;46:0;6:1;7:0,SIM
gradient,50,20,9,warm,240.0,60.0,node_hello,continuous,13,14,0.7,0.2672640000000044,0.2672640000000115,1.4285714285714286,43.15545600000009,37.81017600000009,5.34528,0.8761389521640093,0.0,0.7,0,206,0.0,224,20,204,20,0,641,0,0.0,1.0,0,0.0,node_hello,10:0;18:0;2:0;20:1;22:1;23:1;27:1;28:0;3:1;31:0;34:1;35:0;37:1;42:1;43:1;47:1;48:1;49:1;6:1;8:1,SIM
gradient,50,20,9,warm,240.0,60.0,node_hello,continuous,14,15,0.75,0.2672639999999973,0.2672640000000115,1.3333333333333333,43.15545600000009,37.81017600000009,5.34528,0.8761389521640093,0.0,0.75,0,204,0.0,224,20,204,20,0,652,0,0.0,1.0,0,0.0,node_hello,0:1;10:1;19:1;2:1;23:1;24:0;27:1;28:1;3:0;34:1;4:1;41:1;43:1;44:0;45:1;47:0;49:0;6:1;7:1;8:1,SIM
gradient,50,20,9,warm,240.0,60.0,node_hello,continuous,15,11,0.55,0.2672639999999973,0.2672640000000115,1.8181818181818181,43.15545600000009,37.81017600000009,5.34528,0.8761389521640093,0.0,0.55,0,202,0.0,224,20,204,20,111,621,0,0.0,1.0,0,0.0,node_hello,1:0;10:1;11:1;13:0;17:0;21:1;22:1;26:0;29:1;3:1;33:0;36:0;38:1;39:0;42:1;43:1;45:1;46:0;48:0;8:1,SIM
gradient,50,20,9,warm,240.0,60.0,node_hello,continuous,16,14,0.7,0.2672639999999973,0.2672640000000115,1.4285714285714286,43.15545600000009,37.81017600000009,5.34528,0.8761389521640093,0.0,0.7,0,204,0.0,224,20,204,20,0,653,0,0.0,1.0,0,0.0,node_hello,1:1;13:0;14:1;17:1;22:1;3:1;30:1;32:0;33:1;34:1;37:0;4:1;40:1;41:0;42:1;44:1;45:0;46:1;49:1;9:0,SIM
gradient,50,20,9,warm,240.0,60.0,node_hello,continuous,17,16,0.8,0.2672640000000044,0.2672640000000115,1.25,43.15545600000009,37.81017600000009,5.34528,0.8761389521640093,0.0,0.8,0,204,0.0,224,20,204,20,0,623,0,0.0,1.0,0,0.0,node_hello,0:1;1:1;13:0;14:1;17:1;19:0;21:0;27:1;29:1;3:1;30:1;33:1;34:1;40:1;43:1;46:1;48:1;49:1;6:1;7:0,SIM
gradient,50,20,9,warm,240.0,60.0,node_hello,continuous,18,17,0.85,0.2672639999999973,0.2672640000000115,1.1764705882352942,43.15545600000009,37.81017600000009,5.34528,0.8761389521640093,0.0,0.85,0,204,0.0,224,20,204,20,0,709,0,0.0,1.0,0,0.0,node_hello,10:0;14:0;20:1;21:1;23:1;24:1;25:1;29:1;31:1;32:1;33:1;34:1;35:1;36:1;4:1;44:1;45:0;47:1;48:1;5:1,SIM
gradient,50,20,9,warm,240.0,60.0,node_hello,continuous,19,12,0.6,0.2672640000000044,0.2672640000000115,1.6666666666666667,43.15545600000009,37.81017600000009,5.34528,0.8761389521640093,0.0,0.6,0,206,0.0,224,20,204,20,0,595,0,0.0,1.0,0,0.0,node_hello,12:1;15:1;17:0;18:0;2:0;20:1;27:1;28:1;34:0;37:1;39:1;4:0;40:1;41:1;43:1;45:0;47:1;7:0;8:1;9:0,SIM
gradient,50,20,9,cold,240.0,60.0,node_hello,continuous,0,16,0.8,0.2672639999999973,0.26726400000000083,1.25,43.15545600000009,37.81017600000009,5.34528,0.8761389521640093,0.0,0.8,0,204,0.0,224,20,204,20,0,711,0,0.0,1.0,0,0.0,node_hello,0:1;10:1;11:1;16:1;17:0;19:1;21:1;22:1;24:0;26:0;28:1;30:0;32:1;33:1;36:1;38:1;42:1;46:1;7:1;9:1,SIM
gradient,50,20,9,cold,240.0,60.0,node_hello,continuous,1,9,0.45,0.2672639999999973,0.2672639999999994,2.2222222222222223,43.15545600000009,37.81017600000009,5.34528,0.8761389521640093,0.0,0.45,0,204,0.0,224,20,204,20,0,659,0,0.0,1.0,0,0.0,node_hello,1:0;10:1;14:0;19:0;20:0;25:1;27:0;28:1;3:0;32:1;33:1;34:0;4:0;40:0;41:0;42:1;43:1;44:1;45:0;48:1,SIM
gradient,50,20,9,cold,240.0,60.0,node_hello,continuous,2,9,0.45,0.2672639999999973,0.2672639999999994,2.2222222222222223,43.15545600000009,37.81017600000009,5.34528,0.8761389521640093,0.0,0.45,0,204,0.0,224,20,204,20,0,670,0,0.0,1.0,0,0.0,node_hello,0:0;14:1;15:1;16:0;17:1;2:0;23:1;27:1;28:0;29:0;32:1;37:0;39:0;4:0;40:1;42:1;46:1;47:0;5:0;6:0,SIM
gradient,50,20,9,cold,240.0,60.0,node_hello,continuous,3,18,0.9,0.2672639999999973,0.26726400000000083,1.1111111111111112,43.15545600000009,37.81017600000009,5.34528,0.8761389521640093,0.0,0.9,0,204,0.0,224,20,204,20,0,654,0,0.0,1.0,0,0.0,node_hello,10:1;11:1;12:1;13:1;14:1;17:1;2:1;20:1;21:1;25:1;28:1;33:1;36:1;40:1;41:1;45:1;48:1;49:1;5:0;7:0,SIM
gradient,50,20,9,cold,240.0,60.0,node_hello,continuous,4,9,0.45,0.2672639999999973,0.2672640000000005,2.2222222222222223,43.15545600000009,37.81017600000009,5.34528,0.8761389521640093,0.0,0.45,0,205,0.0,224,20,204,20,0,625,0,0.0,1.0,0,0.0,node_hello,10:1;12:0;13:0;17:1;18:0;2:1;21:1;25:0;26:1;29:1;3:0;31:1;33:1;39:0;4:0;41:0;42:0;43:0;44:1;8:0,SIM
gradient,50,20,9,cold,240.0,60.0,node_hello,continuous,5,11,0.55,0.2672639999999973,0.26726400000000083,1.8181818181818181,43.15545600000009,37.81017600000009,5.34528,0.8761389521640093,0.0,0.55,0,204,0.0,224,20,204,20,0,616,0,0.0,1.0,0,0.0,node_hello,0:1;11:1;16:0;17:1;18:1;20:1;21:0;22:0;29:1;30:1;32:1;33:1;35:0;37:1;41:0;44:0;45:1;46:0;49:0;8:0,SIM
gradient,50,20,9,cold,240.0,60.0,node_hello,continuous,6,14,0.7,0.2672639999999973,0.26726400000000083,1.4285714285714286,43.15545600000009,37.81017600000009,5.34528,0.8761389521640093,0.0,0.7,0,204,0.0,224,20,204,20,0,630,0,0.0,1.0,0,0.0,node_hello,1:1;10:1;12:1;16:0;24:0;28:1;29:1;30:0;31:0;35:1;37:1;39:1;4:1;40:1;42:1;44:0;45:0;46:1;5:1;8:1,SIM
gradient,50,20,9,cold,240.0,60.0,node_hello,continuous,7,14,0.7,0.2672639999999973,0.26726400000000083,1.4285714285714286,43.15545600000009,37.81017600000009,5.34528,0.8761389521640093,0.0,0.7,0,204,0.0,224,20,204,20,0,679,0,0.0,1.0,0,0.0,node_hello,1:1;10:0;14:1;16:0;19:1;21:1;22:1;23:0;32:1;33:0;34:1;41:1;42:1;43:1;44:1;45:1;48:0;49:0;5:1;9:1,SIM
gradient,50,20,9,cold,240.0,60.0,node_hello,continuous,8,10,0.5,0.2672639999999973,0.26726400000000083,2.0,43.15545600000009,37.81017600000009,5.34528,0.8761389521640093,0.0,0.5,0,206,0.0,224,20,204,20,0,601,0,0.0,1.0,0,0.0,node_hello,0:0;14:1;18:1;19:0;20:0;22:0;23:0;25:0;26:1;33:1;35:0;38:1;39:1;40:0;41:1;44:1;45:1;46:1;48:0;5:0,SIM
gradient,50,20,9,cold,240.0,60.0,node_hello,continuous,9,12,0.6,0.2672639999999973,0.26726400000000083,1.6666666666666667,43.15545600000009,37.81017600000009,5.34528,0.8761389521640093,0.0,0.6,0,204,0.0,224,20,204,20,0,663,0,0.0,1.0,0,0.0,node_hello,0:0;1:1;11:1;12:1;14:0;16:1;17:1;24:0;27:1;29:0;30:1;34:0;35:0;37:1;4:0;41:1;44:0;45:1;49:1;5:1,SIM
gradient,50,20,9,cold,240.0,60.0,node_hello,continuous,10,12,0.6,0.2672639999999973,0.2672639999999989,1.6666666666666667,43.15545600000009,37.81017600000009,5.34528,0.8761389521640093,0.0,0.6,0,206,0.0,224,20,204,20,0,645,0,0.0,1.0,0,0.0,node_hello,0:0;12:0;13:1;17:0;23:0;24:1;26:1;27:1;28:0;33:1;35:1;38:1;4:0;42:1;44:1;46:1;47:1;48:1;49:0;7:0,SIM
gradient,50,20,9,cold,240.0,60.0,node_hello,continuous,11,16,0.8,0.2672639999999973,0.26726400000000083,1.25,43.15545600000009,37.81017600000009,5.34528,0.8761389521640093,0.0,0.8,0,204,0.0,224,20,204,20,0,632,0,0.0,1.0,0,0.0,node_hello,1:1;19:0;2:1;20:1;22:0;23:1;28:1;30:1;31:1;34:1;38:1;4:1;40:1;41:1;42:1;44:0;45:1;48:1;49:1;8:0,SIM
gradient,50,20,9,cold,240.0,60.0,node_hello,continuous,12,12,0.6,0.2672639999999973,0.26726400000000083,1.6666666666666667,43.15545600000009,37.81017600000009,5.34528,0.8761389521640093,0.0,0.6,0,200,0.0,224,20,204,20,148,662,0,0.0,1.0,0,0.0,node_hello,10:0;12:0;13:1;15:0;17:1;19:0;22:1;24:0;25:1;26:1;31:1;34:1;39:0;4:1;40:1;42:1;45:0;46:0;6:1;7:1,SIM
gradient,50,20,9,cold,240.0,60.0,node_hello,continuous,13,14,0.7,0.2672639999999973,0.26726400000000083,1.4285714285714286,43.15545600000009,37.81017600000009,5.34528,0.8761389521640093,0.0,0.7,0,206,0.0,224,20,204,20,0,641,0,0.0,1.0,0,0.0,node_hello,10:0;18:0;2:0;20:1;22:1;23:1;27:1;28:0;3:1;31:0;34:1;35:0;37:1;42:1;43:1;47:1;48:1;49:1;6:1;8:1,SIM
gradient,50,20,9,cold,240.0,60.0,node_hello,continuous,14,15,0.75,0.2672639999999973,0.26726400000000083,1.3333333333333333,43.15545600000009,37.81017600000009,5.34528,0.8761389521640093,0.0,0.75,0,204,0.0,224,20,204,20,0,652,0,0.0,1.0,0,0.0,node_hello,0:1;10:1;19:1;2:1;23:1;24:0;27:1;28:1;3:0;34:1;4:1;41:1;43:1;44:0;45:1;47:0;49:0;6:1;7:1;8:1,SIM
gradient,50,20,9,cold,240.0,60.0,node_hello,continuous,15,12,0.6,0.2672639999999973,0.26726400000000083,1.6666666666666667,43.15545600000009,37.81017600000009,5.34528,0.8761389521640093,0.0,0.6,0,202,0.0,224,20,204,20,106,614,0,0.0,1.0,0,0.0,node_hello,1:1;10:1;11:0;13:1;17:1;21:0;22:1;26:0;29:1;3:1;33:0;36:1;38:0;39:1;42:0;43:1;45:0;46:1;48:0;8:1,SIM
gradient,50,20,9,cold,240.0,60.0,node_hello,continuous,16,14,0.7,0.2672639999999973,0.26726400000000083,1.4285714285714286,43.15545600000009,37.81017600000009,5.34528,0.8761389521640093,0.0,0.7,0,204,0.0,224,20,204,20,0,653,0,0.0,1.0,0,0.0,node_hello,1:1;13:0;14:1;17:1;22:1;3:1;30:1;32:0;33:1;34:1;37:0;4:1;40:1;41:0;42:1;44:1;45:0;46:1;49:1;9:0,SIM
gradient,50,20,9,cold,240.0,60.0,node_hello,continuous,17,16,0.8,0.2672639999999973,0.26726400000000083,1.25,43.15545600000009,37.81017600000009,5.34528,0.8761389521640093,0.0,0.8,0,204,0.0,224,20,204,20,0,623,0,0.0,1.0,0,0.0,node_hello,0:1;1:1;13:0;14:1;17:1;19:0;21:0;27:1;29:1;3:1;30:1;33:1;34:1;40:1;43:1;46:1;48:1;49:1;6:1;7:0,SIM
gradient,50,20,9,cold,240.0,60.0,node_hello,continuous,18,17,0.85,0.2672639999999973,0.26726400000000083,1.1764705882352942,43.15545600000009,37.81017600000009,5.34528,0.8761389521640093,0.0,0.85,0,204,0.0,224,20,204,20,0,709,0,0.0,1.0,0,0.0,node_hello,10:0;14:0;20:1;21:1;23:1;24:1;25:1;29:1;31:1;32:1;33:1;34:1;35:1;36:1;4:1;44:1;45:0;47:1;48:1;5:1,SIM
gradient,50,20,9,cold,240.0,60.0,node_hello,continuous,19,12,0.6,0.2672639999999973,0.26726400000000083,1.6666666666666667,43.15545600000009,37.81017600000009,5.34528,0.8761389521640093,0.0,0.6,0,206,0.0,224,20,204,20,0,595,0,0.0,1.0,0,0.0,node_hello,12:1;15:1;17:0;18:0;2:0;20:1;27:1;28:1;34:0;37:1;39:1;4:0;40:1;41:1;43:1;45:0;47:1;7:0;8:1;9:0,SIM
gradient,100,5,7,warm,240.0,60.0,node_hello,continuous,0,3,0.6,0.0770559999999989,0.0770559999999989,1.6666666666666667,21.173504000000147,20.788224000000145,0.38528,0.9818036731190076,0.0,0.6,0,404,0.0,409,5,404,5,0,276,0,0.0,1.0,0,0.0,node_hello,10:1;11:0;25:0;8:1;81:1,SIM
gradient,100,5,7,warm,240.0,60.0,node_hello,continuous,1,3,0.6,0.0770559999999989,0.0770559999999989,1.6666666666666667,21.173504000000147,20.788224000000145,0.38528,0.9818036731190076,0.0,0.6,0,400,0.0,409,5,404,5,218,254,0,0.0,1.0,0,0.0,node_hello,11:0;57:1;73:0;83:1;96:1,SIM
gradient,100,5,7,warm,240.0,60.0,node_hello,continuous,2,3,0.6,0.0770559999999989,0.0770559999999989,1.6666666666666667,21.070592000000143,20.685312000000142,0.38528,0.981714799470276,0.0,0.6,0,403,0.0,407,5,402,5,0,217,0,0.0,1.0,0,0.0,node_hello,42:0;70:1;84:1;91:0;95:1,SIM
gradient,100,5,7,warm,240.0,60.0,node_hello,continuous,3,3,0.6,0.0770559999999989,0.0770559999999989,1.6666666666666667,21.173504000000147,20.788224000000145,0.38528,0.9818036731190076,0.0,0.6,0,404,0.0,409,5,404,5,0,268,0,0.0,1.0,0,0.0,node_hello,11:1;49:1;5:1;67:0;99:0,SIM
gradient,100,5,7,warm,240.0,60.0,node_hello,continuous,4,3,0.6,0.0770559999999989,0.0770559999999989,1.6666666666666667,21.173504000000147,20.788224000000145,0.38528,0.9818036731190076,0.0,0.6,0,400,0.0,409,5,404,5,188,220,0,0.0,1.0,0,0.0,node_hello,30:1;38:0;51:0;76:1;88:1,SIM
gradient,100,5,7,warm,240.0,60.0,node_hello,continuous,5,4,0.8,0.0770559999999989,0.0770559999999989,1.25,21.173504000000147,20.788224000000145,0.38528,0.9818036731190076,0.0,0.8,0,404,0.0,409,5,404,5,0,262,0,0.0,1.0,0,0.0,node_hello,13:1;24:1;58:1;69:1;87:0,SIM
gradient,100,5,7,warm,240.0,60.0,node_hello,continuous,6,5,1.0,0.0770559999999989,0.6578568069519405,25.8,30.728448000000146,20.788224000000145,9.940224,0.6765139586613697,0.8317599460552934,1.0,0,470,0.0,533,129,404,5,173,2966,0,0.41,1.0,0,0.0,node_hello,11:1;33:1;75:1;78:1;86:1,SIM
gradient,100,5,7,warm,240.0,60.0,node_hello,continuous,7,3,0.6,0.0770559999999989,0.0770559999999989,1.6666666666666667,21.173504000000147,20.788224000000145,0.38528,0.9818036731190076,0.0,0.6,0,396,0.0,409,5,404,5,423,237,0,0.0,1.0,0,0.0,node_hello,12:1;17:1;28:1;59:0;95:0,SIM
gradient,100,5,7,warm,240.0,60.0,node_hello,continuous,8,2,0.4,0.0770559999999989,0.0770559999999989,2.5,21.173504000000147,20.788224000000145,0.38528,0.9818036731190076,0.0,0.4,0,404,0.0,409,5,404,5,0,221,0,0.0,1.0,0,0.0,node_hello,27:1;37:0;65:1;67:0;72:0,SIM
gradient,100,5,7,warm,240.0,60.0,node_hello,continuous,9,1,0.2,0.0770559999999989,0.0770559999999989,5.0,21.173504000000147,20.788224000000145,0.38528,0.9818036731190076,0.0,0.2,0,400,0.0,409,5,404,5,206,281,0,0.0,1.0,0,0.0,node_hello,11:1;19:0;20:0;42:0;5:0,SIM
gradient,100,5,7,warm,240.0,60.0,node_hello,continuous,10,3,0.6,0.0770559999999989,0.0770559999999989,1.6666666666666667,21.173504000000147,20.788224000000145,0.38528,0.9818036731190076,0.0,0.6,0,404,0.0,409,5,404,5,0,251,0,0.0,1.0,0,0.0,node_hello,12:1;44:1;66:0;79:1;83:0,SIM
gradient,100,5,7,warm,240.0,60.0,node_hello,continuous,11,4,0.8,0.0770559999999989,0.0770559999999989,1.25,21.173504000000147,20.788224000000145,0.38528,0.9818036731190076,0.0,0.8,0,404,0.0,409,5,404,5,0,238,0,0.0,1.0,0,0.0,node_hello,2:0;33:1;41:1;68:1;91:1,SIM
gradient,100,5,7,warm,240.0,60.0,node_hello,continuous,12,4,0.8,0.0770559999999989,0.0770559999999989,1.25,21.173504000000147,20.788224000000145,0.38528,0.9818036731190076,0.0,0.8,0,404,0.0,409,5,404,5,0,280,0,0.0,1.0,0,0.0,node_hello,1:1;10:1;3:1;31:1;7:0,SIM
gradient,100,5,7,warm,240.0,60.0,node_hello,continuous,13,2,0.4,0.0770559999999989,0.0770559999999989,2.5,16.130815999999985,15.745535999999985,0.38528,0.9761152814587929,0.0,0.4,0,306,0.0,311,5,306,5,55,244,0,0.0,1.0,0,0.0,node_hello,15:0;26:0;41:0;86:1;87:1,SIM
gradient,100,5,7,warm,240.0,60.0,node_hello,continuous,14,1,0.2,0.0770559999999989,0.0770559999999989,5.0,21.173504000000147,20.788224000000145,0.38528,0.9818036731190076,0.0,0.2,0,404,0.0,409,5,404,5,0,230,0,0.0,1.0,0,0.0,node_hello,24:0;48:0;68:0;75:1;96:0,SIM
gradient,100,5,7,warm,240.0,60.0,node_hello,continuous,15,3,0.6,0.0770559999999989,0.0770559999999989,1.6666666666666667,21.173504000000147,20.788224000000145,0.38528,0.9818036731190076,0.0,0.6,0,404,0.0,409,5,404,5,0,269,0,0.0,1.0,0,0.0,node_hello,1:1;48:0;60:0;80:1;96:1,SIM
gradient,100,5,7,warm,240.0,60.0,node_hello,continuous,16,4,0.8,0.0770559999999989,0.0770559999999989,1.25,21.173504000000147,20.788224000000145,0.38528,0.9818036731190076,0.0,0.8,0,404,0.0,409,5,404,5,0,266,0,0.0,1.0,0,0.0,node_hello,25:1;5:1;67:1;68:0;93:1,SIM
gradient,100,5,7,warm,240.0,60.0,node_hello,continuous,17,3,0.6,0.0770559999999989,0.0770559999999989,1.6666666666666667,21.173504000000147,20.788224000000145,0.38528,0.9818036731190076,0.0,0.6,0,400,0.0,409,5,404,5,235,233,0,0.0,1.0,0,0.0,node_hello,29:1;48:0;51:1;62:1;87:0,SIM
gradient,100,5,7,warm,240.0,60.0,node_hello,continuous,18,3,0.6,0.0770559999999989,0.0770559999999989,1.6666666666666667,21.173504000000147,20.788224000000145,0.38528,0.9818036731190076,0.0,0.6,0,404,0.0,409,5,404,5,0,197,0,0.0,1.0,0,0.0,node_hello,29:1;49:0;87:1;89:1;96:0,SIM
gradient,100,5,7,warm,240.0,60.0,node_hello,continuous,19,4,0.8,0.0770559999999989,0.0770559999999989,1.25,21.173504000000147,20.788224000000145,0.38528,0.9818036731190076,0.0,0.8,0,404,0.0,409,5,404,5,0,263,0,0.0,1.0,0,0.0,node_hello,49:1;57:1;73:0;96:1;99:1,SIM
gradient,100,5,7,cold,240.0,60.0,node_hello,continuous,0,3,0.6,0.07705599999999979,0.07705599999999999,1.6666666666666667,21.173504000000147,20.788224000000145,0.38528,0.9818036731190076,0.0,0.6,0,404,0.0,409,5,404,5,0,276,0,0.0,1.0,0,0.0,node_hello,10:1;11:0;25:0;8:1;81:1,SIM
gradient,100,5,7,cold,240.0,60.0,node_hello,continuous,1,4,0.8,0.07705599999999935,0.07705600000000054,1.25,21.173504000000147,20.788224000000145,0.38528,0.9818036731190076,0.0,0.8,0,400,0.0,409,5,404,5,218,249,0,0.0,1.0,0,0.0,node_hello,11:0;57:1;73:1;83:1;96:1,SIM
gradient,100,5,7,cold,240.0,60.0,node_hello,continuous,2,4,0.8,0.07705599999999935,0.07705599999999997,1.25,21.070592000000143,20.685312000000142,0.38528,0.981714799470276,0.0,0.8,0,402,0.0,407,5,402,5,0,265,0,0.0,1.0,0,0.0,node_hello,42:1;70:1;84:0;91:1;95:1,SIM
gradient,100,5,7,cold,240.0,60.0,node_hello,continuous,3,3,0.6,0.077056,0.07705600000000061,1.6666666666666667,21.173504000000147,20.788224000000145,0.38528,0.9818036731190076,0.0,0.6,0,404,0.0,409,5,404,5,0,268,0,0.0,1.0,0,0.0,node_hello,11:1;49:1;5:1;67:0;99:0,SIM
gradient,100,5,7,cold,240.0,60.0,node_hello,continuous,4,1,0.2,0.0770559999999989,0.0770559999999989,5.0,21.173504000000147,20.788224000000145,0.38528,0.9818036731190076,0.0,0.2,0,400,0.0,409,5,404,5,189,229,0,0.0,1.0,0,0.0,node_hello,30:0;38:0;51:0;76:0;88:1,SIM
gradient,100,5,7,cold,240.0,60.0,node_hello,continuous,5,4,0.8,0.0770559999999999,0.07705600000000057,1.25,21.173504000000147,20.788224000000145,0.38528,0.9818036731190076,0.0,0.8,0,404,0.0,409,5,404,5,0,262,0,0.0,1.0,0,0.0,node_hello,13:1;24:1;58:1;69:1;87:0,SIM
gradient,100,5,7,cold,240.0,60.0,node_hello,continuous,6,2,0.4,0.07705600000000024,0.07705600000000064,2.5,21.173504000000147,20.788224000000145,0.38528,0.9818036731190076,0.0,0.4,0,400,0.0,409,5,404,5,166,275,0,0.0,1.0,0,0.0,node_hello,11:0;33:1;75:1;78:0;86:0,SIM
gradient,100,5,7,cold,240.0,60.0,node_hello,continuous,7,4,0.8,0.0770559999999999,0.07705600000000057,1.25,21.173504000000147,20.788224000000145,0.38528,0.9818036731190076,0.0,0.8,0,396,0.0,409,5,404,5,415,246,0,0.0,1.0,0,0.0,node_hello,12:1;17:1;28:1;59:0;95:1,SIM
gradient,100,5,7,cold,240.0,60.0,node_hello,continuous,8,2,0.4,0.07705600000000035,0.07705600000000065,2.5,21.173504000000147,20.788224000000145,0.38528,0.9818036731190076,0.0,0.4,0,404,0.0,409,5,404,5,0,221,0,0.0,1.0,0,0.0,node_hello,27:1;37:0;65:1;67:0;72:0,SIM
gradient,100,5,7,cold,240.0,60.0,node_hello,continuous,9,3,0.6,0.07705599999999979,0.0770560000000006,1.6666666666666667,21.173504000000147,20.788224000000145,0.38528,0.9818036731190076,0.0,0.6,0,400,0.0,409,5,404,5,221,261,0,0.0,1.0,0,0.0,node_hello,11:1;19:1;20:0;42:1;5:0,SIM
gradient,100,5,7,cold,240.0,60.0,node_hello,continuous,10,3,0.6,0.07705599999999979,0.07705599999999999,1.6666666666666667,21.173504000000147,20.788224000000145,0.38528,0.9818036731190076,0.0,0.6,0,404,0.0,409,5,404,5,0,251,0,0.0,1.0,0,0.0,node_hello,12:1;44:1;66:0;79:1;83:0,SIM
gradient,100,5,7,cold,240.0,60.0,node_hello,continuous,11,4,0.8,0.07705599999999935,0.07705600000000054,1.25,21.173504000000147,20.788224000000145,0.38528,0.9818036731190076,0.0,0.8,0,404,0.0,409,5,404,5,0,238,0,0.0,1.0,0,0.0,node_hello,2:0;33:1;41:1;68:1;91:1,SIM
gradient,100,5,7,cold,240.0,60.0,node_hello,continuous,12,4,0.8,0.07705599999999935,0.07705599999999997,1.25,21.173504000000147,20.788224000000145,0.38528,0.9818036731190076,0.0,0.8,0,404,0.0,409,5,404,5,0,280,0,0.0,1.0,0,0.0,node_hello,1:1;10:1;3:1;31:1;7:0,SIM
gradient,100,5,7,cold,240.0,60.0,node_hello,continuous,13,3,0.6,0.0770559999999989,0.0770560000000005,1.6666666666666667,16.130815999999985,15.745535999999985,0.38528,0.9761152814587929,0.0,0.6,0,305,0.0,311,5,306,5,67,300,0,0.0,1.0,0,0.0,node_hello,15:0;26:0;41:1;86:1;87:1,SIM
gradient,100,5,7,cold,240.0,60.0,node_hello,continuous,14,1,0.2,0.0770559999999989,0.0770559999999989,5.0,21.173504000000147,20.788224000000145,0.38528,0.9818036731190076,0.0,0.2,0,404,0.0,409,5,404,5,0,230,0,0.0,1.0,0,0.0,node_hello,24:0;48:0;68:0;75:1;96:0,SIM
gradient,100,5,7,cold,240.0,60.0,node_hello,continuous,15,3,0.6,0.0770559999999989,0.07705599999999989,1.6666666666666667,21.173504000000147,20.788224000000145,0.38528,0.9818036731190076,0.0,0.6,0,404,0.0,409,5,404,5,0,269,0,0.0,1.0,0,0.0,node_hello,1:1;48:0;60:0;80:1;96:1,SIM
gradient,100,5,7,cold,240.0,60.0,node_hello,continuous,16,4,0.8,0.0770559999999999,0.07705600000000057,1.25,21.173504000000147,20.788224000000145,0.38528,0.9818036731190076,0.0,0.8,0,404,0.0,409,5,404,5,0,266,0,0.0,1.0,0,0.0,node_hello,25:1;5:1;67:1;68:0;93:1,SIM
gradient,100,5,7,cold,240.0,60.0,node_hello,continuous,17,3,0.6,0.077056,0.07705600000000061,1.6666666666666667,21.173504000000147,20.788224000000145,0.38528,0.9818036731190076,0.0,0.6,0,400,0.0,409,5,404,5,239,238,0,0.0,1.0,0,0.0,node_hello,29:1;48:0;51:1;62:0;87:1,SIM
gradient,100,5,7,cold,240.0,60.0,node_hello,continuous,18,3,0.6,0.077056,0.07705600000000061,1.6666666666666667,21.173504000000147,20.788224000000145,0.38528,0.9818036731190076,0.0,0.6,0,404,0.0,409,5,404,5,0,197,0,0.0,1.0,0,0.0,node_hello,29:1;49:0;87:1;89:1;96:0,SIM
gradient,100,5,7,cold,240.0,60.0,node_hello,continuous,19,4,0.8,0.07705599999999935,0.07705599999999997,1.25,21.173504000000147,20.788224000000145,0.38528,0.9818036731190076,0.0,0.8,0,404,0.0,409,5,404,5,0,263,0,0.0,1.0,0,0.0,node_hello,49:1;57:1;73:0;96:1;99:1,SIM
gradient,100,5,9,warm,240.0,60.0,node_hello,continuous,0,3,0.6,0.2672639999999973,0.2672639999999973,1.6666666666666667,76.21529600000021,74.87897600000021,1.33632,0.9824665117091457,0.0,0.6,0,404,0.0,409,5,404,5,0,340,0,0.0,1.0,0,0.0,node_hello,10:1;11:0;25:0;8:1;81:1,SIM
gradient,100,5,9,warm,240.0,60.0,node_hello,continuous,1,5,1.0,0.2672639999999973,0.2672639999999973,1.0,76.21529600000021,74.87897600000021,1.33632,0.9824665117091457,0.0,1.0,0,404,0.0,409,5,404,5,0,342,0,0.0,1.0,0,0.0,node_hello,11:1;57:1;73:1;83:1;96:1,SIM
gradient,100,5,9,warm,240.0,60.0,node_hello,continuous,2,3,0.6,0.2672639999999973,0.2672639999999973,1.6666666666666667,75.8446080000002,74.5082880000002,1.33632,0.9823808173680587,0.0,0.6,0,403,0.0,407,5,402,5,0,292,0,0.0,1.0,0,0.0,node_hello,42:0;70:1;84:1;91:0;95:1,SIM
gradient,100,5,9,warm,240.0,60.0,node_hello,continuous,3,4,0.8,0.2672639999999973,0.2672639999999973,1.25,76.21529600000021,74.87897600000021,1.33632,0.9824665117091457,0.0,0.8,0,404,0.0,409,5,404,5,0,353,0,0.0,1.0,0,0.0,node_hello,11:1;49:1;5:1;67:1;99:0,SIM
gradient,100,5,9,warm,240.0,60.0,node_hello,continuous,4,2,0.4,0.2672639999999973,0.2672639999999973,2.5,76.21529600000021,74.87897600000021,1.33632,0.9824665117091457,0.0,0.4,0,404,0.0,409,5,404,5,0,302,0,0.0,1.0,0,0.0,node_hello,30:1;38:0;51:0;76:0;88:1,SIM
gradient,100,5,9,warm,240.0,60.0,node_hello,continuous,5,5,1.0,0.2672639999999973,0.2672639999999973,1.0,76.21529600000021,74.87897600000021,1.33632,0.9824665117091457,0.0,1.0,0,404,0.0,409,5,404,5,0,338,0,0.0,1.0,0,0.0,node_hello,13:1;24:1;58:1;69:1;87:1,SIM
gradient,100,5,9,warm,240.0,60.0,node_hello,continuous,6,5,1.0,0.2672639999999973,0.2672639999999973,8.8,86.63859200000022,74.87897600000021,11.759616000000012,0.8642681543116493,0.0,1.0,0,439,0.0,448,44,404,5,234,362,0,0.57,1.0,0,0.0,node_hello,11:1;33:1;75:1;78:1;86:1,SIM
gradient,100,5,9,warm,240.0,60.0,node_hello,continuous,7,5,1.0,0.2672639999999973,0.2672639999999973,1.0,76.21529600000021,74.87897600000021,1.33632,0.9824665117091457,0.0,1.0,0,404,0.0,409,5,404,5,0,325,0,0.0,1.0,0,0.0,node_hello,12:1;17:1;28:1;59:1;95:1,SIM
gradient,100,5,9,warm,240.0,60.0,node_hello,continuous,8,4,0.8,0.2672639999999973,0.2672639999999973,1.25,76.21529600000021,74.87897600000021,1.33632,0.9824665117091457,0.0,0.8,0,404,0.0,409,5,404,5,0,313,0,0.0,1.0,0,0.0,node_hello,27:1;37:1;65:1;67:0;72:1,SIM
gradient,100,5,9,warm,240.0,60.0,node_hello,continuous,9,4,0.8,0.2672639999999973,0.2672639999999973,1.25,76.21529600000021,74.87897600000021,1.33632,0.9824665117091457,0.0,0.8,0,404,0.0,409,5,404,5,0,359,0,0.0,1.0,0,0.0,node_hello,11:1;19:1;20:1;42:0;5:1,SIM
gradient,100,5,9,warm,240.0,60.0,node_hello,continuous,10,3,0.6,0.2672639999999973,0.2672639999999973,1.6666666666666667,76.21529600000021,74.87897600000021,1.33632,0.9824665117091457,0.0,0.6,0,404,0.0,409,5,404,5,0,324,0,0.0,1.0,0,0.0,node_hello,12:1;44:1;66:0;79:1;83:0,SIM
gradient,100,5,9,warm,240.0,60.0,node_hello,continuous,11,4,0.8,0.2672639999999973,0.2672639999999973,1.25,76.21529600000021,74.87897600000021,1.33632,0.9824665117091457,0.0,0.8,0,404,0.0,409,5,404,5,0,317,0,0.0,1.0,0,0.0,node_hello,2:0;33:1;41:1;68:1;91:1,SIM
gradient,100,5,9,warm,240.0,60.0,node_hello,continuous,12,5,1.0,0.2672639999999973,0.2672639999999973,1.0,76.21529600000021,74.87897600000021,1.33632,0.9824665117091457,0.0,1.0,0,404,0.0,409,5,404,5,0,344,0,0.0,1.0,0,0.0,node_hello,1:1;10:1;3:1;31:1;7:1,SIM
gradient,100,5,9,warm,240.0,60.0,node_hello,continuous,13,3,0.6,0.2672639999999973,0.2672639999999973,1.6666666666666667,58.051584000000155,56.715264000000154,1.33632,0.9769804730909669,0.0,0.6,0,306,0.0,311,5,306,5,76,302,0,0.0,1.0,0,0.0,node_hello,15:0;26:0;41:1;86:1;87:1,SIM
gradient,100,5,9,warm,240.0,60.0,node_hello,continuous,14,4,0.8,0.2672639999999973,0.2672639999999973,1.25,76.21529600000021,74.87897600000021,1.33632,0.9824665117091457,0.0,0.8,0,404,0.0,409,5,404,5,0,324,0,0.0,1.0,0,0.0,node_hello,24:1;48:1;68:1;75:1;96:0,SIM
gradient,100,5,9,warm,240.0,60.0,node_hello,continuous,15,3,0.6,0.2672639999999973,0.2672639999999973,1.6666666666666667,76.21529600000021,74.87897600000021,1.33632,0.9824665117091457,0.0,0.6,0,404,0.0,409,5,404,5,0,351,0,0.0,1.0,0,0.0,node_hello,1:1;48:0;60:0;80:1;96:1,SIM
gradient,100,5,9,warm,240.0,60.0,node_hello,continuous,16,4,0.8,0.2672639999999973,0.2672639999999973,1.25,76.21529600000021,74.87897600000021,1.33632,0.9824665117091457,0.0,0.8,0,404,0.0,409,5,404,5,0,342,0,0.0,1.0,0,0.0,node_hello,25:1;5:1;67:1;68:0;93:1,SIM
gradient,100,5,9,warm,240.0,60.0,node_hello,continuous,17,3,0.6,0.2672639999999973,0.2672639999999973,1.6666666666666667,76.21529600000021,74.87897600000021,1.33632,0.9824665117091457,0.0,0.6,0,404,0.0,409,5,404,5,0,325,0,0.0,1.0,0,0.0,node_hello,29:1;48:0;51:1;62:0;87:1,SIM
gradient,100,5,9,warm,240.0,60.0,node_hello,continuous,18,3,0.6,0.2672639999999973,0.2672639999999973,1.6666666666666667,76.21529600000021,74.87897600000021,1.33632,0.9824665117091457,0.0,0.6,0,404,0.0,409,5,404,5,0,290,0,0.0,1.0,0,0.0,node_hello,29:1;49:0;87:1;89:1;96:0,SIM
gradient,100,5,9,warm,240.0,60.0,node_hello,continuous,19,5,1.0,0.2672639999999973,0.2672639999999973,1.0,76.21529600000021,74.87897600000021,1.33632,0.9824665117091457,0.0,1.0,0,404,0.0,409,5,404,5,0,352,0,0.0,1.0,0,0.0,node_hello,49:1;57:1;73:1;96:1;99:1,SIM
gradient,100,5,9,cold,240.0,60.0,node_hello,continuous,0,3,0.6,0.267264,0.2672640000000008,1.6666666666666667,76.21529600000021,74.87897600000021,1.33632,0.9824665117091457,0.0,0.6,0,404,0.0,409,5,404,5,0,340,0,0.0,1.0,0,0.0,node_hello,10:1;11:0;25:0;8:1;81:1,SIM
gradient,100,5,9,cold,240.0,60.0,node_hello,continuous,1,5,1.0,0.26726400000000083,0.26726400000000083,1.0,76.21529600000021,74.87897600000021,1.33632,0.9824665117091457,0.0,1.0,0,404,0.0,409,5,404,5,0,342,0,0.0,1.0,0,0.0,node_hello,11:1;57:1;73:1;83:1;96:1,SIM
gradient,100,5,9,cold,240.0,60.0,node_hello,continuous,2,5,1.0,0.26726400000000083,0.26726400000000083,1.0,75.8446080000002,74.5082880000002,1.33632,0.9823808173680587,0.0,1.0,0,402,0.0,407,5,402,5,0,345,0,0.0,1.0,0,0.0,node_hello,42:1;70:1;84:1;91:1;95:1,SIM
gradient,100,5,9,cold,240.0,60.0,node_hello,continuous,3,4,0.8,0.2672640000000004,0.26726400000000083,1.25,76.21529600000021,74.87897600000021,1.33632,0.9824665117091457,0.0,0.8,0,404,0.0,409,5,404,5,0,353,0,0.0,1.0,0,0.0,node_hello,11:1;49:1;5:1;67:1;99:0,SIM
gradient,100,5,9,cold,240.0,60.0,node_hello,continuous,4,2,0.4,0.2672640000000004,0.2672640000000008,2.5,76.21529600000021,74.87897600000021,1.33632,0.9824665117091457,0.0,0.4,0,404,0.0,409,5,404,5,0,302,0,0.0,1.0,0,0.0,node_hello,30:1;38:0;51:0;76:0;88:1,SIM
gradient,100,5,9,cold,240.0,60.0,node_hello,continuous,5,5,1.0,0.26726400000000083,0.26726400000000083,1.0,76.21529600000021,74.87897600000021,1.33632,0.9824665117091457,0.0,1.0,0,404,0.0,409,5,404,5,0,338,0,0.0,1.0,0,0.0,node_hello,13:1;24:1;58:1;69:1;87:1,SIM
gradient,100,5,9,cold,240.0,60.0,node_hello,continuous,6,2,0.4,0.2672640000000004,0.2672640000000008,2.5,76.21529600000021,74.87897600000021,1.33632,0.9824665117091457,0.0,0.4,0,400,0.0,409,5,404,5,233,355,0,0.0,1.0,0,0.0,node_hello,11:0;33:1;75:1;78:0;86:0,SIM
gradient,100,5,9,cold,240.0,60.0,node_hello,continuous,7,5,1.0,0.26726400000000083,0.26726400000000083,1.0,76.21529600000021,74.87897600000021,1.33632,0.9824665117091457,0.0,1.0,0,404,0.0,409,5,404,5,0,325,0,0.0,1.0,0,0.0,node_hello,12:1;17:1;28:1;59:1;95:1,SIM
gradient,100,5,9,cold,240.0,60.0,node_hello,continuous,8,4,0.8,0.2672640000000004,0.26726400000000083,1.25,76.21529600000021,74.87897600000021,1.33632,0.9824665117091457,0.0,0.8,0,404,0.0,409,5,404,5,0,313,0,0.0,1.0,0,0.0,node_hello,27:1;37:1;65:1;67:0;72:1,SIM
gradient,100,5,9,cold,240.0,60.0,node_hello,continuous,9,4,0.8,0.2672640000000004,0.26726400000000083,1.25,76.21529600000021,74.87897600000021,1.33632,0.9824665117091457,0.0,0.8,0,404,0.0,409,5,404,5,0,359,0,0.0,1.0,0,0.0,node_hello,11:1;19:1;20:1;42:0;5:1,SIM
gradient,100,5,9,cold,240.0,60.0,node_hello,continuous,10,3,0.6,0.267264,0.2672640000000008,1.6666666666666667,76.21529600000021,74.87897600000021,1.33632,0.9824665117091457,0.0,0.6,0,404,0.0,409,5,404,5,0,324,0,0.0,1.0,0,0.0,node_hello,12:1;44:1;66:0;79:1;83:0,SIM
gradient,100,5,9,cold,240.0,60.0,node_hello,continuous,11,4,0.8,0.26726400000000083,0.26726400000000083,1.25,76.21529600000021,74.87897600000021,1.33632,0.9824665117091457,0.0,0.8,0,404,0.0,409,5,404,5,0,317,0,0.0,1.0,0,0.0,node_hello,2:0;33:1;41:1;68:1;91:1,SIM
gradient,100,5,9,cold,240.0,60.0,node_hello,continuous,12,5,1.0,0.26726400000000083,0.26726400000000083,1.0,76.21529600000021,74.87897600000021,1.33632,0.9824665117091457,0.0,1.0,0,404,0.0,409,5,404,5,0,344,0,0.0,1.0,0,0.0,node_hello,1:1;10:1;3:1;31:1;7:1,SIM
gradient,100,5,9,cold,240.0,60.0,node_hello,continuous,13,3,0.6,0.26726400000000083,0.26726400000000083,1.6666666666666667,58.051584000000155,56.715264000000154,1.33632,0.9769804730909669,0.0,0.6,0,305,0.0,311,5,306,5,79,389,0,0.0,1.0,0,0.0,node_hello,15:0;26:0;41:1;86:1;87:1,SIM
gradient,100,5,9,cold,240.0,60.0,node_hello,continuous,14,4,0.8,0.2672640000000004,0.26726400000000083,1.25,76.21529600000021,74.87897600000021,1.33632,0.9824665117091457,0.0,0.8,0,404,0.0,409,5,404,5,0,324,0,0.0,1.0,0,0.0,node_hello,24:1;48:1;68:1;75:1;96:0,SIM
gradient,100,5,9,cold,240.0,60.0,node_hello,continuous,15,3,0.6,0.26726400000000083,0.26726400000000083,1.6666666666666667,76.21529600000021,74.87897600000021,1.33632,0.9824665117091457,0.0,0.6,0,404,0.0,409,5,404,5,0,351,0,0.0,1.0,0,0.0,node_hello,1:1;48:0;60:0;80:1;96:1,SIM
gradient,100,5,9,cold,240.0,60.0,node_hello,continuous,16,4,0.8,0.2672640000000004,0.26726400000000083,1.25,76.21529600000021,74.87897600000021,1.33632,0.9824665117091457,0.0,0.8,0,404,0.0,409,5,404,5,0,342,0,0.0,1.0,0,0.0,node_hello,25:1;5:1;67:1;68:0;93:1,SIM
gradient,100,5,9,cold,240.0,60.0,node_hello,continuous,17,3,0.6,0.26726400000000083,0.26726400000000083,1.6666666666666667,76.21529600000021,74.87897600000021,1.33632,0.9824665117091457,0.0,0.6,0,404,0.0,409,5,404,5,0,325,0,0.0,1.0,0,0.0,node_hello,29:1;48:0;51:1;62:0;87:1,SIM
gradient,100,5,9,cold,240.0,60.0,node_hello,continuous,18,3,0.6,0.26726400000000083,0.26726400000000083,1.6666666666666667,76.21529600000021,74.87897600000021,1.33632,0.9824665117091457,0.0,0.6,0,404,0.0,409,5,404,5,0,290,0,0.0,1.0,0,0.0,node_hello,29:1;49:0;87:1;89:1;96:0,SIM
gradient,100,5,9,cold,240.0,60.0,node_hello,continuous,19,5,1.0,0.26726400000000083,0.26726400000000083,1.0,76.21529600000021,74.87897600000021,1.33632,0.9824665117091457,0.0,1.0,0,404,0.0,409,5,404,5,0,352,0,0.0,1.0,0,0.0,node_hello,49:1;57:1;73:1;96:1;99:1,SIM
gradient,100,20,7,warm,240.0,60.0,node_hello,continuous,0,15,0.75,0.0770559999999989,0.0770559999999989,1.3333333333333333,22.329344000000145,20.788224000000145,1.54112,0.9309822984499684,0.0,0.75,0,404,0.0,424,20,404,20,0,986,0,0.0,1.0,0,0.0,node_hello,1:1;10:1;11:1;12:1;25:1;28:0;37:0;49:1;50:1;57:1;62:1;66:1;7:1;71:0;74:1;8:1;81:0;86:1;91:0;95:1,SIM
gradient,100,20,7,warm,240.0,60.0,node_hello,continuous,1,9,0.45,0.0770559999999989,0.0770559999999989,2.2222222222222223,22.329344000000145,20.788224000000145,1.54112,0.9309822984499684,0.0,0.45,0,402,0.0,424,20,404,20,225,994,0,0.0,1.0,0,0.0,node_hello,11:0;12:1;23:0;29:1;31:1;38:0;39:1;40:0;41:0;42:1;43:0;49:0;5:0;57:1;69:0;73:0;74:1;82:1;83:1;96:0,SIM
gradient,100,20,7,warm,240.0,60.0,node_hello,continuous,2,9,0.45,0.0770559999999989,0.0770559999999989,2.2222222222222223,22.22643200000014,20.685312000000142,1.54112,0.9306627352514344,0.0,0.45,0,404,0.0,422,20,402,20,0,820,0,0.0,1.0,0,0.0,node_hello,1:0;10:0;24:1;28:1;40:1;42:0;48:1;51:1;59:0;67:1;68:0;70:1;79:0;81:0;84:1;85:0;91:0;92:0;95:1;97:0,SIM
gradient,100,20,7,warm,240.0,60.0,node_hello,continuous,3,15,0.75,0.0770559999999989,0.0770559999999989,1.3333333333333333,22.329344000000145,20.788224000000145,1.54112,0.9309822984499684,0.0,0.75,0,404,0.0,424,20,404,20,0,1031,0,0.0,1.0,0,0.0,node_hello,11:0;12:1;14:1;15:1;22:1;3:1;36:0;38:1;43:1;48:1;49:1;5:1;61:1;67:1;72:1;74:0;84:0;86:1;89:1;99:0,SIM
gradient,100,20,7,warm,240.0,60.0,node_hello,continuous,4,10,0.5,0.0770559999999989,0.0770559999999989,2.0,22.329344000000145,20.788224000000145,1.54112,0.9309822984499684,0.0,0.5,0,400,0.0,424,20,404,20,208,857,0,0.0,1.0,0,0.0,node_hello,28:1;29:0;30:1;36:1;38:0;39:0;40:1;41:0;47:1;51:1;57:1;62:0;64:1;67:1;68:0;76:1;80:0;88:0;90:0;95:0,SIM
gradient,100,20,7,warm,240.0,60.0,node_hello,continuous,5,12,0.6,0.0770559999999989,0.0770559999999989,1.6666666666666667,22.329344000000145,20.788224000000145,1.54112,0.9309822984499684,0.0,0.6,0,404,0.0,424,20,404,20,0,1005,0,0.0,1.0,0,0.0,node_hello,1:1;13:1;24:1;25:0;49:0;50:0;54:1;58:0;60:1;61:1;69:1;73:0;76:1;80:1;83:0;87:0;88:0;90:1;92:1;99:1,SIM
gradient,100,20,7,warm,240.0,60.0,node_hello,continuous,6,16,0.8,0.0770559999999989,0.988979034876623,15.0,39.28166400000016,20.788224000000145,18.493440000000017,0.5292093532493954,0.7363321799307958,0.8,0,524,0.0,644,240,404,20,118,5780,0,0.38,1.0,0,0.0,node_hello,11:1;16:1;23:0;29:1;31:0;33:1;34:1;49:1;53:0;54:1;61:1;66:0;69:1;72:1;75:1;76:1;78:1;80:1;84:1;86:1,SIM
gradient,100,20,7,warm,240.0,60.0,node_hello,continuous,7,9,0.45,0.0770559999999989,0.0770559999999989,2.2222222222222223,22.329344000000145,20.788224000000145,1.54112,0.9309822984499684,0.0,0.45,0,396,0.0,424,20,404,20,414,929,0,0.0,1.0,0,0.0,node_hello,11:0;12:0;17:1;20:0;25:1;28:1;40:0;43:0;45:0;50:0;51:1;53:1;55:0;59:1;62:1;65:0;85:1;90:1;92:0;95:0,SIM
gradient,100,20,7,warm,240.0,60.0,node_hello,continuous,8,10,0.5,0.0770559999999989,0.0770559999999989,2.0,22.329344000000145,20.788224000000145,1.54112,0.9309822984499684,0.0,0.5,0,404,0.0,424,20,404,20,0,1010,0,0.0,1.0,0,0.0,node_hello,15:0;17:1;27:0;3:1;37:0;4:1;44:1;47:1;48:1;50:0;60:1;62:0;64:1;65:1;67:0;72:0;79:1;82:0;89:0;98:0,SIM
gradient,100,20,7,warm,240.0,60.0,node_hello,continuous,9,11,0.55,0.0770559999999989,0.0770559999999989,1.8181818181818181,22.329344000000145,20.788224000000145,1.54112,0.9309822984499684,0.0,0.55,0,400,0.0,424,20,404,20,220,978,0,0.0,1.0,0,0.0,node_hello,11:1;12:0;17:0;19:1;20:1;25:0;34:0;41:0;42:1;45:0;49:1;5:0;50:0;51:1;64:1;65:1;72:0;75:1;83:1;88:1,SIM
gradient,100,20,7,warm,240.0,60.0,node_hello,continuous,10,11,0.55,0.0770559999999989,0.0770559999999989,1.8181818181818181,22.329344000000145,20.788224000000145,1.54112,0.9309822984499684,0.0,0.55,0,404,0.0,424,20,404,20,0,964,0,0.0,1.0,0,0.0,node_hello,1:1;12:0;20:1;29:0;31:1;37:1;44:0;49:0;60:1;65:1;66:1;68:0;77:0;79:1;81:1;83:0;85:0;86:1;88:1;97:0,SIM
gradient,100,20,7,warm,240.0,60.0,node_hello,continuous,11,12,0.6,0.0770559999999989,0.0770559999999989,1.6666666666666667,22.329344000000145,20.788224000000145,1.54112,0.9309822984499684,0.0,0.6,0,404,0.0,424,20,404,20,0,916,0,0.0,1.0,0,0.0,node_hello,10:0;2:1;27:1;3:0;33:0;35:1;4:1;41:1;43:1;44:0;53:0;54:1;56:1;62:0;64:0;68:1;70:1;8:0;91:1;98:1,SIM
gradient,100,20,7,warm,240.0,60.0,node_hello,continuous,12,12,0.6,0.0770559999999989,0.0770559999999989,1.6666666666666667,22.329344000000145,20.788224000000145,1.54112,0.9309822984499684,0.0,0.6,0,404,0.0,424,20,404,20,0,1026,0,0.0,1.0,0,0.0,node_hello,1:1;10:1;14:0;26:0;29:0;3:1;31:1;43:0;58:1;60:0;7:0;72:1;75:0;78:1;80:1;83:1;87:0;92:1;95:1;96:1,SIM
gradient,100,20,7,warm,240.0,60.0,node_hello,continuous,13,7,0.35,0.0770559999999989,0.0770559999999989,2.857142857142857,17.286655999999986,15.745535999999985,1.54112,0.9108491543997866,0.0,0.35,0,307,0.0,326,20,306,20,52,951,0,0.0,1.0,0,0.0,node_hello,15:0;26:0;3:0;38:1;41:0;48:1;49:0;52:0;53:0;57:1;61:0;7:0;72:0;74:0;86:0;87:1;9:1;91:1;95:1;98:0,SIM
gradient,100,20,7,warm,240.0,60.0,node_hello,continuous,14,8,0.4,0.0770559999999989,0.0770559999999989,2.5,22.329344000000145,20.788224000000145,1.54112,0.9309822984499684,0.0,0.4,0,404,0.0,424,20,404,20,0,1042,0,0.0,1.0,0,0.0,node_hello,10:1;11:1;13:0;15:1;16:1;17:0;24:0;28:1;29:1;46:0;48:0;61:0;68:0;71:0;74:0;75:0;80:0;95:0;96:1;98:1,SIM
gradient,100,20,7,warm,240.0,60.0,node_hello,continuous,15,9,0.45,0.0770559999999989,0.0770559999999989,2.2222222222222223,22.329344000000145,20.788224000000145,1.54112,0.9309822984499684,0.0,0.45,0,404,0.0,424,20,404,20,0,1037,0,0.0,1.0,0,0.0,node_hello,1:1;11:0;15:1;17:0;21:1;29:1;48:0;53:0;55:0;60:0;7:0;72:1;79:0;8:0;80:1;81:0;85:0;89:1;95:1;96:1,SIM
gradient,100,20,7,warm,240.0,60.0,node_hello,continuous,16,10,0.5,0.0770559999999989,0.0770559999999989,2.0,22.329344000000145,20.788224000000145,1.54112,0.9309822984499684,0.0,0.5,0,404,0.0,424,20,404,20,0,1021,0,0.0,1.0,0,0.0,node_hello,0:1;10:0;12:0;13:1;15:1;2:1;24:1;25:0;34:0;35:0;45:1;5:0;63:1;67:0;68:1;70:1;8:1;90:0;93:0;94:0,SIM
gradient,100,20,7,warm,240.0,60.0,node_hello,continuous,17,7,0.35,0.0770559999999989,0.0770559999999989,2.857142857142857,22.329344000000145,20.788224000000145,1.54112,0.9309822984499684,0.0,0.35,0,400,0.0,424,20,404,20,226,972,0,0.0,1.0,0,0.0,node_hello,1:0;12:0;22:0;23:0;27:1;29:0;30:0;41:1;42:1;48:0;49:0;51:1;52:0;60:1;61:1;62:0;63:0;83:0;87:0;88:1,SIM
gradient,100,20,7,warm,240.0,60.0,node_hello,continuous,18,5,0.25,0.0770559999999989,0.0770559999999989,4.0,22.329344000000145,20.788224000000145,1.54112,0.9309822984499684,0.0,0.25,0,404,0.0,424,20,404,20,0,956,0,0.0,1.0,0,0.0,node_hello,13:0;29:0;45:0;49:0;5:0;50:1;54:1;66:0;7:0;76:1;8:1;85:0;86:0;87:0;89:0;91:0;96:0;97:0;98:1;99:0,SIM
gradient,100,20,7,warm,240.0,60.0,node_hello,continuous,19,10,0.5,0.0770559999999989,0.0770559999999989,2.0,22.329344000000145,20.788224000000145,1.54112,0.9309822984499684,0.0,0.5,0,404,0.0,424,20,404,20,0,1068,0,0.0,1.0,0,0.0,node_hello,10:0;12:1;16:0;19:1;27:0;30:0;40:1;49:0;50:1;57:0;6:1;61:0;68:0;69:1;73:0;76:0;89:1;95:1;96:1;99:1,SIM
gradient,100,20,7,cold,240.0,60.0,node_hello,continuous,0,15,0.75,0.0770559999999989,0.07705600000000021,1.3333333333333333,22.329344000000145,20.788224000000145,1.54112,0.9309822984499684,0.0,0.75,0,404,0.0,424,20,404,20,0,986,0,0.0,1.0,0,0.0,node_hello,1:1;10:1;11:1;12:1;25:1;28:0;37:0;49:1;50:1;57:1;62:1;66:1;7:1;71:0;74:1;8:1;81:0;86:1;91:0;95:1,SIM
gradient,100,20,7,cold,240.0,60.0,node_hello,continuous,1,11,0.55,0.0770559999999989,0.07705599999999946,1.8181818181818181,22.329344000000145,20.788224000000145,1.54112,0.9309822984499684,0.0,0.55,0,402,0.0,424,20,404,20,232,977,0,0.0,1.0,0,0.0,node_hello,11:0;12:0;23:0;29:0;31:1;38:1;39:1;40:0;41:0;42:1;43:1;49:0;5:1;57:1;69:1;73:0;74:1;82:1;83:1;96:0,SIM
gradient,100,20,7,cold,240.0,60.0,node_hello,continuous,2,11,0.55,0.0770559999999989,0.07705600000000024,1.8181818181818181,22.22643200000014,20.685312000000142,1.54112,0.9306627352514344,0.0,0.55,0,403,0.0,422,20,402,20,0,857,0,0.0,1.0,0,0.0,node_hello,1:0;10:1;24:1;28:1;40:1;42:1;48:1;51:0;59:1;67:1;68:0;70:1;79:0;81:1;84:1;85:0;91:0;92:0;95:0;97:0,SIM
gradient,100,20,7,cold,240.0,60.0,node_hello,continuous,3,15,0.75,0.0770559999999989,0.07705599999999985,1.3333333333333333,22.329344000000145,20.788224000000145,1.54112,0.9309822984499684,0.0,0.75,0,404,0.0,424,20,404,20,0,1031,0,0.0,1.0,0,0.0,node_hello,11:0;12:1;14:1;15:1;22:1;3:1;36:0;38:1;43:1;48:1;49:1;5:1;61:1;67:1;72:1;74:0;84:0;86:1;89:1;99:0,SIM
gradient,100,20,7,cold,240.0,60.0,node_hello,continuous,4,12,0.6,0.0770559999999989,0.07705599999999989,1.6666666666666667,22.329344000000145,20.788224000000145,1.54112,0.9309822984499684,0.0,0.6,0,400,0.0,424,20,404,20,182,881,0,0.0,1.0,0,0.0,node_hello,28:1;29:1;30:0;36:1;38:0;39:0;40:1;41:0;47:1;51:0;57:1;62:1;64:1;67:1;68:1;76:0;80:1;88:1;90:0;95:0,SIM
gradient,100,20,7,cold,240.0,60.0,node_hello,continuous,5,12,0.6,0.0770559999999989,0.0770560000000003,1.6666666666666667,22.329344000000145,20.788224000000145,1.54112,0.9309822984499684,0.0,0.6,0,404,0.0,424,20,404,20,0,1005,0,0.0,1.0,0,0.0,node_hello,1:1;13:1;24:1;25:0;49:0;50:0;54:1;58:0;60:1;61:1;69:1;73:0;76:1;80:1;83:0;87:0;88:0;90:1;92:1;99:1,SIM
gradient,100,20,7,cold,240.0,60.0,node_hello,continuous,6,15,0.75,0.0770559999999989,2.003218199255466,11.6,34.19596800000018,20.788224000000145,13.407744000000031,0.6079144769348257,0.6687329531366228,0.75,0,492,0.0,578,174,404,20,167,4033,0,0.0,1.0,0,0.0,node_hello,11:0;16:0;23:1;29:1;31:0;33:1;34:1;49:1;53:1;54:1;61:1;66:1;69:1;72:1;75:1;76:0;78:1;80:1;84:1;86:0,SIM
gradient,100,20,7,cold,240.0,60.0,node_hello,continuous,7,10,0.5,0.0770559999999989,0.0770559999999989,2.0,22.329344000000145,20.788224000000145,1.54112,0.9309822984499684,0.0,0.5,0,396,0.0,424,20,404,20,402,930,0,0.0,1.0,0,0.0,node_hello,11:0;12:0;17:0;20:0;25:0;28:1;40:1;43:1;45:0;50:0;51:1;53:1;55:0;59:0;62:1;65:1;85:1;90:0;92:1;95:1,SIM
gradient,100,20,7,cold,240.0,60.0,node_hello,continuous,8,10,0.5,0.0770559999999989,0.0770559999999999,2.0,22.329344000000145,20.788224000000145,1.54112,0.9309822984499684,0.0,0.5,0,404,0.0,424,20,404,20,0,1010,0,0.0,1.0,0,0.0,node_hello,15:0;17:1;27:0;3:1;37:0;4:1;44:1;47:1;48:1;50:0;60:1;62:0;64:1;65:1;67:0;72:0;79:1;82:0;89:0;98:0,SIM
gradient,100,20,7,cold,240.0,60.0,node_hello,continuous,9,11,0.55,0.0770559999999989,0.07705600000000035,1.8181818181818181,22.329344000000145,20.788224000000145,1.54112,0.9309822984499684,0.0,0.55,0,400,0.0,424,20,404,20,224,955,0,0.0,1.0,0,0.0,node_hello,11:1;12:1;17:0;19:0;20:1;25:1;34:0;41:0;42:0;45:1;49:0;5:1;50:1;51:1;64:0;65:1;72:0;75:1;83:0;88:1,SIM
gradient,100,20,7,cold,240.0,60.0,node_hello,continuous,10,11,0.55,0.0770559999999989,0.07705600000000035,1.8181818181818181,22.329344000000145,20.788224000000145,1.54112,0.9309822984499684,0.0,0.55,0,404,0.0,424,20,404,20,0,964,0,0.0,1.0,0,0.0,node_hello,1:1;12:0;20:1;29:0;31:1;37:1;44:0;49:0;60:1;65:1;66:1;68:0;77:0;79:1;81:1;83:0;85:0;86:1;88:1;97:0,SIM
gradient,100,20,7,cold,240.0,60.0,node_hello,continuous,11,12,0.6,0.0770559999999989,0.0770560000000003,1.6666666666666667,22.329344000000145,20.788224000000145,1.54112,0.9309822984499684,0.0,0.6,0,404,0.0,424,20,404,20,0,916,0,0.0,1.0,0,0.0,node_hello,10:0;2:1;27:1;3:0;33:0;35:1;4:1;41:1;43:1;44:0;53:0;54:1;56:1;62:0;64:0;68:1;70:1;8:0;91:1;98:1,SIM
gradient,100,20,7,cold,240.0,60.0,node_hello,continuous,12,12,0.6,0.0770559999999989,0.07705599999999989,1.6666666666666667,22.329344000000145,20.788224000000145,1.54112,0.9309822984499684,0.0,0.6,0,404,0.0,424,20,404,20,0,1026,0,0.0,1.0,0,0.0,node_hello,1:1;10:1;14:0;26:0;29:0;3:1;31:1;43:0;58:1;60:0;7:0;72:1;75:0;78:1;80:1;83:1;87:0;92:1;95:1;96:1,SIM
gradient,100,20,7,cold,240.0,60.0,node_hello,continuous,13,7,0.35,0.0770559999999989,0.07705599999999953,2.857142857142857,17.286655999999986,15.745535999999985,1.54112,0.9108491543997866,0.0,0.35,0,306,0.0,326,20,306,20,61,985,0,0.0,1.0,0,0.0,node_hello,15:0;26:1;3:0;38:1;41:1;48:0;49:0;52:0;53:0;57:0;61:1;7:1;72:0;74:0;86:0;87:1;9:0;91:0;95:1;98:0,SIM
gradient,100,20,7,cold,240.0,60.0,node_hello,continuous,14,8,0.4,0.0770559999999989,0.07705599999999993,2.5,22.329344000000145,20.788224000000145,1.54112,0.9309822984499684,0.0,0.4,0,404,0.0,424,20,404,20,0,1042,0,0.0,1.0,0,0.0,node_hello,10:1;11:1;13:0;15:1;16:1;17:0;24:0;28:1;29:1;46:0;48:0;61:0;68:0;71:0;74:0;75:0;80:0;95:0;96:1;98:1,SIM
gradient,100,20,7,cold,240.0,60.0,node_hello,continuous,15,9,0.45,0.0770559999999989,0.07705599999999956,2.2222222222222223,22.329344000000145,20.788224000000145,1.54112,0.9309822984499684,0.0,0.45,0,404,0.0,424,20,404,20,0,1037,0,0.0,1.0,0,0.0,node_hello,1:1;11:0;15:1;17:0;21:1;29:1;48:0;53:0;55:0;60:0;7:0;72:1;79:0;8:0;80:1;81:0;85:0;89:1;95:1;96:1,SIM
gradient,100,20,7,cold,240.0,60.0,node_hello,continuous,16,10,0.5,0.0770559999999989,0.0770559999999999,2.0,22.329344000000145,20.788224000000145,1.54112,0.9309822984499684,0.0,0.5,0,404,0.0,424,20,404,20,0,1021,0,0.0,1.0,0,0.0,node_hello,0:1;10:0;12:0;13:1;15:1;2:1;24:1;25:0;34:0;35:0;45:1;5:0;63:1;67:0;68:1;70:1;8:1;90:0;93:0;94:0,SIM
gradient,100,20,7,cold,240.0,60.0,node_hello,continuous,17,7,0.35,0.0770559999999989,0.0770559999999989,2.857142857142857,22.329344000000145,20.788224000000145,1.54112,0.9309822984499684,0.0,0.35,0,400,0.0,424,20,404,20,229,978,0,0.0,1.0,0,0.0,node_hello,1:0;12:0;22:0;23:0;27:1;29:1;30:0;41:0;42:1;48:1;49:0;51:1;52:0;60:1;61:0;62:0;63:0;83:1;87:0;88:0,SIM
gradient,100,20,7,cold,240.0,60.0,node_hello,continuous,18,5,0.25,0.0770559999999989,0.07705600000000032,4.0,22.329344000000145,20.788224000000145,1.54112,0.9309822984499684,0.0,0.25,0,404,0.0,424,20,404,20,0,956,0,0.0,1.0,0,0.0,node_hello,13:0;29:0;45:0;49:0;5:0;50:1;54:1;66:0;7:0;76:1;8:1;85:0;86:0;87:0;89:0;91:0;96:0;97:0;98:1;99:0,SIM
gradient,100,20,7,cold,240.0,60.0,node_hello,continuous,19,10,0.5,0.0770559999999989,0.07705600000000037,2.0,22.329344000000145,20.788224000000145,1.54112,0.9309822984499684,0.0,0.5,0,404,0.0,424,20,404,20,0,1068,0,0.0,1.0,0,0.0,node_hello,10:0;12:1;16:0;19:1;27:0;30:0;40:1;49:0;50:1;57:0;6:1;61:0;68:0;69:1;73:0;76:0;89:1;95:1;96:1;99:1,SIM
gradient,100,20,9,warm,240.0,60.0,node_hello,continuous,0,18,0.9,0.2672639999999973,0.2672640000000115,1.1111111111111112,80.22425600000021,74.87897600000021,5.34528,0.9333707750433985,0.0,0.9,0,404,0.0,424,20,404,20,0,1340,0,0.0,1.0,0,0.0,node_hello,1:1;10:1;11:1;12:1;25:1;28:0;37:1;49:1;50:1;57:1;62:1;66:1;7:1;71:0;74:1;8:1;81:1;86:1;91:1;95:1,SIM
gradient,100,20,9,warm,240.0,60.0,node_hello,continuous,1,13,0.65,0.2672639999999973,0.2672640000000115,1.5384615384615385,80.22425600000021,74.87897600000021,5.34528,0.9333707750433985,0.0,0.65,0,406,0.0,424,20,404,20,0,1290,0,0.0,1.0,0,0.0,node_hello,11:0;12:1;23:0;29:0;31:1;38:1;39:1;40:0;41:0;42:1;43:1;49:1;5:1;57:1;69:1;73:0;74:1;82:1;83:1;96:0,SIM
gradient,100,20,9,warm,240.0,60.0,node_hello,continuous,2,12,0.6,0.2672639999999973,0.2672640000000115,1.6666666666666667,79.85356800000021,74.5082880000002,5.34528,0.9330614757251675,0.0,0.6,0,404,0.0,422,20,402,20,0,1140,0,0.0,1.0,0,0.0,node_hello,1:0;10:0;24:1;28:1;40:1;42:1;48:1;51:1;59:1;67:1;68:0;70:1;79:0;81:0;84:1;85:1;91:0;92:0;95:1;97:0,SIM
gradient,100,20,9,warm,240.0,60.0,node_hello,continuous,3,16,0.8,0.2672639999999973,0.2672640000000115,1.25,80.22425600000021,74.87897600000021,5.34528,0.9333707750433985,0.0,0.8,0,404,0.0,424,20,404,20,0,1362,0,0.0,1.0,0,0.0,node_hello,11:0;12:1;14:1;15:1;22:1;3:1;36:0;38:1;43:1;48:1;49:1;5:1;61:1;67:1;72:1;74:0;84:1;86:1;89:1;99:0,SIM
gradient,100,20,9,warm,240.0,60.0,node_hello,continuous,4,14,0.7,0.2672639999999973,0.2672640000000115,1.4285714285714286,80.22425600000021,74.87897600000021,5.34528,0.9333707750433985,0.0,0.7,0,404,0.0,424,20,404,20,0,1194,0,0.0,1.0,0,0.0,node_hello,28:1;29:1;30:1;36:1;38:0;39:1;40:1;41:0;47:0;51:1;57:1;62:1;64:1;67:1;68:0;76:1;80:0;88:1;90:1;95:0,SIM
gradient,100,20,9,warm,240.0,60.0,node_hello,continuous,5,17,0.85,0.2672639999999973,0.2672640000000115,1.1764705882352942,80.22425600000021,74.87897600000021,5.34528,0.9333707750433985,0.0,0.85,0,404,0.0,424,20,404,20,0,1316,0,0.0,1.0,0,0.0,node_hello,1:1;13:1;24:1;25:1;49:1;50:0;54:1;58:1;60:1;61:1;69:1;73:1;76:1;80:1;83:1;87:0;88:0;90:1;92:1;99:1,SIM
gradient,100,20,9,warm,240.0,60.0,node_hello,continuous,6,16,0.8,0.2672640000000044,1.1088931904356194,16.875,147.04025599999989,74.87897600000021,72.16127999999966,0.509241333203339,0.056413700470114174,0.8,0,648,0.0,674,270,404,20,237,1489,0,0.57,1.0,0,0.0,node_hello,11:1;16:1;23:1;29:0;31:1;33:1;34:1;49:1;53:1;54:1;61:0;66:0;69:1;72:1;75:1;76:0;78:1;80:1;84:1;86:1,SIM
gradient,100,20,9,warm,240.0,60.0,node_hello,continuous,7,14,0.7,0.2672639999999973,0.2672640000000115,1.4285714285714286,80.22425600000021,74.87897600000021,5.34528,0.9333707750433985,0.0,0.7,0,404,0.0,424,20,404,20,0,1255,0,0.0,1.0,0,0.0,node_hello,11:0;12:0;17:0;20:1;25:0;28:1;40:1;43:1;45:1;50:1;51:1;53:1;55:1;59:0;62:1;65:1;85:1;90:1;92:1;95:0,SIM
gradient,100,20,9,warm,240.0,60.0,node_hello,continuous,8,12,0.6,0.2672639999999973,0.2672640000000115,1.6666666666666667,80.22425600000021,74.87897600000021,5.34528,0.9333707750433985,0.0,0.6,0,404,0.0,424,20,404,20,0,1326,0,0.0,1.0,0,0.0,node_hello,15:0;17:1;27:1;3:1;37:0;4:1;44:1;47:1;48:1;50:1;60:1;62:0;64:1;65:1;67:0;72:0;79:1;82:0;89:0;98:0,SIM
gradient,100,20,9,warm,240.0,60.0,node_hello,continuous,9,13,0.65,0.2672639999999973,0.2672640000000115,1.5384615384615385,80.22425600000021,74.87897600000021,5.34528,0.9333707750433985,0.0,0.65,0,404,0.0,424,20,404,20,0,1288,0,0.0,1.0,0,0.0,node_hello,11:1;12:1;17:1;19:1;20:0;25:1;34:1;41:0;42:1;45:1;49:0;5:1;50:0;51:0;64:1;65:1;72:1;75:1;83:0;88:0,SIM
gradient,100,20,9,warm,240.0,60.0,node_hello,continuous,10,13,0.65,0.2672639999999973,0.2672640000000115,1.5384615384615385,80.22425600000021,74.87897600000021,5.34528,0.9333707750433985,0.0,0.65,0,404,0.0,424,20,404,20,0,1297,0,0.0,1.0,0,0.0,node_hello,1:1;12:1;20:1;29:0;31:1;37:1;44:1;49:0;60:1;65:1;66:1;68:0;77:0;79:1;81:1;83:0;85:0;86:1;88:1;97:0,SIM
gradient,100,20,9,warm,240.0,60.0,node_hello,continuous,11,14,0.7,0.2672640000000044,0.2672640000000115,1.4285714285714286,80.22425600000021,74.87897600000021,5.34528,0.9333707750433985,0.0,0.7,0,404,0.0,424,20,404,20,0,1277,0,0.0,1.0,0,0.0,node_hello,10:0;2:1;27:1;3:1;33:0;35:1;4:1;41:1;43:1;44:0;53:0;54:1;56:1;62:0;64:1;68:1;70:1;8:0;91:1;98:1,SIM
gradient,100,20,9,warm,240.0,60.0,node_hello,continuous,12,17,0.85,0.2672639999999973,0.2672640000000115,1.1764705882352942,80.22425600000021,74.87897600000021,5.34528,0.9333707750433985,0.0,0.85,0,404,0.0,424,20,404,20,0,1385,0,0.0,1.0,0,0.0,node_hello,1:1;10:1;14:0;26:1;29:1;3:1;31:1;43:0;58:1;60:0;7:1;72:1;75:1;78:1;80:1;83:1;87:1;92:1;95:1;96:1,SIM
gradient,100,20,9,warm,240.0,60.0,node_hello,continuous,13,13,0.65,0.2672639999999973,0.2672640000000115,1.5384615384615385,62.06054400000016,56.715264000000154,5.34528,0.913869913869914,0.0,0.65,0,307,0.0,326,20,306,20,69,1246,0,0.0,1.0,0,0.0,node_hello,15:1;26:0;3:0;38:1;41:1;48:1;49:0;52:0;53:0;57:1;61:1;7:1;72:1;74:0;86:0;87:1;9:1;91:1;95:1;98:1,SIM
gradient,100,20,9,warm,240.0,60.0,node_hello,continuous,14,14,0.7,0.2672639999999973,0.2672640000000115,1.4285714285714286,80.22425600000021,74.87897600000021,5.34528,0.9333707750433985,0.0,0.7,0,404,0.0,424,20,404,20,0,1370,0,0.0,1.0,0,0.0,node_hello,10:1;11:1;13:0;15:1;16:1;17:0;24:1;28:1;29:1;46:1;48:1;61:1;68:0;71:0;74:1;75:0;80:0;95:1;96:1;98:1,SIM
gradient,100,20,9,warm,240.0,60.0,node_hello,continuous,15,15,0.75,0.2672639999999973,0.2672640000000115,1.3333333333333333,80.22425600000021,74.87897600000021,5.34528,0.9333707750433985,0.0,0.75,0,404,0.0,424,20,404,20,0,1376,0,0.0,1.0,0,0.0,node_hello,1:1;11:1;15:1;17:1;21:1;29:1;48:1;53:1;55:0;60:1;7:0;72:1;79:0;8:0;80:1;81:1;85:0;89:1;95:1;96:1,SIM
gradient,100,20,9,warm,240.0,60.0,node_hello,continuous,16,14,0.7,0.2672639999999973,0.2672640000000115,1.4285714285714286,80.22425600000021,74.87897600000021,5.34528,0.9333707750433985,0.0,0.7,0,404,0.0,424,20,404,20,0,1369,0,0.0,1.0,0,0.0,node_hello,0:1;10:1;12:0;13:1;15:1;2:1;24:1;25:1;34:0;35:1;45:1;5:0;63:1;67:0;68:1;70:1;8:1;90:0;93:1;94:0,SIM
gradient,100,20,9,warm,240.0,60.0,node_hello,continuous,17,8,0.4,0.2672639999999973,0.2672640000000115,2.5,80.22425600000021,74.87897600000021,5.34528,0.9333707750433985,0.0,0.4,0,406,0.0,424,20,404,20,0,1183,0,0.0,1.0,0,0.0,node_hello,1:0;12:0;22:0;23:0;27:1;29:1;30:0;41:0;42:1;48:0;49:1;51:1;52:0;60:1;61:1;62:0;63:0;83:0;87:0;88:1,SIM
gradient,100,20,9,warm,240.0,60.0,node_hello,continuous,18,14,0.7,0.2672640000000044,0.2672640000000115,1.4285714285714286,80.22425600000021,74.87897600000021,5.34528,0.9333707750433985,0.0,0.7,0,404,0.0,424,20,404,20,0,1287,0,0.0,1.0,0,0.0,node_hello,13:0;29:0;45:1;49:1;5:1;50:1;54:1;66:0;7:0;76:1;8:1;85:0;86:0;87:1;89:1;91:1;96:1;97:1;98:1;99:1,SIM
gradient,100,20,9,warm,240.0,60.0,node_hello,continuous,19,10,0.5,0.2672640000000044,0.2672640000000115,2.0,80.22425600000021,74.87897600000021,5.34528,0.9333707750433985,0.0,0.5,0,404,0.0,424,20,404,20,0,1401,0,0.0,1.0,0,0.0,node_hello,10:0;12:1;16:0;19:1;27:0;30:0;40:1;49:0;50:1;57:0;6:1;61:0;68:0;69:1;73:0;76:0;89:1;95:1;96:1;99:1,SIM
gradient,100,20,9,cold,240.0,60.0,node_hello,continuous,0,18,0.9,0.2672639999999973,0.26726400000000083,1.1111111111111112,80.22425600000021,74.87897600000021,5.34528,0.9333707750433985,0.0,0.9,0,404,0.0,424,20,404,20,0,1340,0,0.0,1.0,0,0.0,node_hello,1:1;10:1;11:1;12:1;25:1;28:0;37:1;49:1;50:1;57:1;62:1;66:1;7:1;71:0;74:1;8:1;81:1;86:1;91:1;95:1,SIM
gradient,100,20,9,cold,240.0,60.0,node_hello,continuous,1,13,0.65,0.2672639999999973,0.26726400000000083,1.5384615384615385,80.22425600000021,74.87897600000021,5.34528,0.9333707750433985,0.0,0.65,0,406,0.0,424,20,404,20,0,1290,0,0.0,1.0,0,0.0,node_hello,11:0;12:1;23:0;29:0;31:1;38:1;39:1;40:0;41:0;42:1;43:1;49:1;5:1;57:1;69:1;73:0;74:1;82:1;83:1;96:0,SIM
gradient,100,20,9,cold,240.0,60.0,node_hello,continuous,2,13,0.65,0.2672639999999973,0.26726400000000083,1.5384615384615385,79.85356800000021,74.5082880000002,5.34528,0.9330614757251675,0.0,0.65,0,403,0.0,422,20,402,20,0,1200,0,0.0,1.0,0,0.0,node_hello,1:0;10:1;24:1;28:1;40:1;42:1;48:1;51:1;59:1;67:1;68:0;70:1;79:0;81:1;84:1;85:0;91:0;92:0;95:1;97:0,SIM
gradient,100,20,9,cold,240.0,60.0,node_hello,continuous,3,16,0.8,0.2672639999999973,0.26726400000000083,1.25,80.22425600000021,74.87897600000021,5.34528,0.9333707750433985,0.0,0.8,0,404,0.0,424,20,404,20,0,1362,0,0.0,1.0,0,0.0,node_hello,11:0;12:1;14:1;15:1;22:1;3:1;36:0;38:1;43:1;48:1;49:1;5:1;61:1;67:1;72:1;74:0;84:1;86:1;89:1;99:0,SIM
gradient,100,20,9,cold,240.0,60.0,node_hello,continuous,4,14,0.7,0.2672639999999973,0.26726400000000083,1.4285714285714286,80.22425600000021,74.87897600000021,5.34528,0.9333707750433985,0.0,0.7,0,404,0.0,424,20,404,20,0,1194,0,0.0,1.0,0,0.0,node_hello,28:1;29:1;30:1;36:1;38:0;39:1;40:1;41:0;47:0;51:1;57:1;62:1;64:1;67:1;68:0;76:1;80:0;88:1;90:1;95:0,SIM
gradient,100,20,9,cold,240.0,60.0,node_hello,continuous,5,17,0.85,0.2672639999999973,0.26726400000000083,1.1764705882352942,80.22425600000021,74.87897600000021,5.34528,0.9333707750433985,0.0,0.85,0,404,0.0,424,20,404,20,0,1316,0,0.0,1.0,0,0.0,node_hello,1:1;13:1;24:1;25:1;49:1;50:0;54:1;58:1;60:1;61:1;69:1;73:1;76:1;80:1;83:1;87:0;88:0;90:1;92:1;99:1,SIM
gradient,100,20,9,cold,240.0,60.0,node_hello,continuous,6,15,0.75,0.2672639999999973,3.5891497617755563,16.666666666666668,141.69497599999994,74.87897600000021,66.81599999999972,0.528451876797666,0.1354679802955665,0.75,0,626,0.0,654,250,404,20,185,1624,0,0.0,1.0,0,0.0,node_hello,11:1;16:0;23:1;29:1;31:0;33:1;34:1;49:1;53:1;54:1;61:1;66:1;69:1;72:0;75:1;76:0;78:1;80:1;84:1;86:0,SIM
gradient,100,20,9,cold,240.0,60.0,node_hello,continuous,7,14,0.7,0.2672639999999973,0.26726400000000083,1.4285714285714286,80.22425600000021,74.87897600000021,5.34528,0.9333707750433985,0.0,0.7,0,404,0.0,424,20,404,20,0,1255,0,0.0,1.0,0,0.0,node_hello,11:0;12:0;17:0;20:1;25:0;28:1;40:1;43:1;45:1;50:1;51:1;53:1;55:1;59:0;62:1;65:1;85:1;90:1;92:1;95:0,SIM
gradient,100,20,9,cold,240.0,60.0,node_hello,continuous,8,12,0.6,0.2672639999999973,0.26726400000000083,1.6666666666666667,80.22425600000021,74.87897600000021,5.34528,0.9333707750433985,0.0,0.6,0,404,0.0,424,20,404,20,0,1326,0,0.0,1.0,0,0.0,node_hello,15:0;17:1;27:1;3:1;37:0;4:1;44:1;47:1;48:1;50:1;60:1;62:0;64:1;65:1;67:0;72:0;79:1;82:0;89:0;98:0,SIM
gradient,100,20,9,cold,240.0,60.0,node_hello,continuous,9,13,0.65,0.2672639999999973,0.26726400000000083,1.5384615384615385,80.22425600000021,74.87897600000021,5.34528,0.9333707750433985,0.0,0.65,0,404,0.0,424,20,404,20,0,1288,0,0.0,1.0,0,0.0,node_hello,11:1;12:1;17:1;19:1;20:0;25:1;34:1;41:0;42:1;45:1;49:0;5:1;50:0;51:0;64:1;65:1;72:1;75:1;83:0;88:0,SIM
gradient,100,20,9,cold,240.0,60.0,node_hello,continuous,10,13,0.65,0.2672639999999973,0.26726400000000083,1.5384615384615385,80.22425600000021,74.87897600000021,5.34528,0.9333707750433985,0.0,0.65,0,404,0.0,424,20,404,20,0,1297,0,0.0,1.0,0,0.0,node_hello,1:1;12:1;20:1;29:0;31:1;37:1;44:1;49:0;60:1;65:1;66:1;68:0;77:0;79:1;81:1;83:0;85:0;86:1;88:1;97:0,SIM
gradient,100,20,9,cold,240.0,60.0,node_hello,continuous,11,14,0.7,0.2672639999999973,0.26726400000000083,1.4285714285714286,80.22425600000021,74.87897600000021,5.34528,0.9333707750433985,0.0,0.7,0,404,0.0,424,20,404,20,0,1277,0,0.0,1.0,0,0.0,node_hello,10:0;2:1;27:1;3:1;33:0;35:1;4:1;41:1;43:1;44:0;53:0;54:1;56:1;62:0;64:1;68:1;70:1;8:0;91:1;98:1,SIM
gradient,100,20,9,cold,240.0,60.0,node_hello,continuous,12,17,0.85,0.2672639999999973,0.26726400000000083,1.1764705882352942,80.22425600000021,74.87897600000021,5.34528,0.9333707750433985,0.0,0.85,0,404,0.0,424,20,404,20,0,1385,0,0.0,1.0,0,0.0,node_hello,1:1;10:1;14:0;26:1;29:1;3:1;31:1;43:0;58:1;60:0;7:1;72:1;75:1;78:1;80:1;83:1;87:1;92:1;95:1;96:1,SIM
gradient,100,20,9,cold,240.0,60.0,node_hello,continuous,13,12,0.6,0.2672639999999973,0.26726400000000083,1.6666666666666667,62.06054400000016,56.715264000000154,5.34528,0.913869913869914,0.0,0.6,0,306,0.0,326,20,306,20,77,1298,0,0.0,1.0,0,0.0,node_hello,15:0;26:1;3:0;38:1;41:1;48:1;49:0;52:1;53:0;57:1;61:1;7:1;72:0;74:0;86:1;87:1;9:0;91:1;95:1;98:0,SIM
gradient,100,20,9,cold,240.0,60.0,node_hello,continuous,14,14,0.7,0.2672639999999973,0.26726400000000083,1.4285714285714286,80.22425600000021,74.87897600000021,5.34528,0.9333707750433985,0.0,0.7,0,404,0.0,424,20,404,20,0,1370,0,0.0,1.0,0,0.0,node_hello,10:1;11:1;13:0;15:1;16:1;17:0;24:1;28:1;29:1;46:1;48:1;61:1;68:0;71:0;74:1;75:0;80:0;95:1;96:1;98:1,SIM
gradient,100,20,9,cold,240.0,60.0,node_hello,continuous,15,15,0.75,0.2672639999999973,0.26726400000000083,1.3333333333333333,80.22425600000021,74.87897600000021,5.34528,0.9333707750433985,0.0,0.75,0,404,0.0,424,20,404,20,0,1376,0,0.0,1.0,0,0.0,node_hello,1:1;11:1;15:1;17:1;21:1;29:1;48:1;53:1;55:0;60:1;7:0;72:1;79:0;8:0;80:1;81:1;85:0;89:1;95:1;96:1,SIM
gradient,100,20,9,cold,240.0,60.0,node_hello,continuous,16,14,0.7,0.2672639999999973,0.26726400000000083,1.4285714285714286,80.22425600000021,74.87897600000021,5.34528,0.9333707750433985,0.0,0.7,0,404,0.0,424,20,404,20,0,1369,0,0.0,1.0,0,0.0,node_hello,0:1;10:1;12:0;13:1;15:1;2:1;24:1;25:1;34:0;35:1;45:1;5:0;63:1;67:0;68:1;70:1;8:1;90:0;93:1;94:0,SIM
gradient,100,20,9,cold,240.0,60.0,node_hello,continuous,17,8,0.4,0.2672639999999973,0.26726400000000083,2.5,80.22425600000021,74.87897600000021,5.34528,0.9333707750433985,0.0,0.4,0,406,0.0,424,20,404,20,0,1183,0,0.0,1.0,0,0.0,node_hello,1:0;12:0;22:0;23:0;27:1;29:1;30:0;41:0;42:1;48:0;49:1;51:1;52:0;60:1;61:1;62:0;63:0;83:0;87:0;88:1,SIM
gradient,100,20,9,cold,240.0,60.0,node_hello,continuous,18,14,0.7,0.2672639999999973,0.26726400000000083,1.4285714285714286,80.22425600000021,74.87897600000021,5.34528,0.9333707750433985,0.0,0.7,0,404,0.0,424,20,404,20,0,1287,0,0.0,1.0,0,0.0,node_hello,13:0;29:0;45:1;49:1;5:1;50:1;54:1;66:0;7:0;76:1;8:1;85:0;86:0;87:1;89:1;91:1;96:1;97:1;98:1;99:1,SIM
gradient,100,20,9,cold,240.0,60.0,node_hello,continuous,19,10,0.5,0.2672639999999973,0.26726400000000083,2.0,80.22425600000021,74.87897600000021,5.34528,0.9333707750433985,0.0,0.5,0,404,0.0,424,20,404,20,0,1401,0,0.0,1.0,0,0.0,node_hello,10:0;12:1;16:0;19:1;27:0;30:0;40:1;49:0;50:1;57:0;6:1;61:0;68:0;69:1;73:0;76:0;89:1;95:1;96:1;99:1,SIM
trickle,25,5,7,warm,240.0,60.0,node_hello,continuous,0,5,1.0,0.0770559999999989,0.37420667724525736,13.2,10.437119999999986,5.351423999999995,5.085695999999992,0.5127299484915381,0.6837606837606838,1.0,0,128,0.0,170,66,104,5,158,351,0,0.0,1.0,0,0.0,node_hello,12:1;17:1;2:1;21:1;22:1,SIM
trickle,25,5,7,warm,240.0,60.0,node_hello,continuous,1,5,1.0,0.0770559999999989,0.8466744354320155,11.0,9.58950399999999,5.351423999999995,4.238079999999994,0.5580501348140635,0.5897435897435898,1.0,0,122,0.0,159,55,104,5,197,234,0,0.0,1.0,0,0.0,node_hello,0:1;17:1;24:1;6:1;7:1,SIM
trickle,25,5,7,warm,240.0,60.0,node_hello,continuous,2,5,1.0,0.0770559999999989,0.14722985088984045,14.0,10.745343999999985,5.351423999999995,5.393919999999991,0.498022585410016,0.6612903225806451,1.0,0,140,0.0,174,70,104,5,91,310,0,0.0,1.0,0,0.0,node_hello,10:1;19:1;2:1;21:1;23:1,SIM
trickle,25,5,7,warm,240.0,60.0,node_hello,continuous,3,4,0.8,0.0770559999999989,1.5969697044624576,15.5,10.128895999999987,5.351423999999995,4.777471999999992,0.5283324066117375,0.6583850931677019,0.8,0,132,0.0,166,62,104,5,108,322,0,0.0,1.0,0,0.0,node_hello,10:0;16:1;17:1;7:1;8:1,SIM
trickle,25,5,7,warm,240.0,60.0,node_hello,continuous,4,5,1.0,0.0770559999999989,0.4979122471272773,14.2,10.822399999999986,5.351423999999995,5.4709759999999905,0.49447664104080447,0.7308533916849015,1.0,0,131,0.0,175,71,104,5,58,457,0,0.0,1.0,0,0.0,node_hello,0:1;10:1;24:1;4:1;9:1,SIM
trickle,25,5,7,warm,240.0,60.0,node_hello,continuous,5,4,0.8,0.20348854420917206,0.5130005823522501,15.75,10.205951999999987,5.351423999999995,4.854527999999992,0.5243434419444656,0.6823529411764706,0.8,0,128,0.0,167,63,104,5,81,340,0,0.0,1.0,0,0.0,node_hello,1:0;11:1;23:1;24:1;9:1,SIM
trickle,25,5,7,warm,240.0,60.0,node_hello,continuous,6,5,1.0,0.4494793922129219,1.1323726665865648,14.2,10.822399999999986,5.351423999999995,5.4709759999999905,0.49447664104080447,0.7337807606263982,1.0,0,122,0.0,175,71,104,5,241,447,0,0.52,1.0,0,0.0,node_hello,12:1;14:1;19:1;2:1;21:1,SIM
trickle,25,5,7,warm,240.0,60.0,node_hello,continuous,7,4,0.8,0.6446828411555288,4.235188149808206,15.25,10.051839999999988,5.351423999999995,4.700415999999993,0.5323825289698206,0.6912181303116147,0.8,0,124,0.0,165,61,104,5,156,353,0,0.52,1.0,0,0.0,node_hello,11:1;14:1;19:1;3:0;5:1,SIM
trickle,25,5,7,warm,240.0,60.0,node_hello,continuous,8,5,1.0,1.7443264016438889,11.986819612034832,15.8,11.438847999999984,5.351423999999995,6.087423999999989,0.46782892822773786,0.8216833095577746,1.0,0,108,0.0,183,79,104,5,270,701,0,0.0,1.0,0,0.0,node_hello,0:1;10:1;12:1;24:1;5:1,SIM
trickle,25,5,7,warm,240.0,60.0,node_hello,continuous,9,4,0.8,0.0770559999999989,0.0770559999999989,18.25,10.976511999999985,5.351423999999995,5.62508799999999,0.4875341091960727,0.7697674418604651,0.8,0,129,0.0,177,73,104,5,117,430,0,0.0,1.0,0,0.0,node_hello,11:1;18:1;2:1;22:1;24:0,SIM
trickle,25,5,7,warm,240.0,60.0,node_hello,continuous,10,5,1.0,0.0770559999999989,0.0770559999999989,13.4,10.514175999999987,5.351423999999995,5.162751999999991,0.5089722675367049,0.7580993520518359,1.0,0,114,0.0,171,67,104,5,191,463,0,0.44,1.0,0,0.0,node_hello,12:1;14:1;15:1;18:1;5:1,SIM
trickle,25,5,7,warm,240.0,60.0,node_hello,continuous,11,5,1.0,0.3429778842618134,13.206787744506206,12.0,9.974783999999989,5.351423999999995,4.623359999999993,0.5364952263627966,0.7005988023952096,1.0,0,124,0.0,164,60,104,5,150,334,0,0.0,1.0,0,0.0,node_hello,0:1;18:1;6:1;8:1;9:1,SIM
trickle,25,5,7,warm,240.0,60.0,node_hello,continuous,12,5,1.0,0.0770559999999989,1.0432807972251283,14.6,10.976511999999985,5.351423999999995,5.62508799999999,0.4875341091960727,0.7474332648870636,1.0,0,132,0.0,177,73,104,5,0,487,0,0.0,1.0,0,0.0,node_hello,14:1;15:1;22:1;7:1;9:1,SIM
trickle,25,5,7,warm,240.0,60.0,node_hello,continuous,13,4,0.8,0.0770559999999989,0.42475801636437804,12.75,9.28127999999999,5.351423999999995,3.9298559999999947,0.5765825403392637,0.7162629757785467,0.8,0,115,0.0,155,51,104,5,252,289,0,1.0,1.0,0,0.0,node_hello,15:1;19:1;22:1;23:0;7:1,SIM
trickle,25,5,7,warm,240.0,60.0,node_hello,continuous,14,5,1.0,0.508591193982781,3.6259160722751482,15.8,11.438847999999984,5.351423999999995,6.087423999999989,0.46782892822773786,0.7777777777777778,1.0,0,121,0.0,183,79,104,5,195,531,0,0.0,1.0,0,0.0,node_hello,11:1;16:1;6:1;8:1;9:1,SIM
trickle,25,5,7,warm,240.0,60.0,node_hello,continuous,15,5,1.0,0.0770559999999989,1.3927312412554071,14.8,11.053567999999984,5.351423999999995,5.70214399999999,0.4841354393441107,0.7436974789915967,1.0,0,126,0.0,178,74,104,5,74,476,0,0.0,1.0,0,0.0,node_hello,1:1;15:1;16:1;18:1;2:1,SIM
trickle,25,5,7,warm,240.0,60.0,node_hello,continuous,16,5,1.0,0.7382709411903079,5.435133299174947,15.0,11.130623999999985,5.351423999999995,5.77919999999999,0.48078382667494673,0.7453798767967146,1.0,0,132,0.0,179,75,104,5,88,487,0,0.52,1.0,0,0.0,node_hello,20:1;22:1;4:1;7:1;8:1,SIM
trickle,25,5,7,warm,240.0,60.0,node_hello,continuous,17,5,1.0,0.5587330965639836,3.5501079765722405,15.6,11.361791999999983,5.351423999999995,6.010367999999989,0.47100175746924455,0.7310344827586207,1.0,0,120,0.0,182,78,104,5,254,435,0,0.0,1.0,0,0.0,node_hello,12:1;15:1;21:1;23:1;4:1,SIM
trickle,25,5,7,warm,240.0,60.0,node_hello,continuous,18,5,1.0,0.0770559999999989,0.3325531811978009,12.2,10.051839999999988,5.351423999999995,4.700415999999993,0.5323825289698206,0.7701863354037267,1.0,0,117,0.0,165,61,104,5,172,483,0,0.84,1.0,0,0.0,node_hello,10:1;11:1;22:1;23:1;4:1,SIM
trickle,25,5,7,warm,240.0,60.0,node_hello,continuous,19,4,0.8,0.8332277947315561,3.420061407075925,16.25,10.360063999999987,5.351423999999995,5.008639999999992,0.516543527144234,0.7757847533632287,0.8,0,130,0.0,169,65,104,5,32,446,0,0.0,1.0,0,0.0,node_hello,14:0;19:1;3:1;6:1;9:1,SIM
trickle,25,5,7,cold,240.0,60.0,node_hello,continuous,0,5,1.0,0.077056,2.3601319104119427,13.6,10.591231999999987,5.351423999999995,5.239807999999991,0.505269264236682,0.7103274559193955,1.0,0,128,0.0,172,68,104,5,146,397,0,0.0,1.0,0,0.0,node_hello,12:1;17:1;2:1;21:1;22:1,SIM
trickle,25,5,7,cold,240.0,60.0,node_hello,continuous,1,5,1.0,0.29028014108515166,1.66840706077036,15.4,11.284735999999985,5.351423999999995,5.933311999999989,0.47421791701640187,0.7521929824561403,1.0,0,123,0.0,181,77,104,5,188,456,0,0.0,1.0,0,0.0,node_hello,0:1;17:1;24:1;6:1;7:1,SIM
trickle,25,5,7,cold,240.0,60.0,node_hello,continuous,2,5,1.0,0.07705600000000068,0.6112878600726617,13.8,10.668287999999986,5.351423999999995,5.316863999999991,0.501619753797423,0.7875939849624061,1.0,0,121,0.0,173,69,104,5,90,532,0,0.0,1.0,0,0.0,node_hello,10:1;19:1;2:1;21:1;23:1,SIM
trickle,25,5,7,cold,240.0,60.0,node_hello,continuous,3,5,1.0,0.07705599999999979,0.6419510971627547,15.8,11.438847999999984,5.351423999999995,6.087423999999989,0.46782892822773786,0.7559523809523809,1.0,0,135,0.0,183,79,104,5,108,504,0,0.0,1.0,0,0.0,node_hello,10:1;16:1;17:1;7:1;8:1,SIM
trickle,25,5,7,cold,240.0,60.0,node_hello,continuous,4,4,0.8,0.07705599999999946,0.07705600000000057,15.5,10.128895999999987,5.351423999999995,4.777471999999992,0.5283324066117375,0.6273764258555133,0.8,0,140,0.0,166,62,104,5,42,263,0,0.0,1.0,0,0.0,node_hello,0:1;10:1;24:1;4:0;9:1,SIM
trickle,25,5,7,cold,240.0,60.0,node_hello,continuous,5,4,0.8,0.07705599999999946,0.42884980998346206,13.75,9.58950399999999,5.351423999999995,4.238079999999994,0.5580501348140635,0.6532846715328468,0.8,0,124,0.0,159,55,104,5,92,274,0,0.0,1.0,0,0.0,node_hello,1:1;11:1;23:1;24:1;9:0,SIM
trickle,25,5,7,cold,240.0,60.0,node_hello,continuous,6,5,1.0,0.5198719377476415,0.8813421926309031,14.8,11.053567999999984,5.351423999999995,5.70214399999999,0.4841354393441107,0.7798165137614679,1.0,0,119,0.0,178,74,104,5,249,545,0,0.0,1.0,0,0.0,node_hello,12:1;14:1;19:1;2:1;21:1,SIM
trickle,25,5,7,cold,240.0,60.0,node_hello,continuous,7,4,0.8,1.2017035462790941,5.125979907557388,17.75,10.822399999999986,5.351423999999995,5.4709759999999905,0.49447664104080447,0.7689075630252101,0.8,0,123,0.0,175,71,104,5,161,476,0,0.0,1.0,0,0.0,node_hello,11:1;14:1;19:1;3:0;5:1,SIM
trickle,25,5,7,cold,240.0,60.0,node_hello,continuous,8,4,0.8,0.4037406070198921,1.1510193346458861,16.5,10.437119999999986,5.351423999999995,5.085695999999992,0.5127299484915381,0.7161803713527851,0.8,0,120,0.0,170,66,104,5,280,377,0,0.0,1.0,0,0.0,node_hello,0:0;10:1;12:1;24:1;5:1,SIM
trickle,25,5,7,cold,240.0,60.0,node_hello,continuous,9,5,1.0,1.0143710350235224,1.8423857350397972,14.6,10.976511999999985,5.351423999999995,5.62508799999999,0.4875341091960727,0.7547974413646056,1.0,0,127,0.0,177,73,104,5,140,469,0,0.0,1.0,0,0.0,node_hello,11:1;18:1;2:1;22:1;24:1,SIM
trickle,25,5,7,cold,240.0,60.0,node_hello,continuous,10,5,1.0,0.077056,0.2540461057634481,12.0,9.974783999999989,5.351423999999995,4.623359999999993,0.5364952263627966,0.7106741573033708,1.0,0,118,0.0,164,60,104,5,200,356,0,0.0,1.0,0,0.0,node_hello,12:1;14:1;15:1;18:1;5:1,SIM
trickle,25,5,7,cold,240.0,60.0,node_hello,continuous,11,3,0.6,0.07705599999999979,3.8522328493881615,20.666666666666668,10.128895999999987,5.351423999999995,4.777471999999992,0.5283324066117375,0.6209386281588448,0.6,0,131,0.0,166,62,104,5,152,277,0,0.0,1.0,0,0.0,node_hello,0:0;18:1;6:1;8:0;9:1,SIM
trickle,25,5,7,cold,240.0,60.0,node_hello,continuous,12,5,1.0,0.077056,1.0432807972251332,14.6,10.976511999999985,5.351423999999995,5.62508799999999,0.4875341091960727,0.7474332648870636,1.0,0,132,0.0,177,73,104,5,0,487,0,0.0,1.0,0,0.0,node_hello,14:1;15:1;22:1;7:1;9:1,SIM
trickle,25,5,7,cold,240.0,60.0,node_hello,continuous,13,3,0.6,0.07705599999999979,0.4855717034716195,21.333333333333332,10.283007999999988,5.351423999999995,4.931583999999992,0.5204142601075484,0.7272727272727273,0.6,0,125,0.0,168,64,104,5,250,352,0,0.0,1.0,0,0.0,node_hello,15:1;19:1;22:1;23:0;7:0,SIM
trickle,25,5,7,cold,240.0,60.0,node_hello,continuous,14,5,1.0,0.07705600000000068,1.784432714442286,15.8,11.438847999999984,5.351423999999995,6.087423999999989,0.46782892822773786,0.7554671968190855,1.0,0,124,0.0,183,79,104,5,199,503,0,0.0,1.0,0,0.0,node_hello,11:1;16:1;6:1;8:1;9:1,SIM
trickle,25,5,7,cold,240.0,60.0,node_hello,continuous,15,5,1.0,0.07705599999999979,0.07705600000000054,14.6,10.976511999999985,5.351423999999995,5.62508799999999,0.4875341091960727,0.7300884955752213,1.0,0,127,0.0,177,73,104,5,74,452,0,0.0,1.0,0,0.0,node_hello,1:1;15:1;16:1;18:1;2:1,SIM
trickle,25,5,7,cold,240.0,60.0,node_hello,continuous,16,4,0.8,0.07705599999999935,0.3565858576110782,14.5,9.820671999999988,5.351423999999995,4.469247999999993,0.5449142380480686,0.7044025157232704,0.8,0,127,0.0,162,58,104,5,109,318,0,0.0,1.0,0,0.0,node_hello,20:1;22:1;4:0;7:1;8:1,SIM
trickle,25,5,7,cold,240.0,60.0,node_hello,continuous,17,5,1.0,0.07705600000000068,2.3034521072537237,13.6,10.591231999999987,5.351423999999995,5.239807999999991,0.505269264236682,0.6897590361445783,1.0,0,119,0.0,172,68,104,5,258,332,0,0.0,1.0,0,0.0,node_hello,12:1;15:1;21:1;23:1;4:1,SIM
trickle,25,5,7,cold,240.0,60.0,node_hello,continuous,18,4,0.8,0.2321812297944712,0.4070595644692617,17.5,10.745343999999985,5.351423999999995,5.393919999999991,0.498022585410016,0.7692307692307693,0.8,0,126,0.0,174,70,104,5,154,481,0,0.0,1.0,0,0.0,node_hello,10:1;11:1;22:1;23:1;4:0,SIM
trickle,25,5,7,cold,240.0,60.0,node_hello,continuous,19,4,0.8,2.0628064068926513,4.038872542161882,16.0,10.283007999999988,5.351423999999995,4.931583999999992,0.5204142601075484,0.7828685258964143,0.8,0,125,0.0,168,64,104,5,38,502,0,0.0,1.0,0,0.0,node_hello,14:1;19:1;3:0;6:1;9:1,SIM
trickle,25,5,9,warm,240.0,60.0,node_hello,continuous,0,5,1.0,0.2672639999999973,0.5321842472890551,10.4,33.17350400000005,19.275776000000032,13.897728000000019,0.5810593900481542,0.6432926829268293,1.0,0,136,0.0,156,52,104,5,0,328,0,0.0,1.0,0,0.0,node_hello,12:1;17:1;2:1;21:1;22:1,SIM
trickle,25,5,9,warm,240.0,60.0,node_hello,continuous,1,4,0.8,0.2672639999999973,0.2672639999999973,15.0,35.31161600000006,19.275776000000032,16.035840000000025,0.5458763484514558,0.2932330827067669,0.8,0,155,0.0,164,60,104,5,0,133,0,0.0,1.0,0,0.0,node_hello,0:1;17:1;24:1;6:0;7:1,SIM
trickle,25,5,9,warm,240.0,60.0,node_hello,continuous,2,4,0.8,0.2672639999999973,0.2672639999999973,15.25,35.578880000000055,19.275776000000032,16.303104000000026,0.5417757950784287,0.5,0.8,0,152,0.0,165,61,104,5,0,196,0,0.0,1.0,0,0.0,node_hello,10:0;19:1;2:1;21:1;23:1,SIM
trickle,25,5,9,warm,240.0,60.0,node_hello,continuous,3,4,0.8,0.2672639999999973,0.2672639999999973,15.5,35.84614400000006,19.275776000000032,16.570368000000027,0.5377363880477632,0.5702479338842975,0.8,0,151,0.0,166,62,104,5,0,242,0,0.0,1.0,0,0.0,node_hello,10:1;16:1;17:1;7:0;8:1,SIM
trickle,25,5,9,warm,240.0,60.0,node_hello,continuous,4,4,0.8,0.2672639999999973,0.2672639999999973,14.0,34.242560000000054,19.275776000000032,14.966784000000022,0.5629186602870814,0.226890756302521,0.8,0,153,0.0,160,56,104,5,0,119,0,0.0,1.0,0,0.0,node_hello,0:1;10:1;24:1;4:1;9:0,SIM
trickle,25,5,9,warm,240.0,60.0,node_hello,continuous,5,2,0.4,0.2672639999999973,0.2672639999999973,26.5,33.44076800000005,19.275776000000032,14.16499200000002,0.5764154698839454,0.22429906542056074,0.4,0,150,0.0,157,53,104,5,0,107,0,0.0,1.0,0,0.0,node_hello,1:0;11:0;23:1;24:1;9:0,SIM
trickle,25,5,9,warm,240.0,60.0,node_hello,continuous,6,4,0.8,0.2672639999999973,1.2238053692010826,16.25,36.64793600000006,19.275776000000032,17.37216000000003,0.5259716672720669,0.6218181818181818,0.8,0,152,0.0,169,65,104,5,0,275,0,0.0,1.0,0,0.0,node_hello,12:0;14:1;19:1;2:1;21:1,SIM
trickle,25,5,9,warm,240.0,60.0,node_hello,continuous,7,4,0.8,0.45659418901380633,0.9012190864999681,15.0,35.31161600000006,19.275776000000032,16.035840000000025,0.5458763484514558,0.536697247706422,0.8,0,148,0.0,164,60,104,5,43,218,0,0.6,1.0,0,0.0,node_hello,11:1;14:1;19:1;3:0;5:1,SIM
trickle,25,5,9,warm,240.0,60.0,node_hello,continuous,8,2,0.4,0.2672639999999973,0.2672639999999973,28.5,34.50982400000005,19.275776000000032,15.234048000000023,0.5585590932019823,0.0,0.4,0,156,0.0,161,57,104,5,0,91,0,0.0,1.0,0,0.0,node_hello,0:1;10:0;12:0;24:1;5:0,SIM
trickle,25,5,9,warm,240.0,60.0,node_hello,continuous,9,4,0.8,0.2672639999999973,0.2672639999999973,13.75,33.97529600000006,19.275776000000032,14.699520000000021,0.5673468157569547,0.25190839694656486,0.8,0,147,0.0,159,55,104,5,67,131,0,0.0,1.0,0,0.0,node_hello,11:1;18:0;2:1;22:1;24:1,SIM
trickle,25,5,9,warm,240.0,60.0,node_hello,continuous,10,3,0.6,0.2672639999999973,1.221987474548979,17.333333333333332,33.17350400000005,19.275776000000032,13.897728000000019,0.5810593900481542,0.5406976744186046,0.6,0,145,0.0,156,52,104,5,0,172,0,0.0,1.0,0,0.0,node_hello,12:0;14:1;15:1;18:1;5:0,SIM
trickle,25,5,9,warm,240.0,60.0,node_hello,continuous,11,4,0.8,0.40477326836145266,2.2903260882749885,18.75,39.320576000000074,19.275776000000032,20.044800000000038,0.4902210995077996,0.6014492753623188,0.8,0,161,0.0,179,75,104,5,0,276,0,0.0,1.0,0,0.0,node_hello,0:1;18:1;6:1;8:0;9:1,SIM
trickle,25,5,9,warm,240.0,60.0,node_hello,continuous,12,5,1.0,0.2672639999999973,0.2672639999999973,10.2,32.906240000000054,19.275776000000032,13.630464000000018,0.5857787459156683,0.42105263157894735,1.0,0,146,0.0,155,51,104,5,0,133,0,0.0,1.0,0,0.0,node_hello,14:1;15:1;22:1;7:1;9:1,SIM
trickle,25,5,9,warm,240.0,60.0,node_hello,continuous,13,5,1.0,0.2672639999999973,0.4875825898434044,12.2,35.578880000000055,19.275776000000032,16.303104000000026,0.5417757950784287,0.5836575875486382,1.0,0,150,0.0,165,61,104,5,0,257,0,0.0,1.0,0,0.0,node_hello,15:1;19:1;22:1;23:1;7:1,SIM
trickle,25,5,9,warm,240.0,60.0,node_hello,continuous,14,5,1.0,0.2672639999999973,0.9491080683693041,14.0,37.984256000000066,19.275776000000032,18.708480000000034,0.5074675149619884,0.6079136690647482,1.0,0,152,0.0,174,70,104,5,58,278,0,0.0,1.0,0,0.0,node_hello,11:1;16:1;6:1;8:1;9:1,SIM
trickle,25,5,9,warm,240.0,60.0,node_hello,continuous,15,4,0.8,0.2672639999999973,0.2672639999999973,13.75,33.97529600000006,19.275776000000032,14.699520000000021,0.5673468157569547,0.37410071942446044,0.8,0,149,0.0,159,55,104,5,0,139,0,0.0,1.0,0,0.0,node_hello,1:1;15:1;16:1;18:1;2:0,SIM
trickle,25,5,9,warm,240.0,60.0,node_hello,continuous,16,4,0.8,0.2672639999999973,0.2672639999999973,13.5,33.70803200000005,19.275776000000032,14.43225600000002,0.5718451910808677,0.41496598639455784,0.8,0,149,0.0,158,54,104,5,0,147,0,0.0,1.0,0,0.0,node_hello,20:1;22:1;4:0;7:1;8:1,SIM
trickle,25,5,9,warm,240.0,60.0,node_hello,continuous,17,4,0.8,0.2672639999999973,1.3434233286453452,15.5,35.84614400000006,19.275776000000032,16.570368000000027,0.5377363880477632,0.6633333333333333,0.8,0,146,0.0,166,62,104,5,0,300,0,0.0,1.0,0,0.0,node_hello,12:1;15:1;21:1;23:1;4:0,SIM
trickle,25,5,9,warm,240.0,60.0,node_hello,continuous,18,5,1.0,0.2672639999999973,0.2672639999999973,13.6,37.449728000000064,19.275776000000032,18.173952000000032,0.514710707645193,0.4147727272727273,1.0,0,162,0.0,172,68,104,5,0,176,0,0.0,1.0,0,0.0,node_hello,10:1;11:1;22:1;23:1;4:1,SIM
trickle,25,5,9,warm,240.0,60.0,node_hello,continuous,19,4,0.8,0.4434950599498464,1.74806694573241,15.5,35.84614400000006,19.275776000000032,16.570368000000027,0.5377363880477632,0.6428571428571429,0.8,0,148,0.0,166,62,104,5,0,308,0,0.0,1.0,0,0.0,node_hello,14:1;19:1;3:0;6:1;9:1,SIM
trickle,25,5,9,cold,240.0,60.0,node_hello,continuous,0,5,1.0,0.26726400000000083,0.5321842472890558,10.4,33.17350400000005,19.275776000000032,13.897728000000019,0.5810593900481542,0.6432926829268293,1.0,0,136,0.0,156,52,104,5,0,328,0,0.0,1.0,0,0.0,node_hello,12:1;17:1;2:1;21:1;22:1,SIM
trickle,25,5,9,cold,240.0,60.0,node_hello,continuous,1,4,0.8,0.26726400000000083,0.26726400000000083,15.0,35.31161600000006,19.275776000000032,16.035840000000025,0.5458763484514558,0.2932330827067669,0.8,0,155,0.0,164,60,104,5,0,133,0,0.0,1.0,0,0.0,node_hello,0:1;17:1;24:1;6:0;7:1,SIM
trickle,25,5,9,cold,240.0,60.0,node_hello,continuous,2,4,0.8,0.26726400000000083,0.26726400000000083,15.25,35.578880000000055,19.275776000000032,16.303104000000026,0.5417757950784287,0.5,0.8,0,152,0.0,165,61,104,5,0,196,0,0.0,1.0,0,0.0,node_hello,10:0;19:1;2:1;21:1;23:1,SIM
trickle,25,5,9,cold,240.0,60.0,node_hello,continuous,3,4,0.8,0.26726400000000083,0.26726400000000083,15.5,35.84614400000006,19.275776000000032,16.570368000000027,0.5377363880477632,0.5702479338842975,0.8,0,151,0.0,166,62,104,5,0,242,0,0.0,1.0,0,0.0,node_hello,10:1;16:1;17:1;7:0;8:1,SIM
trickle,25,5,9,cold,240.0,60.0,node_hello,continuous,4,4,0.8,0.2672640000000004,0.26726400000000083,14.0,34.242560000000054,19.275776000000032,14.966784000000022,0.5629186602870814,0.226890756302521,0.8,0,153,0.0,160,56,104,5,0,119,0,0.0,1.0,0,0.0,node_hello,0:1;10:1;24:1;4:1;9:0,SIM
trickle,25,5,9,cold,240.0,60.0,node_hello,continuous,5,2,0.4,0.26726400000000083,0.26726400000000083,26.5,33.44076800000005,19.275776000000032,14.16499200000002,0.5764154698839454,0.22429906542056074,0.4,0,150,0.0,157,53,104,5,0,107,0,0.0,1.0,0,0.0,node_hello,1:0;11:0;23:1;24:1;9:0,SIM
trickle,25,5,9,cold,240.0,60.0,node_hello,continuous,6,4,0.8,0.26726400000000083,1.2238053692010906,16.25,36.64793600000006,19.275776000000032,17.37216000000003,0.5259716672720669,0.6218181818181818,0.8,0,152,0.0,169,65,104,5,0,275,0,0.0,1.0,0,0.0,node_hello,12:0;14:1;19:1;2:1;21:1,SIM
trickle,25,5,9,cold,240.0,60.0,node_hello,continuous,7,4,0.8,0.44410168983938725,2.5812589207604293,16.75,37.18246400000007,19.275776000000032,17.90668800000003,0.5184103990526286,0.5427350427350427,0.8,0,154,0.0,171,67,104,5,43,234,0,0.0,1.0,0,0.0,node_hello,11:1;14:1;19:1;3:0;5:1,SIM
trickle,25,5,9,cold,240.0,60.0,node_hello,continuous,8,2,0.4,0.2672640000000004,0.2672640000000008,28.5,34.50982400000005,19.275776000000032,15.234048000000023,0.5585590932019823,0.0,0.4,0,156,0.0,161,57,104,5,0,91,0,0.0,1.0,0,0.0,node_hello,0:1;10:0;12:0;24:1;5:0,SIM
trickle,25,5,9,cold,240.0,60.0,node_hello,continuous,9,4,0.8,0.9271359997427329,1.4246290818234857,15.5,35.84614400000006,19.275776000000032,16.570368000000027,0.5377363880477632,0.5752895752895753,0.8,0,146,0.0,166,62,104,5,69,259,0,0.0,1.0,0,0.0,node_hello,11:0;18:1;2:1;22:1;24:1,SIM
trickle,25,5,9,cold,240.0,60.0,node_hello,continuous,10,3,0.6,0.26726400000000083,1.221987474548992,17.333333333333332,33.17350400000005,19.275776000000032,13.897728000000019,0.5810593900481542,0.5406976744186046,0.6,0,145,0.0,156,52,104,5,0,172,0,0.0,1.0,0,0.0,node_hello,12:0;14:1;15:1;18:1;5:0,SIM
trickle,25,5,9,cold,240.0,60.0,node_hello,continuous,11,4,0.8,0.4047732683614568,2.290326088275001,18.75,39.320576000000074,19.275776000000032,20.044800000000038,0.4902210995077996,0.6014492753623188,0.8,0,161,0.0,179,75,104,5,0,276,0,0.0,1.0,0,0.0,node_hello,0:1;18:1;6:1;8:0;9:1,SIM
trickle,25,5,9,cold,240.0,60.0,node_hello,continuous,12,5,1.0,0.26726400000000083,0.26726400000000083,10.2,32.906240000000054,19.275776000000032,13.630464000000018,0.5857787459156683,0.42105263157894735,1.0,0,146,0.0,155,51,104,5,0,133,0,0.0,1.0,0,0.0,node_hello,14:1;15:1;22:1;7:1;9:1,SIM
trickle,25,5,9,cold,240.0,60.0,node_hello,continuous,13,5,1.0,0.26726400000000083,0.4875825898434136,12.2,35.578880000000055,19.275776000000032,16.303104000000026,0.5417757950784287,0.5836575875486382,1.0,0,150,0.0,165,61,104,5,0,257,0,0.0,1.0,0,0.0,node_hello,15:1;19:1;22:1;23:1;7:1,SIM
trickle,25,5,9,cold,240.0,60.0,node_hello,continuous,14,5,1.0,0.26726400000000083,0.6266434365685617,14.0,37.984256000000066,19.275776000000032,18.708480000000034,0.5074675149619884,0.5470085470085471,1.0,0,155,0.0,174,70,104,5,57,234,0,0.0,1.0,0,0.0,node_hello,11:1;16:1;6:1;8:1;9:1,SIM
trickle,25,5,9,cold,240.0,60.0,node_hello,continuous,15,4,0.8,0.26726400000000083,0.26726400000000083,13.75,33.97529600000006,19.275776000000032,14.699520000000021,0.5673468157569547,0.37410071942446044,0.8,0,149,0.0,159,55,104,5,0,139,0,0.0,1.0,0,0.0,node_hello,1:1;15:1;16:1;18:1;2:0,SIM
trickle,25,5,9,cold,240.0,60.0,node_hello,continuous,16,4,0.8,0.26726400000000083,0.26726400000000083,13.5,33.70803200000005,19.275776000000032,14.43225600000002,0.5718451910808677,0.41496598639455784,0.8,0,149,0.0,158,54,104,5,0,147,0,0.0,1.0,0,0.0,node_hello,20:1;22:1;4:0;7:1;8:1,SIM
trickle,25,5,9,cold,240.0,60.0,node_hello,continuous,17,4,0.8,0.26726400000000083,1.34342332864535,15.5,35.84614400000006,19.275776000000032,16.570368000000027,0.5377363880477632,0.6633333333333333,0.8,0,146,0.0,166,62,104,5,0,300,0,0.0,1.0,0,0.0,node_hello,12:1;15:1;21:1;23:1;4:0,SIM
trickle,25,5,9,cold,240.0,60.0,node_hello,continuous,18,5,1.0,0.26726400000000083,0.26726400000000083,13.6,37.449728000000064,19.275776000000032,18.173952000000032,0.514710707645193,0.4147727272727273,1.0,0,162,0.0,172,68,104,5,0,176,0,0.0,1.0,0,0.0,node_hello,10:1;11:1;22:1;23:1;4:1,SIM
trickle,25,5,9,cold,240.0,60.0,node_hello,continuous,19,4,0.8,0.44349505994984817,1.74806694573241,15.5,35.84614400000006,19.275776000000032,16.570368000000027,0.5377363880477632,0.6428571428571429,0.8,0,148,0.0,166,62,104,5,0,308,0,0.0,1.0,0,0.0,node_hello,14:1;19:1;3:0;6:1;9:1,SIM
trickle,25,20,7,warm,240.0,60.0,node_hello,continuous,0,18,0.9,0.22084611419546718,5.6372818617538485,14.444444444444445,25.38598399999999,5.351423999999995,20.034559999999995,0.2108023072889354,0.792812777284827,0.9,0,168,0.0,364,260,104,20,161,2254,0,0.0,1.0,0,0.0,node_hello,10:1;11:1;12:1;14:0;15:1;16:1;17:1;18:1;19:1;2:0;20:1;21:1;22:1;23:1;4:1;5:1;6:1;7:1;8:1;9:1,SIM
trickle,25,20,7,warm,240.0,60.0,node_hello,continuous,1,17,0.85,0.0770559999999989,4.315078562618723,13.058823529411764,22.45785600000003,5.351423999999995,17.106432000000037,0.23828739484303343,0.7677233429394813,0.85,0,160,0.0,326,222,104,20,170,1735,0,0.0,1.0,0,0.0,node_hello,0:1;10:0;11:1;12:1;13:1;14:1;15:1;16:1;17:1;18:1;2:1;21:1;22:1;23:1;24:0;4:1;6:1;7:1;8:1;9:0,SIM
trickle,25,20,7,warm,240.0,60.0,node_hello,continuous,2,18,0.9,0.0770559999999989,10.522723525402991,13.11111111111111,23.536640000000016,5.351423999999995,18.185216000000022,0.22736567326517257,0.7967213114754098,0.9,0,158,0.0,340,236,104,20,96,2135,0,0.0,1.0,0,0.0,node_hello,0:1;1:1;10:1;11:1;13:0;15:1;16:1;17:1;18:1;19:1;2:1;21:1;22:1;23:1;24:1;3:1;4:1;6:0;8:1;9:1,SIM
trickle,25,20,7,warm,240.0,60.0,node_hello,continuous,3,16,0.8,0.0770559999999989,12.366405248548261,14.375,23.074304000000023,5.351423999999995,17.72288000000003,0.23192136152839063,0.8066244520214321,0.8,0,160,0.0,334,230,104,20,105,2053,0,0.0,1.0,0,0.0,node_hello,0:1;1:1;10:0;12:1;14:1;15:1;16:1;17:1;18:1;2:1;21:1;22:1;23:0;3:1;4:0;5:1;6:1;7:0;8:1;9:1,SIM
trickle,25,20,7,warm,240.0,60.0,node_hello,continuous,4,18,0.9,0.0770559999999989,6.972222093791352,13.0,23.38252800000002,5.351423999999995,18.031104000000024,0.22886421861656667,0.77850326469111,0.9,0,164,0.0,338,234,104,20,53,1991,0,0.0,1.0,0,0.0,node_hello,0:1;10:1;11:1;12:1;13:1;14:0;15:1;17:1;19:1;2:1;20:0;21:1;22:1;23:1;24:1;4:1;5:1;6:1;7:1;9:1,SIM
trickle,25,20,7,warm,240.0,60.0,node_hello,continuous,5,16,0.8,0.2340936703708536,13.788008258065872,15.1875,24.07603200000001,5.351423999999995,18.724608000000014,0.222271842802003,0.7640511964385086,0.8,0,165,0.0,347,243,104,20,65,1797,0,0.0,1.0,0,0.0,node_hello,1:0;10:1;11:1;12:1;13:1;14:1;15:1;16:1;19:1;2:0;20:0;21:0;22:1;23:1;24:1;4:1;5:1;6:1;8:1;9:1,SIM
trickle,25,20,7,warm,240.0,60.0,node_hello,continuous,6,19,0.95,0.0770559999999989,8.773659382902443,13.368421052631579,24.923647999999996,5.351423999999995,19.572224000000002,0.2147127097927236,0.7859078590785907,0.95,0,166,0.0,358,254,104,20,187,2214,0,0.6,1.0,0,0.0,node_hello,1:1;11:1;12:1;13:1;14:1;15:1;16:1;17:1;19:1;2:0;21:1;22:1;23:1;3:1;4:1;5:1;6:1;7:1;8:1;9:1,SIM
trickle,25,20,7,warm,240.0,60.0,node_hello,continuous,7,15,0.75,2.922726057108463,9.415064697038698,14.133333333333333,21.687296000000043,5.351423999999995,16.335872000000048,0.24675385995561572,0.789330430048993,0.75,0,153,0.0,316,212,104,20,170,1837,0,0.28,1.0,0,0.0,node_hello,1:0;10:1;11:1;12:1;13:0;14:0;15:1;17:1;18:1;19:1;2:1;20:1;21:1;23:0;3:1;4:1;5:1;6:0;7:1;9:1,SIM
trickle,25,20,7,warm,240.0,60.0,node_hello,continuous,8,16,0.8,0.0770559999999989,8.958364267469772,15.625,24.615424,5.351423999999995,19.264000000000006,0.21740125215799636,0.8002915451895044,0.8,0,171,0.0,354,250,104,20,271,2058,0,0.0,1.0,0,0.0,node_hello,0:0;1:1;10:1;12:1;13:1;14:1;15:1;17:0;18:1;19:0;20:1;21:1;22:1;23:1;24:1;4:1;5:1;6:1;7:0;9:1,SIM
trickle,25,20,7,warm,240.0,60.0,node_hello,continuous,9,16,0.8,0.3150920320353805,10.051784751039126,15.1875,24.07603200000001,5.351423999999995,18.724608000000014,0.222271842802003,0.7752112676056339,0.8,0,188,0.0,347,243,104,20,127,1775,0,0.0,1.0,0,0.0,node_hello,0:1;10:1;11:1;13:1;14:1;15:1;16:0;17:1;18:1;19:1;2:1;20:1;22:1;23:0;24:0;3:1;5:1;6:0;7:1;9:1,SIM
trickle,25,20,7,warm,240.0,60.0,node_hello,continuous,10,17,0.85,0.0770559999999989,6.993501434005102,14.235294117647058,23.99897600000001,5.351423999999995,18.647552000000015,0.22298551404859912,0.7834224598930482,0.85,0,173,0.0,346,242,104,20,127,1870,0,0.88,1.0,0,0.0,node_hello,1:1;10:1;11:1;12:1;13:1;14:1;15:0;16:0;18:1;19:1;2:1;22:0;23:1;3:1;4:1;5:1;6:1;7:1;8:1;9:1,SIM
trickle,25,20,7,warm,240.0,60.0,node_hello,continuous,11,15,0.75,5.515784338057443,15.33384952743529,15.266666666666667,22.997248000000024,5.351423999999995,17.64582400000003,0.23269845157124844,0.7760217983651226,0.75,0,165,0.0,333,229,104,20,116,1835,0,0.0,1.0,0,0.0,node_hello,0:0;1:0;11:1;12:0;13:0;15:1;17:1;18:1;19:1;20:1;21:0;22:1;23:1;3:1;4:1;5:1;6:1;7:1;8:1;9:1,SIM
trickle,25,20,7,warm,240.0,60.0,node_hello,continuous,12,15,0.75,0.0770559999999989,7.007247242243677,14.666666666666666,22.303744000000034,5.351423999999995,16.95232000000004,0.2399338873329961,0.8044181034482759,0.75,0,162,0.0,324,220,104,20,0,1856,0,0.0,1.0,0,0.0,node_hello,0:1;1:1;11:1;12:1;14:1;15:1;16:1;17:0;18:1;19:1;21:0;22:0;23:1;24:1;3:1;4:1;5:0;6:1;7:1;9:0,SIM
trickle,25,20,7,warm,240.0,60.0,node_hello,continuous,13,18,0.9,0.0770559999999989,1.8986502056738532,13.61111111111111,24.230144000000006,5.351423999999995,18.878720000000012,0.2208581178881972,0.7972602739726027,0.9,0,163,0.0,349,245,104,20,231,2190,0,0.92,1.0,0,0.0,node_hello,0:1;1:1;10:1;11:1;12:1;14:0;15:1;17:1;18:1;19:1;2:1;21:1;22:1;23:1;3:1;4:1;6:1;7:1;8:0;9:1,SIM
trickle,25,20,7,warm,240.0,60.0,node_hello,continuous,14,17,0.85,1.0730350419338635,9.316759121205221,14.176470588235293,23.92192000000001,5.351423999999995,18.570496000000016,0.22370378297394158,0.7892180670228266,0.85,0,152,0.0,345,241,104,20,188,2059,0,0.0,1.0,0,0.0,node_hello,0:0;1:1;10:1;11:1;12:0;15:1;16:1;17:1;18:0;19:1;2:1;20:1;22:1;24:1;3:1;4:1;6:1;7:1;8:1;9:1,SIM
trickle,25,20,7,warm,240.0,60.0,node_hello,continuous,15,17,0.85,0.0770559999999989,4.116249494660352,13.823529411764707,23.459584000000017,5.351423999999995,18.108160000000023,0.22811248485906618,0.7548387096774194,0.85,0,170,0.0,339,235,104,20,65,1705,0,0.0,1.0,0,0.0,node_hello,0:1;1:1;10:0;11:1;14:0;15:1;16:1;17:1;18:1;19:1;2:1;20:1;22:1;23:1;24:0;4:1;5:1;7:1;8:1;9:1,SIM
trickle,25,20,7,warm,240.0,60.0,node_hello,continuous,16,19,0.95,0.0770559999999989,7.100358649306324,13.947368421052632,25.771263999999984,5.351423999999995,20.41983999999999,0.20765081604068775,0.7795879252515573,0.95,0,191,0.0,369,265,104,20,107,2087,0,0.56,1.0,0,0.0,node_hello,0:1;1:1;10:1;13:0;14:1;16:1;17:1;18:1;2:1;20:1;21:1;22:1;23:1;24:1;3:1;4:1;5:1;6:1;7:1;8:1,SIM
trickle,25,20,7,warm,240.0,60.0,node_hello,continuous,17,20,1.0,1.2355885521231187,4.812516247343182,12.55,24.69248,5.351423999999995,19.341056000000005,0.21672282411487204,0.7647921760391198,1.0,0,150,0.0,355,251,104,20,240,2045,0,0.0,1.0,0,0.0,node_hello,0:1;1:1;10:1;11:1;12:1;13:1;14:1;15:1;16:1;18:1;20:1;21:1;22:1;23:1;24:1;3:1;4:1;5:1;6:1;8:1,SIM
trickle,25,20,7,warm,240.0,60.0,node_hello,continuous,18,18,0.9,0.0770559999999989,6.271958330274456,12.833333333333334,23.15136000000002,5.351423999999995,17.799936000000027,0.2311494443522968,0.8005591798695247,0.9,0,167,0.0,335,231,104,20,168,2146,0,0.72,1.0,0,0.0,node_hello,0:1;10:1;11:1;12:1;13:1;14:1;15:1;16:0;17:1;18:1;19:1;2:1;21:0;22:1;23:1;24:1;4:1;6:1;8:1;9:1,SIM
trickle,25,20,7,warm,240.0,60.0,node_hello,continuous,19,18,0.9,0.0770559999999989,8.718852846363454,13.61111111111111,24.230144000000006,5.351423999999995,18.878720000000012,0.2208581178881972,0.7951469902006533,0.9,0,181,0.0,349,245,104,20,16,2143,0,0.0,1.0,0,0.0,node_hello,0:1;1:1;10:1;13:1;14:1;15:1;16:1;18:1;19:0;2:1;20:1;21:0;23:1;24:1;3:1;4:1;5:1;6:1;8:1;9:1,SIM
trickle,25,20,7,cold,240.0,60.0,node_hello,continuous,0,18,0.9,0.07705600000000024,6.8504220577675135,13.5,24.07603200000001,5.351423999999995,18.724608000000014,0.222271842802003,0.7969890510948905,0.9,0,156,0.0,347,243,104,20,133,2192,0,0.0,1.0,0,0.0,node_hello,10:1;11:1;12:1;14:1;15:0;16:1;17:1;18:1;19:1;2:1;20:0;21:1;22:1;23:1;4:1;5:1;6:1;7:1;8:1;9:1,SIM
trickle,25,20,7,cold,240.0,60.0,node_hello,continuous,1,16,0.8,0.0770559999999989,6.411070245882712,13.5,21.995520000000038,5.351423999999995,16.644096000000044,0.24329608938547423,0.7666870789957134,0.8,0,161,0.0,320,216,104,20,174,1633,0,0.0,1.0,0,0.0,node_hello,0:1;10:1;11:0;12:1;13:0;14:1;15:1;16:1;17:1;18:0;2:1;21:1;22:1;23:1;24:0;4:1;6:1;7:1;8:1;9:1,SIM
trickle,25,20,7,cold,240.0,60.0,node_hello,continuous,2,17,0.85,0.16139164539705675,7.913956763807507,13.823529411764707,23.459584000000017,5.351423999999995,18.108160000000023,0.22811248485906618,0.7930135557872784,0.85,0,173,0.0,339,235,104,20,89,1918,0,0.0,1.0,0,0.0,node_hello,0:1;1:1;10:0;11:1;13:0;15:1;16:1;17:1;18:1;19:0;2:1;21:1;22:1;23:1;24:1;3:1;4:1;6:1;8:1;9:1,SIM
trickle,25,20,7,cold,240.0,60.0,node_hello,continuous,3,19,0.95,0.077056,8.966731001667025,12.947368421052632,24.307200000000005,5.351423999999995,18.95577600000001,0.22015797788309613,0.7865650309671272,0.95,0,169,0.0,350,246,104,20,95,2099,0,0.0,1.0,0,0.0,node_hello,0:1;1:1;10:1;12:1;14:1;15:1;16:1;17:1;18:1;2:1;21:0;22:1;23:1;3:1;4:1;5:1;6:1;7:1;8:1;9:1,SIM
trickle,25,20,7,cold,240.0,60.0,node_hello,continuous,4,17,0.85,0.07705600000000068,11.366132902671232,13.411764705882353,22.920192000000025,5.351423999999995,17.56876800000003,0.23348076665326317,0.7848484848484848,0.85,0,162,0.0,332,228,104,20,47,1980,0,0.0,1.0,0,0.0,node_hello,0:1;10:1;11:0;12:1;13:1;14:1;15:1;17:1;19:0;2:1;20:1;21:1;22:1;23:1;24:1;4:1;5:1;6:1;7:0;9:1,SIM
trickle,25,20,7,cold,240.0,60.0,node_hello,continuous,5,19,0.95,0.0770559999999989,12.933347185146658,13.263157894736842,24.769536,5.351423999999995,19.418112000000004,0.21604861714002216,0.7576703068122725,0.95,0,160,0.0,356,252,104,20,88,1923,0,0.0,1.0,0,0.0,node_hello,1:1;10:1;11:1;12:1;13:1;14:1;15:1;16:1;19:1;2:1;20:1;21:1;22:1;23:1;24:1;4:1;5:1;6:1;8:1;9:0,SIM
trickle,25,20,7,cold,240.0,60.0,node_hello,continuous,6,18,0.9,0.0770559999999989,2.3064244547632575,13.555555555555555,24.153088000000007,5.351423999999995,18.801664000000013,0.2215627252299993,0.8077763215377894,0.9,0,149,0.0,348,244,104,20,229,2289,0,0.0,1.0,0,0.0,node_hello,1:1;11:1;12:1;13:1;14:1;15:0;16:1;17:0;19:1;2:1;21:1;22:1;23:1;3:1;4:1;5:1;6:1;7:1;8:1;9:1,SIM
trickle,25,20,7,cold,240.0,60.0,node_hello,continuous,7,17,0.85,2.4763079228891485,11.489299794909115,14.470588235294118,24.307200000000005,5.351423999999995,18.95577600000001,0.22015797788309613,0.8086190917516218,0.85,0,167,0.0,350,246,104,20,154,2158,0,0.0,1.0,0,0.0,node_hello,1:1;10:1;11:1;12:0;13:1;14:1;15:1;17:0;18:1;19:1;2:1;20:1;21:1;23:1;3:1;4:1;5:1;6:1;7:0;9:1,SIM
trickle,25,20,7,cold,240.0,60.0,node_hello,continuous,8,17,0.85,0.07705600000000068,9.323755835360389,14.529411764705882,24.384256000000004,5.351423999999995,19.03283200000001,0.21946226286338177,0.7951750236518449,0.85,0,164,0.0,351,247,104,20,250,2114,0,0.0,1.0,0,0.0,node_hello,0:0;1:1;10:0;12:1;13:1;14:1;15:0;17:1;18:1;19:1;20:1;21:1;22:1;23:1;24:1;4:1;5:1;6:1;7:1;9:1,SIM
trickle,25,20,7,cold,240.0,60.0,node_hello,continuous,9,15,0.75,0.0770559999999989,2.056985815599902,12.066666666666666,19.29856000000003,5.351423999999995,13.947136000000036,0.277296544405385,0.7517433751743375,0.75,0,150,0.0,285,181,104,20,135,1434,0,0.0,1.0,0,0.0,node_hello,0:1;10:1;11:1;13:1;14:1;15:0;16:1;17:1;18:0;19:1;2:1;20:0;22:0;23:1;24:1;3:0;5:1;6:1;7:1;9:1,SIM
trickle,25,20,7,cold,240.0,60.0,node_hello,continuous,10,17,0.85,0.0770559999999989,3.1505123042196344,14.470588235294118,24.307200000000005,5.351423999999995,18.95577600000001,0.22015797788309613,0.814217182730048,0.85,0,142,0.0,350,246,104,20,172,2293,0,0.0,1.0,0,0.0,node_hello,1:1;10:1;11:1;12:1;13:1;14:0;15:1;16:1;18:1;19:1;2:1;22:0;23:1;3:1;4:1;5:1;6:1;7:1;8:1;9:0,SIM
trickle,25,20,7,cold,240.0,60.0,node_hello,continuous,11,16,0.8,0.07705599999999946,15.642354852036048,13.5625,22.072576000000037,5.351423999999995,16.721152000000043,0.24244673571403658,0.7779587404994571,0.8,0,160,0.0,321,217,104,20,147,1842,0,0.0,1.0,0,0.0,node_hello,0:1;1:0;11:1;12:1;13:1;15:0;17:1;18:1;19:1;20:1;21:1;22:0;23:1;3:0;4:1;5:1;6:1;7:1;8:1;9:1,SIM
trickle,25,20,7,cold,240.0,60.0,node_hello,continuous,12,15,0.75,0.077056,7.007247242243677,14.666666666666666,22.303744000000034,5.351423999999995,16.95232000000004,0.2399338873329961,0.8044181034482759,0.75,0,162,0.0,324,220,104,20,0,1856,0,0.0,1.0,0,0.0,node_hello,0:1;1:1;11:1;12:1;14:1;15:1;16:1;17:0;18:1;19:1;21:0;22:0;23:1;24:1;3:1;4:1;5:0;6:1;7:1;9:0,SIM
trickle,25,20,7,cold,240.0,60.0,node_hello,continuous,13,19,0.95,0.0770559999999989,4.292166802645756,13.68421052631579,25.38598399999999,5.351423999999995,20.034559999999995,0.2108023072889354,0.7877959927140255,0.95,0,180,0.0,364,260,104,20,248,2196,0,0.0,1.0,0,0.0,node_hello,0:1;1:1;10:1;11:1;12:1;14:1;15:1;17:1;18:1;19:1;2:1;21:1;22:1;23:1;3:1;4:1;6:1;7:1;8:0;9:1,SIM
trickle,25,20,7,cold,240.0,60.0,node_hello,continuous,14,17,0.85,0.6469420938661159,9.41286848732884,12.647058823529411,21.91846400000004,5.351423999999995,16.567040000000045,0.24415141498966286,0.7610208816705336,0.85,0,155,0.0,319,215,104,20,168,1724,0,0.0,1.0,0,0.0,node_hello,0:1;1:1;10:1;11:1;12:1;15:1;16:1;17:1;18:1;19:1;2:1;20:1;22:0;24:1;3:1;4:0;6:1;7:1;8:0;9:1,SIM
trickle,25,20,7,cold,240.0,60.0,node_hello,continuous,15,17,0.85,0.077056,6.6344118456061265,13.470588235294118,22.997248000000024,5.351423999999995,17.64582400000003,0.23269845157124844,0.7884914463452566,0.85,0,144,0.0,333,229,104,20,65,1929,0,0.0,1.0,0,0.0,node_hello,0:1;1:1;10:1;11:0;14:1;15:1;16:1;17:1;18:1;19:0;2:1;20:1;22:1;23:1;24:1;4:1;5:1;7:1;8:0;9:1,SIM
trickle,25,20,7,cold,240.0,60.0,node_hello,continuous,16,18,0.9,0.19860085653384552,10.86891494298896,13.5,24.07603200000001,5.351423999999995,18.724608000000014,0.222271842802003,0.7856440511307768,0.9,0,170,0.0,347,243,104,20,94,2034,0,0.0,1.0,0,0.0,node_hello,0:1;1:1;10:1;13:0;14:0;16:1;17:1;18:1;2:1;20:1;21:1;22:1;23:1;24:1;3:1;4:1;5:1;6:1;7:1;8:1,SIM
trickle,25,20,7,cold,240.0,60.0,node_hello,continuous,17,16,0.8,0.14051997347349943,10.025145625890449,13.8125,22.380800000000033,5.351423999999995,17.02937600000004,0.23910780669144927,0.7853658536585366,0.8,0,138,0.0,325,221,104,20,238,1845,0,0.0,1.0,0,0.0,node_hello,0:1;1:1;10:1;11:1;12:1;13:1;14:1;15:1;16:1;18:0;20:0;21:1;22:1;23:1;24:0;3:1;4:1;5:1;6:1;8:0,SIM
trickle,25,20,7,cold,240.0,60.0,node_hello,continuous,18,19,0.95,0.0770559999999989,7.117915221880488,13.473684210526315,25.077759999999994,5.351423999999995,19.726336,0.21339322172315217,0.8034775576223211,0.95,0,168,0.0,360,256,104,20,156,2473,0,0.0,1.0,0,0.0,node_hello,0:0;10:1;11:1;12:1;13:1;14:1;15:1;16:1;17:1;18:1;19:1;2:1;21:1;22:1;23:1;24:1;4:1;6:1;8:1;9:1,SIM
trickle,25,20,7,cold,240.0,60.0,node_hello,continuous,19,17,0.85,1.768088831358547,8.25992119437479,14.470588235294118,24.307200000000005,5.351423999999995,18.95577600000001,0.22015797788309613,0.7938237965485921,0.85,0,176,0.0,350,246,104,20,40,2202,0,0.0,1.0,0,0.0,node_hello,0:1;1:0;10:0;13:1;14:1;15:1;16:1;18:1;19:0;2:1;20:1;21:1;23:1;24:1;3:1;4:1;5:1;6:1;8:1;9:1,SIM
trickle,25,20,9,warm,240.0,60.0,node_hello,continuous,0,13,0.65,0.2672640000000115,2.9560917729268654,14.538461538461538,69.78867199999992,19.275776000000032,50.512895999999884,0.27620207474359243,0.7341666666666666,0.65,0,221,0.0,293,189,104,20,0,1200,0,0.0,1.0,0,0.0,node_hello,10:1;11:1;12:0;14:1;15:0;16:1;17:1;18:0;19:1;2:1;20:1;21:1;22:0;23:0;4:1;5:1;6:0;7:1;8:1;9:0,SIM
trickle,25,20,9,warm,240.0,60.0,node_hello,continuous,1,14,0.7,0.2672639999999973,7.279258326756594,12.785714285714286,67.11603199999995,19.275776000000032,47.84025599999991,0.2872007689608356,0.7498045347928068,0.7,0,201,0.0,283,179,104,20,0,1279,0,0.0,1.0,0,0.0,node_hello,0:1;10:1;11:0;12:0;13:1;14:1;15:0;16:1;17:1;18:0;2:1;21:0;22:1;23:1;24:0;4:1;6:1;7:1;8:1;9:1,SIM
trickle,25,20,9,warm,240.0,60.0,node_hello,continuous,2,15,0.75,0.2672640000000115,6.896734985676555,14.266666666666667,76.47027199999985,19.275776000000032,57.194495999999816,0.2520688824017792,0.7909305064782096,0.75,0,214,0.0,318,214,104,20,0,1698,0,0.0,1.0,0,0.0,node_hello,0:1;1:1;10:1;11:1;13:0;15:1;16:1;17:1;18:0;19:0;2:1;21:1;22:1;23:1;24:1;3:1;4:1;6:0;8:1;9:0,SIM
trickle,25,20,9,warm,240.0,60.0,node_hello,continuous,3,17,0.85,0.2672640000000115,6.277792239182904,13.0,78.34111999999983,19.275776000000032,59.0653439999998,0.2460492778249797,0.7157287157287158,0.85,0,243,0.0,325,221,104,20,0,1386,0,0.0,1.0,0,0.0,node_hello,0:1;1:1;10:1;12:1;14:1;15:1;16:0;17:1;18:1;2:1;21:1;22:1;23:1;3:1;4:1;5:1;6:1;7:1;8:0;9:0,SIM
trickle,25,20,9,warm,240.0,60.0,node_hello,continuous,4,15,0.75,0.2672639999999973,1.1649147885331526,14.2,76.20300799999985,19.275776000000032,56.92723199999982,0.25295295429807796,0.7563352826510721,0.75,0,219,0.0,317,213,104,20,0,1539,0,0.0,1.0,0,0.0,node_hello,0:0;10:1;11:1;12:1;13:1;14:1;15:0;17:1;19:1;2:1;20:1;21:0;22:1;23:0;24:1;4:1;5:1;6:1;7:1;9:0,SIM
trickle,25,20,9,warm,240.0,60.0,node_hello,continuous,5,14,0.7,0.2672640000000044,1.5610185349488688,14.142857142857142,72.1940479999999,19.275776000000032,52.91827199999986,0.2669995177441783,0.7536842105263157,0.7,0,203,0.0,302,198,104,20,0,1425,0,0.0,1.0,0,0.0,node_hello,1:0;10:1;11:1;12:1;13:1;14:1;15:0;16:1;19:0;2:1;20:0;21:1;22:1;23:0;24:1;4:1;5:1;6:1;8:1;9:0,SIM
trickle,25,20,9,warm,240.0,60.0,node_hello,continuous,6,15,0.75,0.2672640000000115,4.5030860709581635,13.666666666666666,74.06489599999988,19.275776000000032,54.78911999999984,0.26025522266310974,0.7347915242652084,0.75,0,221,0.0,309,205,104,20,0,1463,0,0.0,1.0,0,0.0,node_hello,1:1;11:1;12:0;13:1;14:1;15:1;16:1;17:1;19:1;2:0;21:1;22:1;23:0;3:1;4:0;5:1;6:1;7:1;8:0;9:1,SIM
trickle,25,20,9,warm,240.0,60.0,node_hello,continuous,7,14,0.7,0.41011294834932954,12.295526711057283,15.214285714285714,76.20300799999985,19.275776000000032,56.92723199999982,0.25295295429807796,0.7493036211699164,0.7,0,228,0.0,317,213,104,20,39,1436,0,0.52,1.0,0,0.0,node_hello,1:1;10:1;11:1;12:1;13:0;14:0;15:1;17:1;18:1;19:0;2:1;20:1;21:0;23:1;3:0;4:0;5:1;6:1;7:1;9:1,SIM
trickle,25,20,9,warm,240.0,60.0,node_hello,continuous,8,12,0.6,0.44724459832502816,5.5707131045961304,15.5,68.98687999999993,19.275776000000032,49.71110399999989,0.2794122012765333,0.7785190126751167,0.6,0,201,0.0,290,186,104,20,0,1499,0,0.0,1.0,0,0.0,node_hello,0:0;1:0;10:0;12:1;13:1;14:1;15:0;17:1;18:1;19:0;20:1;21:0;22:1;23:1;24:0;4:1;5:1;6:1;7:0;9:1,SIM
trickle,25,20,9,warm,240.0,60.0,node_hello,continuous,9,14,0.7,0.2672640000000044,2.2215834613849683,15.071428571428571,75.66847999999986,19.275776000000032,56.392703999999824,0.2547398335476022,0.7460555972952667,0.7,0,226,0.0,315,211,104,20,68,1331,0,0.0,1.0,0,0.0,node_hello,0:1;10:1;11:1;13:1;14:1;15:1;16:0;17:1;18:1;19:1;2:1;20:0;22:0;23:1;24:0;3:1;5:1;6:0;7:1;9:0,SIM
trickle,25,20,9,warm,240.0,60.0,node_hello,continuous,10,15,0.75,0.2672639999999973,4.347738482296331,13.733333333333333,74.33215999999987,19.275776000000032,55.05638399999984,0.25931946549111534,0.7524613220815752,0.75,0,223,0.0,310,206,104,20,0,1422,0,0.0,1.0,0,0.0,node_hello,1:1;10:1;11:1;12:1;13:1;14:1;15:0;16:1;18:0;19:0;2:1;22:1;23:1;3:1;4:1;5:0;6:1;7:0;8:1;9:1,SIM
trickle,25,20,9,warm,240.0,60.0,node_hello,continuous,11,14,0.7,0.4648535550266004,7.550537464697461,14.714285714285714,74.33215999999987,19.275776000000032,55.05638399999984,0.25931946549111534,0.7415966386554622,0.7,0,220,0.0,310,206,104,20,0,1428,0,0.0,1.0,0,0.0,node_hello,0:0;1:0;11:0;12:1;13:1;15:0;17:1;18:1;19:1;20:1;21:0;22:1;23:1;3:1;4:1;5:1;6:1;7:1;8:0;9:1,SIM
trickle,25,20,9,warm,240.0,60.0,node_hello,continuous,12,16,0.8,0.2672640000000115,11.904420125098945,14.375,80.74649599999981,19.275776000000032,61.47071999999977,0.23871965911684984,0.7215827338129497,0.8,0,245,0.0,334,230,104,20,0,1390,0,0.0,1.0,0,0.0,node_hello,0:1;1:1;11:1;12:1;14:1;15:0;16:1;17:1;18:1;19:1;21:1;22:0;23:1;24:0;3:1;4:1;5:1;6:1;7:1;9:0,SIM
trickle,25,20,9,warm,240.0,60.0,node_hello,continuous,13,15,0.75,0.2672639999999973,4.14710020580948,12.6,69.78867199999992,19.275776000000032,50.512895999999884,0.27620207474359243,0.7456926257753274,0.75,0,207,0.0,293,189,104,20,0,1451,0,0.0,1.0,0,0.0,node_hello,0:1;1:1;10:0;11:1;12:0;14:1;15:1;17:0;18:0;19:1;2:1;21:1;22:0;23:1;3:1;4:1;6:1;7:1;8:1;9:1,SIM
trickle,25,20,9,warm,240.0,60.0,node_hello,continuous,14,14,0.7,0.49596101685428096,9.676143498441878,13.857142857142858,71.1249919999999,19.275776000000032,51.84921599999987,0.2710126983212885,0.7336874051593323,0.7,0,214,0.0,298,194,104,20,62,1318,0,0.0,1.0,0,0.0,node_hello,0:1;1:1;10:1;11:0;12:1;15:1;16:0;17:1;18:1;19:1;2:1;20:0;22:1;24:0;3:0;4:1;6:1;7:0;8:1;9:1,SIM
trickle,25,20,9,warm,240.0,60.0,node_hello,continuous,15,13,0.65,0.2672640000000115,6.271880319793004,14.23076923076923,68.71961599999993,19.275776000000032,49.443839999999895,0.28049888986574156,0.7406559877955758,0.65,0,202,0.0,289,185,104,20,0,1311,0,0.0,1.0,0,0.0,node_hello,0:0;1:1;10:1;11:1;14:0;15:1;16:1;17:1;18:0;19:0;2:0;20:1;22:1;23:1;24:0;4:1;5:1;7:0;8:1;9:1,SIM
trickle,25,20,9,warm,240.0,60.0,node_hello,continuous,16,13,0.65,0.2672640000000115,5.328783281022381,16.076923076923077,75.13395199999987,19.275776000000032,55.85817599999983,0.25655213770733193,0.7524454477050414,0.65,0,232,0.0,313,209,104,20,0,1329,0,0.0,1.0,0,0.0,node_hello,0:1;1:0;10:1;13:1;14:1;16:0;17:0;18:0;2:1;20:1;21:1;22:1;23:1;24:0;3:1;4:1;5:1;6:1;7:0;8:0,SIM
trickle,25,20,9,warm,240.0,60.0,node_hello,continuous,17,14,0.7,0.2672639999999973,11.068130294261508,13.285714285714286,68.98687999999993,19.275776000000032,49.71110399999989,0.2794122012765333,0.6645636172450052,0.7,0,228,0.0,290,186,104,20,0,951,0,0.0,1.0,0,0.0,node_hello,0:1;1:1;10:1;11:1;12:1;13:0;14:1;15:1;16:1;18:0;20:0;21:1;22:1;23:0;24:1;3:1;4:0;5:1;6:1;8:0,SIM
trickle,25,20,9,warm,240.0,60.0,node_hello,continuous,18,13,0.65,0.2672639999999973,1.5571500482276397,14.0,67.91782399999994,19.275776000000032,48.6420479999999,0.28381027048216456,0.7822525597269625,0.65,0,205,0.0,286,182,104,20,0,1465,0,0.0,1.0,0,0.0,node_hello,0:1;10:1;11:0;12:1;13:0;14:1;15:1;16:0;17:1;18:1;19:0;2:1;21:0;22:1;23:0;24:1;4:0;6:1;8:1;9:1,SIM
trickle,25,20,9,warm,240.0,60.0,node_hello,continuous,19,13,0.65,0.2672640000000115,3.0505225520399986,14.923076923076923,71.1249919999999,19.275776000000032,51.84921599999987,0.2710126983212885,0.7749820273184759,0.65,0,216,0.0,298,194,104,20,0,1391,0,0.0,1.0,0,0.0,node_hello,0:1;1:1;10:0;13:1;14:1;15:1;16:0;18:1;19:0;2:1;20:1;21:1;23:0;24:0;3:1;4:1;5:1;6:0;8:0;9:1,SIM
trickle,25,20,9,cold,240.0,60.0,node_hello,continuous,0,13,0.65,0.267264,2.9560917729268565,14.538461538461538,69.78867199999992,19.275776000000032,50.512895999999884,0.27620207474359243,0.7341666666666666,0.65,0,221,0.0,293,189,104,20,0,1200,0,0.0,1.0,0,0.0,node_hello,10:1;11:1;12:0;14:1;15:0;16:1;17:1;18:0;19:1;2:1;20:1;21:1;22:0;23:0;4:1;5:1;6:0;7:1;8:1;9:0,SIM
trickle,25,20,9,cold,240.0,60.0,node_hello,continuous,1,14,0.7,0.26726399999999995,7.279258326756583,12.785714285714286,67.11603199999995,19.275776000000032,47.84025599999991,0.2872007689608356,0.7498045347928068,0.7,0,201,0.0,283,179,104,20,0,1279,0,0.0,1.0,0,0.0,node_hello,0:1;10:1;11:0;12:0;13:1;14:1;15:0;16:1;17:1;18:0;2:1;21:0;22:1;23:1;24:0;4:1;6:1;7:1;8:1;9:1,SIM
trickle,25,20,9,cold,240.0,60.0,node_hello,continuous,2,15,0.75,0.26726400000000083,6.896734985676538,14.266666666666667,76.47027199999985,19.275776000000032,57.194495999999816,0.2520688824017792,0.7909305064782096,0.75,0,214,0.0,318,214,104,20,0,1698,0,0.0,1.0,0,0.0,node_hello,0:1;1:1;10:1;11:1;13:0;15:1;16:1;17:1;18:0;19:0;2:1;21:1;22:1;23:1;24:1;3:1;4:1;6:0;8:1;9:0,SIM
trickle,25,20,9,cold,240.0,60.0,node_hello,continuous,3,17,0.85,0.2672639999999973,6.277792239182906,13.0,78.34111999999983,19.275776000000032,59.0653439999998,0.2460492778249797,0.7157287157287158,0.85,0,243,0.0,325,221,104,20,0,1386,0,0.0,1.0,0,0.0,node_hello,0:1;1:1;10:1;12:1;14:1;15:1;16:0;17:1;18:1;2:1;21:1;22:1;23:1;3:1;4:1;5:1;6:1;7:1;8:0;9:0,SIM
trickle,25,20,9,cold,240.0,60.0,node_hello,continuous,4,15,0.75,0.2672639999999973,1.164914788533136,14.2,76.20300799999985,19.275776000000032,56.92723199999982,0.25295295429807796,0.7563352826510721,0.75,0,219,0.0,317,213,104,20,0,1539,0,0.0,1.0,0,0.0,node_hello,0:0;10:1;11:1;12:1;13:1;14:1;15:0;17:1;19:1;2:1;20:1;21:0;22:1;23:0;24:1;4:1;5:1;6:1;7:1;9:0,SIM
trickle,25,20,9,cold,240.0,60.0,node_hello,continuous,5,14,0.7,0.26726399999999906,1.561018534948872,14.142857142857142,72.1940479999999,19.275776000000032,52.91827199999986,0.2669995177441783,0.7536842105263157,0.7,0,203,0.0,302,198,104,20,0,1425,0,0.0,1.0,0,0.0,node_hello,1:0;10:1;11:1;12:1;13:1;14:1;15:0;16:1;19:0;2:1;20:0;21:1;22:1;23:0;24:1;4:1;5:1;6:1;8:1;9:0,SIM
trickle,25,20,9,cold,240.0,60.0,node_hello,continuous,6,15,0.75,0.2672639999999973,4.503086070958135,13.666666666666666,74.06489599999988,19.275776000000032,54.78911999999984,0.26025522266310974,0.7347915242652084,0.75,0,221,0.0,309,205,104,20,0,1463,0,0.0,1.0,0,0.0,node_hello,1:1;11:1;12:0;13:1;14:1;15:1;16:1;17:1;19:1;2:0;21:1;22:1;23:0;3:1;4:0;5:1;6:1;7:1;8:0;9:1,SIM
trickle,25,20,9,cold,240.0,60.0,node_hello,continuous,7,13,0.65,0.26726399999999995,3.8886693542226096,15.153846153846153,71.9267839999999,19.275776000000032,52.65100799999986,0.26799162882077504,0.754803996925442,0.65,0,221,0.0,301,197,104,20,46,1301,0,0.0,1.0,0,0.0,node_hello,1:1;10:1;11:1;12:0;13:0;14:0;15:1;17:1;18:1;19:0;2:1;20:0;21:0;23:1;3:0;4:1;5:1;6:1;7:1;9:1,SIM
trickle,25,20,9,cold,240.0,60.0,node_hello,continuous,8,12,0.6,0.44724459832502905,5.570713104596116,15.5,68.98687999999993,19.275776000000032,49.71110399999989,0.2794122012765333,0.7785190126751167,0.6,0,201,0.0,290,186,104,20,0,1499,0,0.0,1.0,0,0.0,node_hello,0:0;1:0;10:0;12:1;13:1;14:1;15:0;17:1;18:1;19:0;20:1;21:0;22:1;23:1;24:0;4:1;5:1;6:1;7:0;9:1,SIM
trickle,25,20,9,cold,240.0,60.0,node_hello,continuous,9,14,0.7,0.26726400000000083,3.6452862197044116,13.857142857142858,71.1249919999999,19.275776000000032,51.84921599999987,0.2710126983212885,0.6888888888888889,0.7,0,231,0.0,298,194,104,20,46,990,0,0.0,1.0,0,0.0,node_hello,0:1;10:1;11:0;13:1;14:0;15:0;16:1;17:1;18:1;19:0;2:1;20:1;22:1;23:0;24:0;3:1;5:1;6:1;7:1;9:1,SIM
trickle,25,20,9,cold,240.0,60.0,node_hello,continuous,10,15,0.75,0.267264,4.347738482296318,13.733333333333333,74.33215999999987,19.275776000000032,55.05638399999984,0.25931946549111534,0.7524613220815752,0.75,0,223,0.0,310,206,104,20,0,1422,0,0.0,1.0,0,0.0,node_hello,1:1;10:1;11:1;12:1;13:1;14:1;15:0;16:1;18:0;19:0;2:1;22:1;23:1;3:1;4:1;5:0;6:1;7:0;8:1;9:1,SIM
trickle,25,20,9,cold,240.0,60.0,node_hello,continuous,11,14,0.7,0.46485355502659687,7.550537464697442,14.714285714285714,74.33215999999987,19.275776000000032,55.05638399999984,0.25931946549111534,0.7415966386554622,0.7,0,220,0.0,310,206,104,20,0,1428,0,0.0,1.0,0,0.0,node_hello,0:0;1:0;11:0;12:1;13:1;15:0;17:1;18:1;19:1;20:1;21:0;22:1;23:1;3:1;4:1;5:1;6:1;7:1;8:0;9:1,SIM
trickle,25,20,9,cold,240.0,60.0,node_hello,continuous,12,16,0.8,0.2672640000000004,11.904420125098923,14.375,80.74649599999981,19.275776000000032,61.47071999999977,0.23871965911684984,0.7215827338129497,0.8,0,245,0.0,334,230,104,20,0,1390,0,0.0,1.0,0,0.0,node_hello,0:1;1:1;11:1;12:1;14:1;15:0;16:1;17:1;18:1;19:1;21:1;22:0;23:1;24:0;3:1;4:1;5:1;6:1;7:1;9:0,SIM
trickle,25,20,9,cold,240.0,60.0,node_hello,continuous,13,15,0.75,0.26726399999999995,4.147100205809476,12.6,69.78867199999992,19.275776000000032,50.512895999999884,0.27620207474359243,0.7456926257753274,0.75,0,207,0.0,293,189,104,20,0,1451,0,0.0,1.0,0,0.0,node_hello,0:1;1:1;10:0;11:1;12:0;14:1;15:1;17:0;18:0;19:1;2:1;21:1;22:0;23:1;3:1;4:1;6:1;7:1;8:1;9:1,SIM
trickle,25,20,9,cold,240.0,60.0,node_hello,continuous,14,13,0.65,0.26726400000000083,12.151947095436828,14.76923076923077,70.59046399999991,19.275776000000032,51.314687999999876,0.2730648717651163,0.775438596491228,0.65,0,201,0.0,296,192,104,20,62,1425,0,0.0,1.0,0,0.0,node_hello,0:1;1:0;10:1;11:0;12:1;15:0;16:1;17:1;18:0;19:1;2:1;20:1;22:0;24:0;3:1;4:1;6:1;7:1;8:0;9:1,SIM
trickle,25,20,9,cold,240.0,60.0,node_hello,continuous,15,13,0.65,0.2672639999999973,6.271880319792984,14.23076923076923,68.71961599999993,19.275776000000032,49.443839999999895,0.28049888986574156,0.7406559877955758,0.65,0,202,0.0,289,185,104,20,0,1311,0,0.0,1.0,0,0.0,node_hello,0:0;1:1;10:1;11:1;14:0;15:1;16:1;17:1;18:0;19:0;2:0;20:1;22:1;23:1;24:0;4:1;5:1;7:0;8:1;9:1,SIM
trickle,25,20,9,cold,240.0,60.0,node_hello,continuous,16,13,0.65,0.26726400000000083,5.328783281022369,16.076923076923077,75.13395199999987,19.275776000000032,55.85817599999983,0.25655213770733193,0.7524454477050414,0.65,0,232,0.0,313,209,104,20,0,1329,0,0.0,1.0,0,0.0,node_hello,0:1;1:0;10:1;13:1;14:1;16:0;17:0;18:0;2:1;20:1;21:1;22:1;23:1;24:0;3:1;4:1;5:1;6:1;7:0;8:0,SIM
trickle,25,20,9,cold,240.0,60.0,node_hello,continuous,17,14,0.7,0.2672640000000004,11.068130294261485,13.285714285714286,68.98687999999993,19.275776000000032,49.71110399999989,0.2794122012765333,0.6645636172450052,0.7,0,228,0.0,290,186,104,20,0,951,0,0.0,1.0,0,0.0,node_hello,0:1;1:1;10:1;11:1;12:1;13:0;14:1;15:1;16:1;18:0;20:0;21:1;22:1;23:0;24:1;3:1;4:0;5:1;6:1;8:0,SIM
trickle,25,20,9,cold,240.0,60.0,node_hello,continuous,18,13,0.65,0.26726399999999995,1.5571500482276353,14.0,67.91782399999994,19.275776000000032,48.6420479999999,0.28381027048216456,0.7822525597269625,0.65,0,205,0.0,286,182,104,20,0,1465,0,0.0,1.0,0,0.0,node_hello,0:1;10:1;11:0;12:1;13:0;14:1;15:1;16:0;17:1;18:1;19:0;2:1;21:0;22:1;23:0;24:1;4:0;6:1;8:1;9:1,SIM
trickle,25,20,9,cold,240.0,60.0,node_hello,continuous,19,13,0.65,0.26726400000000083,3.0505225520399937,14.923076923076923,71.1249919999999,19.275776000000032,51.84921599999987,0.2710126983212885,0.7749820273184759,0.65,0,216,0.0,298,194,104,20,0,1391,0,0.0,1.0,0,0.0,node_hello,0:1;1:1;10:0;13:1;14:1;15:1;16:0;18:1;19:0;2:1;20:1;21:1;23:0;24:0;3:1;4:1;5:1;6:0;8:0;9:1,SIM
trickle,50,5,7,warm,240.0,60.0,node_hello,continuous,0,4,0.8,0.1941225396518007,0.9729610282290975,29.75,19.666687999999986,10.49702399999999,9.169663999999994,0.5337464040716972,0.7886435331230284,0.8,0,288,0.0,323,119,204,5,0,951,0,0.0,1.0,0,0.0,node_hello,10:1;16:1;21:1;33:1;7:0,SIM
trickle,50,5,7,warm,240.0,60.0,node_hello,continuous,1,5,1.0,0.0770559999999989,3.3145048652335443,25.8,20.43724799999999,10.49702399999999,9.940224,0.5136221863139301,0.8305084745762712,1.0,0,281,0.0,333,129,204,5,0,1298,0,0.0,1.0,0,0.0,node_hello,10:1;28:1;32:1;43:1;45:1,SIM
trickle,50,5,7,warm,240.0,60.0,node_hello,continuous,2,5,1.0,2.3336110418179032,4.755488939952488,23.8,19.666687999999986,10.49702399999999,9.169663999999994,0.5337464040716972,0.7726819541375872,1.0,0,284,0.0,323,119,204,5,0,1003,0,0.0,1.0,0,0.0,node_hello,14:1;29:1;32:1;40:1;6:1,SIM
trickle,50,5,7,warm,240.0,60.0,node_hello,continuous,3,4,0.8,0.0770559999999989,0.0770559999999989,30.25,19.820799999999984,10.49702399999999,9.323775999999995,0.5295963835970293,0.8160642570281125,0.8,0,268,0.0,325,121,204,5,117,1245,0,0.0,1.0,0,0.0,node_hello,10:1;14:1;21:1;28:1;5:0,SIM
trickle,50,5,7,warm,240.0,60.0,node_hello,continuous,4,5,1.0,0.0770559999999989,1.9298296904655472,23.0,19.358463999999984,10.49702399999999,8.861439999999991,0.5422446739576032,0.7875848690591658,1.0,0,264,0.0,319,115,204,5,270,1031,0,0.52,1.0,0,0.0,node_hello,13:1;26:1;33:1;41:1;43:1,SIM
trickle,50,5,7,warm,240.0,60.0,node_hello,continuous,5,4,0.8,0.8616268535617664,5.772982320032341,33.75,20.899583999999997,10.49702399999999,10.402560000000005,0.5022599492889425,0.8228438228438228,0.8,0,276,0.0,339,135,204,5,57,1287,0,0.0,1.0,0,0.0,node_hello,18:0;21:1;44:1;45:1;49:1,SIM
trickle,50,5,7,warm,240.0,60.0,node_hello,continuous,6,4,0.8,0.0770559999999989,0.0770559999999989,31.0,20.051967999999988,10.49702399999999,9.554943999999997,0.5234909610867121,0.7633674630261661,0.8,0,280,0.0,328,124,204,5,302,879,0,0.0,1.0,0,0.0,node_hello,1:0;29:1;4:1;40:1;46:1,SIM
trickle,50,5,7,warm,240.0,60.0,node_hello,continuous,7,5,1.0,0.3193538596314909,1.0654951925165164,26.4,20.668415999999993,10.49702399999999,10.171392000000003,0.5078775267538642,0.84,1.0,0,278,0.0,336,132,204,5,0,1425,0,0.0,1.0,0,0.0,node_hello,23:1;33:1;34:1;44:1;9:1,SIM
trickle,50,5,7,warm,240.0,60.0,node_hello,continuous,8,3,0.6,0.0770559999999989,0.34198542438810337,35.666666666666664,18.74201599999998,10.49702399999999,8.244991999999986,0.5600797694335552,0.7391975308641975,0.6,0,275,0.0,311,107,204,5,185,648,0,0.0,1.0,0,0.0,node_hello,0:0;18:1;39:1;47:0;5:1,SIM
trickle,50,5,7,warm,240.0,60.0,node_hello,continuous,9,4,0.8,0.11613741693156499,0.9793694889306674,31.75,20.283135999999992,10.49702399999999,9.786112,0.5175247062387195,0.7714285714285715,0.8,0,293,0.0,331,127,204,5,0,945,0,0.0,1.0,0,0.0,node_hello,0:1;11:0;12:1;14:1;49:1,SIM
trickle,50,5,7,warm,240.0,60.0,node_hello,continuous,10,5,1.0,0.0770559999999989,0.7646201174491636,22.2,19.05023999999998,10.49702399999999,8.553215999999988,0.5510179399314655,0.803921568627451,1.0,0,275,0.0,315,111,204,5,96,969,0,0.0,1.0,0,0.0,node_hello,27:1;28:1;33:1;44:1;46:1,SIM
trickle,50,5,7,warm,240.0,60.0,node_hello,continuous,11,3,0.6,0.0770559999999989,0.9008728796768067,36.0,18.819071999999977,10.49702399999999,8.322047999999986,0.5577864838393733,0.8311195445920304,0.6,0,268,0.0,312,108,204,5,0,1054,0,0.0,1.0,0,0.0,node_hello,1:0;19:1;22:1;30:1;44:0,SIM
trickle,50,5,7,warm,240.0,60.0,node_hello,continuous,12,4,0.8,0.5986801804967072,1.2483748001854358,30.25,19.820799999999984,10.49702399999999,9.323775999999995,0.5295963835970293,0.8229066410009624,0.8,0,273,0.0,325,121,204,5,293,1039,0,0.0,1.0,0,0.0,node_hello,12:1;22:1;24:1;45:0;6:1,SIM
trickle,50,5,7,warm,240.0,60.0,node_hello,continuous,13,5,1.0,0.0770559999999989,0.0770559999999989,25.0,20.129023999999987,10.49702399999999,9.631999999999998,0.5214869831741469,0.8365102639296188,1.0,0,279,0.0,329,125,204,5,0,1364,0,0.0,1.0,0,0.0,node_hello,2:1;22:1;23:1;6:1;8:1,SIM
trickle,50,5,7,warm,240.0,60.0,node_hello,continuous,14,4,0.8,0.0770559999999989,0.5592298322871831,31.75,20.283135999999992,10.49702399999999,9.786112,0.5175247062387195,0.7569528415961306,0.8,0,291,0.0,331,127,204,5,186,827,0,0.0,1.0,0,0.0,node_hello,23:0;3:1;4:1;41:1;43:1,SIM
trickle,50,5,7,warm,240.0,60.0,node_hello,continuous,15,4,0.8,0.31032211729978343,1.5027866114842905,28.75,19.358463999999984,10.49702399999999,8.861439999999991,0.5422446739576032,0.7733773377337734,0.8,0,269,0.0,319,115,204,5,253,909,0,0.64,1.0,0,0.0,node_hello,10:1;21:0;43:1;45:1;49:1,SIM
trickle,50,5,7,warm,240.0,60.0,node_hello,continuous,16,4,0.8,0.0770559999999989,0.0770559999999989,31.5,20.20607999999999,10.49702399999999,9.709055999999999,0.519498289623717,0.8312958435207825,0.8,0,275,0.0,330,126,204,5,108,1227,0,0.0,1.0,0,0.0,node_hello,3:1;34:1;40:1;42:1;9:0,SIM
trickle,50,5,7,warm,240.0,60.0,node_hello,continuous,17,5,1.0,0.0770559999999989,0.15817839606077652,26.0,20.514303999999992,10.49702399999999,10.017280000000001,0.5116929143684327,0.8275862068965517,1.0,0,264,0.0,334,130,204,5,417,1247,0,0.64,1.0,0,0.0,node_hello,13:1;21:1;29:1;3:1;48:1,SIM
trickle,50,5,7,warm,240.0,60.0,node_hello,continuous,18,5,1.0,0.0770559999999989,0.7668737694655646,22.8,19.28140799999998,10.49702399999999,8.78438399999999,0.5444116944156776,0.8429617575264443,1.0,0,268,0.0,318,114,204,5,136,1229,0,0.0,1.0,0,0.0,node_hello,29:1;33:1;35:1;36:1;49:1,SIM
trickle,50,5,7,warm,240.0,60.0,node_hello,continuous,19,2,0.4,0.9020103006188975,1.6444691711759063,48.0,17.894399999999976,10.49702399999999,7.397375999999985,0.5866094420600861,0.6466346153846154,0.4,0,283,0.0,300,96,204,5,0,416,0,0.0,1.0,0,0.0,node_hello,2:0;27:0;37:0;43:1;45:1,SIM
trickle,50,5,7,cold,240.0,60.0,node_hello,continuous,0,4,0.8,0.19412253965180293,0.9729610282291086,29.75,19.666687999999986,10.49702399999999,9.169663999999994,0.5337464040716972,0.7886435331230284,0.8,0,288,0.0,323,119,204,5,0,951,0,0.0,1.0,0,0.0,node_hello,10:1;16:1;21:1;33:1;7:0,SIM
trickle,50,5,7,cold,240.0,60.0,node_hello,continuous,1,5,1.0,0.07705600000000068,3.314504865233551,25.8,20.43724799999999,10.49702399999999,9.940224,0.5136221863139301,0.8305084745762712,1.0,0,281,0.0,333,129,204,5,0,1298,0,0.0,1.0,0,0.0,node_hello,10:1;28:1;32:1;43:1;45:1,SIM
trickle,50,5,7,cold,240.0,60.0,node_hello,continuous,2,5,1.0,2.3336110418179015,4.755488939952489,23.8,19.666687999999986,10.49702399999999,9.169663999999994,0.5337464040716972,0.7726819541375872,1.0,0,284,0.0,323,119,204,5,0,1003,0,0.0,1.0,0,0.0,node_hello,14:1;29:1;32:1;40:1;6:1,SIM
trickle,50,5,7,cold,240.0,60.0,node_hello,continuous,3,5,1.0,0.23754050702194363,1.5728359771702103,23.2,19.435519999999983,10.49702399999999,8.938495999999992,0.5400948366701791,0.6981132075471698,1.0,0,291,0.0,320,116,204,5,110,636,0,0.0,1.0,0,0.0,node_hello,10:1;14:1;21:1;28:1;5:1,SIM
trickle,50,5,7,cold,240.0,60.0,node_hello,continuous,4,4,0.8,0.2681944697938876,0.6575269483304409,30.0,19.743743999999985,10.49702399999999,9.246719999999994,0.5316632954722265,0.820738137082601,0.8,0,266,0.0,324,120,204,5,279,1138,0,0.0,1.0,0,0.0,node_hello,13:1;26:0;33:1;41:1;43:1,SIM
trickle,50,5,7,cold,240.0,60.0,node_hello,continuous,5,4,0.8,1.3127686618735765,2.334434274493871,27.5,18.97318399999998,10.49702399999999,8.476159999999988,0.553255795126427,0.7668997668997669,0.8,0,272,0.0,314,110,204,5,77,858,0,0.0,1.0,0,0.0,node_hello,18:0;21:1;44:1;45:1;49:1,SIM
trickle,50,5,7,cold,240.0,60.0,node_hello,continuous,6,4,0.8,0.07705599999999935,0.6322034646003889,29.0,19.435519999999983,10.49702399999999,8.938495999999992,0.5400948366701791,0.7325905292479109,0.8,0,280,0.0,320,116,204,5,315,718,0,0.0,1.0,0,0.0,node_hello,1:0;29:1;4:1;40:1;46:1,SIM
trickle,50,5,7,cold,240.0,60.0,node_hello,continuous,7,5,1.0,0.319353859631482,1.0654951925165137,26.4,20.668415999999993,10.49702399999999,10.171392000000003,0.5078775267538642,0.84,1.0,0,278,0.0,336,132,204,5,0,1425,0,0.0,1.0,0,0.0,node_hello,23:1;33:1;34:1;44:1;9:1,SIM
trickle,50,5,7,cold,240.0,60.0,node_hello,continuous,8,4,0.8,0.0770559999999999,0.4405016810000652,29.75,19.666687999999986,10.49702399999999,9.169663999999994,0.5337464040716972,0.6869712351945855,0.8,0,293,0.0,323,119,204,5,194,591,0,0.0,1.0,0,0.0,node_hello,0:1;18:1;39:1;47:0;5:1,SIM
trickle,50,5,7,cold,240.0,60.0,node_hello,continuous,9,4,0.8,0.11613741693156376,0.979369488930667,31.75,20.283135999999992,10.49702399999999,9.786112,0.5175247062387195,0.7714285714285715,0.8,0,293,0.0,331,127,204,5,0,945,0,0.0,1.0,0,0.0,node_hello,0:1;11:0;12:1;14:1;49:1,SIM
trickle,50,5,7,cold,240.0,60.0,node_hello,continuous,10,3,0.6,0.07705599999999979,0.0770560000000006,33.0,18.125567999999976,10.49702399999999,7.628543999999985,0.5791280030507184,0.7627586206896552,0.6,0,270,0.0,303,99,204,5,88,725,0,0.0,1.0,0,0.0,node_hello,27:0;28:1;33:1;44:1;46:0,SIM
trickle,50,5,7,cold,240.0,60.0,node_hello,continuous,11,3,0.6,0.07705599999999979,0.900872879676802,36.0,18.819071999999977,10.49702399999999,8.322047999999986,0.5577864838393733,0.8311195445920304,0.6,0,268,0.0,312,108,204,5,0,1054,0,0.0,1.0,0,0.0,node_hello,1:0;19:1;22:1;30:1;44:0,SIM
trickle,50,5,7,cold,240.0,60.0,node_hello,continuous,12,4,0.8,0.07705600000000035,0.594480383409534,29.0,19.435519999999983,10.49702399999999,8.938495999999992,0.5400948366701791,0.7951807228915663,0.8,0,270,0.0,320,116,204,5,233,996,0,0.0,1.0,0,0.0,node_hello,12:0;22:1;24:1;45:1;6:1,SIM
trickle,50,5,7,cold,240.0,60.0,node_hello,continuous,13,5,1.0,0.07705599999999979,0.07705600000000054,25.0,20.129023999999987,10.49702399999999,9.631999999999998,0.5214869831741469,0.8365102639296188,1.0,0,279,0.0,329,125,204,5,0,1364,0,0.0,1.0,0,0.0,node_hello,2:1;22:1;23:1;6:1;8:1,SIM
trickle,50,5,7,cold,240.0,60.0,node_hello,continuous,14,4,0.8,0.07705599999999935,0.07705600000000054,26.25,18.587903999999973,10.49702399999999,8.090879999999984,0.5647233813990005,0.6616257088846881,0.8,0,281,0.0,309,105,204,5,180,529,0,0.0,1.0,0,0.0,node_hello,23:1;3:0;4:1;41:1;43:1,SIM
trickle,50,5,7,cold,240.0,60.0,node_hello,continuous,15,4,0.8,0.07705600000000035,0.6401371401775383,29.25,19.51257599999998,10.49702399999999,9.015551999999992,0.5379619789821704,0.8051470588235294,0.8,0,263,0.0,321,117,204,5,251,1088,0,0.0,1.0,0,0.0,node_hello,10:1;21:0;43:1;45:1;49:1,SIM
trickle,50,5,7,cold,240.0,60.0,node_hello,continuous,16,5,1.0,0.07705600000000068,0.3541302738568134,25.6,20.36019199999999,10.49702399999999,9.863168,0.5155660614595381,0.7638580931263859,1.0,0,292,0.0,332,128,204,5,114,902,0,0.0,1.0,0,0.0,node_hello,3:1;34:1;40:1;42:1;9:1,SIM
trickle,50,5,7,cold,240.0,60.0,node_hello,continuous,17,5,1.0,0.7520583962973895,1.588795677643987,23.2,19.435519999999983,10.49702399999999,8.938495999999992,0.5400948366701791,0.7799779977997799,1.0,0,263,0.0,320,116,204,5,428,909,0,0.0,1.0,0,0.0,node_hello,13:1;21:1;29:1;3:1;48:1,SIM
trickle,50,5,7,cold,240.0,60.0,node_hello,continuous,18,5,1.0,0.6076471712514805,3.09432301898524,31.4,22.59481600000001,10.49702399999999,12.09779200000002,0.4645766533349945,0.8668146503884573,1.0,0,290,0.0,361,157,204,5,129,1802,0,0.0,1.0,0,0.0,node_hello,29:1;33:1;35:1;36:1;49:1,SIM
trickle,50,5,7,cold,240.0,60.0,node_hello,continuous,19,2,0.4,0.9020103006188975,1.6444691711759063,48.0,17.894399999999976,10.49702399999999,7.397375999999985,0.5866094420600861,0.6466346153846154,0.4,0,283,0.0,300,96,204,5,0,416,0,0.0,1.0,0,0.0,node_hello,2:0;27:0;37:0;43:1;45:1,SIM
trickle,50,5,9,warm,240.0,60.0,node_hello,continuous,0,4,0.8,0.2672639999999973,0.2672639999999973,28.75,68.54553600000017,37.81017600000009,30.73536000000007,0.5516066866848922,0.39365079365079364,0.8,0,310,0.0,319,115,204,5,0,315,0,0.0,1.0,0,0.0,node_hello,10:1;16:1;21:0;33:1;7:1,SIM
trickle,50,5,9,warm,240.0,60.0,node_hello,continuous,1,3,0.6,0.2672639999999973,3.7410979456997793,38.666666666666664,68.81280000000017,37.81017600000009,31.002624000000072,0.5494642857142857,0.31864406779661014,0.6,0,311,0.0,320,116,204,5,0,295,0,0.0,1.0,0,0.0,node_hello,10:1;28:1;32:0;43:0;45:1,SIM
trickle,50,5,9,warm,240.0,60.0,node_hello,continuous,2,4,0.8,0.2672639999999973,0.2672639999999973,27.0,66.67468800000016,37.81017600000009,28.864512000000065,0.5670844084039809,0.501466275659824,0.8,0,302,0.0,312,108,204,5,0,341,0,0.0,1.0,0,0.0,node_hello,14:1;29:1;32:1;40:0;6:1,SIM
trickle,50,5,9,warm,240.0,60.0,node_hello,continuous,3,5,1.0,0.2672639999999973,0.2672639999999973,21.8,66.94195200000016,37.81017600000009,29.131776000000066,0.5648203386719288,0.19090909090909092,1.0,0,306,0.0,313,109,204,5,0,220,0,0.0,1.0,0,0.0,node_hello,10:1;14:1;21:1;28:1;5:1,SIM
trickle,50,5,9,warm,240.0,60.0,node_hello,continuous,4,4,0.8,0.2672639999999973,0.5739238347224286,22.5,61.86393600000014,37.81017600000009,24.05376000000005,0.611182838414937,0.3170731707317073,0.8,0,286,0.0,294,90,204,5,0,246,0,0.0,1.0,0,0.0,node_hello,13:0;26:1;33:1;41:1;43:1,SIM
trickle,50,5,9,warm,240.0,60.0,node_hello,continuous,5,2,0.4,1.0694614694161544,1.7914391918906958,54.0,66.67468800000016,37.81017600000009,28.864512000000065,0.5670844084039809,0.31496062992125984,0.4,0,304,0.0,312,108,204,5,0,254,0,0.0,1.0,0,0.0,node_hello,18:0;21:0;44:0;45:1;49:1,SIM
trickle,50,5,9,warm,240.0,60.0,node_hello,continuous,6,5,1.0,0.2672639999999973,3.473056274244285,25.4,71.75270400000014,37.81017600000009,33.94252800000005,0.5269512351757506,0.7444051825677267,1.0,0,306,0.0,331,127,204,5,0,849,0,0.0,1.0,0,0.0,node_hello,1:1;29:1;4:1;40:1;46:1,SIM
trickle,50,5,9,warm,240.0,60.0,node_hello,continuous,7,2,0.4,0.2672639999999973,0.2672639999999973,54.0,66.67468800000016,37.81017600000009,28.864512000000065,0.5670844084039809,0.5194805194805194,0.4,0,301,0.0,312,108,204,5,0,385,0,0.0,1.0,0,0.0,node_hello,23:1;33:0;34:0;44:1;9:0,SIM
trickle,50,5,9,warm,240.0,60.0,node_hello,continuous,8,3,0.6,0.2672639999999973,0.2672639999999973,28.333333333333332,60.52761600000014,37.81017600000009,22.717440000000046,0.6246764452113892,0.0,0.6,0,285,0.0,289,85,204,5,0,131,0,0.0,1.0,0,0.0,node_hello,0:1;18:0;39:1;47:0;5:1,SIM
trickle,50,5,9,warm,240.0,60.0,node_hello,continuous,9,5,1.0,0.2672639999999973,0.2672639999999973,23.2,68.81280000000017,37.81017600000009,31.002624000000072,0.5494642857142857,0.5294117647058824,1.0,0,305,0.0,320,116,204,5,0,493,0,0.0,1.0,0,0.0,node_hello,0:1;11:1;12:1;14:1;49:1,SIM
trickle,50,5,9,warm,240.0,60.0,node_hello,continuous,10,3,0.6,0.2672639999999973,0.2672639999999973,28.0,60.26035200000014,37.81017600000009,22.450176000000045,0.627446982055465,0.0,0.6,0,284,0.0,288,84,204,5,0,133,0,0.0,1.0,0,0.0,node_hello,27:0;28:0;33:1;44:1;46:1,SIM
trickle,50,5,9,warm,240.0,60.0,node_hello,continuous,11,4,0.8,0.2672639999999973,0.2672639999999973,22.75,62.13120000000014,37.81017600000009,24.32102400000005,0.6085537700865267,0.0,0.8,0,290,0.0,295,91,204,5,0,150,0,0.0,1.0,0,0.0,node_hello,1:1;19:0;22:1;30:1;44:1,SIM
trickle,50,5,9,warm,240.0,60.0,node_hello,continuous,12,2,0.4,0.2672639999999973,0.2672639999999973,51.5,65.33836800000014,37.81017600000009,27.52819200000006,0.5786825896845175,0.11794871794871795,0.4,0,298,0.0,307,103,204,5,112,195,0,0.0,1.0,0,0.0,node_hello,12:1;22:1;24:0;45:0;6:0,SIM
trickle,50,5,9,warm,240.0,60.0,node_hello,continuous,13,4,0.8,0.2672639999999973,0.2672639999999973,21.75,61.06214400000014,37.81017600000009,23.251968000000048,0.619208129999497,0.0,0.8,0,287,0.0,291,87,204,5,0,147,0,0.0,1.0,0,0.0,node_hello,2:0;22:1;23:1;6:1;8:1,SIM
trickle,50,5,9,warm,240.0,60.0,node_hello,continuous,14,4,0.8,0.2672639999999973,0.2672639999999973,27.75,67.47648000000015,37.81017600000009,29.666304000000068,0.5603460050079673,0.4,0.8,0,306,0.0,315,111,204,5,0,310,0,0.0,1.0,0,0.0,node_hello,23:0;3:1;4:1;41:1;43:1,SIM
trickle,50,5,9,warm,240.0,60.0,node_hello,continuous,15,4,0.8,0.2672639999999973,0.2672639999999973,27.5,67.20921600000015,37.81017600000009,29.399040000000067,0.5625742755279277,0.21888412017167383,0.8,0,303,0.0,314,110,204,5,118,233,0,0.0,1.0,0,0.0,node_hello,10:1;21:0;43:1;45:1;49:1,SIM
trickle,50,5,9,warm,240.0,60.0,node_hello,continuous,16,4,0.8,0.2672639999999973,2.9389852052371026,32.75,72.82176000000013,37.81017600000009,35.01158400000004,0.5192153554102513,0.4582210242587601,0.8,0,324,0.0,335,131,204,5,0,371,0,0.0,1.0,0,0.0,node_hello,3:1;34:1;40:1;42:1;9:0,SIM
trickle,50,5,9,warm,240.0,60.0,node_hello,continuous,17,4,0.8,0.2672639999999973,0.2672639999999973,24.25,63.73478400000015,37.81017600000009,25.924608000000056,0.593242396491059,0.0,0.8,0,296,0.0,301,97,204,5,0,162,0,0.0,1.0,0,0.0,node_hello,13:1;21:1;29:1;3:1;48:0,SIM
trickle,50,5,9,warm,240.0,60.0,node_hello,continuous,18,3,0.6,0.2672639999999973,0.2672639999999973,34.333333333333336,65.33836800000014,37.81017600000009,27.52819200000006,0.5786825896845175,0.0,0.6,0,302,0.0,307,103,204,5,0,172,0,0.0,1.0,0,0.0,node_hello,29:1;33:0;35:0;36:1;49:1,SIM
trickle,50,5,9,warm,240.0,60.0,node_hello,continuous,19,3,0.6,0.2672639999999973,0.2672639999999973,27.333333333333332,59.72582400000013,37.81017600000009,21.915648000000044,0.6330624421355829,0.0,0.6,0,282,0.0,286,82,204,5,0,127,0,0.0,1.0,0,0.0,node_hello,2:1;27:1;37:0;43:1;45:0,SIM
trickle,50,5,9,cold,240.0,60.0,node_hello,continuous,0,4,0.8,0.2672640000000004,0.26726400000000083,28.75,68.54553600000017,37.81017600000009,30.73536000000007,0.5516066866848922,0.39365079365079364,0.8,0,310,0.0,319,115,204,5,0,315,0,0.0,1.0,0,0.0,node_hello,10:1;16:1;21:0;33:1;7:1,SIM
trickle,50,5,9,cold,240.0,60.0,node_hello,continuous,1,3,0.6,0.267264,3.7410979456998015,38.666666666666664,68.81280000000017,37.81017600000009,31.002624000000072,0.5494642857142857,0.31864406779661014,0.6,0,311,0.0,320,116,204,5,0,295,0,0.0,1.0,0,0.0,node_hello,10:1;28:1;32:0;43:0;45:1,SIM
trickle,50,5,9,cold,240.0,60.0,node_hello,continuous,2,4,0.8,0.2672640000000004,0.26726400000000083,27.0,66.67468800000016,37.81017600000009,28.864512000000065,0.5670844084039809,0.501466275659824,0.8,0,302,0.0,312,108,204,5,0,341,0,0.0,1.0,0,0.0,node_hello,14:1;29:1;32:1;40:0;6:1,SIM
trickle,50,5,9,cold,240.0,60.0,node_hello,continuous,3,5,1.0,0.26726400000000083,0.26726400000000083,21.8,66.94195200000016,37.81017600000009,29.131776000000066,0.5648203386719288,0.19090909090909092,1.0,0,306,0.0,313,109,204,5,0,220,0,0.0,1.0,0,0.0,node_hello,10:1;14:1;21:1;28:1;5:1,SIM
trickle,50,5,9,cold,240.0,60.0,node_hello,continuous,4,4,0.8,0.2672640000000004,1.5295714868016905,26.5,66.14016000000015,37.81017600000009,28.329984000000064,0.5716674407803066,0.44680851063829785,0.8,0,300,0.0,310,106,204,5,0,329,0,0.0,1.0,0,0.0,node_hello,13:1;26:1;33:1;41:0;43:1,SIM
trickle,50,5,9,cold,240.0,60.0,node_hello,continuous,5,2,0.4,1.0694614694161597,1.7914391918907027,54.0,66.67468800000016,37.81017600000009,28.864512000000065,0.5670844084039809,0.31496062992125984,0.4,0,304,0.0,312,108,204,5,0,254,0,0.0,1.0,0,0.0,node_hello,18:0;21:0;44:0;45:1;49:1,SIM
trickle,50,5,9,cold,240.0,60.0,node_hello,continuous,6,5,1.0,0.26726400000000083,3.473056274244294,25.4,71.75270400000014,37.81017600000009,33.94252800000005,0.5269512351757506,0.7444051825677267,1.0,0,306,0.0,331,127,204,5,0,849,0,0.0,1.0,0,0.0,node_hello,1:1;29:1;4:1;40:1;46:1,SIM
trickle,50,5,9,cold,240.0,60.0,node_hello,continuous,7,2,0.4,0.2672640000000004,0.2672640000000008,54.0,66.67468800000016,37.81017600000009,28.864512000000065,0.5670844084039809,0.5194805194805194,0.4,0,301,0.0,312,108,204,5,0,385,0,0.0,1.0,0,0.0,node_hello,23:1;33:0;34:0;44:1;9:0,SIM
trickle,50,5,9,cold,240.0,60.0,node_hello,continuous,8,3,0.6,0.267264,0.2672640000000008,28.333333333333332,60.52761600000014,37.81017600000009,22.717440000000046,0.6246764452113892,0.0,0.6,0,285,0.0,289,85,204,5,0,131,0,0.0,1.0,0,0.0,node_hello,0:1;18:0;39:1;47:0;5:1,SIM
trickle,50,5,9,cold,240.0,60.0,node_hello,continuous,9,5,1.0,0.26726400000000083,0.26726400000000083,23.2,68.81280000000017,37.81017600000009,31.002624000000072,0.5494642857142857,0.5294117647058824,1.0,0,305,0.0,320,116,204,5,0,493,0,0.0,1.0,0,0.0,node_hello,0:1;11:1;12:1;14:1;49:1,SIM
trickle,50,5,9,cold,240.0,60.0,node_hello,continuous,10,3,0.6,0.26726400000000083,0.26726400000000083,28.0,60.26035200000014,37.81017600000009,22.450176000000045,0.627446982055465,0.0,0.6,0,284,0.0,288,84,204,5,0,133,0,0.0,1.0,0,0.0,node_hello,27:0;28:0;33:1;44:1;46:1,SIM
trickle,50,5,9,cold,240.0,60.0,node_hello,continuous,11,4,0.8,0.26726400000000083,0.26726400000000083,22.75,62.13120000000014,37.81017600000009,24.32102400000005,0.6085537700865267,0.0,0.8,0,290,0.0,295,91,204,5,0,150,0,0.0,1.0,0,0.0,node_hello,1:1;19:0;22:1;30:1;44:1,SIM
trickle,50,5,9,cold,240.0,60.0,node_hello,continuous,12,3,0.6,0.26726400000000083,0.26726400000000083,34.333333333333336,65.33836800000014,37.81017600000009,27.52819200000006,0.5786825896845175,0.08241758241758242,0.6,0,298,0.0,307,103,204,5,115,182,0,0.0,1.0,0,0.0,node_hello,12:1;22:1;24:1;45:0;6:0,SIM
trickle,50,5,9,cold,240.0,60.0,node_hello,continuous,13,4,0.8,0.26726400000000083,0.26726400000000083,21.75,61.06214400000014,37.81017600000009,23.251968000000048,0.619208129999497,0.0,0.8,0,287,0.0,291,87,204,5,0,147,0,0.0,1.0,0,0.0,node_hello,2:0;22:1;23:1;6:1;8:1,SIM
trickle,50,5,9,cold,240.0,60.0,node_hello,continuous,14,4,0.8,0.2672640000000004,0.26726400000000083,27.75,67.47648000000015,37.81017600000009,29.666304000000068,0.5603460050079673,0.4,0.8,0,306,0.0,315,111,204,5,0,310,0,0.0,1.0,0,0.0,node_hello,23:0;3:1;4:1;41:1;43:1,SIM
trickle,50,5,9,cold,240.0,60.0,node_hello,continuous,15,3,0.6,0.26726400000000083,0.26726400000000083,34.666666666666664,65.60563200000016,37.81017600000009,27.795456000000062,0.576325154523319,0.16346153846153846,0.6,0,298,0.0,308,104,204,5,113,208,0,0.0,1.0,0,0.0,node_hello,10:0;21:0;43:1;45:1;49:1,SIM
trickle,50,5,9,cold,240.0,60.0,node_hello,continuous,16,4,0.8,0.26726400000000083,2.9389852052371155,32.75,72.82176000000013,37.81017600000009,35.01158400000004,0.5192153554102513,0.4582210242587601,0.8,0,324,0.0,335,131,204,5,0,371,0,0.0,1.0,0,0.0,node_hello,3:1;34:1;40:1;42:1;9:0,SIM
trickle,50,5,9,cold,240.0,60.0,node_hello,continuous,17,4,0.8,0.2672640000000004,0.26726400000000083,24.25,63.73478400000015,37.81017600000009,25.924608000000056,0.593242396491059,0.0,0.8,0,296,0.0,301,97,204,5,0,162,0,0.0,1.0,0,0.0,node_hello,13:1;21:1;29:1;3:1;48:0,SIM
trickle,50,5,9,cold,240.0,60.0,node_hello,continuous,18,3,0.6,0.26726400000000083,0.26726400000000083,34.333333333333336,65.33836800000014,37.81017600000009,27.52819200000006,0.5786825896845175,0.0,0.6,0,302,0.0,307,103,204,5,0,172,0,0.0,1.0,0,0.0,node_hello,29:1;33:0;35:0;36:1;49:1,SIM
trickle,50,5,9,cold,240.0,60.0,node_hello,continuous,19,3,0.6,0.267264,0.2672640000000008,27.333333333333332,59.72582400000013,37.81017600000009,21.915648000000044,0.6330624421355829,0.0,0.6,0,282,0.0,286,82,204,5,0,127,0,0.0,1.0,0,0.0,node_hello,2:1;27:1;37:0;43:1;45:0,SIM
trickle,50,20,7,warm,240.0,60.0,node_hello,continuous,0,15,0.75,0.0770559999999989,1.8391538920452937,26.866666666666667,41.55059199999983,10.49702399999999,31.05356799999984,0.2526323571996287,0.8854625550660793,0.75,0,372,0.0,607,403,204,20,0,6356,0,0.0,1.0,0,0.0,node_hello,0:1;10:1;11:1;16:1;17:0;19:1;21:1;22:0;24:0;26:1;28:0;30:1;32:1;33:0;36:1;38:1;42:1;46:1;7:1;9:1,SIM
trickle,50,20,7,warm,240.0,60.0,node_hello,continuous,1,18,0.9,0.8360375902995258,4.7071645353699365,27.11111111111111,48.10035199999974,10.49702399999999,37.60332799999975,0.21823175015434498,0.8742945823927766,0.9,0,411,0.0,692,488,204,20,0,7088,0,0.0,1.0,0,0.0,node_hello,1:1;10:1;14:1;19:1;20:1;25:1;27:0;28:1;3:1;32:1;33:1;34:1;4:1;40:0;41:1;42:1;43:1;44:1;45:1;48:1,SIM
trickle,50,20,7,warm,240.0,60.0,node_hello,continuous,2,14,0.7,1.3850494466461498,6.575698760069224,29.571428571428573,42.39820799999982,10.49702399999999,31.901183999999827,0.2475817845886325,0.8512363194162951,0.7,0,422,0.0,618,414,204,20,0,4934,0,0.0,1.0,0,0.0,node_hello,0:0;14:0;15:1;16:1;17:1;2:0;23:1;27:1;28:0;29:1;32:0;37:0;39:1;4:1;40:1;42:1;46:1;47:1;5:1;6:1,SIM
trickle,50,20,7,warm,240.0,60.0,node_hello,continuous,3,18,0.9,0.0770559999999989,2.2645887255088786,27.0,47.94623999999974,10.49702399999999,37.44921599999975,0.21893320518981357,0.8502815501821795,0.9,0,426,0.0,690,486,204,20,90,6038,0,0.0,1.0,0,0.0,node_hello,10:1;11:1;12:1;13:0;14:1;17:1;2:0;20:1;21:1;25:1;28:1;33:1;36:1;40:1;41:1;45:1;48:1;49:1;5:1;7:1,SIM
trickle,50,20,7,warm,240.0,60.0,node_hello,continuous,4,15,0.75,0.554567130101077,4.396841427742492,26.733333333333334,41.39647999999983,10.49702399999999,30.89945599999984,0.25357286416622943,0.8639240506329114,0.75,0,356,0.0,605,401,204,20,249,5688,0,0.44,1.0,0,0.0,node_hello,10:1;12:1;13:1;17:1;18:1;2:0;21:1;25:0;26:1;29:0;3:1;31:1;33:1;39:1;4:1;41:0;42:0;43:1;44:1;8:1,SIM
trickle,50,20,7,warm,240.0,60.0,node_hello,continuous,5,13,0.65,1.5177428178892,7.712164671897776,26.307692307692307,36.8501759999999,10.49702399999999,26.353151999999906,0.28485682130799106,0.8441526866034524,0.65,0,346,0.0,546,342,204,20,85,4113,0,0.0,1.0,0,0.0,node_hello,0:1;11:1;16:1;17:1;18:1;20:1;21:1;22:0;29:0;30:1;32:1;33:0;35:1;37:0;41:1;44:0;45:1;46:1;49:0;8:0,SIM
trickle,50,20,7,warm,240.0,60.0,node_hello,continuous,6,16,0.8,0.7695355074378014,7.708096520536085,24.6875,40.93414399999984,10.49702399999999,30.437119999999847,0.2564368757778355,0.8514608859566447,0.8,0,372,0.0,599,395,204,20,288,5305,0,0.0,1.0,0,0.0,node_hello,1:1;10:1;12:1;16:0;24:1;28:1;29:1;30:0;31:1;35:1;37:1;39:0;4:1;40:1;42:1;44:1;45:1;46:0;5:1;8:1,SIM
trickle,50,20,7,warm,240.0,60.0,node_hello,continuous,7,15,0.75,0.0770559999999989,6.922391643824677,24.4,38.69951999999987,10.49702399999999,28.20249599999988,0.27124429450287824,0.8594377510040161,0.75,0,369,0.0,570,366,204,20,0,4980,0,0.0,1.0,0,0.0,node_hello,1:1;10:1;14:1;16:1;19:0;21:1;22:1;23:1;32:1;33:1;34:1;41:1;42:1;43:0;44:0;45:0;48:1;49:0;5:1;9:1,SIM
trickle,50,20,7,warm,240.0,60.0,node_hello,continuous,8,17,0.85,0.1884479418598204,5.513974546111643,27.41176470588235,46.40511999999976,10.49702399999999,35.90809599999977,0.226204005075303,0.8562781044621238,0.85,0,435,0.0,670,466,204,20,150,5782,0,0.0,1.0,0,0.0,node_hello,0:1;14:1;18:1;19:0;20:1;22:1;23:1;25:1;26:1;33:1;35:0;38:1;39:1;40:0;41:1;44:1;45:1;46:1;48:1;5:1,SIM
trickle,50,20,7,warm,240.0,60.0,node_hello,continuous,9,13,0.65,0.740407406971741,7.131597294461532,28.692307692307693,39.238911999999864,10.49702399999999,28.74188799999987,0.26751567423683986,0.8636548636548637,0.65,0,370,0.0,577,373,204,20,0,4914,0,0.0,1.0,0,0.0,node_hello,0:0;1:1;11:1;12:1;14:0;16:1;17:1;24:0;27:1;29:1;30:0;34:0;35:1;37:1;4:1;41:1;44:1;45:0;49:0;5:1,SIM
trickle,50,20,7,warm,240.0,60.0,node_hello,continuous,10,18,0.9,0.0770559999999989,4.153417164317276,27.055555555555557,48.02329599999974,10.49702399999999,37.52627199999975,0.21858191491063103,0.8802005691828161,0.9,0,415,0.0,691,487,204,20,55,7379,0,0.0,1.0,0,0.0,node_hello,0:1;12:1;13:1;17:1;23:1;24:1;26:0;27:1;28:1;33:1;35:1;38:1;4:1;42:1;44:0;46:1;47:1;48:1;49:1;7:1,SIM
trickle,50,20,7,warm,240.0,60.0,node_hello,continuous,11,16,0.8,0.0770559999999989,2.7214911933926196,26.4375,43.09171199999981,10.49702399999999,32.59468799999982,0.24359728385820542,0.8558526011560693,0.8,0,395,0.0,627,423,204,20,0,5536,0,0.0,1.0,0,0.0,node_hello,1:0;19:1;2:1;20:1;22:1;23:1;28:1;30:1;31:0;34:1;38:1;4:1;40:0;41:1;42:1;44:0;45:1;48:1;49:1;8:1,SIM
trickle,50,20,7,warm,240.0,60.0,node_hello,continuous,12,15,0.75,0.0770559999999989,2.7543877407186392,26.133333333333333,40.70297599999984,10.49702399999999,30.20595199999985,0.2578932803340972,0.8663644605621034,0.75,0,361,0.0,596,392,204,20,273,5515,0,0.0,1.0,0,0.0,node_hello,10:1;12:1;13:1;15:1;17:1;19:1;22:1;24:0;25:0;26:1;31:0;34:1;39:1;4:1;40:0;42:0;45:1;46:1;6:1;7:1,SIM
trickle,50,20,7,warm,240.0,60.0,node_hello,continuous,13,16,0.8,0.18513210016280368,5.534240755596819,25.625,42.08998399999982,10.49702399999999,31.59295999999983,0.24939482039242483,0.8760179491440917,0.8,0,386,0.0,614,410,204,20,0,6017,0,0.0,1.0,0,0.0,node_hello,10:1;18:1;2:1;20:0;22:1;23:1;27:1;28:0;3:1;31:1;34:1;35:1;37:1;42:0;43:1;47:0;48:1;49:1;6:1;8:1,SIM
trickle,50,20,7,warm,240.0,60.0,node_hello,continuous,14,12,0.6,0.40632523975492774,3.350604722872877,27.416666666666668,35.84844799999991,10.49702399999999,25.35142399999992,0.29281669320803,0.8810993825931089,0.6,0,323,0.0,533,329,204,20,171,5021,0,0.0,1.0,0,0.0,node_hello,0:1;10:0;19:1;2:0;23:0;24:1;27:0;28:0;3:1;34:1;4:1;41:1;43:0;44:1;45:0;47:1;49:1;6:1;7:1;8:0,SIM
trickle,50,20,7,warm,240.0,60.0,node_hello,continuous,15,16,0.8,0.0770559999999989,4.0566153721281495,25.5625,42.012927999999825,10.49702399999999,31.515903999999832,0.24985223595937028,0.8574105302604459,0.8,0,378,0.0,613,409,204,20,212,5337,0,0.54,1.0,0,0.0,node_hello,1:1;10:1;11:1;13:1;17:1;21:1;22:1;26:0;29:0;3:1;33:1;36:1;38:1;39:1;42:0;43:1;45:1;46:1;48:0;8:1,SIM
trickle,50,20,7,warm,240.0,60.0,node_hello,continuous,16,17,0.85,0.0770559999999989,2.8443634610390363,26.235294117647058,44.863999999999784,10.49702399999999,34.366975999999795,0.23397432239657723,0.8657826649417852,0.85,0,396,0.0,650,446,204,20,106,6184,0,0.0,1.0,0,0.0,node_hello,1:1;13:1;14:1;17:1;22:1;3:1;30:1;32:1;33:0;34:1;37:1;4:1;40:1;41:1;42:0;44:1;45:1;46:1;49:0;9:1,SIM
trickle,50,20,7,warm,240.0,60.0,node_hello,continuous,17,17,0.85,0.0770559999999989,0.46705436532963013,25.764705882352942,44.24755199999979,10.49702399999999,33.750527999999804,0.23723400562363406,0.8627855057530482,0.85,0,381,0.0,642,438,204,20,392,5823,0,0.58,1.0,0,0.0,node_hello,0:1;1:1;13:1;14:1;17:1;19:1;21:1;27:1;29:1;3:1;30:1;33:0;34:0;40:1;43:1;46:0;48:1;49:1;6:1;7:1,SIM
trickle,50,20,7,warm,240.0,60.0,node_hello,continuous,18,18,0.9,0.0770559999999989,2.5646145941300786,26.944444444444443,47.86918399999974,10.49702399999999,37.37215999999975,0.219285626427224,0.8795746443861345,0.9,0,411,0.0,689,485,204,20,99,7241,0,0.0,1.0,0,0.0,node_hello,10:1;14:1;20:1;21:1;23:0;24:1;25:1;29:1;31:1;32:1;33:1;34:1;35:0;36:1;4:1;44:1;45:1;47:1;48:1;5:1,SIM
trickle,50,20,7,warm,240.0,60.0,node_hello,continuous,19,12,0.6,0.23353768882932968,4.00395053126603,30.333333333333332,38.545407999999874,10.49702399999999,28.04838399999988,0.27232878168003893,0.8736761024455999,0.6,0,367,0.0,568,364,204,20,0,5193,0,0.0,1.0,0,0.0,node_hello,12:1;15:1;17:0;18:1;2:0;20:1;27:0;28:1;34:0;37:1;39:0;4:1;40:1;41:1;43:1;45:1;47:1;7:0;8:0;9:0,SIM
trickle,50,20,7,cold,240.0,60.0,node_hello,continuous,0,15,0.75,0.07705600000000068,1.8391538920452937,26.866666666666667,41.55059199999983,10.49702399999999,31.05356799999984,0.2526323571996287,0.8854625550660793,0.75,0,372,0.0,607,403,204,20,0,6356,0,0.0,1.0,0,0.0,node_hello,0:1;10:1;11:1;16:1;17:0;19:1;21:1;22:0;24:0;26:1;28:0;30:1;32:1;33:0;36:1;38:1;42:1;46:1;7:1;9:1,SIM
trickle,50,20,7,cold,240.0,60.0,node_hello,continuous,1,18,0.9,0.8360375902995347,4.707164535369923,27.11111111111111,48.10035199999974,10.49702399999999,37.60332799999975,0.21823175015434498,0.8742945823927766,0.9,0,411,0.0,692,488,204,20,0,7088,0,0.0,1.0,0,0.0,node_hello,1:1;10:1;14:1;19:1;20:1;25:1;27:0;28:1;3:1;32:1;33:1;34:1;4:1;40:0;41:1;42:1;43:1;44:1;45:1;48:1,SIM
trickle,50,20,7,cold,240.0,60.0,node_hello,continuous,2,14,0.7,1.385049446646157,6.575698760069214,29.571428571428573,42.39820799999982,10.49702399999999,31.901183999999827,0.2475817845886325,0.8512363194162951,0.7,0,422,0.0,618,414,204,20,0,4934,0,0.0,1.0,0,0.0,node_hello,0:0;14:0;15:1;16:1;17:1;2:0;23:1;27:1;28:0;29:1;32:0;37:0;39:1;4:1;40:1;42:1;46:1;47:1;5:1;6:1,SIM
trickle,50,20,7,cold,240.0,60.0,node_hello,continuous,3,15,0.75,0.0770559999999989,6.923447839363579,27.866666666666667,42.706431999999815,10.49702399999999,32.209407999999826,0.2457949191353667,0.8653083303281645,0.75,0,384,0.0,622,418,204,20,106,5546,0,0.0,1.0,0,0.0,node_hello,10:1;11:1;12:1;13:1;14:1;17:1;2:0;20:1;21:1;25:0;28:1;33:1;36:0;40:0;41:1;45:0;48:1;49:1;5:1;7:1,SIM
trickle,50,20,7,cold,240.0,60.0,node_hello,continuous,4,15,0.75,0.0770559999999989,3.538547234496073,25.466666666666665,39.932415999999854,10.49702399999999,29.43539199999986,0.2628697447206808,0.8663745892661555,0.75,0,346,0.0,586,382,204,20,282,5478,0,0.0,1.0,0,0.0,node_hello,10:1;12:1;13:1;17:1;18:0;2:1;21:0;25:1;26:1;29:1;3:0;31:1;33:1;39:0;4:1;41:1;42:1;43:0;44:1;8:1,SIM
trickle,50,20,7,cold,240.0,60.0,node_hello,continuous,5,15,0.75,1.474193682749295,5.950388230504346,26.866666666666667,41.55059199999983,10.49702399999999,31.05356799999984,0.2526323571996287,0.857860177674778,0.75,0,363,0.0,607,403,204,20,62,5178,0,0.0,1.0,0,0.0,node_hello,0:1;11:1;16:1;17:1;18:0;20:1;21:0;22:1;29:0;30:1;32:1;33:1;35:0;37:1;41:1;44:1;45:0;46:1;49:1;8:1,SIM
trickle,50,20,7,cold,240.0,60.0,node_hello,continuous,6,16,0.8,0.07705600000000024,3.7691449269188126,27.375,44.24755199999979,10.49702399999999,33.750527999999804,0.23723400562363406,0.8700901481004507,0.8,0,377,0.0,642,438,204,20,300,6212,0,0.0,1.0,0,0.0,node_hello,1:0;10:1;12:1;16:1;24:1;28:1;29:1;30:0;31:1;35:1;37:1;39:0;4:1;40:1;42:1;44:0;45:1;46:1;5:1;8:1,SIM
trickle,50,20,7,cold,240.0,60.0,node_hello,continuous,7,15,0.75,0.077056,6.922391643824673,24.4,38.69951999999987,10.49702399999999,28.20249599999988,0.27124429450287824,0.8594377510040161,0.75,0,369,0.0,570,366,204,20,0,4980,0,0.0,1.0,0,0.0,node_hello,1:1;10:1;14:1;16:1;19:0;21:1;22:1;23:1;32:1;33:1;34:1;41:1;42:1;43:0;44:0;45:0;48:1;49:0;5:1;9:1,SIM
trickle,50,20,7,cold,240.0,60.0,node_hello,continuous,8,13,0.65,0.781146037639715,6.577028012792024,29.923076923076923,40.47180799999985,10.49702399999999,29.974783999999854,0.2593663223545642,0.8751650009428625,0.65,0,374,0.0,593,389,204,20,180,5303,0,0.0,1.0,0,0.0,node_hello,0:1;14:1;18:1;19:0;20:1;22:1;23:0;25:0;26:1;33:0;35:0;38:1;39:1;40:0;41:1;44:1;45:1;46:1;48:1;5:0,SIM
trickle,50,20,7,cold,240.0,60.0,node_hello,continuous,9,13,0.65,0.7404074069717375,7.131597294461537,28.692307692307693,39.238911999999864,10.49702399999999,28.74188799999987,0.26751567423683986,0.8636548636548637,0.65,0,370,0.0,577,373,204,20,0,4914,0,0.0,1.0,0,0.0,node_hello,0:0;1:1;11:1;12:1;14:0;16:1;17:1;24:0;27:1;29:1;30:0;34:0;35:1;37:1;4:1;41:1;44:1;45:0;49:0;5:1,SIM
trickle,50,20,7,cold,240.0,60.0,node_hello,continuous,10,15,0.75,0.0770559999999989,1.9519954034046794,25.266666666666666,39.70124799999986,10.49702399999999,29.204223999999865,0.26440035335916967,0.8720139494333042,0.75,0,369,0.0,583,379,204,20,84,5735,0,0.0,1.0,0,0.0,node_hello,0:1;12:1;13:1;17:0;23:1;24:0;26:1;27:1;28:0;33:1;35:0;38:1;4:1;42:1;44:1;46:1;47:1;48:0;49:1;7:1,SIM
trickle,50,20,7,cold,240.0,60.0,node_hello,continuous,11,16,0.8,0.0770559999999989,2.721491193392625,26.4375,43.09171199999981,10.49702399999999,32.59468799999982,0.24359728385820542,0.8558526011560693,0.8,0,395,0.0,627,423,204,20,0,5536,0,0.0,1.0,0,0.0,node_hello,1:0;19:1;2:1;20:1;22:1;23:1;28:1;30:1;31:0;34:1;38:1;4:1;40:0;41:1;42:1;44:0;45:1;48:1;49:1;8:1,SIM
trickle,50,20,7,cold,240.0,60.0,node_hello,continuous,12,16,0.8,0.0770559999999999,7.022644931604585,26.5,43.16876799999981,10.49702399999999,32.67174399999982,0.2431624641222107,0.8615027663751562,0.8,0,393,0.0,628,424,204,20,254,5603,0,0.0,1.0,0,0.0,node_hello,10:1;12:0;13:1;15:1;17:1;19:0;22:1;24:1;25:1;26:0;31:1;34:1;39:0;4:1;40:1;42:1;45:1;46:1;6:1;7:1,SIM
trickle,50,20,7,cold,240.0,60.0,node_hello,continuous,13,16,0.8,0.18513210016280013,5.534240755596825,25.625,42.08998399999982,10.49702399999999,31.59295999999983,0.24939482039242483,0.8760179491440917,0.8,0,386,0.0,614,410,204,20,0,6017,0,0.0,1.0,0,0.0,node_hello,10:1;18:1;2:1;20:0;22:1;23:1;27:1;28:0;3:1;31:1;34:1;35:1;37:1;42:0;43:1;47:0;48:1;49:1;6:1;8:1,SIM
trickle,50,20,7,cold,240.0,60.0,node_hello,continuous,14,16,0.8,0.32184538761937953,3.7817367135749294,27.75,44.709887999999786,10.49702399999999,34.2128639999998,0.23478081627044203,0.8724732949876746,0.8,0,395,0.0,648,444,204,20,138,6085,0,0.0,1.0,0,0.0,node_hello,0:1;10:0;19:1;2:1;23:1;24:0;27:1;28:1;3:1;34:1;4:1;41:1;43:1;44:0;45:0;47:1;49:1;6:1;7:1;8:1,SIM
trickle,50,20,7,cold,240.0,60.0,node_hello,continuous,15,13,0.65,1.968991217519985,12.281815130892227,25.53846153846154,36.07961599999991,10.49702399999999,25.582591999999917,0.29094056876880336,0.8624920668500106,0.65,0,328,0.0,536,332,204,20,216,4727,0,0.0,1.0,0,0.0,node_hello,1:0;10:1;11:1;13:1;17:1;21:1;22:0;26:0;29:1;3:1;33:1;36:1;38:0;39:0;42:1;43:1;45:1;46:0;48:0;8:1,SIM
trickle,50,20,7,cold,240.0,60.0,node_hello,continuous,16,14,0.7,0.07705599999999935,4.421266779484746,26.0,38.545407999999874,10.49702399999999,28.04838399999988,0.27232878168003893,0.8690383111806098,0.7,0,356,0.0,568,364,204,20,121,5116,0,0.0,1.0,0,0.0,node_hello,1:1;13:0;14:1;17:1;22:0;3:1;30:1;32:1;33:0;34:1;37:0;4:1;40:1;41:1;42:0;44:1;45:1;46:0;49:1;9:1,SIM
trickle,50,20,7,cold,240.0,60.0,node_hello,continuous,17,17,0.85,0.24012318290879087,5.399847307359449,23.352941176470587,41.08825599999984,10.49702399999999,30.591231999999845,0.2554750437691985,0.8549075391180654,0.85,0,349,0.0,601,397,204,20,414,5624,0,0.0,1.0,0,0.0,node_hello,0:1;1:1;13:1;14:1;17:1;19:1;21:1;27:0;29:1;3:1;30:0;33:1;34:1;40:1;43:0;46:1;48:1;49:1;6:1;7:1,SIM
trickle,50,20,7,cold,240.0,60.0,node_hello,continuous,18,17,0.85,0.0770559999999989,1.6295204743479799,24.764705882352942,42.93759999999981,10.49702399999999,32.44057599999982,0.24447160530630582,0.8733073929961089,0.85,0,379,0.0,625,421,204,20,140,6425,0,0.0,1.0,0,0.0,node_hello,10:1;14:1;20:1;21:1;23:1;24:0;25:1;29:0;31:1;32:1;33:1;34:1;35:1;36:1;4:1;44:1;45:1;47:0;48:1;5:1,SIM
trickle,50,20,7,cold,240.0,60.0,node_hello,continuous,19,12,0.6,0.23353768882932657,4.003950531266017,30.333333333333332,38.545407999999874,10.49702399999999,28.04838399999988,0.27232878168003893,0.8736761024455999,0.6,0,367,0.0,568,364,204,20,0,5193,0,0.0,1.0,0,0.0,node_hello,12:1;15:1;17:0;18:1;2:0;20:1;27:0;28:1;34:0;37:1;39:0;4:1;40:1;41:1;43:1;45:1;47:1;7:0;8:0;9:0,SIM
trickle,50,20,9,warm,240.0,60.0,node_hello,continuous,0,11,0.55,0.2672639999999973,2.1809980270943754,27.181818181818183,117.72211199999967,37.81017600000009,79.91193599999959,0.32118159755747666,0.773989898989899,0.55,0,434,0.0,503,299,204,20,0,2376,0,0.0,1.0,0,0.0,node_hello,0:1;10:1;11:1;16:1;17:1;19:0;21:1;22:1;24:0;26:1;28:0;30:0;32:0;33:1;36:0;38:0;42:1;46:0;7:0;9:1,SIM
trickle,50,20,9,warm,240.0,60.0,node_hello,continuous,1,11,0.55,0.2672640000000115,4.665395547184232,32.18181818181818,132.42163199999953,37.81017600000009,94.61145599999944,0.285528696701157,0.7977040024821594,0.55,0,460,0.0,558,354,204,20,0,3223,0,0.0,1.0,0,0.0,node_hello,1:0;10:1;14:0;19:1;20:0;25:1;27:1;28:0;3:0;32:0;33:1;34:1;4:1;40:1;41:0;42:1;43:1;44:0;45:0;48:1,SIM
trickle,50,20,9,warm,240.0,60.0,node_hello,continuous,2,11,0.55,2.6058817989658536,8.81940870975582,32.18181818181818,132.42163199999953,37.81017600000009,94.61145599999944,0.285528696701157,0.8069620253164557,0.55,0,462,0.0,558,354,204,20,0,3160,0,0.0,1.0,0,0.0,node_hello,0:1;14:0;15:1;16:1;17:0;2:0;23:0;27:1;28:1;29:0;32:0;37:1;39:0;4:0;40:0;42:1;46:1;47:1;5:1;6:1,SIM
trickle,50,20,9,warm,240.0,60.0,node_hello,continuous,3,12,0.6,0.2672639999999973,3.0472993265876873,24.583333333333332,116.65305599999968,37.81017600000009,78.8428799999996,0.3241250362099403,0.7529358626919602,0.6,0,430,0.0,499,295,204,20,0,2214,0,0.0,1.0,0,0.0,node_hello,10:1;11:1;12:1;13:1;14:1;17:1;2:0;20:0;21:1;25:0;28:0;33:1;36:0;40:0;41:1;45:0;48:1;49:0;5:1;7:1,SIM
trickle,50,20,9,warm,240.0,60.0,node_hello,continuous,4,11,0.55,0.2672640000000115,2.1622606109767943,31.727272727272727,131.08531199999953,37.81017600000009,93.27513599999945,0.2884394553678159,0.748371335504886,0.55,0,478,0.0,553,349,204,20,0,2456,0,0.0,1.0,0,0.0,node_hello,10:1;12:1;13:1;17:1;18:0;2:0;21:1;25:0;26:1;29:1;3:0;31:0;33:1;39:0;4:0;41:1;42:1;43:0;44:1;8:0,SIM
trickle,50,20,9,warm,240.0,60.0,node_hello,continuous,5,12,0.6,0.2672639999999973,8.784006812563934,30.416666666666668,135.3615359999995,37.81017600000009,97.5513599999994,0.27932732678210914,0.7484326018808778,0.6,0,485,0.0,569,365,204,20,0,2552,0,0.0,1.0,0,0.0,node_hello,0:1;11:1;16:1;17:0;18:0;20:1;21:0;22:1;29:0;30:1;32:1;33:0;35:1;37:1;41:1;44:0;45:0;46:1;49:1;8:0,SIM
trickle,50,20,9,warm,240.0,60.0,node_hello,continuous,6,12,0.6,0.2672639999999973,2.03854164960942,23.083333333333332,111.84230399999973,37.81017600000009,74.03212799999964,0.3380668552750861,0.7556650246305419,0.6,0,419,0.0,481,277,204,20,0,2030,0,0.0,1.0,0,0.0,node_hello,1:1;10:1;12:1;16:1;24:1;28:0;29:1;30:1;31:0;35:0;37:1;39:0;4:1;40:0;42:0;44:1;45:0;46:0;5:1;8:1,SIM
trickle,50,20,9,warm,240.0,60.0,node_hello,continuous,7,11,0.55,0.2672639999999973,3.3164796999834465,26.90909090909091,116.92031999999969,37.81017600000009,79.1101439999996,0.32338413032054814,0.7955713720838276,0.55,0,422,0.0,500,296,204,20,0,2529,0,0.0,1.0,0,0.0,node_hello,1:1;10:0;14:1;16:1;19:0;21:1;22:1;23:0;32:1;33:0;34:0;41:1;42:0;43:1;44:0;45:1;48:0;49:0;5:1;9:1,SIM
trickle,50,20,9,warm,240.0,60.0,node_hello,continuous,8,12,0.6,0.2672640000000115,6.803241558632952,28.583333333333332,129.48172799999955,37.81017600000009,91.67155199999947,0.292011672874803,0.7912015758371634,0.6,0,455,0.0,547,343,204,20,0,3046,0,0.0,1.0,0,0.0,node_hello,0:0;14:1;18:0;19:0;20:1;22:1;23:1;25:0;26:1;33:0;35:0;38:1;39:1;40:0;41:1;44:0;45:1;46:1;48:1;5:1,SIM
trickle,50,20,9,warm,240.0,60.0,node_hello,continuous,9,11,0.55,0.2672640000000115,2.718394715516837,26.272727272727273,115.0494719999997,37.81017600000009,77.23929599999961,0.32864275987290226,0.8208601422282424,0.55,0,402,0.0,493,289,204,20,0,2953,0,0.0,1.0,0,0.0,node_hello,0:1;1:1;11:0;12:1;14:0;16:1;17:0;24:0;27:1;29:1;30:0;34:1;35:0;37:0;4:1;41:1;44:0;45:0;49:1;5:1,SIM
trickle,50,20,9,warm,240.0,60.0,node_hello,continuous,10,14,0.7,0.2672640000000115,1.453579897579467,27.571428571428573,140.97407999999945,37.81017600000009,103.16390399999935,0.268206580954458,0.7569156293222683,0.7,0,508,0.0,590,386,204,20,0,2892,0,0.0,1.0,0,0.0,node_hello,0:0;12:1;13:1;17:1;23:1;24:1;26:1;27:1;28:0;33:0;35:1;38:1;4:1;42:1;44:0;46:1;47:1;48:1;49:0;7:0,SIM
trickle,50,20,9,warm,240.0,60.0,node_hello,continuous,11,12,0.6,0.2672639999999973,1.6061411489067638,26.5,122.80012799999963,37.81017600000009,84.98995199999953,0.3079001350878087,0.7825390468562274,0.6,0,444,0.0,522,318,204,20,0,2497,0,0.0,1.0,0,0.0,node_hello,1:1;19:1;2:1;20:1;22:0;23:1;28:0;30:0;31:1;34:0;38:0;4:1;40:1;41:1;42:0;44:1;45:0;48:1;49:0;8:1,SIM
trickle,50,20,9,warm,240.0,60.0,node_hello,continuous,12,9,0.45,0.2672640000000115,2.8567385239960625,36.44444444444444,125.4727679999996,37.81017600000009,87.6625919999995,0.30134169033395525,0.7703016241299304,0.45,0,452,0.0,532,328,204,20,79,2586,0,0.0,1.0,0,0.0,node_hello,10:0;12:1;13:1;15:0;17:0;19:1;22:1;24:0;25:1;26:1;31:0;34:1;39:1;4:0;40:0;42:0;45:1;46:0;6:0;7:0,SIM
trickle,50,20,9,warm,240.0,60.0,node_hello,continuous,13,12,0.6,0.4110899268339665,6.760346656083435,24.833333333333332,117.45484799999969,37.81017600000009,79.64467199999959,0.32191243395930486,0.7476793248945147,0.6,0,433,0.0,502,298,204,20,0,2370,0,0.0,1.0,0,0.0,node_hello,10:1;18:1;2:0;20:1;22:1;23:1;27:0;28:0;3:1;31:1;34:1;35:0;37:0;42:1;43:1;47:1;48:0;49:0;6:1;8:0,SIM
trickle,50,20,9,warm,240.0,60.0,node_hello,continuous,14,14,0.7,0.2672639999999973,0.9679853239201875,23.642857142857142,126.27455999999958,37.81017600000009,88.4643839999995,0.29942829339496585,0.8139606396063961,0.7,0,437,0.0,535,331,204,20,0,3252,0,0.0,1.0,0,0.0,node_hello,0:1;10:1;19:0;2:1;23:1;24:0;27:1;28:0;3:1;34:0;4:1;41:1;43:1;44:0;45:1;47:1;49:0;6:1;7:1;8:1,SIM
trickle,50,20,9,warm,240.0,60.0,node_hello,continuous,15,12,0.6,0.2672640000000115,3.1780776815637033,25.5,119.59295999999966,37.81017600000009,81.78278399999957,0.3161572052401763,0.7514868309260833,0.6,0,436,0.0,510,306,204,20,58,2354,0,0.0,1.0,0,0.0,node_hello,1:0;10:1;11:1;13:1;17:1;21:1;22:0;26:0;29:1;3:1;33:0;36:1;38:0;39:1;42:0;43:1;45:1;46:0;48:0;8:1,SIM
trickle,50,20,9,warm,240.0,60.0,node_hello,continuous,16,13,0.65,0.2672639999999973,2.92279813334863,24.384615384615383,122.53286399999962,37.81017600000009,84.72268799999954,0.30857171509514547,0.6917697686928456,0.65,0,465,0.0,521,317,204,20,0,1859,0,0.0,1.0,0,0.0,node_hello,1:1;13:1;14:1;17:1;22:1;3:1;30:0;32:0;33:1;34:1;37:0;4:1;40:1;41:0;42:0;44:1;45:1;46:0;49:0;9:1,SIM
trickle,50,20,9,warm,240.0,60.0,node_hello,continuous,17,12,0.6,0.2672639999999973,2.4042008479035504,25.0,117.98937599999968,37.81017600000009,80.17919999999958,0.3204540720683207,0.7997835497835498,0.6,0,418,0.0,504,300,204,20,0,2772,0,0.0,1.0,0,0.0,node_hello,0:1;1:1;13:0;14:1;17:0;19:1;21:1;27:0;29:0;3:1;30:1;33:0;34:1;40:0;43:1;46:0;48:1;49:0;6:1;7:1,SIM
trickle,50,20,9,warm,240.0,60.0,node_hello,continuous,18,14,0.7,0.2672639999999973,0.2672640000000115,25.357142857142858,132.68889599999952,37.81017600000009,94.87871999999943,0.28495358044127694,0.7814340145479737,0.7,0,477,0.0,559,355,204,20,0,2887,0,0.0,1.0,0,0.0,node_hello,10:1;14:1;20:1;21:1;23:1;24:0;25:1;29:1;31:0;32:1;33:0;34:0;35:1;36:1;4:1;44:0;45:0;47:1;48:1;5:1,SIM
trickle,50,20,9,warm,240.0,60.0,node_hello,continuous,19,12,0.6,0.2672639999999973,2.0208315902677096,24.833333333333332,117.45484799999969,37.81017600000009,79.64467199999959,0.32191243395930486,0.7994611239414935,0.6,0,425,0.0,502,298,204,20,0,2598,0,0.0,1.0,0,0.0,node_hello,12:1;15:1;17:1;18:0;2:1;20:1;27:0;28:0;34:0;37:1;39:0;4:1;40:1;41:0;43:1;45:0;47:1;7:0;8:1;9:1,SIM
trickle,50,20,9,cold,240.0,60.0,node_hello,continuous,0,11,0.55,0.26726400000000083,2.1809980270943683,27.181818181818183,117.72211199999967,37.81017600000009,79.91193599999959,0.32118159755747666,0.773989898989899,0.55,0,434,0.0,503,299,204,20,0,2376,0,0.0,1.0,0,0.0,node_hello,0:1;10:1;11:1;16:1;17:1;19:0;21:1;22:1;24:0;26:1;28:0;30:0;32:0;33:1;36:0;38:0;42:1;46:0;7:0;9:1,SIM
trickle,50,20,9,cold,240.0,60.0,node_hello,continuous,1,11,0.55,0.26726400000000083,4.665395547184211,32.18181818181818,132.42163199999953,37.81017600000009,94.61145599999944,0.285528696701157,0.7977040024821594,0.55,0,460,0.0,558,354,204,20,0,3223,0,0.0,1.0,0,0.0,node_hello,1:0;10:1;14:0;19:1;20:0;25:1;27:1;28:0;3:0;32:0;33:1;34:1;4:1;40:1;41:0;42:1;43:1;44:0;45:0;48:1,SIM
trickle,50,20,9,cold,240.0,60.0,node_hello,continuous,2,11,0.55,2.6058817989658536,8.819408709755802,32.18181818181818,132.42163199999953,37.81017600000009,94.61145599999944,0.285528696701157,0.8069620253164557,0.55,0,462,0.0,558,354,204,20,0,3160,0,0.0,1.0,0,0.0,node_hello,0:1;14:0;15:1;16:1;17:0;2:0;23:0;27:1;28:1;29:0;32:0;37:1;39:0;4:0;40:0;42:1;46:1;47:1;5:1;6:1,SIM
trickle,50,20,9,cold,240.0,60.0,node_hello,continuous,3,12,0.6,0.2672640000000004,3.047299326587673,24.583333333333332,116.65305599999968,37.81017600000009,78.8428799999996,0.3241250362099403,0.7529358626919602,0.6,0,430,0.0,499,295,204,20,0,2214,0,0.0,1.0,0,0.0,node_hello,10:1;11:1;12:1;13:1;14:1;17:1;2:0;20:0;21:1;25:0;28:0;33:1;36:0;40:0;41:1;45:0;48:1;49:0;5:1;7:1,SIM
trickle,50,20,9,cold,240.0,60.0,node_hello,continuous,4,10,0.5,0.2672639999999973,0.6560476429537909,31.9,123.06739199999961,37.81017600000009,85.25721599999953,0.3072314720051938,0.777646595828414,0.5,0,444,0.0,523,319,204,20,0,2541,0,0.0,1.0,0,0.0,node_hello,10:1;12:1;13:1;17:1;18:0;2:1;21:0;25:0;26:1;29:1;3:0;31:0;33:1;39:0;4:0;41:0;42:0;43:1;44:1;8:0,SIM
trickle,50,20,9,cold,240.0,60.0,node_hello,continuous,5,12,0.6,0.2672640000000004,8.784006812563891,30.416666666666668,135.3615359999995,37.81017600000009,97.5513599999994,0.27932732678210914,0.7484326018808778,0.6,0,485,0.0,569,365,204,20,0,2552,0,0.0,1.0,0,0.0,node_hello,0:1;11:1;16:1;17:0;18:0;20:1;21:0;22:1;29:0;30:1;32:1;33:0;35:1;37:1;41:1;44:0;45:0;46:1;49:1;8:0,SIM
trickle,50,20,9,cold,240.0,60.0,node_hello,continuous,6,12,0.6,0.26726400000000083,2.038541649609424,23.083333333333332,111.84230399999973,37.81017600000009,74.03212799999964,0.3380668552750861,0.7556650246305419,0.6,0,419,0.0,481,277,204,20,0,2030,0,0.0,1.0,0,0.0,node_hello,1:1;10:1;12:1;16:1;24:1;28:0;29:1;30:1;31:0;35:0;37:1;39:0;4:1;40:0;42:0;44:1;45:0;46:0;5:1;8:1,SIM
trickle,50,20,9,cold,240.0,60.0,node_hello,continuous,7,11,0.55,0.26726399999999995,3.316479699983443,26.90909090909091,116.92031999999969,37.81017600000009,79.1101439999996,0.32338413032054814,0.7955713720838276,0.55,0,422,0.0,500,296,204,20,0,2529,0,0.0,1.0,0,0.0,node_hello,1:1;10:0;14:1;16:1;19:0;21:1;22:1;23:0;32:1;33:0;34:0;41:1;42:0;43:1;44:0;45:1;48:0;49:0;5:1;9:1,SIM
trickle,50,20,9,cold,240.0,60.0,node_hello,continuous,8,12,0.6,0.2672640000000004,6.803241558632925,28.583333333333332,129.48172799999955,37.81017600000009,91.67155199999947,0.292011672874803,0.7912015758371634,0.6,0,455,0.0,547,343,204,20,0,3046,0,0.0,1.0,0,0.0,node_hello,0:0;14:1;18:0;19:0;20:1;22:1;23:1;25:0;26:1;33:0;35:0;38:1;39:1;40:0;41:1;44:0;45:1;46:1;48:1;5:1,SIM
trickle,50,20,9,cold,240.0,60.0,node_hello,continuous,9,11,0.55,0.26726400000000083,2.7183947155168404,26.272727272727273,115.0494719999997,37.81017600000009,77.23929599999961,0.32864275987290226,0.8208601422282424,0.55,0,402,0.0,493,289,204,20,0,2953,0,0.0,1.0,0,0.0,node_hello,0:1;1:1;11:0;12:1;14:0;16:1;17:0;24:0;27:1;29:1;30:0;34:1;35:0;37:0;4:1;41:1;44:0;45:0;49:1;5:1,SIM
trickle,50,20,9,cold,240.0,60.0,node_hello,continuous,10,14,0.7,0.2672639999999973,1.453579897579466,27.571428571428573,140.97407999999945,37.81017600000009,103.16390399999935,0.268206580954458,0.7569156293222683,0.7,0,508,0.0,590,386,204,20,0,2892,0,0.0,1.0,0,0.0,node_hello,0:0;12:1;13:1;17:1;23:1;24:1;26:1;27:1;28:0;33:0;35:1;38:1;4:1;42:1;44:0;46:1;47:1;48:1;49:0;7:0,SIM
trickle,50,20,9,cold,240.0,60.0,node_hello,continuous,11,12,0.6,0.2672639999999986,1.6061411489067643,26.5,122.80012799999963,37.81017600000009,84.98995199999953,0.3079001350878087,0.7825390468562274,0.6,0,444,0.0,522,318,204,20,0,2497,0,0.0,1.0,0,0.0,node_hello,1:1;19:1;2:1;20:1;22:0;23:1;28:0;30:0;31:1;34:0;38:0;4:1;40:1;41:1;42:0;44:1;45:0;48:1;49:0;8:1,SIM
trickle,50,20,9,cold,240.0,60.0,node_hello,continuous,12,12,0.6,0.26726400000000083,4.92923332510742,30.583333333333332,135.89606399999948,37.81017600000009,98.0858879999994,0.2782286321405176,0.7692024990812202,0.6,0,486,0.0,571,367,204,20,106,2721,0,0.0,1.0,0,0.0,node_hello,10:1;12:1;13:1;15:0;17:1;19:0;22:1;24:0;25:1;26:1;31:1;34:0;39:0;4:1;40:1;42:0;45:1;46:1;6:0;7:0,SIM
trickle,50,20,9,cold,240.0,60.0,node_hello,continuous,13,12,0.6,0.4110899268339665,6.760346656083414,24.833333333333332,117.45484799999969,37.81017600000009,79.64467199999959,0.32191243395930486,0.7476793248945147,0.6,0,433,0.0,502,298,204,20,0,2370,0,0.0,1.0,0,0.0,node_hello,10:1;18:1;2:0;20:1;22:1;23:1;27:0;28:0;3:1;31:1;34:1;35:0;37:0;42:1;43:1;47:1;48:0;49:0;6:1;8:0,SIM
trickle,50,20,9,cold,240.0,60.0,node_hello,continuous,14,14,0.7,0.2672639999999973,0.9679853239201832,23.642857142857142,126.27455999999958,37.81017600000009,88.4643839999995,0.29942829339496585,0.8139606396063961,0.7,0,437,0.0,535,331,204,20,0,3252,0,0.0,1.0,0,0.0,node_hello,0:1;10:1;19:0;2:1;23:1;24:0;27:1;28:0;3:1;34:0;4:1;41:1;43:1;44:0;45:1;47:1;49:0;6:1;7:1;8:1,SIM
trickle,50,20,9,cold,240.0,60.0,node_hello,continuous,15,11,0.55,0.26726399999999995,3.269012539930239,26.818181818181817,116.65305599999968,37.81017600000009,78.8428799999996,0.3241250362099403,0.7996,0.55,0,419,0.0,499,295,204,20,112,2500,0,0.0,1.0,0,0.0,node_hello,1:1;10:1;11:1;13:0;17:1;21:0;22:0;26:0;29:1;3:1;33:1;36:0;38:0;39:1;42:1;43:0;45:0;46:1;48:0;8:1,SIM
trickle,50,20,9,cold,240.0,60.0,node_hello,continuous,16,13,0.65,0.267264,2.92279813334863,24.384615384615383,122.53286399999962,37.81017600000009,84.72268799999954,0.30857171509514547,0.6917697686928456,0.65,0,465,0.0,521,317,204,20,0,1859,0,0.0,1.0,0,0.0,node_hello,1:1;13:1;14:1;17:1;22:1;3:1;30:0;32:0;33:1;34:1;37:0;4:1;40:1;41:0;42:0;44:1;45:1;46:0;49:0;9:1,SIM
trickle,50,20,9,cold,240.0,60.0,node_hello,continuous,17,12,0.6,0.2672639999999986,2.4042008479035273,25.0,117.98937599999968,37.81017600000009,80.17919999999958,0.3204540720683207,0.7997835497835498,0.6,0,418,0.0,504,300,204,20,0,2772,0,0.0,1.0,0,0.0,node_hello,0:1;1:1;13:0;14:1;17:0;19:1;21:1;27:0;29:0;3:1;30:1;33:0;34:1;40:0;43:1;46:0;48:1;49:0;6:1;7:1,SIM
trickle,50,20,9,cold,240.0,60.0,node_hello,continuous,18,14,0.7,0.2672639999999973,0.26726400000000083,25.357142857142858,132.68889599999952,37.81017600000009,94.87871999999943,0.28495358044127694,0.7814340145479737,0.7,0,477,0.0,559,355,204,20,0,2887,0,0.0,1.0,0,0.0,node_hello,10:1;14:1;20:1;21:1;23:1;24:0;25:1;29:1;31:0;32:1;33:0;34:0;35:1;36:1;4:1;44:0;45:0;47:1;48:1;5:1,SIM
trickle,50,20,9,cold,240.0,60.0,node_hello,continuous,19,12,0.6,0.2672639999999986,2.0208315902677048,24.833333333333332,117.45484799999969,37.81017600000009,79.64467199999959,0.32191243395930486,0.7994611239414935,0.6,0,425,0.0,502,298,204,20,0,2598,0,0.0,1.0,0,0.0,node_hello,12:1;15:1;17:1;18:0;2:1;20:1;27:0;28:0;34:0;37:1;39:0;4:1;40:1;41:0;43:1;45:0;47:1;7:0;8:1;9:1,SIM
trickle,100,5,7,warm,240.0,60.0,node_hello,continuous,0,2,0.4,0.0770559999999989,0.0770559999999989,102.0,36.507648000000195,20.788224000000145,15.719424000000052,0.5694210703466855,0.7976125881714595,0.4,0,573,0.0,608,204,404,5,0,1843,0,0.0,1.0,0,0.0,node_hello,10:0;11:0;25:1;8:0;81:1,SIM
trickle,100,5,7,warm,240.0,60.0,node_hello,continuous,1,4,0.8,0.0770559999999989,0.18851276371202128,53.75,37.35526400000019,20.788224000000145,16.567040000000045,0.5565005242634623,0.8429717180244829,0.8,0,571,0.0,619,215,404,5,214,2369,0,0.0,1.0,0,0.0,node_hello,11:1;57:1;73:1;83:1;96:0,SIM
trickle,100,5,7,warm,240.0,60.0,node_hello,continuous,2,4,0.8,0.0770559999999989,0.0770559999999989,45.0,34.555392000000175,20.685312000000142,13.870080000000035,0.5986131484197904,0.5458646616541354,0.8,0,570,0.0,582,180,402,5,0,665,0,0.0,1.0,0,0.0,node_hello,42:0;70:1;84:1;91:1;95:1,SIM
trickle,100,5,7,warm,240.0,60.0,node_hello,continuous,3,5,1.0,0.0770559999999989,0.8658635602906598,45.6,38.356992000000176,20.788224000000145,17.56876800000003,0.54196700304341,0.8089450656295576,1.0,0,592,0.0,632,228,404,5,0,2057,0,0.0,1.0,0,0.0,node_hello,11:1;49:1;5:1;67:1;99:1,SIM
trickle,100,5,7,warm,240.0,60.0,node_hello,continuous,4,5,1.0,0.3322608741369919,0.8270252753660856,53.0,41.208064000000135,20.788224000000145,20.41983999999999,0.5044698047450149,0.884272997032641,1.0,0,579,0.0,669,265,404,5,188,4044,0,0.0,1.0,0,0.0,node_hello,30:1;38:1;51:1;76:1;88:1,SIM
trickle,100,5,7,warm,240.0,60.0,node_hello,continuous,5,5,1.0,0.0770559999999989,1.699890754492031,47.6,39.127552000000165,20.788224000000145,18.33932800000002,0.5312937543345431,0.8388094317742559,1.0,0,589,0.0,642,238,404,5,0,2587,0,0.0,1.0,0,0.0,node_hello,13:1;24:1;58:1;69:1;87:1,SIM
trickle,100,5,7,warm,240.0,60.0,node_hello,continuous,6,4,0.8,0.4634381033344752,1.6498177468607342,59.0,38.97344000000017,20.788224000000145,18.185216000000022,0.5333946400420403,0.8293745051464766,0.8,0,585,0.0,640,236,404,5,161,2526,0,0.41,1.0,0,0.0,node_hello,11:0;33:1;75:1;78:1;86:1,SIM
trickle,100,5,7,warm,240.0,60.0,node_hello,continuous,7,5,1.0,0.0770559999999989,0.0770559999999989,55.2,42.05568000000012,20.788224000000145,21.267455999999978,0.4943024105186287,0.8746666666666667,1.0,0,597,0.0,680,276,404,5,413,3750,0,0.0,1.0,0,0.0,node_hello,12:1;17:1;28:1;59:1;95:1,SIM
trickle,100,5,7,warm,240.0,60.0,node_hello,continuous,8,4,0.8,0.0770559999999989,0.9073116233445109,53.25,37.20115200000019,20.788224000000145,16.412928000000047,0.5588059208489038,0.8160469667318982,0.8,0,574,0.0,617,213,404,5,0,2044,0,0.0,1.0,0,0.0,node_hello,27:0;37:1;65:1;67:1;72:1,SIM
trickle,100,5,7,warm,240.0,60.0,node_hello,continuous,9,5,1.0,0.0770559999999989,0.6022265174806136,46.6,38.74227200000017,20.788224000000145,17.954048000000025,0.5365773075982755,0.8466593647316539,1.0,0,579,0.0,637,233,404,5,193,2739,0,0.0,1.0,0,0.0,node_hello,11:1;19:1;20:1;42:1;5:1,SIM
trickle,100,5,7,warm,240.0,60.0,node_hello,continuous,10,5,1.0,0.15901994334303993,3.728787406250337,56.4,42.51801600000012,20.788224000000145,21.72979199999997,0.4889274231422296,0.8719935863174773,1.0,0,613,0.0,686,282,404,5,0,3742,0,0.0,1.0,0,0.0,node_hello,12:1;44:1;66:1;79:1;83:1,SIM
trickle,100,5,7,warm,240.0,60.0,node_hello,continuous,11,3,0.6,0.0770559999999989,0.8397463540220854,65.33333333333333,35.89120000000019,20.788224000000145,15.102976000000046,0.5792011412268199,0.665314401622718,0.6,0,581,0.0,600,196,404,5,0,986,0,0.0,1.0,0,0.0,node_hello,2:1;33:0;41:0;68:1;91:1,SIM
trickle,100,5,7,warm,240.0,60.0,node_hello,continuous,12,4,0.8,0.0770559999999989,0.9153436808690006,51.0,36.507648000000195,20.788224000000145,15.719424000000052,0.5694210703466855,0.7551020408163265,0.8,0,579,0.0,608,204,404,5,0,1568,0,0.0,1.0,0,0.0,node_hello,1:0;10:1;3:1;31:1;7:1,SIM
trickle,100,5,7,warm,240.0,60.0,node_hello,continuous,13,3,0.6,0.0770559999999989,0.0770559999999989,56.333333333333336,28.768000000000015,15.745535999999985,13.022464000000028,0.5473281423804219,0.3215962441314554,0.6,0,466,0.0,475,169,306,5,59,426,0,0.0,1.0,0,0.0,node_hello,15:0;26:1;41:0;86:1;87:1,SIM
trickle,100,5,7,warm,240.0,60.0,node_hello,continuous,14,4,0.8,0.0770559999999989,0.9816698880467957,48.75,35.81414400000019,20.788224000000145,15.025920000000045,0.5804473227113857,0.547911547911548,0.8,0,581,0.0,599,195,404,5,0,814,0,0.0,1.0,0,0.0,node_hello,24:1;48:0;68:1;75:1;96:1,SIM
trickle,100,5,7,warm,240.0,60.0,node_hello,continuous,15,5,1.0,0.0770559999999989,1.0410958714200318,43.6,37.58643200000019,20.788224000000145,16.79820800000004,0.5530778766124979,0.8354114713216958,1.0,0,575,0.0,622,218,404,5,0,2406,0,0.0,1.0,0,0.0,node_hello,1:1;48:1;60:1;80:1;96:1,SIM
trickle,100,5,7,warm,240.0,60.0,node_hello,continuous,16,2,0.4,0.5970712400312408,1.0650849560593585,96.0,35.58297600000019,20.788224000000145,14.794752000000043,0.5842182508849185,0.5216763005780347,0.4,0,581,0.0,596,192,404,5,0,692,0,0.0,1.0,0,0.0,node_hello,25:0;5:0;67:0;68:1;93:1,SIM
trickle,100,5,7,warm,240.0,60.0,node_hello,continuous,17,4,0.8,0.0770559999999989,0.7025521556416334,48.0,35.58297600000019,20.788224000000145,14.794752000000043,0.5842182508849185,0.7368421052631579,0.8,0,565,0.0,596,192,404,5,230,1330,0,0.0,1.0,0,0.0,node_hello,29:1;48:0;51:1;62:1;87:1,SIM
trickle,100,5,7,warm,240.0,60.0,node_hello,continuous,18,4,0.8,0.22479701208992253,0.5204011133745594,53.25,37.20115200000019,20.788224000000145,16.412928000000047,0.5588059208489038,0.8548018292682927,0.8,0,564,0.0,617,213,404,5,0,2624,0,0.0,1.0,0,0.0,node_hello,29:1;49:0;87:1;89:1;96:1,SIM
trickle,100,5,7,warm,240.0,60.0,node_hello,continuous,19,2,0.4,0.0770559999999989,0.0770559999999989,94.5,35.35180800000019,20.788224000000145,14.563584000000041,0.5880384957963122,0.7068516912402428,0.4,0,572,0.0,593,189,404,5,0,1153,0,0.0,1.0,0,0.0,node_hello,49:0;57:0;73:0;96:1;99:1,SIM
trickle,100,5,7,cold,240.0,60.0,node_hello,continuous,0,2,0.4,0.0770559999999989,0.0770559999999989,102.0,36.507648000000195,20.788224000000145,15.719424000000052,0.5694210703466855,0.7976125881714595,0.4,0,573,0.0,608,204,404,5,0,1843,0,0.0,1.0,0,0.0,node_hello,10:0;11:0;25:1;8:0;81:1,SIM
trickle,100,5,7,cold,240.0,60.0,node_hello,continuous,1,5,1.0,0.07705599999999979,0.1983695671026583,48.6,39.51283200000016,20.788224000000145,18.724608000000014,0.5261132383525449,0.8867197534035448,1.0,0,567,0.0,647,243,404,5,225,3893,0,0.0,1.0,0,0.0,node_hello,11:1;57:1;73:1;83:1;96:1,SIM
trickle,100,5,7,cold,240.0,60.0,node_hello,continuous,2,5,1.0,0.07705599999999979,0.07705600000000054,37.0,34.94067200000018,20.685312000000142,14.255360000000039,0.5920124260918633,0.31422505307855625,1.0,0,578,0.0,587,185,402,5,0,471,0,0.0,1.0,0,0.0,node_hello,42:1;70:1;84:1;91:1;95:1,SIM
trickle,100,5,7,cold,240.0,60.0,node_hello,continuous,3,5,1.0,0.07705599999999979,0.8658635602906628,45.6,38.356992000000176,20.788224000000145,17.56876800000003,0.54196700304341,0.8089450656295576,1.0,0,592,0.0,632,228,404,5,0,2057,0,0.0,1.0,0,0.0,node_hello,11:1;49:1;5:1;67:1;99:1,SIM
trickle,100,5,7,cold,240.0,60.0,node_hello,continuous,4,3,0.6,1.2104777434123832,2.138320970437354,71.66666666666667,37.35526400000019,20.788224000000145,16.567040000000045,0.5565005242634623,0.8480551053484603,0.6,0,561,0.0,619,215,404,5,198,2468,0,0.0,1.0,0,0.0,node_hello,30:0;38:0;51:1;76:1;88:1,SIM
trickle,100,5,7,cold,240.0,60.0,node_hello,continuous,5,5,1.0,0.077056,1.6998907544920314,47.6,39.127552000000165,20.788224000000145,18.33932800000002,0.5312937543345431,0.8388094317742559,1.0,0,589,0.0,642,238,404,5,0,2587,0,0.0,1.0,0,0.0,node_hello,13:1;24:1;58:1;69:1;87:1,SIM
trickle,100,5,7,cold,240.0,60.0,node_hello,continuous,6,4,0.8,0.07705600000000024,0.2765763145729034,57.5,38.511104000000174,20.788224000000145,17.72288000000003,0.5397981839211894,0.8558682223747426,0.8,0,572,0.0,634,230,404,5,173,2914,0,0.0,1.0,0,0.0,node_hello,11:0;33:1;75:1;78:1;86:1,SIM
trickle,100,5,7,cold,240.0,60.0,node_hello,continuous,7,4,0.8,0.16172800503772056,0.25555483424265335,55.25,37.81760000000018,20.788224000000145,17.02937600000004,0.5496970722626514,0.8535952557449963,0.8,0,562,0.0,625,221,404,5,420,2698,0,0.0,1.0,0,0.0,node_hello,12:1;17:0;28:1;59:1;95:1,SIM
trickle,100,5,7,cold,240.0,60.0,node_hello,continuous,8,4,0.8,0.07705600000000024,0.9073116233445051,53.25,37.20115200000019,20.788224000000145,16.412928000000047,0.5588059208489038,0.8160469667318982,0.8,0,574,0.0,617,213,404,5,0,2044,0,0.0,1.0,0,0.0,node_hello,27:0;37:1;65:1;67:1;72:1,SIM
trickle,100,5,7,cold,240.0,60.0,node_hello,continuous,9,5,1.0,0.077056,0.1942294579971616,46.8,38.81932800000017,20.788224000000145,18.031104000000024,0.5355122067028067,0.856093979441997,1.0,0,579,0.0,638,234,404,5,210,2724,0,0.0,1.0,0,0.0,node_hello,11:1;19:1;20:1;42:1;5:1,SIM
trickle,100,5,7,cold,240.0,60.0,node_hello,continuous,10,5,1.0,0.1590199433430417,3.728787406250338,56.4,42.51801600000012,20.788224000000145,21.72979199999997,0.4889274231422296,0.8719935863174773,1.0,0,613,0.0,686,282,404,5,0,3742,0,0.0,1.0,0,0.0,node_hello,12:1;44:1;66:1;79:1;83:1,SIM
trickle,100,5,7,cold,240.0,60.0,node_hello,continuous,11,3,0.6,0.077056,0.8397463540220886,65.33333333333333,35.89120000000019,20.788224000000145,15.102976000000046,0.5792011412268199,0.665314401622718,0.6,0,581,0.0,600,196,404,5,0,986,0,0.0,1.0,0,0.0,node_hello,2:1;33:0;41:0;68:1;91:1,SIM
trickle,100,5,7,cold,240.0,60.0,node_hello,continuous,12,4,0.8,0.07705599999999935,0.9153436808690053,51.0,36.507648000000195,20.788224000000145,15.719424000000052,0.5694210703466855,0.7551020408163265,0.8,0,579,0.0,608,204,404,5,0,1568,0,0.0,1.0,0,0.0,node_hello,1:0;10:1;3:1;31:1;7:1,SIM
trickle,100,5,7,cold,240.0,60.0,node_hello,continuous,13,2,0.4,0.6432850349394119,1.1528911663848835,109.0,32.543744000000025,15.745535999999985,16.79820800000004,0.4838268147635371,0.7905620360551432,0.4,0,488,0.0,524,218,306,5,56,1886,0,0.0,1.0,0,0.0,node_hello,15:0;26:0;41:0;86:1;87:1,SIM
trickle,100,5,7,cold,240.0,60.0,node_hello,continuous,14,4,0.8,0.07705600000000035,0.9816698880467959,48.75,35.81414400000019,20.788224000000145,15.025920000000045,0.5804473227113857,0.547911547911548,0.8,0,581,0.0,599,195,404,5,0,814,0,0.0,1.0,0,0.0,node_hello,24:1;48:0;68:1;75:1;96:1,SIM
trickle,100,5,7,cold,240.0,60.0,node_hello,continuous,15,5,1.0,0.077056,1.0410958714200327,43.6,37.58643200000019,20.788224000000145,16.79820800000004,0.5530778766124979,0.8354114713216958,1.0,0,575,0.0,622,218,404,5,0,2406,0,0.0,1.0,0,0.0,node_hello,1:1;48:1;60:1;80:1;96:1,SIM
trickle,100,5,7,cold,240.0,60.0,node_hello,continuous,16,2,0.4,0.597071240031239,1.0650849560593552,96.0,35.58297600000019,20.788224000000145,14.794752000000043,0.5842182508849185,0.5216763005780347,0.4,0,581,0.0,596,192,404,5,0,692,0,0.0,1.0,0,0.0,node_hello,25:0;5:0;67:0;68:1;93:1,SIM
trickle,100,5,7,cold,240.0,60.0,node_hello,continuous,17,4,0.8,0.12071927274982652,0.16869810110235353,47.75,35.50592000000019,20.788224000000145,14.717696000000043,0.5854861386495558,0.6340378197997776,0.8,0,573,0.0,595,191,404,5,234,899,0,0.0,1.0,0,0.0,node_hello,29:1;48:0;51:1;62:1;87:1,SIM
trickle,100,5,7,cold,240.0,60.0,node_hello,continuous,18,4,0.8,0.22479701208991987,0.5204011133745614,53.25,37.20115200000019,20.788224000000145,16.412928000000047,0.5588059208489038,0.8548018292682927,0.8,0,564,0.0,617,213,404,5,0,2624,0,0.0,1.0,0,0.0,node_hello,29:1;49:0;87:1;89:1;96:1,SIM
trickle,100,5,7,cold,240.0,60.0,node_hello,continuous,19,2,0.4,0.0770559999999989,0.0770559999999989,94.5,35.35180800000019,20.788224000000145,14.563584000000041,0.5880384957963122,0.7068516912402428,0.4,0,572,0.0,593,189,404,5,0,1153,0,0.0,1.0,0,0.0,node_hello,49:0;57:0;73:0;96:1;99:1,SIM
trickle,100,5,9,warm,240.0,60.0,node_hello,continuous,0,3,0.6,0.2672639999999973,0.2672639999999973,69.33333333333333,130.46988800000003,74.87897600000021,55.59091199999983,0.5739176843625419,0.0,0.6,0,607,0.0,612,208,404,5,0,354,0,0.0,1.0,0,0.0,node_hello,10:0;11:1;25:1;8:0;81:1,SIM
trickle,100,5,9,warm,240.0,60.0,node_hello,continuous,1,3,0.6,0.2672639999999973,0.2672639999999973,67.33333333333333,128.86630400000007,74.87897600000021,53.98732799999985,0.5810593900481554,0.0,0.6,0,601,0.0,606,202,404,5,0,339,0,0.0,1.0,0,0.0,node_hello,11:0;57:1;73:0;83:1;96:1,SIM
trickle,100,5,9,warm,240.0,60.0,node_hello,continuous,2,3,0.6,0.2672639999999973,0.2672639999999973,59.666666666666664,122.34854400000012,74.5082880000002,47.84025599999991,0.6089838551736271,0.0,0.6,0,577,0.0,581,179,402,5,0,303,0,0.0,1.0,0,0.0,node_hello,42:0;70:1;84:1;91:0;95:1,SIM
trickle,100,5,9,warm,240.0,60.0,node_hello,continuous,3,4,0.8,0.2672639999999973,0.2672639999999973,51.5,129.93536000000006,74.87897600000021,55.05638399999984,0.5762786665615901,0.0,0.8,0,605,0.0,610,206,404,5,0,350,0,0.0,1.0,0,0.0,node_hello,11:1;49:1;5:1;67:0;99:1,SIM
trickle,100,5,9,warm,240.0,60.0,node_hello,continuous,4,3,0.6,0.5435006912923512,2.540486937237223,74.66666666666667,134.74611199999998,74.87897600000021,59.86713599999979,0.5557041675532739,0.30742049469964666,0.6,0,619,0.0,628,224,404,5,0,566,0,0.0,1.0,0,0.0,node_hello,30:0;38:1;51:0;76:1;88:1,SIM
trickle,100,5,9,warm,240.0,60.0,node_hello,continuous,5,4,0.8,0.2672639999999973,0.2672639999999973,50.75,129.13356800000005,74.87897600000021,54.254591999999846,0.5798567882829674,0.14698795180722893,0.8,0,601,0.0,607,203,404,5,0,415,0,0.0,1.0,0,0.0,node_hello,13:1;24:1;58:1;69:1;87:0,SIM
trickle,100,5,9,warm,240.0,60.0,node_hello,continuous,6,5,1.0,0.2672639999999973,0.4835771739166233,41.4,130.20262400000004,74.87897600000021,55.323647999999835,0.5750957522945174,0.11316397228637413,1.0,0,601,0.0,611,207,404,5,246,433,0,0.57,1.0,0,0.0,node_hello,11:1;33:1;75:1;78:1;86:1,SIM
trickle,100,5,9,warm,240.0,60.0,node_hello,continuous,7,3,0.6,0.2672639999999973,0.2672639999999973,63.666666666666664,125.92640000000009,74.87897600000021,51.04742399999988,0.5946249237649941,0.0,0.6,0,590,0.0,595,191,404,5,0,325,0,0.0,1.0,0,0.0,node_hello,12:1;17:0;28:1;59:0;95:1,SIM
trickle,100,5,9,warm,240.0,60.0,node_hello,continuous,8,4,0.8,0.2672639999999973,0.2672639999999973,48.0,126.19366400000008,74.87897600000021,51.314687999999876,0.5933655749943211,0.0,0.8,0,591,0.0,596,192,404,5,0,322,0,0.0,1.0,0,0.0,node_hello,27:1;37:1;65:1;67:1;72:0,SIM
trickle,100,5,9,warm,240.0,60.0,node_hello,continuous,9,3,0.6,0.2672639999999973,0.2672639999999973,69.33333333333333,130.46988800000003,74.87897600000021,55.59091199999983,0.5739176843625419,0.0,0.6,0,607,0.0,612,208,404,5,0,348,0,0.0,1.0,0,0.0,node_hello,11:0;19:1;20:1;42:0;5:1,SIM
trickle,100,5,9,warm,240.0,60.0,node_hello,continuous,10,5,1.0,0.2672639999999973,0.2672639999999973,38.2,125.92640000000009,74.87897600000021,51.04742399999988,0.5946249237649941,0.0,1.0,0,590,0.0,595,191,404,5,0,319,0,0.0,1.0,0,0.0,node_hello,12:1;44:1;66:1;79:1;83:1,SIM
trickle,100,5,9,warm,240.0,60.0,node_hello,continuous,11,3,0.6,0.2672639999999973,0.2672639999999973,67.66666666666667,129.13356800000005,74.87897600000021,54.254591999999846,0.5798567882829674,0.36044362292051757,0.6,0,599,0.0,607,203,404,5,0,541,0,0.0,1.0,0,0.0,node_hello,2:1;33:1;41:0;68:0;91:1,SIM
trickle,100,5,9,warm,240.0,60.0,node_hello,continuous,12,4,0.8,0.2672639999999973,0.2672639999999973,52.5,131.00441600000005,74.87897600000021,56.12543999999983,0.5715759688589442,0.0,0.8,0,609,0.0,614,210,404,5,0,371,0,0.0,1.0,0,0.0,node_hello,1:0;10:1;3:1;31:1;7:1,SIM
trickle,100,5,9,warm,240.0,60.0,node_hello,continuous,13,3,0.6,0.2672639999999973,0.2672639999999973,60.0,104.82278400000007,56.715264000000154,48.10751999999991,0.5410585545982075,0.0,0.6,0,481,0.0,486,180,306,5,75,314,0,0.0,1.0,0,0.0,node_hello,15:0;26:0;41:1;86:1;87:1,SIM
trickle,100,5,9,warm,240.0,60.0,node_hello,continuous,14,2,0.4,0.2672639999999973,0.2672639999999973,102.0,129.40083200000004,74.87897600000021,54.52185599999984,0.5786591542162587,0.1172069825436409,0.4,0,602,0.0,608,204,404,5,0,401,0,0.0,1.0,0,0.0,node_hello,24:1;48:0;68:0;75:0;96:1,SIM
trickle,100,5,9,warm,240.0,60.0,node_hello,continuous,15,3,0.6,0.2672639999999973,0.2672639999999973,68.0,129.40083200000004,74.87897600000021,54.52185599999984,0.5786591542162587,0.0,0.6,0,603,0.0,608,204,404,5,0,342,0,0.0,1.0,0,0.0,node_hello,1:1;48:0;60:1;80:1;96:0,SIM
trickle,100,5,9,warm,240.0,60.0,node_hello,continuous,16,3,0.6,0.2672639999999973,0.2672639999999973,66.66666666666667,128.33177600000005,74.87897600000021,53.452799999999854,0.5834796208228287,0.0,0.6,0,599,0.0,604,200,404,5,0,339,0,0.0,1.0,0,0.0,node_hello,25:0;5:1;67:1;68:1;93:0,SIM
trickle,100,5,9,warm,240.0,60.0,node_hello,continuous,17,2,0.4,0.2672639999999973,0.2672639999999973,99.0,127.79724800000007,74.87897600000021,52.91827199999986,0.5859200974343373,0.12303664921465969,0.4,0,596,0.0,602,198,404,5,0,382,0,0.0,1.0,0,0.0,node_hello,29:1;48:0;51:0;62:0;87:1,SIM
trickle,100,5,9,warm,240.0,60.0,node_hello,continuous,18,3,0.6,0.2672639999999973,0.2672639999999973,67.0,128.59904000000006,74.87897600000021,53.72006399999985,0.5822669904845338,0.10850439882697947,0.6,0,599,0.0,605,201,404,5,0,341,0,0.0,1.0,0,0.0,node_hello,29:1;49:0;87:1;89:0;96:1,SIM
trickle,100,5,9,warm,240.0,60.0,node_hello,continuous,19,3,0.6,0.2672639999999973,0.2672639999999973,68.0,129.40083200000004,74.87897600000021,54.52185599999984,0.5786591542162587,0.0,0.6,0,603,0.0,608,204,404,5,0,341,0,0.0,1.0,0,0.0,node_hello,49:0;57:1;73:0;96:1;99:1,SIM
trickle,100,5,9,cold,240.0,60.0,node_hello,continuous,0,3,0.6,0.26726400000000083,0.26726400000000083,69.33333333333333,130.46988800000003,74.87897600000021,55.59091199999983,0.5739176843625419,0.0,0.6,0,607,0.0,612,208,404,5,0,354,0,0.0,1.0,0,0.0,node_hello,10:0;11:1;25:1;8:0;81:1,SIM
trickle,100,5,9,cold,240.0,60.0,node_hello,continuous,1,3,0.6,0.26726400000000083,0.26726400000000083,67.33333333333333,128.86630400000007,74.87897600000021,53.98732799999985,0.5810593900481554,0.0,0.6,0,601,0.0,606,202,404,5,0,339,0,0.0,1.0,0,0.0,node_hello,11:0;57:1;73:0;83:1;96:1,SIM
trickle,100,5,9,cold,240.0,60.0,node_hello,continuous,2,4,0.8,0.2672640000000004,0.26726400000000083,51.75,129.83193600000004,74.5082880000002,55.323647999999835,0.5738825923384535,0.0,0.8,0,604,0.0,609,207,402,5,0,350,0,0.0,1.0,0,0.0,node_hello,42:1;70:1;84:0;91:1;95:1,SIM
trickle,100,5,9,cold,240.0,60.0,node_hello,continuous,3,4,0.8,0.2672640000000004,0.26726400000000083,51.5,129.93536000000006,74.87897600000021,55.05638399999984,0.5762786665615901,0.0,0.8,0,605,0.0,610,206,404,5,0,350,0,0.0,1.0,0,0.0,node_hello,11:1;49:1;5:1;67:0;99:1,SIM
trickle,100,5,9,cold,240.0,60.0,node_hello,continuous,4,3,0.6,0.5435006912923521,2.5404869372372327,74.66666666666667,134.74611199999998,74.87897600000021,59.86713599999979,0.5557041675532739,0.30742049469964666,0.6,0,619,0.0,628,224,404,5,0,566,0,0.0,1.0,0,0.0,node_hello,30:0;38:1;51:0;76:1;88:1,SIM
trickle,100,5,9,cold,240.0,60.0,node_hello,continuous,5,4,0.8,0.2672640000000004,0.26726400000000083,50.75,129.13356800000005,74.87897600000021,54.254591999999846,0.5798567882829674,0.14698795180722893,0.8,0,601,0.0,607,203,404,5,0,415,0,0.0,1.0,0,0.0,node_hello,13:1;24:1;58:1;69:1;87:0,SIM
trickle,100,5,9,cold,240.0,60.0,node_hello,continuous,6,5,1.0,0.26726400000000083,0.26726400000000083,41.8,130.73715200000004,74.87897600000021,55.85817599999983,0.572744433043793,0.0,1.0,0,604,0.0,613,209,404,5,249,351,0,0.0,1.0,0,0.0,node_hello,11:1;33:1;75:1;78:1;86:1,SIM
trickle,100,5,9,cold,240.0,60.0,node_hello,continuous,7,3,0.6,0.26726400000000083,0.26726400000000083,63.666666666666664,125.92640000000009,74.87897600000021,51.04742399999988,0.5946249237649941,0.0,0.6,0,590,0.0,595,191,404,5,0,325,0,0.0,1.0,0,0.0,node_hello,12:1;17:0;28:1;59:0;95:1,SIM
trickle,100,5,9,cold,240.0,60.0,node_hello,continuous,8,4,0.8,0.2672640000000004,0.26726400000000083,48.0,126.19366400000008,74.87897600000021,51.314687999999876,0.5933655749943211,0.0,0.8,0,591,0.0,596,192,404,5,0,322,0,0.0,1.0,0,0.0,node_hello,27:1;37:1;65:1;67:1;72:0,SIM
trickle,100,5,9,cold,240.0,60.0,node_hello,continuous,9,3,0.6,0.26726400000000083,0.26726400000000083,69.33333333333333,130.46988800000003,74.87897600000021,55.59091199999983,0.5739176843625419,0.0,0.6,0,607,0.0,612,208,404,5,0,348,0,0.0,1.0,0,0.0,node_hello,11:0;19:1;20:1;42:0;5:1,SIM
trickle,100,5,9,cold,240.0,60.0,node_hello,continuous,10,5,1.0,0.26726400000000083,0.26726400000000083,38.2,125.92640000000009,74.87897600000021,51.04742399999988,0.5946249237649941,0.0,1.0,0,590,0.0,595,191,404,5,0,319,0,0.0,1.0,0,0.0,node_hello,12:1;44:1;66:1;79:1;83:1,SIM
trickle,100,5,9,cold,240.0,60.0,node_hello,continuous,11,3,0.6,0.267264,0.2672640000000008,67.66666666666667,129.13356800000005,74.87897600000021,54.254591999999846,0.5798567882829674,0.36044362292051757,0.6,0,599,0.0,607,203,404,5,0,541,0,0.0,1.0,0,0.0,node_hello,2:1;33:1;41:0;68:0;91:1,SIM
trickle,100,5,9,cold,240.0,60.0,node_hello,continuous,12,4,0.8,0.26726400000000083,0.26726400000000083,52.5,131.00441600000005,74.87897600000021,56.12543999999983,0.5715759688589442,0.0,0.8,0,609,0.0,614,210,404,5,0,371,0,0.0,1.0,0,0.0,node_hello,1:0;10:1;3:1;31:1;7:1,SIM
trickle,100,5,9,cold,240.0,60.0,node_hello,continuous,13,5,1.0,0.26726400000000083,0.26726400000000083,44.6,116.31513599999994,56.715264000000154,59.59987199999979,0.4876000316932113,0.0,1.0,0,523,0.0,529,223,306,5,72,383,0,0.0,1.0,0,0.0,node_hello,15:1;26:1;41:1;86:1;87:1,SIM
trickle,100,5,9,cold,240.0,60.0,node_hello,continuous,14,2,0.4,0.2672640000000004,0.2672640000000008,102.0,129.40083200000004,74.87897600000021,54.52185599999984,0.5786591542162587,0.1172069825436409,0.4,0,602,0.0,608,204,404,5,0,401,0,0.0,1.0,0,0.0,node_hello,24:1;48:0;68:0;75:0;96:1,SIM
trickle,100,5,9,cold,240.0,60.0,node_hello,continuous,15,3,0.6,0.26726400000000083,0.26726400000000083,68.0,129.40083200000004,74.87897600000021,54.52185599999984,0.5786591542162587,0.0,0.6,0,603,0.0,608,204,404,5,0,342,0,0.0,1.0,0,0.0,node_hello,1:1;48:0;60:1;80:1;96:0,SIM
trickle,100,5,9,cold,240.0,60.0,node_hello,continuous,16,3,0.6,0.26726400000000083,0.26726400000000083,66.66666666666667,128.33177600000005,74.87897600000021,53.452799999999854,0.5834796208228287,0.0,0.6,0,599,0.0,604,200,404,5,0,339,0,0.0,1.0,0,0.0,node_hello,25:0;5:1;67:1;68:1;93:0,SIM
trickle,100,5,9,cold,240.0,60.0,node_hello,continuous,17,2,0.4,0.2672640000000004,0.2672640000000008,99.0,127.79724800000007,74.87897600000021,52.91827199999986,0.5859200974343373,0.12303664921465969,0.4,0,596,0.0,602,198,404,5,0,382,0,0.0,1.0,0,0.0,node_hello,29:1;48:0;51:0;62:0;87:1,SIM
trickle,100,5,9,cold,240.0,60.0,node_hello,continuous,18,3,0.6,0.26726400000000083,0.26726400000000083,67.0,128.59904000000006,74.87897600000021,53.72006399999985,0.5822669904845338,0.10850439882697947,0.6,0,599,0.0,605,201,404,5,0,341,0,0.0,1.0,0,0.0,node_hello,29:1;49:0;87:1;89:0;96:1,SIM
trickle,100,5,9,cold,240.0,60.0,node_hello,continuous,19,3,0.6,0.26726400000000083,0.26726400000000083,68.0,129.40083200000004,74.87897600000021,54.52185599999984,0.5786591542162587,0.0,0.6,0,603,0.0,608,204,404,5,0,341,0,0.0,1.0,0,0.0,node_hello,49:0;57:1;73:0;96:1;99:1,SIM
trickle,100,20,7,warm,240.0,60.0,node_hello,continuous,0,15,0.75,0.0770559999999989,1.9038220642268617,49.733333333333334,78.27199999999961,20.788224000000145,57.483775999999466,0.2655895339329549,0.9029359308547126,0.75,0,863,0.0,1150,746,404,20,0,14578,0,0.0,1.0,0,0.0,node_hello,1:1;10:1;11:1;12:1;25:1;28:0;37:1;49:1;50:0;57:0;62:1;66:1;7:1;71:1;74:1;8:1;81:0;86:0;91:1;95:1,SIM
trickle,100,20,7,warm,240.0,60.0,node_hello,continuous,1,13,0.65,0.0770559999999989,1.2481502539978861,56.46153846153846,77.34732799999962,20.788224000000145,56.55910399999948,0.2687646042536886,0.8974418246262906,0.65,0,873,0.0,1138,734,404,20,106,12978,0,0.0,1.0,0,0.0,node_hello,11:0;12:1;23:1;29:0;31:1;38:0;39:1;40:1;41:0;42:1;43:1;49:0;5:1;57:1;69:1;73:1;74:1;82:0;83:1;96:0,SIM
trickle,100,20,7,warm,240.0,60.0,node_hello,continuous,2,12,0.6,0.0770559999999989,1.8611969317293706,51.083333333333336,67.92063999999975,20.685312000000142,47.23532799999961,0.30455119386390084,0.8996968165740273,0.6,0,769,0.0,1015,613,402,20,0,11874,0,0.0,1.0,0,0.0,node_hello,1:0;10:0;24:1;28:1;40:1;42:1;48:0;51:0;59:1;67:1;68:0;70:1;79:1;81:0;84:1;85:0;91:1;92:1;95:1;97:0,SIM
trickle,100,20,7,warm,240.0,60.0,node_hello,continuous,3,14,0.7,0.0770559999999989,4.301786376669109,50.357142857142854,75.11270399999965,20.788224000000145,54.32447999999951,0.2767604265717853,0.9102144912372482,0.7,0,804,0.0,1109,705,404,20,0,15292,0,0.0,1.0,0,0.0,node_hello,11:1;12:1;14:1;15:1;22:0;3:0;36:0;38:1;43:1;48:1;49:0;5:1;61:1;67:1;72:0;74:0;84:1;86:1;89:1;99:1,SIM
trickle,100,20,7,warm,240.0,60.0,node_hello,continuous,4,12,0.6,0.1178679879720761,2.175128946692933,48.166666666666664,65.32659199999979,20.788224000000145,44.53836799999965,0.31821993714290514,0.8973509933774835,0.6,0,734,0.0,982,578,404,20,216,11174,0,0.0,1.0,0,0.0,node_hello,28:1;29:1;30:1;36:1;38:1;39:1;40:0;41:1;47:0;51:0;57:1;62:0;64:1;67:0;68:1;76:0;80:1;88:1;90:0;95:0,SIM
trickle,100,20,7,warm,240.0,60.0,node_hello,continuous,5,14,0.7,0.0770559999999989,3.1229549368256917,49.857142857142854,74.57331199999966,20.788224000000145,53.78508799999952,0.2787622467404993,0.9092382495948136,0.7,0,817,0.0,1102,698,404,20,0,14191,0,0.0,1.0,0,0.0,node_hello,1:1;13:1;24:1;25:1;49:1;50:0;54:1;58:1;60:1;61:0;69:1;73:0;76:1;80:1;83:0;87:0;88:1;90:1;92:0;99:1,SIM
trickle,100,20,7,warm,240.0,60.0,node_hello,continuous,6,12,0.6,0.0770559999999989,1.2971656290080458,52.75,69.56467199999973,20.788224000000145,48.77644799999959,0.29883306285121597,0.8930329578639966,0.6,0,785,0.0,1037,633,404,20,132,11985,0,0.38,1.0,0,0.0,node_hello,11:0;16:0;23:1;29:1;31:1;33:0;34:1;49:1;53:1;54:1;61:0;66:0;69:1;72:1;75:1;76:0;78:0;80:1;84:0;86:1,SIM
trickle,100,20,7,warm,240.0,60.0,node_hello,continuous,7,11,0.55,0.443260243463655,2.4817337896652063,51.0,64.01663999999981,20.788224000000145,43.22841599999967,0.32473156979185736,0.9082382762991128,0.55,0,712,0.0,965,561,404,20,258,11835,0,0.0,1.0,0,0.0,node_hello,11:0;12:1;17:1;20:1;25:1;28:0;40:1;43:0;45:1;50:0;51:1;53:1;55:0;59:0;62:1;65:0;85:0;90:1;92:0;95:1,SIM
trickle,100,20,7,warm,240.0,60.0,node_hello,continuous,8,14,0.7,0.0770559999999989,1.7919592690267927,50.785714285714285,75.57503999999965,20.788224000000145,54.786815999999504,0.27506732381485,0.9044566774753036,0.7,0,842,0.0,1115,711,404,20,0,13261,0,0.0,1.0,0,0.0,node_hello,15:1;17:1;27:1;3:1;37:1;4:1;44:1;47:0;48:1;50:0;60:1;62:1;64:0;65:1;67:1;72:0;79:0;82:1;89:1;98:0,SIM
trickle,100,20,7,warm,240.0,60.0,node_hello,continuous,9,13,0.65,0.3188943422682229,3.7870962483233974,52.84615384615385,73.72569599999967,20.788224000000145,52.93747199999953,0.2819671448066118,0.896623293685639,0.65,0,831,0.0,1091,687,404,20,223,12527,0,0.0,1.0,0,0.0,node_hello,11:0;12:0;17:1;19:1;20:1;25:1;34:1;41:0;42:1;45:0;49:0;5:1;50:1;51:1;64:0;65:1;72:1;75:1;83:0;88:1,SIM
trickle,100,20,7,warm,240.0,60.0,node_hello,continuous,10,15,0.75,0.0770559999999989,5.0388848067052425,50.733333333333334,79.42783999999959,20.788224000000145,58.63961599999945,0.26172465473063666,0.8975741239892183,0.75,0,887,0.0,1165,761,404,20,0,14469,0,0.0,1.0,0,0.0,node_hello,1:1;12:0;20:1;29:1;31:1;37:1;44:0;49:1;60:1;65:0;66:0;68:1;77:1;79:1;81:1;83:1;85:1;86:1;88:1;97:0,SIM
trickle,100,20,7,warm,240.0,60.0,node_hello,continuous,11,13,0.65,0.0770559999999989,2.8046128939703907,48.38461538461539,69.25644799999974,20.788224000000145,48.468223999999594,0.3001630115364886,0.89446094705574,0.65,0,797,0.0,1033,629,404,20,0,11446,0,0.0,1.0,0,0.0,node_hello,10:1;2:1;27:0;3:1;33:1;35:1;4:1;41:1;43:0;44:0;53:1;54:0;56:1;62:1;64:0;68:1;70:0;8:1;91:1;98:0,SIM
trickle,100,20,7,warm,240.0,60.0,node_hello,continuous,12,14,0.7,0.0770559999999989,1.490377579918835,48.714285714285715,73.34041599999968,20.788224000000145,52.552191999999536,0.28344840585578673,0.900415256844048,0.7,0,837,0.0,1086,682,404,20,0,13004,0,0.0,1.0,0,0.0,node_hello,1:1;10:1;14:0;26:1;29:0;3:1;31:1;43:0;58:1;60:0;7:1;72:1;75:1;78:1;80:1;83:0;87:1;92:1;95:1;96:0,SIM
trickle,100,20,7,warm,240.0,60.0,node_hello,continuous,13,12,0.6,0.0770559999999989,1.5363334737422503,49.916666666666664,61.902079999999614,15.745535999999985,46.15654399999963,0.25436198589772885,0.9063497396270788,0.6,0,671,0.0,905,599,306,20,69,11906,0,0.0,1.0,0,0.0,node_hello,15:1;26:1;3:0;38:1;41:0;48:0;49:1;52:1;53:0;57:1;61:1;7:1;72:0;74:0;86:1;87:1;9:1;91:1;95:0;98:0,SIM
trickle,100,20,7,warm,240.0,60.0,node_hello,continuous,14,14,0.7,0.4961747948940598,4.7267954030101595,46.857142857142854,71.3369599999997,20.788224000000145,50.548735999999565,0.29140888538003623,0.8933710388422191,0.7,0,818,0.0,1060,656,404,20,0,12023,0,0.0,1.0,0,0.0,node_hello,10:1;11:1;13:1;15:1;16:1;17:1;24:1;28:1;29:0;46:1;48:1;61:0;68:0;71:0;74:1;75:1;80:0;95:1;96:1;98:0,SIM
trickle,100,20,7,warm,240.0,60.0,node_hello,continuous,15,13,0.65,0.31453748444856444,7.406628595151742,51.0,71.8763519999997,20.788224000000145,51.08812799999956,0.28922202395581,0.9011614491192985,0.65,0,797,0.0,1067,663,404,20,0,13001,0,0.0,1.0,0,0.0,node_hello,1:1;11:1;15:1;17:1;21:1;29:1;48:0;53:1;55:0;60:0;7:1;72:1;79:1;8:0;80:0;81:1;85:0;89:1;95:0;96:1,SIM
trickle,100,20,7,warm,240.0,60.0,node_hello,continuous,16,14,0.7,0.0770559999999989,2.4047099447397446,46.857142857142854,71.3369599999997,20.788224000000145,50.548735999999565,0.29140888538003623,0.9074456715354471,0.7,0,781,0.0,1060,656,404,20,0,14035,0,0.0,1.0,0,0.0,node_hello,0:1;10:1;12:1;13:1;15:0;2:1;24:1;25:0;34:0;35:1;45:1;5:1;63:0;67:0;68:1;70:0;8:1;90:1;93:1;94:1,SIM
trickle,100,20,7,warm,240.0,60.0,node_hello,continuous,17,16,0.8,0.4154285382490386,3.6783692428921455,50.4375,82.97241599999954,20.788224000000145,62.1841919999994,0.2505437951812836,0.8952959028831563,0.8,0,926,0.0,1211,807,404,20,178,14498,0,0.0,1.0,0,0.0,node_hello,1:1;12:1;22:1;23:1;27:1;29:0;30:0;41:1;42:1;48:1;49:1;51:1;52:0;60:1;61:1;62:1;63:1;83:1;87:0;88:1,SIM
trickle,100,20,7,warm,240.0,60.0,node_hello,continuous,18,11,0.55,0.2238959152633413,4.562945258097741,57.18181818181818,69.25644799999974,20.788224000000145,48.468223999999594,0.3001630115364886,0.9109757003789849,0.55,0,763,0.0,1033,629,404,20,0,13457,0,0.0,1.0,0,0.0,node_hello,13:1;29:1;45:1;49:1;5:0;50:1;54:0;66:0;7:0;76:1;8:1;85:0;86:0;87:1;89:0;91:1;96:1;97:0;98:0;99:1,SIM
trickle,100,20,7,warm,240.0,60.0,node_hello,continuous,19,13,0.65,0.21708046603386322,3.640627940294335,55.76923076923077,76.65382399999963,20.788224000000145,55.86559999999949,0.2711961767230327,0.9100539291217258,0.65,0,838,0.0,1129,725,404,20,0,15576,0,0.0,1.0,0,0.0,node_hello,10:0;12:1;16:1;19:1;27:0;30:1;40:1;49:1;50:0;57:1;6:0;61:1;68:0;69:0;73:1;76:1;89:1;95:0;96:1;99:1,SIM
trickle,100,20,7,cold,240.0,60.0,node_hello,continuous,0,15,0.75,0.0770559999999989,1.9038220642268684,49.733333333333334,78.27199999999961,20.788224000000145,57.483775999999466,0.2655895339329549,0.9029359308547126,0.75,0,863,0.0,1150,746,404,20,0,14578,0,0.0,1.0,0,0.0,node_hello,1:1;10:1;11:1;12:1;25:1;28:0;37:1;49:1;50:0;57:0;62:1;66:1;7:1;71:1;74:1;8:1;81:0;86:0;91:1;95:1,SIM
trickle,100,20,7,cold,240.0,60.0,node_hello,continuous,1,12,0.6,0.07705599999999979,1.9754625153938314,54.0,70.72051199999972,20.788224000000145,49.93228799999957,0.2939490030841438,0.8963730569948186,0.6,0,804,0.0,1052,648,404,20,220,12352,0,0.0,1.0,0,0.0,node_hello,11:0;12:1;23:1;29:1;31:1;38:1;39:1;40:0;41:0;42:1;43:0;49:1;5:0;57:0;69:1;73:1;74:1;82:0;83:1;96:0,SIM
trickle,100,20,7,cold,240.0,60.0,node_hello,continuous,2,12,0.6,0.0770559999999989,0.4963213583831432,48.75,65.76307199999978,20.685312000000142,45.07775999999964,0.31454297025540734,0.9070951585976628,0.6,0,741,0.0,987,585,402,20,0,11980,0,0.0,1.0,0,0.0,node_hello,1:1;10:1;24:1;28:1;40:1;42:0;48:1;51:0;59:0;67:1;68:0;70:1;79:0;81:0;84:1;85:0;91:1;92:1;95:0;97:1,SIM
trickle,100,20,7,cold,240.0,60.0,node_hello,continuous,3,14,0.7,0.07705599999999935,4.301786376669109,50.357142857142854,75.11270399999965,20.788224000000145,54.32447999999951,0.2767604265717853,0.9102144912372482,0.7,0,804,0.0,1109,705,404,20,0,15292,0,0.0,1.0,0,0.0,node_hello,11:1;12:1;14:1;15:1;22:0;3:0;36:0;38:1;43:1;48:1;49:0;5:1;61:1;67:1;72:0;74:0;84:1;86:1;89:1;99:1,SIM
trickle,100,20,7,cold,240.0,60.0,node_hello,continuous,4,15,0.75,0.077056,2.6588458959941796,47.46666666666667,75.65209599999964,20.788224000000145,54.8638719999995,0.27478715196470227,0.8916229135647676,0.75,0,834,0.0,1116,712,404,20,160,12761,0,0.0,1.0,0,0.0,node_hello,28:1;29:1;30:1;36:1;38:1;39:1;40:1;41:1;47:0;51:1;57:0;62:1;64:1;67:1;68:0;76:1;80:1;88:0;90:0;95:1,SIM
trickle,100,20,7,cold,240.0,60.0,node_hello,continuous,5,14,0.7,0.0770559999999999,3.12295493682568,49.857142857142854,74.57331199999966,20.788224000000145,53.78508799999952,0.2787622467404993,0.9092382495948136,0.7,0,817,0.0,1102,698,404,20,0,14191,0,0.0,1.0,0,0.0,node_hello,1:1;13:1;24:1;25:1;49:1;50:0;54:1;58:1;60:1;61:0;69:1;73:0;76:1;80:1;83:0;87:0;88:1;90:1;92:0;99:1,SIM
trickle,100,20,7,cold,240.0,60.0,node_hello,continuous,6,12,0.6,0.0770559999999989,3.9286787023955845,49.166666666666664,66.25126399999978,20.788224000000145,45.46303999999964,0.3137785265500778,0.8998283804534369,0.6,0,757,0.0,994,590,404,20,178,11071,0,0.0,1.0,0,0.0,node_hello,11:1;16:0;23:1;29:1;31:1;33:1;34:0;49:1;53:1;54:0;61:1;66:0;69:0;72:1;75:1;76:1;78:0;80:0;84:0;86:1,SIM
trickle,100,20,7,cold,240.0,60.0,node_hello,continuous,7,14,0.7,0.4134680396431847,3.5307887305635877,48.142857142857146,72.72396799999969,20.788224000000145,51.935743999999545,0.2858510690725819,0.9074714758925285,0.7,0,789,0.0,1078,674,404,20,434,13585,0,0.0,1.0,0,0.0,node_hello,11:1;12:1;17:1;20:1;25:1;28:1;40:1;43:0;45:0;50:1;51:1;53:0;55:1;59:0;62:1;65:1;85:1;90:0;92:1;95:0,SIM
trickle,100,20,7,cold,240.0,60.0,node_hello,continuous,8,14,0.7,0.0770559999999989,1.791959269026795,50.785714285714285,75.57503999999965,20.788224000000145,54.786815999999504,0.27506732381485,0.9044566774753036,0.7,0,842,0.0,1115,711,404,20,0,13261,0,0.0,1.0,0,0.0,node_hello,15:1;17:1;27:1;3:1;37:1;4:1;44:1;47:0;48:1;50:0;60:1;62:1;64:0;65:1;67:1;72:0;79:0;82:1;89:1;98:0,SIM
trickle,100,20,7,cold,240.0,60.0,node_hello,continuous,9,13,0.65,0.07705599999999979,2.281448428391056,52.76923076923077,73.64863999999967,20.788224000000145,52.86041599999953,0.28226215718308223,0.907636259732838,0.65,0,799,0.0,1090,686,404,20,223,13999,0,0.0,1.0,0,0.0,node_hello,11:1;12:1;17:1;19:1;20:0;25:1;34:1;41:0;42:1;45:0;49:0;5:0;50:1;51:1;64:1;65:0;72:1;75:1;83:0;88:1,SIM
trickle,100,20,7,cold,240.0,60.0,node_hello,continuous,10,15,0.75,0.077056,5.038884806705237,50.733333333333334,79.42783999999959,20.788224000000145,58.63961599999945,0.26172465473063666,0.8975741239892183,0.75,0,887,0.0,1165,761,404,20,0,14469,0,0.0,1.0,0,0.0,node_hello,1:1;12:0;20:1;29:1;31:1;37:1;44:0;49:1;60:1;65:0;66:0;68:1;77:1;79:1;81:1;83:1;85:1;86:1;88:1;97:0,SIM
trickle,100,20,7,cold,240.0,60.0,node_hello,continuous,11,13,0.65,0.07705600000000068,2.8046128939703947,48.38461538461539,69.25644799999974,20.788224000000145,48.468223999999594,0.3001630115364886,0.89446094705574,0.65,0,797,0.0,1033,629,404,20,0,11446,0,0.0,1.0,0,0.0,node_hello,10:1;2:1;27:0;3:1;33:1;35:1;4:1;41:1;43:0;44:0;53:1;54:0;56:1;62:1;64:0;68:1;70:0;8:1;91:1;98:0,SIM
trickle,100,20,7,cold,240.0,60.0,node_hello,continuous,12,14,0.7,0.0770559999999999,1.490377579918835,48.714285714285715,73.34041599999968,20.788224000000145,52.552191999999536,0.28344840585578673,0.900415256844048,0.7,0,837,0.0,1086,682,404,20,0,13004,0,0.0,1.0,0,0.0,node_hello,1:1;10:1;14:0;26:1;29:0;3:1;31:1;43:0;58:1;60:0;7:1;72:1;75:1;78:1;80:1;83:0;87:1;92:1;95:1;96:0,SIM
trickle,100,20,7,cold,240.0,60.0,node_hello,continuous,13,13,0.65,0.0770559999999989,2.8945913019005043,52.23076923076923,68.06655999999953,15.745535999999985,52.32102399999954,0.23132557308611004,0.9006395258150055,0.65,0,734,0.0,985,679,306,20,55,12822,0,0.0,1.0,0,0.0,node_hello,15:1;26:1;3:0;38:1;41:1;48:1;49:1;52:0;53:0;57:1;61:1;7:1;72:0;74:0;86:1;87:1;9:1;91:0;95:1;98:0,SIM
trickle,100,20,7,cold,240.0,60.0,node_hello,continuous,14,14,0.7,0.4961747948940598,4.7267954030101595,46.857142857142854,71.3369599999997,20.788224000000145,50.548735999999565,0.29140888538003623,0.8933710388422191,0.7,0,818,0.0,1060,656,404,20,0,12023,0,0.0,1.0,0,0.0,node_hello,10:1;11:1;13:1;15:1;16:1;17:1;24:1;28:1;29:0;46:1;48:1;61:0;68:0;71:0;74:1;75:1;80:0;95:1;96:1;98:0,SIM
trickle,100,20,7,cold,240.0,60.0,node_hello,continuous,15,13,0.65,0.3145374844485609,7.406628595151739,51.0,71.8763519999997,20.788224000000145,51.08812799999956,0.28922202395581,0.9011614491192985,0.65,0,797,0.0,1067,663,404,20,0,13001,0,0.0,1.0,0,0.0,node_hello,1:1;11:1;15:1;17:1;21:1;29:1;48:0;53:1;55:0;60:0;7:1;72:1;79:1;8:0;80:0;81:1;85:0;89:1;95:0;96:1,SIM
trickle,100,20,7,cold,240.0,60.0,node_hello,continuous,16,14,0.7,0.0770559999999989,2.40470994473974,46.857142857142854,71.3369599999997,20.788224000000145,50.548735999999565,0.29140888538003623,0.9074456715354471,0.7,0,781,0.0,1060,656,404,20,0,14035,0,0.0,1.0,0,0.0,node_hello,0:1;10:1;12:1;13:1;15:0;2:1;24:1;25:0;34:0;35:1;45:1;5:1;63:0;67:0;68:1;70:0;8:1;90:1;93:1;94:1,SIM
trickle,100,20,7,cold,240.0,60.0,node_hello,continuous,17,13,0.65,0.07705600000000068,4.7163026891476605,53.07692307692308,73.95686399999967,20.788224000000145,53.16863999999953,0.2810857961743786,0.8967915283704757,0.65,0,838,0.0,1094,690,404,20,237,12654,0,0.0,1.0,0,0.0,node_hello,1:0;12:1;22:1;23:1;27:1;29:1;30:1;41:1;42:1;48:0;49:1;51:0;52:1;60:1;61:0;62:0;63:1;83:1;87:0;88:0,SIM
trickle,100,20,7,cold,240.0,60.0,node_hello,continuous,18,11,0.55,0.2238959152633413,4.562945258097752,57.18181818181818,69.25644799999974,20.788224000000145,48.468223999999594,0.3001630115364886,0.9109757003789849,0.55,0,763,0.0,1033,629,404,20,0,13457,0,0.0,1.0,0,0.0,node_hello,13:1;29:1;45:1;49:1;5:0;50:1;54:0;66:0;7:0;76:1;8:1;85:0;86:0;87:1;89:0;91:1;96:1;97:0;98:0;99:1,SIM
trickle,100,20,7,cold,240.0,60.0,node_hello,continuous,19,13,0.65,0.21708046603387032,3.6406279402943325,55.76923076923077,76.65382399999963,20.788224000000145,55.86559999999949,0.2711961767230327,0.9100539291217258,0.65,0,838,0.0,1129,725,404,20,0,15576,0,0.0,1.0,0,0.0,node_hello,10:0;12:1;16:1;19:1;27:0;30:1;40:1;49:1;50:0;57:1;6:0;61:1;68:0;69:0;73:1;76:1;89:1;95:0;96:1;99:1,SIM
trickle,100,20,9,warm,240.0,60.0,node_hello,continuous,0,11,0.55,0.2672639999999973,0.2672640000000115,54.81818181818182,236.03916800000076,74.87897600000021,161.16019200000054,0.31723114699336663,0.804300716786131,0.55,0,920,0.0,1007,603,404,20,0,5999,0,0.0,1.0,0,0.0,node_hello,1:1;10:1;11:0;12:1;25:1;28:1;37:0;49:1;50:0;57:0;62:1;66:1;7:1;71:0;74:1;8:0;81:0;86:0;91:1;95:0,SIM
trickle,100,20,9,warm,240.0,60.0,node_hello,continuous,1,7,0.35,0.2672639999999973,0.8688564227984722,70.57142857142857,206.9073919999995,74.87897600000021,132.02841599999928,0.36189608924170474,0.7582128777923784,0.35,0,842,0.0,898,494,404,20,0,3805,0,0.0,1.0,0,0.0,node_hello,11:0;12:1;23:0;29:0;31:1;38:1;39:1;40:0;41:0;42:1;43:0;49:0;5:0;57:1;69:0;73:0;74:0;82:1;83:0;96:0,SIM
trickle,100,20,9,warm,240.0,60.0,node_hello,continuous,2,11,0.55,0.2672639999999973,0.7548910548100594,49.63636363636363,220.43443200000007,74.5082880000002,145.92614399999988,0.3380065778471495,0.7493670886075949,0.55,0,889,0.0,948,546,402,20,0,3950,0,0.0,1.0,0,0.0,node_hello,1:0;10:0;24:1;28:1;40:1;42:1;48:1;51:1;59:0;67:1;68:0;70:1;79:0;81:0;84:1;85:1;91:0;92:0;95:0;97:1,SIM
trickle,100,20,9,warm,240.0,60.0,node_hello,continuous,3,11,0.55,0.2672639999999973,1.0833308612443773,50.18181818181818,222.40870400000017,74.87897600000021,147.52972799999995,0.3366728669036269,0.7567114093959731,0.55,0,895,0.0,956,552,404,20,0,4172,0,0.0,1.0,0,0.0,node_hello,11:1;12:0;14:1;15:1;22:1;3:1;36:0;38:1;43:1;48:0;49:0;5:1;61:0;67:1;72:1;74:0;84:0;86:1;89:0;99:0,SIM
trickle,100,20,9,warm,240.0,60.0,node_hello,continuous,4,11,0.55,0.2672639999999973,7.124844628358545,50.27272727272727,222.67596800000018,74.87897600000021,147.79699199999996,0.33626877957481316,0.7690065037003813,0.55,0,884,0.0,957,553,404,20,0,4459,0,0.0,1.0,0,0.0,node_hello,28:1;29:1;30:1;36:1;38:0;39:0;40:1;41:1;47:1;51:0;57:1;62:0;64:0;67:1;68:0;76:0;80:1;88:0;90:1;95:0,SIM
trickle,100,20,9,warm,240.0,60.0,node_hello,continuous,5,10,0.5,0.2672640000000044,2.466810741629114,47.1,200.76031999999933,74.87897600000021,125.88134399999912,0.3729769707480067,0.8245864815192975,0.5,0,802,0.0,875,471,404,20,0,4897,0,0.0,1.0,0,0.0,node_hello,1:1;13:1;24:1;25:1;49:1;50:1;54:0;58:0;60:0;61:1;69:0;73:0;76:1;80:0;83:0;87:0;88:1;90:1;92:0;99:0,SIM
trickle,100,20,9,warm,240.0,60.0,node_hello,continuous,6,10,0.5,0.2672639999999973,3.066105521528212,61.7,239.78086400000092,74.87897600000021,164.9018880000007,0.31228086658324794,0.7346471127406049,0.5,0,953,0.0,1021,617,404,20,117,4364,0,0.57,1.0,0,0.0,node_hello,11:1;16:0;23:0;29:0;31:0;33:1;34:1;49:1;53:1;54:1;61:0;66:0;69:1;72:0;75:0;76:1;78:1;80:0;84:1;86:0,SIM
trickle,100,20,9,warm,240.0,60.0,node_hello,continuous,7,11,0.55,0.2672639999999973,3.784489784333239,50.54545454545455,223.47776000000022,74.87897600000021,148.598784,0.33506231671554315,0.7702118460873325,0.55,0,889,0.0,960,556,404,20,0,4626,0,0.0,1.0,0,0.0,node_hello,11:0;12:1;17:1;20:1;25:1;28:1;40:0;43:1;45:1;50:0;51:0;53:1;55:1;59:0;62:1;65:0;85:0;90:1;92:0;95:0,SIM
trickle,100,20,9,warm,240.0,60.0,node_hello,continuous,8,9,0.45,0.2672639999999973,0.6300719851744588,60.111111111111114,219.46880000000004,74.87897600000021,144.58982399999982,0.3411827831564222,0.7478643541289154,0.45,0,887,0.0,945,541,404,20,0,3863,0,0.0,1.0,0,0.0,node_hello,15:1;17:0;27:0;3:1;37:0;4:1;44:1;47:1;48:0;50:1;60:0;62:1;64:0;65:0;67:1;72:0;79:0;82:1;89:0;98:0,SIM
trickle,100,20,9,warm,240.0,60.0,node_hello,continuous,9,11,0.55,0.2672639999999973,2.345547400955425,48.36363636363637,217.06342399999994,74.87897600000021,142.18444799999972,0.34496358078273115,0.7692847124824684,0.55,0,871,0.0,936,532,404,20,0,4278,0,0.0,1.0,0,0.0,node_hello,11:1;12:1;17:1;19:1;20:1;25:1;34:1;41:0;42:1;45:0;49:0;5:0;50:0;51:1;64:0;65:0;72:1;75:1;83:0;88:0,SIM
trickle,100,20,9,warm,240.0,60.0,node_hello,continuous,10,11,0.55,0.2672640000000115,2.658825078898424,53.90909090909091,233.36652800000064,74.87897600000021,158.48755200000042,0.32086425007788605,0.7601838312095258,0.55,0,929,0.0,997,593,404,20,0,4787,0,0.0,1.0,0,0.0,node_hello,1:1;12:0;20:1;29:0;31:1;37:1;44:1;49:0;60:0;65:1;66:0;68:0;77:1;79:1;81:0;83:0;85:1;86:1;88:0;97:1,SIM
trickle,100,20,9,warm,240.0,60.0,node_hello,continuous,11,10,0.5,0.2672640000000044,1.4629622793625447,53.1,216.79615999999993,74.87897600000021,141.9171839999997,0.3453888482157628,0.788630377524144,0.5,0,865,0.0,935,531,404,20,0,4556,0,0.0,1.0,0,0.0,node_hello,10:1;2:1;27:1;3:0;33:0;35:1;4:1;41:0;43:0;44:1;53:0;54:0;56:1;62:0;64:0;68:1;70:0;8:1;91:1;98:0,SIM
trickle,100,20,9,warm,240.0,60.0,node_hello,continuous,12,14,0.7,0.2672639999999973,0.2672640000000115,43.92857142857143,239.2463360000009,74.87897600000021,164.36736000000067,0.31297856950252284,0.7583737097113967,0.7,0,952,0.0,1019,615,404,20,0,4747,0,0.0,1.0,0,0.0,node_hello,1:1;10:1;14:1;26:1;29:1;3:1;31:1;43:1;58:0;60:1;7:1;72:0;75:0;78:1;80:0;83:1;87:1;92:0;95:0;96:1,SIM
trickle,100,20,9,warm,240.0,60.0,node_hello,continuous,13,8,0.4,0.2672639999999973,5.347810418375876,63.375,192.2181119999996,56.715264000000154,135.50284799999943,0.29505681545764156,0.7788944723618091,0.4,0,750,0.0,813,507,306,20,70,4179,0,0.0,1.0,0,0.0,node_hello,15:1;26:0;3:0;38:0;41:1;48:1;49:1;52:0;53:0;57:1;61:0;7:1;72:0;74:0;86:1;87:0;9:0;91:0;95:1;98:0,SIM
trickle,100,20,9,warm,240.0,60.0,node_hello,continuous,14,13,0.65,0.2672639999999973,1.3864525582159632,48.84615384615385,244.59161600000112,74.87897600000021,169.7126400000009,0.30613876805981716,0.7731875253138922,0.65,0,965,0.0,1039,635,404,20,0,4938,0,0.0,1.0,0,0.0,node_hello,10:1;11:1;13:1;15:1;16:1;17:1;24:1;28:1;29:1;46:0;48:1;61:0;68:0;71:1;74:0;75:0;80:0;95:1;96:0;98:1,SIM
trickle,100,20,9,warm,240.0,60.0,node_hello,continuous,15,11,0.55,0.2672639999999973,2.310542180604166,52.36363636363637,228.82304000000045,74.87897600000021,153.94406400000022,0.32723529938244006,0.8013698630136986,0.55,0,899,0.0,980,576,404,20,0,5548,0,0.0,1.0,0,0.0,node_hello,1:1;11:1;15:1;17:1;21:1;29:1;48:0;53:1;55:0;60:0;7:0;72:1;79:0;8:0;80:1;81:0;85:0;89:1;95:1;96:0,SIM
trickle,100,20,9,warm,240.0,60.0,node_hello,continuous,16,12,0.6,0.2672639999999973,0.9278329481300218,51.083333333333336,238.71180800000087,74.87897600000021,163.83283200000065,0.3136793970409706,0.7798923490965013,0.6,0,941,0.0,1017,613,404,20,0,5202,0,0.0,1.0,0,0.0,node_hello,0:1;10:0;12:1;13:1;15:1;2:1;24:0;25:1;34:0;35:0;45:1;5:1;63:0;67:0;68:1;70:0;8:1;90:1;93:1;94:0,SIM
trickle,100,20,9,warm,240.0,60.0,node_hello,continuous,17,10,0.5,0.2672639999999973,1.9179070954019404,54.5,220.5378560000001,74.87897600000021,145.65887999999987,0.3395289015596496,0.7974217311233885,0.5,0,878,0.0,949,545,404,20,0,4887,0,0.0,1.0,0,0.0,node_hello,1:1;12:0;22:1;23:0;27:1;29:1;30:1;41:0;42:1;48:0;49:1;51:0;52:1;60:0;61:0;62:1;63:0;83:0;87:1;88:0,SIM
trickle,100,20,9,warm,240.0,60.0,node_hello,continuous,18,10,0.5,0.2672640000000115,3.2746831525711073,58.4,230.96115200000054,74.87897600000021,156.08217600000032,0.3242059339918777,0.7953594522632179,0.5,0,909,0.0,988,584,404,20,0,5258,0,0.0,1.0,0,0.0,node_hello,13:1;29:1;45:0;49:1;5:1;50:0;54:1;66:0;7:0;76:1;8:0;85:0;86:1;87:0;89:0;91:1;96:0;97:0;98:1;99:1,SIM
trickle,100,20,9,warm,240.0,60.0,node_hello,continuous,19,9,0.45,0.2672639999999973,0.2672640000000115,59.22222222222222,217.33068799999995,74.87897600000021,142.45171199999973,0.34453935930115964,0.7845243314335818,0.45,0,872,0.0,937,533,404,20,0,4562,0,0.0,1.0,0,0.0,node_hello,10:1;12:1;16:0;19:1;27:0;30:1;40:1;49:0;50:0;57:1;6:0;61:0;68:1;69:0;73:1;76:0;89:0;95:0;96:1;99:0,SIM
trickle,100,20,9,cold,240.0,60.0,node_hello,continuous,0,11,0.55,0.2672639999999973,0.26726400000000083,54.81818181818182,236.03916800000076,74.87897600000021,161.16019200000054,0.31723114699336663,0.804300716786131,0.55,0,920,0.0,1007,603,404,20,0,5999,0,0.0,1.0,0,0.0,node_hello,1:1;10:1;11:0;12:1;25:1;28:1;37:0;49:1;50:0;57:0;62:1;66:1;7:1;71:0;74:1;8:0;81:0;86:0;91:1;95:0,SIM
trickle,100,20,9,cold,240.0,60.0,node_hello,continuous,1,7,0.35,0.2672639999999973,0.868856422798469,70.57142857142857,206.9073919999995,74.87897600000021,132.02841599999928,0.36189608924170474,0.7582128777923784,0.35,0,842,0.0,898,494,404,20,0,3805,0,0.0,1.0,0,0.0,node_hello,11:0;12:1;23:0;29:0;31:1;38:1;39:1;40:0;41:0;42:1;43:0;49:0;5:0;57:1;69:0;73:0;74:0;82:1;83:0;96:0,SIM
trickle,100,20,9,cold,240.0,60.0,node_hello,continuous,2,12,0.6,0.2672639999999986,3.7511626319286435,48.5,230.0559360000005,74.5082880000002,155.5476480000003,0.323870313000748,0.7366384522370012,0.6,0,921,0.0,984,582,402,20,0,4135,0,0.0,1.0,0,0.0,node_hello,1:1;10:0;24:1;28:1;40:1;42:1;48:1;51:1;59:0;67:0;68:0;70:1;79:0;81:1;84:1;85:0;91:1;92:1;95:0;97:0,SIM
trickle,100,20,9,cold,240.0,60.0,node_hello,continuous,3,11,0.55,0.2672639999999973,1.083330861244379,50.18181818181818,222.40870400000017,74.87897600000021,147.52972799999995,0.3366728669036269,0.7567114093959731,0.55,0,895,0.0,956,552,404,20,0,4172,0,0.0,1.0,0,0.0,node_hello,11:1;12:0;14:1;15:1;22:1;3:1;36:0;38:1;43:1;48:0;49:0;5:1;61:0;67:1;72:1;74:0;84:0;86:1;89:0;99:0,SIM
trickle,100,20,9,cold,240.0,60.0,node_hello,continuous,4,11,0.55,0.26726399999999995,7.124844628358517,50.27272727272727,222.67596800000018,74.87897600000021,147.79699199999996,0.33626877957481316,0.7690065037003813,0.55,0,884,0.0,957,553,404,20,0,4459,0,0.0,1.0,0,0.0,node_hello,28:1;29:1;30:1;36:1;38:0;39:0;40:1;41:1;47:1;51:0;57:1;62:0;64:0;67:1;68:0;76:0;80:1;88:0;90:1;95:0,SIM
trickle,100,20,9,cold,240.0,60.0,node_hello,continuous,5,10,0.5,0.2672640000000004,2.466810741629114,47.1,200.76031999999933,74.87897600000021,125.88134399999912,0.3729769707480067,0.8245864815192975,0.5,0,802,0.0,875,471,404,20,0,4897,0,0.0,1.0,0,0.0,node_hello,1:1;13:1;24:1;25:1;49:1;50:1;54:0;58:0;60:0;61:1;69:0;73:0;76:1;80:0;83:0;87:0;88:1;90:1;92:0;99:0,SIM
trickle,100,20,9,cold,240.0,60.0,node_hello,continuous,6,10,0.5,0.26726399999999906,4.602498129340685,60.1,235.50464000000073,74.87897600000021,160.6256640000005,0.3179511707285257,0.7859272510435301,0.5,0,926,0.0,1005,601,404,20,121,5031,0,0.0,1.0,0,0.0,node_hello,11:0;16:0;23:1;29:0;31:1;33:1;34:1;49:1;53:0;54:1;61:0;66:0;69:1;72:0;75:1;76:1;78:0;80:0;84:0;86:1,SIM
trickle,100,20,9,cold,240.0,60.0,node_hello,continuous,7,11,0.55,0.26726400000000083,3.784489784333225,50.54545454545455,223.47776000000022,74.87897600000021,148.598784,0.33506231671554315,0.7702118460873325,0.55,0,889,0.0,960,556,404,20,0,4626,0,0.0,1.0,0,0.0,node_hello,11:0;12:1;17:1;20:1;25:1;28:1;40:0;43:1;45:1;50:0;51:0;53:1;55:1;59:0;62:1;65:0;85:0;90:1;92:0;95:0,SIM
trickle,100,20,9,cold,240.0,60.0,node_hello,continuous,8,9,0.45,0.26726399999999995,0.6300719851744546,60.111111111111114,219.46880000000004,74.87897600000021,144.58982399999982,0.3411827831564222,0.7478643541289154,0.45,0,887,0.0,945,541,404,20,0,3863,0,0.0,1.0,0,0.0,node_hello,15:1;17:0;27:0;3:1;37:0;4:1;44:1;47:1;48:0;50:1;60:0;62:1;64:0;65:0;67:1;72:0;79:0;82:1;89:0;98:0,SIM
trickle,100,20,9,cold,240.0,60.0,node_hello,continuous,9,11,0.55,0.26726400000000083,2.345547400955418,48.36363636363637,217.06342399999994,74.87897600000021,142.18444799999972,0.34496358078273115,0.7692847124824684,0.55,0,871,0.0,936,532,404,20,0,4278,0,0.0,1.0,0,0.0,node_hello,11:1;12:1;17:1;19:1;20:1;25:1;34:1;41:0;42:1;45:0;49:0;5:0;50:0;51:1;64:0;65:0;72:1;75:1;83:0;88:0,SIM
trickle,100,20,9,cold,240.0,60.0,node_hello,continuous,10,11,0.55,0.267264,2.6588250788984134,53.90909090909091,233.36652800000064,74.87897600000021,158.48755200000042,0.32086425007788605,0.7601838312095258,0.55,0,929,0.0,997,593,404,20,0,4787,0,0.0,1.0,0,0.0,node_hello,1:1;12:0;20:1;29:0;31:1;37:1;44:1;49:0;60:0;65:1;66:0;68:0;77:1;79:1;81:0;83:0;85:1;86:1;88:0;97:1,SIM
trickle,100,20,9,cold,240.0,60.0,node_hello,continuous,11,10,0.5,0.2672640000000004,1.462962279362547,53.1,216.79615999999993,74.87897600000021,141.9171839999997,0.3453888482157628,0.788630377524144,0.5,0,865,0.0,935,531,404,20,0,4556,0,0.0,1.0,0,0.0,node_hello,10:1;2:1;27:1;3:0;33:0;35:1;4:1;41:0;43:0;44:1;53:0;54:0;56:1;62:0;64:0;68:1;70:0;8:1;91:1;98:0,SIM
trickle,100,20,9,cold,240.0,60.0,node_hello,continuous,12,14,0.7,0.2672639999999973,0.26726400000000083,43.92857142857143,239.2463360000009,74.87897600000021,164.36736000000067,0.31297856950252284,0.7583737097113967,0.7,0,952,0.0,1019,615,404,20,0,4747,0,0.0,1.0,0,0.0,node_hello,1:1;10:1;14:1;26:1;29:1;3:1;31:1;43:1;58:0;60:1;7:1;72:0;75:0;78:1;80:0;83:1;87:1;92:0;95:0;96:1,SIM
trickle,100,20,9,cold,240.0,60.0,node_hello,continuous,13,10,0.5,0.2672639999999986,1.8049860124652342,55.5,205.04678400000014,56.715264000000154,148.33151999999998,0.2765967009753253,0.7700332963374029,0.5,0,793,0.0,861,555,306,20,74,4505,0,0.0,1.0,0,0.0,node_hello,15:1;26:0;3:0;38:1;41:1;48:0;49:1;52:0;53:0;57:1;61:1;7:1;72:0;74:0;86:1;87:0;9:1;91:0;95:1;98:0,SIM
trickle,100,20,9,cold,240.0,60.0,node_hello,continuous,14,13,0.65,0.26726399999999995,1.3864525582159568,48.84615384615385,244.59161600000112,74.87897600000021,169.7126400000009,0.30613876805981716,0.7731875253138922,0.65,0,965,0.0,1039,635,404,20,0,4938,0,0.0,1.0,0,0.0,node_hello,10:1;11:1;13:1;15:1;16:1;17:1;24:1;28:1;29:1;46:0;48:1;61:0;68:0;71:1;74:0;75:0;80:0;95:1;96:0;98:1,SIM
trickle,100,20,9,cold,240.0,60.0,node_hello,continuous,15,11,0.55,0.26726400000000083,2.310542180604152,52.36363636363637,228.82304000000045,74.87897600000021,153.94406400000022,0.32723529938244006,0.8013698630136986,0.55,0,899,0.0,980,576,404,20,0,5548,0,0.0,1.0,0,0.0,node_hello,1:1;11:1;15:1;17:1;21:1;29:1;48:0;53:1;55:0;60:0;7:0;72:1;79:0;8:0;80:1;81:0;85:0;89:1;95:1;96:0,SIM
trickle,100,20,9,cold,240.0,60.0,node_hello,continuous,16,12,0.6,0.26726399999999995,0.927832948129987,51.083333333333336,238.71180800000087,74.87897600000021,163.83283200000065,0.3136793970409706,0.7798923490965013,0.6,0,941,0.0,1017,613,404,20,0,5202,0,0.0,1.0,0,0.0,node_hello,0:1;10:0;12:1;13:1;15:1;2:1;24:0;25:1;34:0;35:0;45:1;5:1;63:0;67:0;68:1;70:0;8:1;90:1;93:1;94:0,SIM
trickle,100,20,9,cold,240.0,60.0,node_hello,continuous,17,10,0.5,0.2672639999999986,1.9179070954019357,54.5,220.5378560000001,74.87897600000021,145.65887999999987,0.3395289015596496,0.7974217311233885,0.5,0,878,0.0,949,545,404,20,0,4887,0,0.0,1.0,0,0.0,node_hello,1:1;12:0;22:1;23:0;27:1;29:1;30:1;41:0;42:1;48:0;49:1;51:0;52:1;60:0;61:0;62:1;63:0;83:0;87:1;88:0,SIM
trickle,100,20,9,cold,240.0,60.0,node_hello,continuous,18,10,0.5,0.2672640000000004,3.2746831525711073,58.4,230.96115200000054,74.87897600000021,156.08217600000032,0.3242059339918777,0.7953594522632179,0.5,0,909,0.0,988,584,404,20,0,5258,0,0.0,1.0,0,0.0,node_hello,13:1;29:1;45:0;49:1;5:1;50:0;54:1;66:0;7:0;76:1;8:0;85:0;86:1;87:0;89:0;91:1;96:0;97:0;98:1;99:1,SIM
trickle,100,20,9,cold,240.0,60.0,node_hello,continuous,19,9,0.45,0.2672639999999973,0.26726400000000083,59.22222222222222,217.33068799999995,74.87897600000021,142.45171199999973,0.34453935930115964,0.7845243314335818,0.45,0,872,0.0,937,533,404,20,0,4562,0,0.0,1.0,0,0.0,node_hello,10:1;12:1;16:0;19:1;27:0;30:1;40:1;49:0;50:0;57:1;6:0;61:0;68:1;69:0;73:1;76:0;89:0;95:0;96:1;99:0,SIM
store_carry_forward,25,5,7,warm,240.0,60.0,node_hello,continuous,0,5,1.0,0.0770559999999989,0.0770559999999989,14.8,11.671039999999984,5.968895999999995,5.70214399999999,0.5114279447247206,0.8102981029810298,1.0,0,122,0.0,190,74,116,5,229,738,0,0.0,1.0,0,0.0,node_hello,10:1;11:1;19:1;2:1;22:1,SIM
store_carry_forward,25,5,7,warm,240.0,60.0,node_hello,continuous,1,5,1.0,0.0770559999999989,1.7055420690284449,14.2,11.439871999999985,5.968895999999995,5.4709759999999905,0.5217624812585318,0.7819905213270142,1.0,0,128,0.0,187,71,116,5,98,633,0,0.0,1.0,0,0.0,node_hello,16:1;17:1;23:1;24:1;4:1,SIM
store_carry_forward,25,5,7,warm,240.0,60.0,node_hello,continuous,2,5,1.0,0.8239558925037542,1.1581734846889502,14.2,11.439871999999985,5.968895999999995,5.4709759999999905,0.5217624812585318,0.8114754098360656,1.0,0,121,0.0,187,71,116,5,186,732,0,0.0,1.0,0,0.0,node_hello,1:1;13:1;6:1;7:1;8:1,SIM
store_carry_forward,25,5,7,warm,240.0,60.0,node_hello,continuous,3,4,0.8,0.1891030644824454,0.879742316208964,13.75,10.206975999999989,5.968895999999995,4.238079999999994,0.5847859346392116,0.7894736842105263,0.8,0,119,0.0,171,55,116,5,184,532,0,0.0,1.0,0,0.0,node_hello,10:1;11:1;12:0;14:1;4:1,SIM
store_carry_forward,25,5,7,warm,240.0,60.0,node_hello,continuous,4,4,0.8,0.16964015848622438,1.5126481099945397,15.75,10.823423999999987,5.968895999999995,4.854527999999992,0.5514794578868943,0.8045774647887324,0.8,0,133,0.0,179,63,116,5,64,568,0,0.0,1.0,0,0.0,node_hello,0:1;1:0;10:1;11:1;18:1,SIM
store_carry_forward,25,5,7,warm,240.0,60.0,node_hello,continuous,5,5,1.0,1.978922604779882,4.404655567230434,14.0,11.362815999999984,5.968895999999995,5.393919999999991,0.5253007705132251,0.7297830374753451,1.0,0,139,0.0,186,70,116,5,40,507,0,0.0,1.0,0,0.0,node_hello,2:1;20:1;22:1;23:1;4:1,SIM
store_carry_forward,25,5,7,warm,240.0,60.0,node_hello,continuous,6,5,1.0,0.0770559999999989,0.7032345329671557,14.8,11.671039999999984,5.968895999999995,5.70214399999999,0.5114279447247206,0.7961876832844574,1.0,0,135,0.0,190,74,116,5,118,682,0,0.0,1.0,0,0.0,node_hello,0:1;17:1;3:1;5:1;8:1,SIM
store_carry_forward,25,5,7,warm,240.0,60.0,node_hello,continuous,7,5,1.0,0.49297066981064575,1.8634305174076302,15.8,12.056319999999983,5.968895999999995,6.087423999999989,0.4950844038645294,0.7982708933717579,1.0,0,125,0.0,195,79,116,5,298,694,0,0.8571428571428571,1.0,0,0.0,node_hello,11:1;13:1;21:1;22:1;8:1,SIM
store_carry_forward,25,5,7,warm,240.0,60.0,node_hello,continuous,8,5,1.0,0.4786940944958644,2.140200577320817,13.4,11.131647999999986,5.968895999999995,5.162751999999991,0.5362095531587059,0.8028571428571428,1.0,0,102,0.0,183,67,116,5,546,700,0,0.0,1.0,0,0.0,node_hello,11:1;15:1;16:1;22:1;4:1,SIM
store_carry_forward,25,5,7,warm,240.0,60.0,node_hello,continuous,9,4,0.8,0.23455955106844328,0.908809465320533,16.25,10.977535999999986,5.968895999999995,5.008639999999992,0.5437373195587791,0.8091993185689949,0.8,0,128,0.0,181,65,116,5,98,587,0,0.0,1.0,0,0.0,node_hello,10:1;14:1;2:1;8:0;9:1,SIM
store_carry_forward,25,5,7,warm,240.0,60.0,node_hello,continuous,10,5,1.0,1.0,3.0118123395161374,14.6,11.593983999999985,5.968895999999995,5.62508799999999,0.5148269999337589,0.8053596614950634,1.0,0,126,0.0,189,73,116,5,118,709,0,0.0,1.0,0,0.0,node_hello,11:1;12:1;15:1;17:1;18:1,SIM
store_carry_forward,25,5,7,warm,240.0,60.0,node_hello,continuous,11,5,1.0,0.0770559999999989,1.4122368492790724,14.2,11.439871999999985,5.968895999999995,5.4709759999999905,0.5217624812585318,0.7982583454281568,1.0,0,127,0.0,187,71,116,5,127,689,0,0.0,1.0,0,0.0,node_hello,12:1;18:1;2:1;6:1;9:1,SIM
store_carry_forward,25,5,7,warm,240.0,60.0,node_hello,continuous,12,5,1.0,0.0770559999999989,2.408554971474001,15.2,11.825151999999985,5.968895999999995,5.8562559999999895,0.5047627294769659,0.8055944055944056,1.0,0,122,0.0,192,76,116,5,317,715,0,0.9285714285714286,1.0,0,0.0,node_hello,0:1;1:1;16:1;19:1;7:1,SIM
store_carry_forward,25,5,7,warm,240.0,60.0,node_hello,continuous,13,5,1.0,0.0770559999999989,0.5429054654113074,13.4,11.131647999999986,5.968895999999995,5.162751999999991,0.5362095531587059,0.8115746971736204,1.0,0,128,0.0,183,67,116,5,67,743,0,0.0,1.0,0,0.0,node_hello,13:1;17:1;19:1;2:1;20:1,SIM
store_carry_forward,25,5,7,warm,240.0,60.0,node_hello,continuous,14,4,0.8,0.3153474187149783,1.3138274880065017,16.25,10.977535999999986,5.968895999999995,5.008639999999992,0.5437373195587791,0.8028169014084507,0.8,0,135,0.0,181,65,116,5,40,568,0,0.0,1.0,0,0.0,node_hello,0:1;1:1;24:0;4:1;6:1,SIM
store_carry_forward,25,5,7,warm,240.0,60.0,node_hello,continuous,15,5,1.0,0.0770559999999989,0.5172650450394882,14.0,11.362815999999984,5.968895999999995,5.393919999999991,0.5253007705132251,0.8031383737517832,1.0,0,125,0.0,186,70,116,5,57,701,0,0.0,1.0,0,0.0,node_hello,1:1;11:1;12:1;13:1;19:1,SIM
store_carry_forward,25,5,7,warm,240.0,60.0,node_hello,continuous,16,5,1.0,0.0770559999999989,0.2428634042417627,14.6,11.593983999999985,5.968895999999995,5.62508799999999,0.5148269999337589,0.8185378590078329,1.0,0,121,0.0,189,73,116,5,183,766,0,0.0,1.0,0,0.0,node_hello,0:1;13:1;21:1;22:1;6:1,SIM
store_carry_forward,25,5,7,warm,240.0,60.0,node_hello,continuous,17,5,1.0,0.4946522924767862,4.444714324996834,14.2,11.439871999999985,5.968895999999995,5.4709759999999905,0.5217624812585318,0.7696160267111853,1.0,0,132,0.0,187,71,116,5,101,599,0,0.0,1.0,0,0.0,node_hello,1:1;10:1;13:1;2:1;5:1,SIM
store_carry_forward,25,5,7,warm,240.0,60.0,node_hello,continuous,18,5,1.0,0.0770559999999989,0.0770559999999989,12.2,10.669311999999987,5.968895999999995,4.700415999999993,0.5594452575761213,0.798219584569733,1.0,0,130,0.0,177,61,116,5,64,674,0,0.0,1.0,0,0.0,node_hello,0:1;14:1;16:1;17:1;3:1,SIM
store_carry_forward,25,5,7,warm,240.0,60.0,node_hello,continuous,19,5,1.0,0.0770559999999989,1.0658817369609208,14.2,11.439871999999985,5.968895999999995,5.4709759999999905,0.5217624812585318,0.8036465638148668,1.0,0,123,0.0,187,71,116,5,207,713,0,0.0,1.0,0,0.0,node_hello,11:1;16:1;18:1;6:1;8:1,SIM
store_carry_forward,25,5,7,cold,240.0,60.0,node_hello,continuous,0,5,1.0,0.07705600000000068,1.1422426380284871,14.6,11.593983999999985,5.968895999999995,5.62508799999999,0.5148269999337589,0.7965116279069767,1.0,0,124,0.0,189,73,116,5,220,688,0,0.0,1.0,0,0.0,node_hello,10:1;11:1;19:1;2:1;22:1,SIM
store_carry_forward,25,5,7,cold,240.0,60.0,node_hello,continuous,1,5,1.0,0.077056,0.8242042274293597,13.8,11.285759999999986,5.968895999999995,5.316863999999991,0.5288873766587276,0.7603448275862069,1.0,0,129,0.0,185,69,116,5,114,580,0,0.0,1.0,0,0.0,node_hello,16:1;17:1;23:1;24:1;4:1,SIM
store_carry_forward,25,5,7,cold,240.0,60.0,node_hello,continuous,2,5,1.0,0.15999082665501518,0.8463397983456113,14.6,11.593983999999985,5.968895999999995,5.62508799999999,0.5148269999337589,0.8232323232323232,1.0,0,121,0.0,189,73,116,5,182,792,0,0.0,1.0,0,0.0,node_hello,1:1;13:1;6:1;7:1;8:1,SIM
store_carry_forward,25,5,7,cold,240.0,60.0,node_hello,continuous,3,3,0.6,0.9771402505766442,3.5388337757738992,14.333333333333334,9.282303999999991,5.968895999999995,3.3134079999999964,0.6430403486031054,0.7882653061224489,0.6,0,117,0.0,159,43,116,5,166,392,0,0.0,1.0,0,0.0,node_hello,10:0;11:1;12:0;14:1;4:1,SIM
store_carry_forward,25,5,7,cold,240.0,60.0,node_hello,continuous,4,5,1.0,0.07705600000000068,1.117796183328262,16.0,12.133375999999984,5.968895999999995,6.164479999999989,0.4919402481222046,0.8351001177856302,1.0,0,131,0.0,196,80,116,5,64,849,0,0.0,1.0,0,0.0,node_hello,0:1;1:1;10:1;11:1;18:1,SIM
store_carry_forward,25,5,7,cold,240.0,60.0,node_hello,continuous,5,5,1.0,0.8459594014543521,3.001795454316129,11.8,10.515199999999988,5.968895999999995,4.546303999999993,0.5676445526475961,0.7683397683397684,1.0,0,126,0.0,175,59,116,5,44,518,0,0.0,1.0,0,0.0,node_hello,2:1;20:1;22:1;23:1;4:1,SIM
store_carry_forward,25,5,7,cold,240.0,60.0,node_hello,continuous,6,5,1.0,0.8280683124256587,1.6076941581010256,14.8,11.671039999999984,5.968895999999995,5.70214399999999,0.5114279447247206,0.8165137614678899,1.0,0,128,0.0,190,74,116,5,124,763,0,0.0,1.0,0,0.0,node_hello,0:1;17:1;3:1;5:1;8:1,SIM
store_carry_forward,25,5,7,cold,240.0,60.0,node_hello,continuous,7,5,1.0,0.07705599999999979,0.6706306117039462,15.8,12.056319999999983,5.968895999999995,6.087423999999989,0.4950844038645294,0.7962154294032023,1.0,0,126,0.0,195,79,116,5,281,687,0,0.0,1.0,0,0.0,node_hello,11:1;13:1;21:1;22:1;8:1,SIM
store_carry_forward,25,5,7,cold,240.0,60.0,node_hello,continuous,8,5,1.0,0.07705599999999979,0.5715360720426597,13.4,11.131647999999986,5.968895999999995,5.162751999999991,0.5362095531587059,0.7842835130970724,1.0,0,110,0.0,183,67,116,5,444,649,0,0.0,1.0,0,0.0,node_hello,11:1;15:1;16:1;22:1;4:1,SIM
store_carry_forward,25,5,7,cold,240.0,60.0,node_hello,continuous,9,5,1.0,0.077056,1.7553657106294962,15.8,12.056319999999983,5.968895999999995,6.087423999999989,0.4950844038645294,0.7822706065318819,1.0,0,136,0.0,195,79,116,5,93,643,0,0.0,1.0,0,0.0,node_hello,10:1;14:1;2:1;8:1;9:1,SIM
store_carry_forward,25,5,7,cold,240.0,60.0,node_hello,continuous,10,5,1.0,0.077056,2.7713277172012227,14.8,11.671039999999984,5.968895999999995,5.70214399999999,0.5114279447247206,0.7937685459940653,1.0,0,130,0.0,190,74,116,5,121,674,0,0.0,1.0,0,0.0,node_hello,11:1;12:1;15:1;17:1;18:1,SIM
store_carry_forward,25,5,7,cold,240.0,60.0,node_hello,continuous,11,5,1.0,0.8348874578862222,2.020595190766678,15.6,11.979263999999983,5.968895999999995,6.010367999999989,0.49826900884728836,0.8062234794908062,1.0,0,134,0.0,194,78,116,5,104,707,0,0.0,1.0,0,0.0,node_hello,12:1;18:1;2:1;6:1;9:1,SIM
store_carry_forward,25,5,7,cold,240.0,60.0,node_hello,continuous,12,5,1.0,0.07705599999999979,0.7625930371783456,15.4,11.902207999999984,5.968895999999995,5.933311999999989,0.5014948486868993,0.7719869706840391,1.0,0,130,0.0,193,77,116,5,319,614,0,0.0,1.0,0,0.0,node_hello,0:1;1:1;16:1;19:1;7:1,SIM
store_carry_forward,25,5,7,cold,240.0,60.0,node_hello,continuous,13,5,1.0,0.077056,0.8584623195145471,13.8,11.285759999999986,5.968895999999995,5.316863999999991,0.5288873766587276,0.8141711229946524,1.0,0,133,0.0,185,69,116,5,68,748,0,0.0,1.0,0,0.0,node_hello,13:1;17:1;19:1;2:1;20:1,SIM
store_carry_forward,25,5,7,cold,240.0,60.0,node_hello,continuous,14,5,1.0,0.9566834473295347,3.5180647238502334,15.6,11.979263999999983,5.968895999999995,6.010367999999989,0.49826900884728836,0.793205317577548,1.0,0,139,0.0,194,78,116,5,44,677,0,0.0,1.0,0,0.0,node_hello,0:1;1:1;24:1;4:1;6:1,SIM
store_carry_forward,25,5,7,cold,240.0,60.0,node_hello,continuous,15,4,0.8,0.07705600000000035,2.05683164969664,13.0,9.97580799999999,5.968895999999995,4.0069119999999945,0.5983370971053172,0.7533333333333333,0.8,0,127,0.0,168,52,116,5,51,450,0,0.0,1.0,0,0.0,node_hello,1:1;11:1;12:1;13:0;19:1,SIM
store_carry_forward,25,5,7,cold,240.0,60.0,node_hello,continuous,16,5,1.0,0.4844532919926223,2.1614034005130063,14.4,11.516927999999986,5.968895999999995,5.54803199999999,0.5182715390770875,0.7991391678622669,1.0,0,125,0.0,188,72,116,5,162,697,0,0.0,1.0,0,0.0,node_hello,0:1;13:1;21:1;22:1;6:1,SIM
store_carry_forward,25,5,7,cold,240.0,60.0,node_hello,continuous,17,5,1.0,0.07705600000000068,1.6285288128865163,14.2,11.439871999999985,5.968895999999995,5.4709759999999905,0.5217624812585318,0.7985507246376812,1.0,0,127,0.0,187,71,116,5,95,690,0,0.0,1.0,0,0.0,node_hello,1:1;10:1;13:1;2:1;5:1,SIM
store_carry_forward,25,5,7,cold,240.0,60.0,node_hello,continuous,18,5,1.0,0.2078555483155604,0.4493854551970717,12.4,10.746367999999986,5.968895999999995,4.777471999999992,0.5554337986564393,0.8014285714285714,1.0,0,127,0.0,178,62,116,5,68,700,0,0.0,1.0,0,0.0,node_hello,0:1;14:1;16:1;17:1;3:1,SIM
store_carry_forward,25,5,7,cold,240.0,60.0,node_hello,continuous,19,5,1.0,1.378239609758881,2.0625930221911055,14.2,11.439871999999985,5.968895999999995,5.4709759999999905,0.5217624812585318,0.8031161473087819,1.0,0,124,0.0,187,71,116,5,202,706,0,0.0,1.0,0,0.0,node_hello,11:1;16:1;18:1;6:1;8:1,SIM
store_carry_forward,25,5,9,warm,240.0,60.0,node_hello,continuous,0,5,1.0,0.2672639999999973,0.8534527999999993,14.4,40.742912000000075,21.49990400000004,19.243008000000035,0.5276967930029155,0.6090651558073654,1.0,0,169,0.0,188,72,116,5,0,353,0,0.0,1.0,0,0.0,node_hello,10:1;11:1;19:1;2:1;22:1,SIM
store_carry_forward,25,5,9,warm,240.0,60.0,node_hello,continuous,1,5,1.0,0.2672639999999973,1.309045851734973,14.2,40.47564800000008,21.49990400000004,18.975744000000034,0.5311812179016874,0.719758064516129,1.0,0,157,0.0,187,71,116,5,0,496,0,0.0,1.0,0,0.0,node_hello,16:1;17:1;23:1;24:1;4:1,SIM
store_carry_forward,25,5,9,warm,240.0,60.0,node_hello,continuous,2,5,1.0,0.2672639999999973,1.708454601846108,14.6,41.01017600000007,21.49990400000004,19.510272000000036,0.5242577842143374,0.7212121212121212,1.0,0,162,0.0,189,73,116,5,0,495,0,0.0,1.0,0,0.0,node_hello,1:1;13:1;6:1;7:1;8:1,SIM
store_carry_forward,25,5,9,warm,240.0,60.0,node_hello,continuous,3,4,0.8,0.2672639999999973,1.1242749538051702,13.75,36.199424000000064,21.49990400000004,14.699520000000021,0.5939294503691551,0.7627118644067796,0.8,0,146,0.0,171,55,116,5,0,472,0,0.0,1.0,0,0.0,node_hello,10:1;11:1;12:0;14:1;4:1,SIM
store_carry_forward,25,5,9,warm,240.0,60.0,node_hello,continuous,4,3,0.6,0.2672639999999973,0.8806127384065177,16.333333333333332,34.59584000000005,21.49990400000004,13.095936000000016,0.6214592274678113,0.7320261437908496,0.6,0,148,0.0,165,49,116,5,0,306,0,0.0,1.0,0,0.0,node_hello,0:1;1:1;10:0;11:1;18:0,SIM
store_carry_forward,25,5,9,warm,240.0,60.0,node_hello,continuous,5,4,0.8,0.2672639999999973,2.7595971659289398,13.75,36.199424000000064,21.49990400000004,14.699520000000021,0.5939294503691551,0.7511111111111111,0.8,0,144,0.0,171,55,116,5,0,450,0,0.0,1.0,0,0.0,node_hello,2:1;20:0;22:1;23:1;4:1,SIM
store_carry_forward,25,5,9,warm,240.0,60.0,node_hello,continuous,6,5,1.0,0.2672639999999973,2.1825527726534086,14.0,40.20838400000007,21.49990400000004,18.708480000000034,0.534711964549483,0.6923076923076923,1.0,0,164,0.0,186,70,116,5,0,429,0,0.0,1.0,0,0.0,node_hello,0:1;17:1;3:1;5:1;8:1,SIM
store_carry_forward,25,5,9,warm,240.0,60.0,node_hello,continuous,7,5,1.0,0.5509024135402498,0.9698149821553499,15.8,42.613760000000084,21.49990400000004,21.11385600000004,0.5045296167247386,0.6325459317585301,1.0,0,175,0.0,195,79,116,5,0,381,0,0.0,1.0,0,0.0,node_hello,11:1;13:1;21:1;22:1;8:1,SIM
store_carry_forward,25,5,9,warm,240.0,60.0,node_hello,continuous,8,5,1.0,0.2672639999999973,2.1331589190384275,12.8,38.60480000000007,21.49990400000004,17.10489600000003,0.556923076923077,0.6876456876456877,1.0,0,157,0.0,180,64,116,5,0,429,0,0.0,1.0,0,0.0,node_hello,11:1;15:1;16:1;22:1;4:1,SIM
store_carry_forward,25,5,9,warm,240.0,60.0,node_hello,continuous,9,4,0.8,0.2672639999999973,0.2672639999999973,16.25,38.872064000000066,21.49990400000004,17.37216000000003,0.5530939648586708,0.6646153846153846,0.8,0,163,0.0,181,65,116,5,0,325,0,0.0,1.0,0,0.0,node_hello,10:1;14:1;2:1;8:1;9:0,SIM
store_carry_forward,25,5,9,warm,240.0,60.0,node_hello,continuous,10,4,0.8,0.2672639999999973,0.7360948115433884,17.0,39.67385600000007,21.49990400000004,18.173952000000032,0.5419161676646707,0.7651991614255765,0.8,0,157,0.0,184,68,116,5,0,477,0,0.0,1.0,0,0.0,node_hello,11:1;12:0;15:1;17:1;18:1,SIM
store_carry_forward,25,5,9,warm,240.0,60.0,node_hello,continuous,11,4,0.8,0.9112533089600632,1.9532010135078997,16.5,39.13932800000007,21.49990400000004,17.63942400000003,0.5493171471927163,0.7058823529411765,0.8,0,162,0.0,182,66,116,5,0,374,0,0.0,1.0,0,0.0,node_hello,12:1;18:1;2:1;6:1;9:0,SIM
store_carry_forward,25,5,9,warm,240.0,60.0,node_hello,continuous,12,5,1.0,0.2672639999999973,2.453452799999999,15.4,42.079232000000076,21.49990400000004,20.57932800000004,0.510938602681722,0.7225548902195609,1.0,0,163,0.0,193,77,116,5,67,501,0,0.8214285714285714,1.0,0,0.0,node_hello,0:1;1:1;16:1;19:1;7:1,SIM
store_carry_forward,25,5,9,warm,240.0,60.0,node_hello,continuous,13,4,0.8,0.2672639999999973,0.5377017917132767,13.0,35.39763200000006,21.49990400000004,13.897728000000019,0.6073825503355706,0.7326968973747017,0.8,0,146,0.0,168,52,116,5,0,419,0,0.0,1.0,0,0.0,node_hello,13:1;17:1;19:0;2:1;20:1,SIM
store_carry_forward,25,5,9,warm,240.0,60.0,node_hello,continuous,14,5,1.0,0.2672639999999973,0.2672639999999973,15.6,42.34649600000008,21.49990400000004,20.84659200000004,0.5077138849929873,0.7454545454545455,1.0,0,164,0.0,194,78,116,5,0,550,0,0.0,1.0,0,0.0,node_hello,0:1;1:1;24:1;4:1;6:1,SIM
store_carry_forward,25,5,9,warm,240.0,60.0,node_hello,continuous,15,5,1.0,0.2672639999999973,0.9164944033146212,14.0,40.20838400000007,21.49990400000004,18.708480000000034,0.534711964549483,0.5632911392405063,1.0,0,167,0.0,186,70,116,5,0,316,0,0.0,1.0,0,0.0,node_hello,1:1;11:1;12:1;13:1;19:1,SIM
store_carry_forward,25,5,9,warm,240.0,60.0,node_hello,continuous,16,5,1.0,0.2672639999999973,1.653452799999999,14.6,41.01017600000007,21.49990400000004,19.510272000000036,0.5242577842143374,0.7586206896551724,1.0,0,157,0.0,189,73,116,5,0,580,0,0.0,1.0,0,0.0,node_hello,0:1;13:1;21:1;22:1;6:1,SIM
store_carry_forward,25,5,9,warm,240.0,60.0,node_hello,continuous,17,5,1.0,0.2672639999999973,0.2672639999999973,14.4,40.742912000000075,21.49990400000004,19.243008000000035,0.5276967930029155,0.6658653846153846,1.0,0,164,0.0,188,72,116,5,0,416,0,0.0,1.0,0,0.0,node_hello,1:1;10:1;13:1;2:1;5:1,SIM
store_carry_forward,25,5,9,warm,240.0,60.0,node_hello,continuous,18,5,1.0,0.2672639999999973,1.7501435531536427,12.6,38.33753600000007,21.49990400000004,16.837632000000028,0.5608055770720372,0.7619047619047619,1.0,0,149,0.0,179,63,116,5,0,588,0,0.0,1.0,0,0.0,node_hello,0:1;14:1;16:1;17:1;3:1,SIM
store_carry_forward,25,5,9,warm,240.0,60.0,node_hello,continuous,19,3,0.6,0.2672639999999973,2.8333634379783588,15.0,33.52678400000005,21.49990400000004,12.026880000000013,0.6412754650132864,0.7281553398058253,0.6,0,144,0.0,161,45,116,5,0,309,0,0.0,1.0,0,0.0,node_hello,11:1;16:0;18:1;6:1;8:0,SIM
store_carry_forward,25,5,9,cold,240.0,60.0,node_hello,continuous,0,4,0.8,0.26726400000000083,1.8027988620895783,14.0,36.46668800000006,21.49990400000004,14.966784000000022,0.5895765472312705,0.7575757575757576,0.8,0,148,0.0,172,56,116,5,0,462,0,0.0,1.0,0,0.0,node_hello,10:1;11:1;19:1;2:1;22:0,SIM
store_carry_forward,25,5,9,cold,240.0,60.0,node_hello,continuous,1,5,1.0,0.26726400000000083,0.8534528,13.8,39.94112000000007,21.49990400000004,18.441216000000033,0.5382899628252789,0.6164772727272727,1.0,0,165,0.0,185,69,116,5,0,352,0,0.0,1.0,0,0.0,node_hello,16:1;17:1;23:1;24:1;4:1,SIM
store_carry_forward,25,5,9,cold,240.0,60.0,node_hello,continuous,2,3,0.6,0.26726400000000083,0.9226046864925963,15.333333333333334,33.79404800000005,21.49990400000004,12.294144000000014,0.6362038664323376,0.7052631578947368,0.6,0,146,0.0,162,46,116,5,0,285,0,0.0,1.0,0,0.0,node_hello,1:1;13:1;6:0;7:1;8:0,SIM
store_carry_forward,25,5,9,cold,240.0,60.0,node_hello,continuous,3,4,0.8,0.26726400000000083,1.1242749538051735,13.75,36.199424000000064,21.49990400000004,14.699520000000021,0.5939294503691551,0.7164556962025317,0.8,0,150,0.0,171,55,116,5,0,395,0,0.0,1.0,0,0.0,node_hello,10:1;11:1;12:0;14:1;4:1,SIM
store_carry_forward,25,5,9,cold,240.0,60.0,node_hello,continuous,4,4,0.8,0.2672640000000004,0.26726400000000083,16.25,38.872064000000066,21.49990400000004,17.37216000000003,0.5530939648586708,0.6842105263157895,0.8,0,162,0.0,181,65,116,5,0,342,0,0.0,1.0,0,0.0,node_hello,0:1;1:1;10:1;11:0;18:1,SIM
store_carry_forward,25,5,9,cold,240.0,60.0,node_hello,continuous,5,5,1.0,0.26726400000000083,0.9769681718101985,14.0,40.20838400000007,21.49990400000004,18.708480000000034,0.534711964549483,0.6783216783216783,1.0,0,161,0.0,186,70,116,5,0,429,0,0.0,1.0,0,0.0,node_hello,2:1;20:1;22:1;23:1;4:1,SIM
store_carry_forward,25,5,9,cold,240.0,60.0,node_hello,continuous,6,5,1.0,0.6654387234750629,2.367276329944267,14.4,40.742912000000075,21.49990400000004,19.243008000000035,0.5276967930029155,0.6921348314606741,1.0,0,165,0.0,188,72,116,5,0,445,0,0.0,1.0,0,0.0,node_hello,0:1;17:1;3:1;5:1;8:1,SIM
store_carry_forward,25,5,9,cold,240.0,60.0,node_hello,continuous,7,5,1.0,0.26726400000000083,0.8964946596828262,15.6,42.34649600000008,21.49990400000004,20.84659200000004,0.5077138849929873,0.7458866544789763,1.0,0,165,0.0,194,78,116,5,0,547,0,0.0,1.0,0,0.0,node_hello,11:1;13:1;21:1;22:1;8:1,SIM
store_carry_forward,25,5,9,cold,240.0,60.0,node_hello,continuous,8,5,1.0,0.26726400000000083,3.76986884709134,13.6,39.67385600000007,21.49990400000004,18.173952000000032,0.5419161676646707,0.6991150442477876,1.0,0,160,0.0,184,68,116,5,0,452,0,0.0,1.0,0,0.0,node_hello,11:1;15:1;16:1;22:1;4:1,SIM
store_carry_forward,25,5,9,cold,240.0,60.0,node_hello,continuous,9,5,1.0,0.26726400000000083,0.26726400000000083,15.8,42.613760000000084,21.49990400000004,21.11385600000004,0.5045296167247386,0.6525,1.0,0,173,0.0,195,79,116,5,0,400,0,0.0,1.0,0,0.0,node_hello,10:1;14:1;2:1;8:1;9:1,SIM
store_carry_forward,25,5,9,cold,240.0,60.0,node_hello,continuous,10,4,0.8,0.2672640000000004,0.26726400000000083,16.5,39.13932800000007,21.49990400000004,17.63942400000003,0.5493171471927163,0.636986301369863,0.8,0,166,0.0,182,66,116,5,0,292,0,0.0,1.0,0,0.0,node_hello,11:1;12:1;15:0;17:1;18:1,SIM
store_carry_forward,25,5,9,cold,240.0,60.0,node_hello,continuous,11,5,1.0,0.26726400000000083,2.697257077649769,15.6,42.34649600000008,21.49990400000004,20.84659200000004,0.5077138849929873,0.7171717171717171,1.0,0,167,0.0,194,78,116,5,0,495,0,0.0,1.0,0,0.0,node_hello,12:1;18:1;2:1;6:1;9:1,SIM
store_carry_forward,25,5,9,cold,240.0,60.0,node_hello,continuous,12,5,1.0,0.26726400000000083,0.26726400000000083,14.2,40.47564800000008,21.49990400000004,18.975744000000034,0.5311812179016874,0.7033492822966507,1.0,0,160,0.0,187,71,116,5,89,418,0,0.0,1.0,0,0.0,node_hello,0:1;1:1;16:1;19:1;7:1,SIM
store_carry_forward,25,5,9,cold,240.0,60.0,node_hello,continuous,13,5,1.0,0.26726400000000083,0.6385842595010124,13.4,39.406592000000074,21.49990400000004,17.90668800000003,0.5455915599095704,0.672209026128266,1.0,0,161,0.0,183,67,116,5,0,421,0,0.0,1.0,0,0.0,node_hello,13:1;17:1;19:1;2:1;20:1,SIM
store_carry_forward,25,5,9,cold,240.0,60.0,node_hello,continuous,14,4,0.8,0.2672640000000004,0.26726400000000083,14.75,37.26848000000007,21.49990400000004,15.768576000000024,0.5768924302788845,0.7275132275132276,0.8,0,154,0.0,175,59,116,5,0,378,0,0.0,1.0,0,0.0,node_hello,0:1;1:1;24:1;4:0;6:1,SIM
store_carry_forward,25,5,9,cold,240.0,60.0,node_hello,continuous,15,5,1.0,0.26726400000000083,0.8534528,13.2,39.13932800000007,21.49990400000004,17.63942400000003,0.5493171471927163,0.6559139784946236,1.0,0,159,0.0,182,66,116,5,0,372,0,0.0,1.0,0,0.0,node_hello,1:1;11:1;12:1;13:1;19:1,SIM
store_carry_forward,25,5,9,cold,240.0,60.0,node_hello,continuous,16,4,0.8,0.2672640000000004,1.7400895999999995,14.5,37.00121600000006,21.49990400000004,15.501312000000024,0.5810593900481542,0.6802325581395349,0.8,0,155,0.0,174,58,116,5,0,344,0,0.0,1.0,0,0.0,node_hello,0:1;13:1;21:1;22:0;6:1,SIM
store_carry_forward,25,5,9,cold,240.0,60.0,node_hello,continuous,17,4,0.8,0.2672640000000004,0.26726400000000083,14.75,37.26848000000007,21.49990400000004,15.768576000000024,0.5768924302788845,0.7424593967517401,0.8,0,150,0.0,175,59,116,5,0,431,0,0.0,1.0,0,0.0,node_hello,1:1;10:1;13:1;2:1;5:0,SIM
store_carry_forward,25,5,9,cold,240.0,60.0,node_hello,continuous,18,5,1.0,0.26726400000000083,0.26726400000000083,12.6,38.33753600000007,21.49990400000004,16.837632000000028,0.5608055770720372,0.7598627787307033,1.0,0,150,0.0,179,63,116,5,0,583,0,0.0,1.0,0,0.0,node_hello,0:1;14:1;16:1;17:1;3:1,SIM
store_carry_forward,25,5,9,cold,240.0,60.0,node_hello,continuous,19,3,0.6,1.7643455645358346,1.854491276147,15.0,33.52678400000005,21.49990400000004,12.026880000000013,0.6412754650132864,0.7341772151898734,0.6,0,145,0.0,161,45,116,5,0,316,0,0.0,1.0,0,0.0,node_hello,11:0;16:0;18:1;6:1;8:1,SIM
store_carry_forward,25,20,7,warm,240.0,60.0,node_hello,continuous,0,18,0.9,0.0770559999999989,2.9787714413857227,14.833333333333334,26.54284799999998,5.968895999999995,20.573951999999988,0.22487775237985008,0.7946210268948656,0.9,0,186,0.0,383,267,116,20,182,2454,0,0.0,1.0,0,0.0,node_hello,0:1;1:1;10:1;11:1;14:1;15:1;17:1;19:1;2:1;20:1;21:0;22:1;23:1;24:1;3:1;4:1;5:1;6:0;7:1;9:1,SIM
store_carry_forward,25,20,7,warm,240.0,60.0,node_hello,continuous,1,19,0.95,0.29405439830509295,2.1746711013961564,15.157894736842104,28.16102399999996,5.968895999999995,22.192127999999965,0.21195592887531375,0.8033519553072626,0.95,0,182,0.0,404,288,116,20,100,2685,0,0.0,1.0,0,0.0,node_hello,0:1;1:1;10:1;11:1;13:0;15:1;16:1;17:1;18:1;19:1;2:1;23:1;24:1;3:1;4:1;5:1;6:1;7:1;8:1;9:1,SIM
store_carry_forward,25,20,7,warm,240.0,60.0,node_hello,continuous,2,17,0.85,0.0770559999999989,2.1225890262361844,14.705882352941176,25.232896,5.968895999999995,19.264000000000006,0.2365521579449301,0.7999153976311336,0.85,0,179,0.0,366,250,116,20,177,2364,0,0.0,1.0,0,0.0,node_hello,0:1;1:0;10:0;11:1;12:1;13:1;15:1;16:1;17:1;18:1;19:1;20:1;21:0;23:1;24:1;3:1;5:1;6:1;7:1;8:1,SIM
store_carry_forward,25,20,7,warm,240.0,60.0,node_hello,continuous,3,16,0.8,0.33473960171428985,3.8558732783634966,14.875,24.308224000000013,5.968895999999995,18.33932800000002,0.24555047707310873,0.7927000467945718,0.8,0,183,0.0,354,238,116,20,176,2137,0,0.0,1.0,0,0.0,node_hello,10:0;11:1;12:1;14:0;16:1;17:1;18:0;19:1;2:1;20:1;21:1;22:1;23:1;24:1;3:1;4:1;6:0;7:1;8:1;9:1,SIM
store_carry_forward,25,20,7,warm,240.0,60.0,node_hello,continuous,4,19,0.95,0.0770559999999989,1.8786430483504017,15.105263157894736,28.08396799999996,5.968895999999995,22.115071999999966,0.21253748758010277,0.8074534161490683,0.95,0,199,0.0,403,287,116,20,59,2737,0,0.0,1.0,0,0.0,node_hello,0:1;1:1;10:1;11:1;12:1;13:1;14:1;15:1;16:1;17:1;18:1;20:1;21:1;22:1;24:1;3:1;5:0;6:1;7:1;9:1,SIM
store_carry_forward,25,20,7,warm,240.0,60.0,node_hello,continuous,5,18,0.9,0.23101717403537947,1.8724846110933822,13.222222222222221,24.308224000000013,5.968895999999995,18.33932800000002,0.24555047707310873,0.7725400457665904,0.9,0,167,0.0,354,238,116,20,45,2185,0,0.0,1.0,0,0.0,node_hello,0:1;1:1;11:1;12:1;13:1;15:1;17:1;18:1;19:1;2:0;20:1;21:1;22:1;24:0;3:1;4:1;5:1;6:1;7:1;9:1,SIM
store_carry_forward,25,20,7,warm,240.0,60.0,node_hello,continuous,6,19,0.95,0.0770559999999989,2.5276853915442157,13.842105263157896,26.234623999999986,5.968895999999995,20.265727999999992,0.22751978454122299,0.8074262832180561,0.95,0,173,0.0,379,263,116,20,123,2747,0,0.0,1.0,0,0.0,node_hello,0:1;10:1;11:1;13:1;14:1;15:1;16:1;17:1;18:1;19:1;2:1;23:1;24:1;3:0;4:1;5:1;6:1;7:1;8:1;9:1,SIM
store_carry_forward,25,20,7,warm,240.0,60.0,node_hello,continuous,7,19,0.95,1.1698717557374039,4.435026477635084,15.052631578947368,28.00691199999996,5.968895999999995,22.038015999999967,0.21312224639403313,0.7989895344640924,0.95,0,183,0.0,402,286,116,20,293,2771,0,0.7857142857142857,1.0,0,0.0,node_hello,0:1;10:1;11:1;12:1;13:1;14:1;15:1;17:1;18:1;19:1;2:1;21:1;22:1;24:1;3:1;4:1;5:1;7:1;8:0;9:1,SIM
store_carry_forward,25,20,7,warm,240.0,60.0,node_hello,continuous,8,20,1.0,0.7073651666195531,3.0461346592031737,13.75,27.159295999999973,5.968895999999995,21.19039999999998,0.21977359059675186,0.8035087719298246,1.0,0,154,0.0,391,275,116,20,451,2850,0,0.0,1.0,0,0.0,node_hello,0:1;1:1;10:1;11:1;14:1;15:1;16:1;17:1;18:1;19:1;2:1;20:1;21:1;22:1;23:1;4:1;5:1;6:1;8:1;9:1,SIM
store_carry_forward,25,20,7,warm,240.0,60.0,node_hello,continuous,9,20,1.0,0.1858563862964715,1.897975864713775,14.2,27.852799999999963,5.968895999999995,21.88390399999997,0.2143014705882354,0.7933333333333333,1.0,0,195,0.0,400,284,116,20,89,2700,0,0.0,1.0,0,0.0,node_hello,0:1;1:1;10:1;12:1;13:1;14:1;16:1;17:1;18:1;19:1;2:1;20:1;23:1;24:1;3:1;5:1;6:1;7:1;8:1;9:1,SIM
store_carry_forward,25,20,7,warm,240.0,60.0,node_hello,continuous,10,19,0.95,0.0770559999999989,1.831128200654144,13.894736842105264,26.311679999999985,5.968895999999995,20.34278399999999,0.22685347343841206,0.7984615384615384,0.95,0,182,0.0,380,264,116,20,102,2600,0,0.0,1.0,0,0.0,node_hello,0:1;1:1;10:1;11:1;12:1;13:1;14:1;15:1;17:1;18:1;19:0;20:1;21:1;22:1;24:1;3:1;5:1;7:1;8:1;9:1,SIM
store_carry_forward,25,20,7,warm,240.0,60.0,node_hello,continuous,11,20,1.0,0.7735488156840589,2.840848538603244,14.45,28.238079999999957,5.968895999999995,22.269183999999964,0.21137754408231735,0.7764423076923077,1.0,0,204,0.0,405,289,116,20,101,2496,0,0.0,1.0,0,0.0,node_hello,0:1;1:1;11:1;12:1;13:1;14:1;15:1;17:1;18:1;19:1;2:1;20:1;21:1;22:1;23:1;24:1;5:1;6:1;7:1;9:1,SIM
store_carry_forward,25,20,7,warm,240.0,60.0,node_hello,continuous,12,20,1.0,0.0770559999999989,1.3377614244323441,14.85,28.85452799999995,5.968895999999995,22.885631999999955,0.20686167522823473,0.8167660702451955,1.0,0,169,0.0,413,297,116,20,336,3018,0,1.0,1.0,0,0.0,node_hello,0:1;1:1;10:1;11:1;12:1;13:1;15:1;16:1;18:1;19:1;20:1;21:1;22:1;23:1;24:1;3:1;4:1;5:1;7:1;8:1,SIM
store_carry_forward,25,20,7,warm,240.0,60.0,node_hello,continuous,13,20,1.0,0.17298949020158005,1.744580940072949,14.85,28.85452799999995,5.968895999999995,22.885631999999955,0.20686167522823473,0.8159710811698981,1.0,0,203,0.0,413,297,116,20,58,3043,0,0.0,1.0,0,0.0,node_hello,0:1;1:1;10:1;11:1;13:1;14:1;15:1;17:1;18:1;19:1;2:1;20:1;21:1;22:1;24:1;4:1;6:1;7:1;8:1;9:1,SIM
store_carry_forward,25,20,7,warm,240.0,60.0,node_hello,continuous,14,20,1.0,0.4691052018287394,2.582069172915803,13.5,26.77401599999998,5.968895999999995,20.805119999999985,0.22293614824163843,0.7917441428040164,1.0,0,182,0.0,386,270,116,20,28,2689,0,0.0,1.0,0,0.0,node_hello,0:1;1:1;10:1;11:1;12:1;13:1;16:1;18:1;19:1;2:1;20:1;21:1;23:1;3:1;4:1;5:1;6:1;7:1;8:1;9:1,SIM
store_carry_forward,25,20,7,warm,240.0,60.0,node_hello,continuous,15,17,0.85,0.0770559999999989,1.1015304517497697,13.705882352941176,23.92294400000002,5.968895999999995,17.954048000000025,0.24950507763592933,0.7625063163213744,0.85,0,181,0.0,349,233,116,20,48,1979,0,0.0,1.0,0,0.0,node_hello,0:1;1:1;10:1;11:1;12:1;13:0;14:1;15:1;16:1;18:1;19:1;2:1;20:1;21:1;22:1;23:0;24:1;5:1;6:0;9:1,SIM
store_carry_forward,25,20,7,warm,240.0,60.0,node_hello,continuous,16,19,0.95,0.0770559999999989,3.3905202192977297,15.473684210526315,28.623359999999952,5.968895999999995,22.654463999999958,0.20853233163402216,0.8109843081312411,0.95,0,201,0.0,410,294,116,20,131,2804,0,0.0,1.0,0,0.0,node_hello,0:1;1:1;10:1;12:1;13:1;14:1;15:1;16:1;17:1;18:1;19:1;2:1;20:1;22:1;23:1;3:1;4:1;6:1;7:1;8:0,SIM
store_carry_forward,25,20,7,warm,240.0,60.0,node_hello,continuous,17,19,0.95,0.0770559999999989,2.0,14.894736842105264,27.775743999999964,5.968895999999995,21.80684799999997,0.2148959898247911,0.8064163324826832,0.95,0,179,0.0,399,283,116,20,99,2743,0,0.0,1.0,0,0.0,node_hello,1:1;10:1;11:1;12:1;13:1;14:1;15:1;17:1;18:1;2:1;20:1;21:1;23:1;24:0;3:1;4:1;5:1;7:1;8:1;9:1,SIM
store_carry_forward,25,20,7,warm,240.0,60.0,node_hello,continuous,18,20,1.0,0.0770559999999989,0.518500225769975,14.95,29.008639999999946,5.968895999999995,23.039743999999953,0.20576269690685278,0.8282548476454293,1.0,0,196,0.0,415,299,116,20,56,3249,0,0.0,1.0,0,0.0,node_hello,0:1;1:1;10:1;12:1;13:1;14:1;16:1;17:1;19:1;2:1;20:1;21:1;22:1;23:1;24:1;3:1;6:1;7:1;8:1;9:1,SIM
store_carry_forward,25,20,7,warm,240.0,60.0,node_hello,continuous,19,17,0.85,0.3275251526897307,2.747875157990053,14.647058823529411,25.15584,5.968895999999995,19.186944000000008,0.23727675164097062,0.8083904800322711,0.85,0,180,0.0,365,249,116,20,202,2479,0,0.0,1.0,0,0.0,node_hello,0:1;1:1;10:1;11:1;12:0;13:1;15:1;16:0;17:1;18:1;20:0;21:1;22:1;24:1;3:1;4:1;6:1;7:1;8:1;9:1,SIM
store_carry_forward,25,20,7,cold,240.0,60.0,node_hello,continuous,0,18,0.9,0.151140345490426,1.9022796014236714,14.555555555555555,26.157567999999987,5.968895999999995,20.188671999999993,0.2281900213353167,0.8034321372854915,0.9,0,173,0.0,378,262,116,20,174,2564,0,0.0,1.0,0,0.0,node_hello,0:1;1:1;10:1;11:1;14:1;15:1;17:1;19:1;2:1;20:1;21:0;22:1;23:1;24:1;3:1;4:1;5:1;6:0;7:1;9:1,SIM
store_carry_forward,25,20,7,cold,240.0,60.0,node_hello,continuous,1,20,1.0,0.28191794564017414,1.1686484048060917,14.95,29.008639999999946,5.968895999999995,23.039743999999953,0.20576269690685278,0.783081102056655,1.0,0,204,0.0,415,299,116,20,87,2577,0,0.0,1.0,0,0.0,node_hello,0:1;1:1;10:1;11:1;13:1;15:1;16:1;17:1;18:1;19:1;2:1;23:1;24:1;3:1;4:1;5:1;6:1;7:1;8:1;9:1,SIM
store_carry_forward,25,20,7,cold,240.0,60.0,node_hello,continuous,2,16,0.8,0.0770559999999989,2.25,15.5625,25.15584,5.968895999999995,19.186944000000008,0.23727675164097062,0.8198307134220073,0.8,0,166,0.0,365,249,116,20,174,2481,0,0.0,1.0,0,0.0,node_hello,0:1;1:1;10:0;11:1;12:1;13:1;15:1;16:1;17:1;18:0;19:1;20:1;21:0;23:1;24:1;3:1;5:1;6:0;7:1;8:1,SIM
store_carry_forward,25,20,7,cold,240.0,60.0,node_hello,continuous,3,18,0.9,0.0770559999999989,2.2567519990552114,14.833333333333334,26.54284799999998,5.968895999999995,20.573951999999988,0.22487775237985008,0.7983091787439613,0.9,0,189,0.0,383,267,116,20,171,2484,0,0.0,1.0,0,0.0,node_hello,10:1;11:1;12:1;14:1;16:1;17:1;18:0;19:1;2:1;20:1;21:1;22:1;23:1;24:1;3:1;4:1;6:0;7:1;8:1;9:1,SIM
store_carry_forward,25,20,7,cold,240.0,60.0,node_hello,continuous,4,19,0.95,0.0770559999999989,1.6530378048114711,15.052631578947368,28.00691199999996,5.968895999999995,22.038015999999967,0.21312224639403313,0.8155609586662036,0.95,0,188,0.0,402,286,116,20,57,2879,0,0.0,1.0,0,0.0,node_hello,0:1;1:1;10:1;11:1;12:1;13:1;14:1;15:1;16:1;17:1;18:0;20:1;21:1;22:1;24:1;3:1;5:1;6:1;7:1;9:1,SIM
store_carry_forward,25,20,7,cold,240.0,60.0,node_hello,continuous,5,20,1.0,0.0770559999999989,1.5639621293609478,12.75,25.618175999999995,5.968895999999995,19.64928,0.23299457385256453,0.757168458781362,1.0,0,174,0.0,371,255,116,20,32,2232,0,0.0,1.0,0,0.0,node_hello,0:1;1:1;11:1;12:1;13:1;15:1;17:1;18:1;19:1;2:1;20:1;21:1;22:1;24:1;3:1;4:1;5:1;6:1;7:1;9:1,SIM
store_carry_forward,25,20,7,cold,240.0,60.0,node_hello,continuous,6,19,0.95,0.0770559999999989,2.17298456187857,14.157894736842104,26.69695999999998,5.968895999999995,20.728063999999986,0.22357961355899694,0.8064163324826832,0.95,0,184,0.0,385,269,116,20,126,2743,0,0.0,1.0,0,0.0,node_hello,0:1;10:1;11:1;13:1;14:1;15:1;16:0;17:1;18:1;19:1;2:1;23:1;24:1;3:1;4:1;5:1;6:1;7:1;8:1;9:1,SIM
store_carry_forward,25,20,7,cold,240.0,60.0,node_hello,continuous,7,18,0.9,1.1609699301934366,3.7308019164242654,15.333333333333334,27.23635199999997,5.968895999999995,21.267455999999978,0.21915181592600952,0.8085951607078368,0.9,0,174,0.0,392,276,116,20,293,2769,0,0.0,1.0,0,0.0,node_hello,0:1;10:1;11:1;12:1;13:1;14:0;15:1;17:1;18:1;19:1;2:1;21:1;22:1;24:1;3:1;4:1;5:1;7:1;8:1;9:0,SIM
store_carry_forward,25,20,7,cold,240.0,60.0,node_hello,continuous,8,19,0.95,0.077056,3.099999999999998,13.157894736842104,25.232896,5.968895999999995,19.264000000000006,0.2365521579449301,0.7866502866502867,0.95,0,165,0.0,366,250,116,20,438,2442,0,0.0,1.0,0,0.0,node_hello,0:1;1:1;10:1;11:1;14:1;15:1;16:0;17:1;18:1;19:1;2:1;20:1;21:1;22:1;23:1;4:1;5:1;6:1;8:1;9:1,SIM
store_carry_forward,25,20,7,cold,240.0,60.0,node_hello,continuous,9,19,0.95,0.2396587761540161,2.040851689061879,14.421052631578947,27.082239999999974,5.968895999999995,21.11334399999998,0.22039890348804236,0.8054232319530964,0.95,0,174,0.0,390,274,116,20,107,2729,0,0.0,1.0,0,0.0,node_hello,0:1;1:1;10:1;12:1;13:1;14:1;16:1;17:1;18:1;19:1;2:1;20:1;23:1;24:1;3:1;5:1;6:0;7:1;8:1;9:1,SIM
store_carry_forward,25,20,7,cold,240.0,60.0,node_hello,continuous,10,20,1.0,0.07705599999999935,1.9207584610053963,14.25,27.929855999999962,5.968895999999995,21.960959999999968,0.21371023180355828,0.799063737846597,1.0,0,190,0.0,401,285,116,20,128,2777,0,0.0,1.0,0,0.0,node_hello,0:1;1:1;10:1;11:1;12:1;13:1;14:1;15:1;17:1;18:1;19:1;20:1;21:1;22:1;24:1;3:1;5:1;7:1;8:1;9:1,SIM
store_carry_forward,25,20,7,cold,240.0,60.0,node_hello,continuous,11,18,0.9,0.272770548446875,2.432800651919675,14.944444444444445,26.69695999999998,5.968895999999995,20.728063999999986,0.22357961355899694,0.7949449653485527,0.9,0,188,0.0,385,269,116,20,111,2453,0,0.0,1.0,0,0.0,node_hello,0:1;1:1;11:1;12:1;13:1;14:1;15:1;17:0;18:1;19:1;2:0;20:1;21:1;22:1;23:1;24:1;5:1;6:1;7:1;9:1,SIM
store_carry_forward,25,20,7,cold,240.0,60.0,node_hello,continuous,12,19,0.95,0.0770559999999989,1.0517236524378615,15.0,27.929855999999962,5.968895999999995,21.960959999999968,0.21371023180355828,0.8119200571020699,0.95,0,177,0.0,401,285,116,20,303,2802,0,0.0,1.0,0,0.0,node_hello,0:1;1:1;10:1;11:1;12:1;13:1;15:1;16:1;18:1;19:0;20:1;21:1;22:1;23:1;24:1;3:1;4:1;5:1;7:1;8:1,SIM
store_carry_forward,25,20,7,cold,240.0,60.0,node_hello,continuous,13,19,0.95,0.0770559999999989,2.158389931314883,14.789473684210526,27.621631999999966,5.968895999999995,21.652735999999972,0.21609497947116238,0.7996219281663516,0.95,0,215,0.0,397,281,116,20,72,2645,0,0.0,1.0,0,0.0,node_hello,0:1;1:1;10:1;11:1;13:0;14:1;15:1;17:1;18:1;19:1;2:1;20:1;21:1;22:1;24:1;4:1;6:1;7:1;8:1;9:1,SIM
store_carry_forward,25,20,7,cold,240.0,60.0,node_hello,continuous,14,20,1.0,0.8357758874119661,2.0595694500885853,13.3,26.465791999999983,5.968895999999995,20.49689599999999,0.2255324911493296,0.7901651651651652,1.0,0,176,0.0,382,266,116,20,46,2664,0,0.0,1.0,0,0.0,node_hello,0:1;1:1;10:1;11:1;12:1;13:1;16:1;18:1;19:1;2:1;20:1;21:1;23:1;3:1;4:1;5:1;6:1;7:1;8:1;9:1,SIM
store_carry_forward,25,20,7,cold,240.0,60.0,node_hello,continuous,15,19,0.95,0.07705599999999979,1.9149044083804112,13.789473684210526,26.157567999999987,5.968895999999995,20.188671999999993,0.2281900213353167,0.7854234527687296,0.95,0,174,0.0,378,262,116,20,58,2456,0,0.0,1.0,0,0.0,node_hello,0:1;1:1;10:1;11:1;12:1;13:1;14:1;15:1;16:1;18:1;19:1;2:1;20:0;21:1;22:1;23:1;24:1;5:1;6:1;9:1,SIM
store_carry_forward,25,20,7,cold,240.0,60.0,node_hello,continuous,16,20,1.0,0.16208423524730664,2.484259462631024,15.35,29.625087999999938,5.968895999999995,23.656191999999944,0.20148112302653776,0.8154260693836308,1.0,0,199,0.0,423,307,116,20,159,2969,0,0.0,1.0,0,0.0,node_hello,0:1;1:1;10:1;12:1;13:1;14:1;15:1;16:1;17:1;18:1;19:1;2:1;20:1;22:1;23:1;3:1;4:1;6:1;7:1;8:1,SIM
store_carry_forward,25,20,7,cold,240.0,60.0,node_hello,continuous,17,18,0.9,0.07705599999999935,1.698327569247996,15.333333333333334,27.23635199999997,5.968895999999995,21.267455999999978,0.21915181592600952,0.7983935742971887,0.9,0,193,0.0,392,276,116,20,104,2490,0,0.0,1.0,0,0.0,node_hello,1:1;10:1;11:1;12:1;13:1;14:1;15:1;17:0;18:1;2:1;20:1;21:1;23:1;24:1;3:1;4:1;5:1;7:1;8:0;9:1,SIM
store_carry_forward,25,20,7,cold,240.0,60.0,node_hello,continuous,18,20,1.0,0.344172808401332,1.0008468369926617,14.85,28.85452799999995,5.968895999999995,22.885631999999955,0.20686167522823473,0.8218042715970673,1.0,0,201,0.0,413,297,116,20,79,3137,0,0.0,1.0,0,0.0,node_hello,0:1;1:1;10:1;12:1;13:1;14:1;16:1;17:1;19:1;2:1;20:1;21:1;22:1;23:1;24:1;3:1;6:1;7:1;8:1;9:1,SIM
store_carry_forward,25,20,7,cold,240.0,60.0,node_hello,continuous,19,20,1.0,0.2008141296759618,2.556927681174825,14.05,27.621631999999966,5.968895999999995,21.652735999999972,0.21609497947116238,0.8079310344827586,1.0,0,184,0.0,397,281,116,20,173,2900,0,0.0,1.0,0,0.0,node_hello,0:1;1:1;10:1;11:1;12:1;13:1;15:1;16:1;17:1;18:1;20:1;21:1;22:1;24:1;3:1;4:1;6:1;7:1;8:1;9:1,SIM
store_carry_forward,25,20,9,warm,240.0,60.0,node_hello,continuous,0,17,0.85,0.2672639999999973,1.2983509679535064,14.882352941176471,89.11769599999975,21.49990400000004,67.61779199999971,0.24125291569476953,0.7031645569620253,0.85,0,282,0.0,369,253,116,20,0,1580,0,0.0,1.0,0,0.0,node_hello,0:1;1:1;10:1;11:1;14:1;15:1;17:1;19:1;2:1;20:1;21:0;22:1;23:1;24:0;3:1;4:1;5:1;6:0;7:1;9:1,SIM
store_carry_forward,25,20,9,warm,240.0,60.0,node_hello,continuous,1,16,0.8,0.2672640000000115,1.7648333926007425,15.875,89.38495999999975,21.49990400000004,67.88505599999971,0.24053156146179513,0.7228158390949089,0.8,0,279,0.0,370,254,116,20,0,1591,0,0.0,1.0,0,0.0,node_hello,0:1;1:1;10:1;11:1;13:1;15:0;16:1;17:1;18:1;19:1;2:1;23:0;24:1;3:1;4:0;5:1;6:1;7:0;8:1;9:1,SIM
store_carry_forward,25,20,9,warm,240.0,60.0,node_hello,continuous,2,14,0.7,0.2672640000000115,2.385661610324247,15.642857142857142,80.03071999999985,21.49990400000004,58.5308159999998,0.26864564007421254,0.7767548906789413,0.7,0,239,0.0,335,219,116,20,0,1738,0,0.0,1.0,0,0.0,node_hello,0:1;1:1;10:0;11:1;12:1;13:1;15:0;16:1;17:0;18:1;19:1;20:0;21:0;23:1;24:1;3:0;5:1;6:1;7:1;8:1,SIM
store_carry_forward,25,20,9,warm,240.0,60.0,node_hello,continuous,3,16,0.8,0.2672640000000115,2.9730823375848026,14.9375,85.37599999999979,21.49990400000004,63.87609599999975,0.2518260869565228,0.7324029126213593,0.8,0,267,0.0,355,239,116,20,0,1648,0,0.0,1.0,0,0.0,node_hello,10:0;11:1;12:1;14:0;16:1;17:1;18:0;19:1;2:1;20:1;21:1;22:1;23:1;24:1;3:1;4:1;6:0;7:1;8:1;9:1,SIM
store_carry_forward,25,20,9,warm,240.0,60.0,node_hello,continuous,4,19,0.95,0.2672640000000115,2.434909245108638,15.157894736842104,98.47193599999966,21.49990400000004,76.97203199999961,0.21833534378769717,0.6888626988803771,0.95,0,311,0.0,404,288,116,20,0,1697,0,0.0,1.0,0,0.0,node_hello,0:1;1:1;10:1;11:0;12:1;13:1;14:1;15:1;16:1;17:1;18:1;20:1;21:1;22:1;24:1;3:1;5:1;6:1;7:1;9:1,SIM
store_carry_forward,25,20,9,warm,240.0,60.0,node_hello,continuous,5,17,0.85,0.2672640000000115,1.5096097264379011,13.176470588235293,81.36703999999983,21.49990400000004,59.86713599999979,0.2642335766423368,0.6969099276791585,0.85,0,248,0.0,340,224,116,20,0,1521,0,0.0,1.0,0,0.0,node_hello,0:1;1:0;11:1;12:0;13:1;15:0;17:1;18:1;19:1;2:1;20:1;21:1;22:1;24:1;3:1;4:1;5:1;6:1;7:1;9:1,SIM
store_carry_forward,25,20,9,warm,240.0,60.0,node_hello,continuous,6,18,0.9,0.2672640000000115,1.6502060990243117,14.055555555555555,89.11769599999975,21.49990400000004,67.61779199999971,0.24125291569476953,0.6684856753069577,0.9,0,292,0.0,369,253,116,20,0,1466,0,0.0,1.0,0,0.0,node_hello,0:1;10:1;11:1;13:1;14:1;15:1;16:1;17:1;18:1;19:1;2:1;23:1;24:0;3:1;4:1;5:1;6:1;7:1;8:0;9:1,SIM
store_carry_forward,25,20,9,warm,240.0,60.0,node_hello,continuous,7,18,0.9,0.2672640000000115,3.839450605355208,14.444444444444445,90.98854399999973,21.49990400000004,69.48863999999969,0.23629242819843455,0.70291146761735,0.9,0,286,0.0,376,260,116,20,0,1683,0,0.0,1.0,0,0.0,node_hello,0:1;10:1;11:0;12:1;13:1;14:1;15:1;17:1;18:1;19:1;2:1;21:1;22:1;24:1;3:1;4:1;5:1;7:0;8:1;9:1,SIM
store_carry_forward,25,20,9,warm,240.0,60.0,node_hello,continuous,8,17,0.85,0.2672640000000115,2.0480249291428123,13.470588235294118,82.70335999999982,21.49990400000004,61.203455999999775,0.25996409335727216,0.6924616410940627,0.85,0,263,0.0,345,229,116,20,0,1499,0,0.0,1.0,0,0.0,node_hello,0:1;1:1;10:1;11:1;14:1;15:1;16:1;17:0;18:1;19:0;2:1;20:1;21:1;22:0;23:1;4:1;5:1;6:1;8:1;9:1,SIM
store_carry_forward,25,20,9,warm,240.0,60.0,node_hello,continuous,9,19,0.95,0.2672640000000115,3.099999999999998,13.947368421052632,92.32486399999972,21.49990400000004,70.82495999999968,0.23287230620778498,0.6919431279620853,0.95,0,287,0.0,381,265,116,20,0,1688,0,0.0,1.0,0,0.0,node_hello,0:1;1:1;10:1;12:1;13:1;14:1;16:1;17:1;18:0;19:1;2:1;20:1;23:1;24:1;3:1;5:1;6:1;7:1;8:1;9:1,SIM
store_carry_forward,25,20,9,warm,240.0,60.0,node_hello,continuous,10,17,0.85,0.2672639999999973,1.040826195311387,14.058823529411764,85.37599999999979,21.49990400000004,63.87609599999975,0.2518260869565228,0.7098609355246523,0.85,0,269,0.0,355,239,116,20,0,1582,0,0.0,1.0,0,0.0,node_hello,0:1;1:1;10:1;11:1;12:0;13:1;14:1;15:0;17:1;18:1;19:1;20:1;21:1;22:0;24:1;3:1;5:1;7:1;8:1;9:1,SIM
store_carry_forward,25,20,9,warm,240.0,60.0,node_hello,continuous,11,16,0.8,0.2672640000000044,3.25,15.375,87.24684799999977,21.49990400000004,65.74694399999973,0.24642614023145107,0.6646884272997032,0.8,0,284,0.0,362,246,116,20,0,1348,0,0.0,1.0,0,0.0,node_hello,0:1;1:1;11:1;12:0;13:1;14:1;15:1;17:1;18:0;19:1;2:0;20:0;21:1;22:1;23:1;24:1;5:1;6:1;7:1;9:1,SIM
store_carry_forward,25,20,9,warm,240.0,60.0,node_hello,continuous,12,16,0.8,0.2672639999999973,1.25,14.875,85.1087359999998,21.49990400000004,63.60883199999975,0.2526168876482914,0.71216999356085,0.8,0,265,0.0,354,238,116,20,87,1553,0,0.8214285714285714,1.0,0,0.0,node_hello,0:1;1:1;10:1;11:1;12:1;13:1;15:1;16:1;18:1;19:0;20:1;21:0;22:1;23:1;24:0;3:1;4:0;5:1;7:1;8:1,SIM
store_carry_forward,25,20,9,warm,240.0,60.0,node_hello,continuous,13,17,0.85,0.2672639999999973,1.7999999999999972,14.352941176470589,86.71231999999978,21.49990400000004,65.21241599999973,0.24794520547945315,0.6801152737752162,0.85,0,289,0.0,360,244,116,20,0,1388,0,0.0,1.0,0,0.0,node_hello,0:1;1:1;10:0;11:1;13:1;14:1;15:1;17:1;18:1;19:1;2:1;20:1;21:1;22:1;24:0;4:1;6:1;7:0;8:1;9:1,SIM
store_carry_forward,25,20,9,warm,240.0,60.0,node_hello,continuous,14,18,0.9,0.2672640000000115,5.0,13.0,84.0396799999998,21.49990400000004,62.53977599999976,0.25583038869258057,0.7105882352941176,0.9,0,254,0.0,350,234,116,20,0,1700,0,0.0,1.0,0,0.0,node_hello,0:1;1:1;10:1;11:0;12:1;13:1;16:0;18:1;19:1;2:1;20:1;21:1;23:1;3:1;4:1;5:1;6:1;7:1;8:1;9:1,SIM
store_carry_forward,25,20,9,warm,240.0,60.0,node_hello,continuous,15,16,0.8,0.2672640000000115,1.8542329885538607,14.5,83.50515199999981,21.49990400000004,62.00524799999977,0.25746799431010065,0.7049067035245336,0.8,0,265,0.0,348,232,116,20,0,1447,0,0.0,1.0,0,0.0,node_hello,0:1;1:1;10:1;11:0;12:1;13:1;14:1;15:1;16:1;18:1;19:1;2:0;20:0;21:1;22:1;23:1;24:1;5:1;6:0;9:1,SIM
store_carry_forward,25,20,9,warm,240.0,60.0,node_hello,continuous,16,19,0.95,0.2672640000000115,3.863866131306672,15.31578947368421,99.27372799999965,21.49990400000004,77.7738239999996,0.21657194137002808,0.7063447501403706,0.95,0,309,0.0,407,291,116,20,0,1781,0,0.0,1.0,0,0.0,node_hello,0:1;1:1;10:1;12:1;13:1;14:1;15:1;16:1;17:1;18:1;19:1;2:0;20:1;22:1;23:1;3:1;4:1;6:1;7:1;8:1,SIM
store_carry_forward,25,20,9,warm,240.0,60.0,node_hello,continuous,17,17,0.85,0.2672640000000115,2.393367868416319,14.588235294117647,87.78137599999977,21.49990400000004,66.28147199999972,0.2449255751014896,0.7207478890229192,0.85,0,269,0.0,364,248,116,20,0,1658,0,0.0,1.0,0,0.0,node_hello,1:1;10:1;11:1;12:1;13:0;14:1;15:1;17:1;18:1;2:1;20:1;21:0;23:1;24:0;3:1;4:1;5:1;7:1;8:1;9:1,SIM
store_carry_forward,25,20,9,warm,240.0,60.0,node_hello,continuous,18,15,0.75,0.2672640000000115,1.014994424184657,15.066666666666666,81.90156799999983,21.49990400000004,60.40166399999978,0.26250906453952244,0.7081575246132208,0.75,0,268,0.0,342,226,116,20,0,1422,0,0.0,1.0,0,0.0,node_hello,0:1;1:0;10:0;12:1;13:1;14:0;16:1;17:1;19:1;2:1;20:1;21:0;22:1;23:1;24:1;3:1;6:1;7:1;8:0;9:1,SIM
store_carry_forward,25,20,9,warm,240.0,60.0,node_hello,continuous,19,15,0.75,0.6004688602707517,3.3856069047097863,14.066666666666666,77.89260799999987,21.49990400000004,56.392703999999824,0.2760198246282892,0.6709991876523151,0.75,0,261,0.0,327,211,116,20,0,1231,0,0.0,1.0,0,0.0,node_hello,0:1;1:0;10:0;11:1;12:1;13:1;15:1;16:0;17:1;18:1;20:0;21:1;22:1;24:1;3:1;4:0;6:1;7:1;8:1;9:1,SIM
store_carry_forward,25,20,9,cold,240.0,60.0,node_hello,continuous,0,16,0.8,0.26726399999999995,1.0572184349247067,14.625,84.0396799999998,21.49990400000004,62.53977599999976,0.25583038869258057,0.7078651685393258,0.8,0,269,0.0,350,234,116,20,0,1513,0,0.0,1.0,0,0.0,node_hello,0:1;1:1;10:1;11:1;14:1;15:1;17:1;19:1;2:1;20:1;21:0;22:1;23:0;24:1;3:1;4:0;5:1;6:0;7:1;9:1,SIM
store_carry_forward,25,20,9,cold,240.0,60.0,node_hello,continuous,1,17,0.85,0.26726400000000083,1.8468951857881175,15.294117647058824,90.98854399999973,21.49990400000004,69.48863999999969,0.23629242819843455,0.6860622462787551,0.85,0,293,0.0,376,260,116,20,0,1478,0,0.0,1.0,0,0.0,node_hello,0:1;1:0;10:1;11:1;13:1;15:1;16:1;17:1;18:1;19:0;2:1;23:1;24:1;3:1;4:1;5:1;6:1;7:0;8:1;9:1,SIM
store_carry_forward,25,20,9,cold,240.0,60.0,node_hello,continuous,2,15,0.75,0.2672639999999973,1.9453913511232852,15.0,81.63430399999983,21.49990400000004,60.134399999999786,0.26336849763550485,0.7146776406035665,0.75,0,261,0.0,341,225,116,20,0,1458,0,0.0,1.0,0,0.0,node_hello,0:1;1:0;10:0;11:1;12:0;13:1;15:1;16:1;17:1;18:1;19:1;20:1;21:0;23:1;24:1;3:1;5:0;6:1;7:1;8:1,SIM
store_carry_forward,25,20,9,cold,240.0,60.0,node_hello,continuous,3,14,0.7,0.2672639999999973,2.8494789700046352,15.0,77.62534399999987,21.49990400000004,56.12543999999983,0.2769701606732986,0.7306350314026517,0.7,0,247,0.0,326,210,116,20,0,1433,0,0.0,1.0,0,0.0,node_hello,10:0;11:1;12:1;14:0;16:1;17:1;18:0;19:1;2:1;20:1;21:0;22:1;23:0;24:1;3:1;4:1;6:0;7:1;8:1;9:1,SIM
store_carry_forward,25,20,9,cold,240.0,60.0,node_hello,continuous,4,16,0.8,0.2672639999999986,2.0504952152934877,15.0625,85.91052799999979,21.49990400000004,64.41062399999974,0.2502592464569662,0.7195734002509411,0.8,0,272,0.0,357,241,116,20,0,1594,0,0.0,1.0,0,0.0,node_hello,0:1;1:1;10:1;11:1;12:1;13:0;14:1;15:1;16:1;17:1;18:1;20:1;21:1;22:0;24:1;3:0;5:1;6:0;7:1;9:1,SIM
store_carry_forward,25,20,9,cold,240.0,60.0,node_hello,continuous,5,16,0.8,0.2672639999999973,1.0,13.75,80.29798399999984,21.49990400000004,58.7980799999998,0.26775147928994186,0.674945215485756,0.8,0,254,0.0,336,220,116,20,0,1369,0,0.0,1.0,0,0.0,node_hello,0:1;1:1;11:0;12:1;13:0;15:1;17:1;18:1;19:0;2:1;20:1;21:1;22:1;24:0;3:1;4:1;5:1;6:1;7:1;9:1,SIM
store_carry_forward,25,20,9,cold,240.0,60.0,node_hello,continuous,6,18,0.9,0.2672639999999973,1.534848438120393,14.222222222222221,89.91948799999975,21.49990400000004,68.4195839999997,0.23910171730515303,0.7263736263736263,0.9,0,275,0.0,372,256,116,20,0,1820,0,0.0,1.0,0,0.0,node_hello,0:1;10:1;11:0;13:1;14:1;15:1;16:1;17:1;18:0;19:1;2:1;23:1;24:1;3:1;4:1;5:1;6:1;7:1;8:1;9:1,SIM
store_carry_forward,25,20,9,cold,240.0,60.0,node_hello,continuous,7,17,0.85,0.7360926454564698,3.853998456665889,14.470588235294118,87.24684799999977,21.49990400000004,65.74694399999973,0.24642614023145107,0.7207908927501497,0.85,0,273,0.0,362,246,116,20,0,1669,0,0.0,1.0,0,0.0,node_hello,0:1;10:1;11:0;12:1;13:1;14:1;15:1;17:1;18:1;19:1;2:1;21:1;22:1;24:1;3:1;4:1;5:0;7:1;8:1;9:0,SIM
store_carry_forward,25,20,9,cold,240.0,60.0,node_hello,continuous,8,14,0.7,0.6709502921133867,2.855469332304516,15.142857142857142,78.15987199999987,21.49990400000004,56.65996799999982,0.27507598784194626,0.7108088761632069,0.7,0,250,0.0,328,212,116,20,0,1397,0,0.0,1.0,0,0.0,node_hello,0:1;1:0;10:1;11:0;14:1;15:0;16:1;17:0;18:1;19:1;2:1;20:1;21:1;22:1;23:1;4:1;5:0;6:1;8:0;9:1,SIM
store_carry_forward,25,20,9,cold,240.0,60.0,node_hello,continuous,9,16,0.8,0.26726399999999995,2.3615847845903737,14.4375,83.23788799999981,21.49990400000004,61.73798399999977,0.258294684266858,0.692200557103064,0.8,0,265,0.0,347,231,116,20,0,1436,0,0.0,1.0,0,0.0,node_hello,0:1;1:1;10:0;12:1;13:0;14:1;16:1;17:1;18:1;19:1;2:1;20:1;23:1;24:0;3:0;5:1;6:1;7:1;8:1;9:1,SIM
store_carry_forward,25,20,9,cold,240.0,60.0,node_hello,continuous,10,15,0.75,0.2672639999999973,0.3724796551381139,14.733333333333333,80.56524799999984,21.49990400000004,59.0653439999998,0.26686325101363906,0.7159559834938102,0.75,0,257,0.0,337,221,116,20,0,1454,0,0.0,1.0,0,0.0,node_hello,0:1;1:1;10:1;11:1;12:0;13:1;14:0;15:1;17:1;18:1;19:0;20:1;21:1;22:0;24:1;3:1;5:1;7:0;8:1;9:1,SIM
store_carry_forward,25,20,9,cold,240.0,60.0,node_hello,continuous,11,15,0.75,0.26726399999999995,2.575209025028556,15.133333333333333,82.16883199999982,21.49990400000004,60.66892799999978,0.2616552222623791,0.6874524714828897,0.75,0,267,0.0,343,227,116,20,0,1315,0,0.0,1.0,0,0.0,node_hello,0:1;1:1;11:1;12:1;13:1;14:1;15:1;17:1;18:0;19:1;2:0;20:1;21:0;22:1;23:0;24:1;5:1;6:1;7:0;9:1,SIM
store_carry_forward,25,20,9,cold,240.0,60.0,node_hello,continuous,12,18,0.9,0.2672640000000004,2.190973526669781,14.666666666666666,92.05759999999972,21.49990400000004,70.55769599999968,0.23354838709677533,0.728278915329275,0.9,0,279,0.0,380,264,116,20,70,1807,0,0.0,1.0,0,0.0,node_hello,0:1;1:1;10:1;11:1;12:0;13:1;15:1;16:1;18:1;19:1;20:1;21:1;22:1;23:1;24:1;3:1;4:1;5:1;7:1;8:0,SIM
store_carry_forward,25,20,9,cold,240.0,60.0,node_hello,continuous,13,17,0.85,0.2672639999999973,0.6838283401550384,14.294117647058824,86.44505599999978,21.49990400000004,64.94515199999974,0.24871178289247792,0.6994067237969677,0.85,0,281,0.0,359,243,116,20,0,1517,0,0.0,1.0,0,0.0,node_hello,0:1;1:1;10:0;11:1;13:1;14:1;15:1;17:1;18:0;19:1;2:1;20:1;21:1;22:1;24:1;4:1;6:1;7:0;8:1;9:1,SIM
store_carry_forward,25,20,9,cold,240.0,60.0,node_hello,continuous,14,19,0.95,0.26726400000000083,3.0709633413101702,13.368421052631579,89.38495999999975,21.49990400000004,67.88505599999971,0.24053156146179513,0.7072892938496583,0.95,0,271,0.0,370,254,116,20,0,1756,0,0.0,1.0,0,0.0,node_hello,0:1;1:1;10:1;11:1;12:1;13:1;16:1;18:0;19:1;2:1;20:1;21:1;23:1;3:1;4:1;5:1;6:1;7:1;8:1;9:1,SIM
store_carry_forward,25,20,9,cold,240.0,60.0,node_hello,continuous,15,18,0.9,0.2672639999999973,1.6052895185625449,13.833333333333334,88.04863999999976,21.49990400000004,66.54873599999972,0.24418212478920853,0.6967370441458733,0.9,0,274,0.0,365,249,116,20,0,1563,0,0.0,1.0,0,0.0,node_hello,0:1;1:1;10:1;11:1;12:1;13:1;14:0;15:1;16:1;18:1;19:1;2:1;20:0;21:1;22:1;23:1;24:1;5:1;6:1;9:1,SIM
store_carry_forward,25,20,9,cold,240.0,60.0,node_hello,continuous,16,16,0.8,0.26726400000000083,2.985689822016244,15.75,88.85043199999976,21.49990400000004,67.35052799999971,0.24197860962566956,0.7176545570427023,0.8,0,283,0.0,368,252,116,20,0,1569,0,0.0,1.0,0,0.0,node_hello,0:1;1:1;10:1;12:1;13:1;14:1;15:0;16:1;17:0;18:1;19:0;2:1;20:1;22:1;23:0;3:1;4:1;6:1;7:1;8:1,SIM
store_carry_forward,25,20,9,cold,240.0,60.0,node_hello,continuous,17,17,0.85,0.26726399999999995,1.6254026304384837,15.529411764705882,92.05759999999972,21.49990400000004,70.55769599999968,0.23354838709677533,0.6703678001387925,0.85,0,298,0.0,380,264,116,20,0,1441,0,0.0,1.0,0,0.0,node_hello,1:1;10:1;11:1;12:1;13:0;14:1;15:1;17:1;18:1;2:1;20:1;21:1;23:1;24:0;3:1;4:1;5:1;7:0;8:1;9:1,SIM
store_carry_forward,25,20,9,cold,240.0,60.0,node_hello,continuous,18,19,0.95,0.2672639999999973,1.1866025083644596,15.0,97.67014399999967,21.49990400000004,76.17023999999962,0.2201276983885691,0.725,0.95,0,304,0.0,401,285,116,20,0,1920,0,0.0,1.0,0,0.0,node_hello,0:1;1:1;10:1;12:1;13:1;14:1;16:1;17:1;19:0;2:1;20:1;21:1;22:1;23:1;24:1;3:1;6:1;7:1;8:1;9:1,SIM
store_carry_forward,25,20,9,cold,240.0,60.0,node_hello,continuous,19,17,0.85,0.26726400000000083,3.178776731796087,14.294117647058824,86.44505599999978,21.49990400000004,64.94515199999974,0.24871178289247792,0.6977491961414791,0.85,0,278,0.0,359,243,116,20,0,1555,0,0.0,1.0,0,0.0,node_hello,0:1;1:1;10:1;11:1;12:0;13:1;15:1;16:0;17:1;18:1;20:1;21:1;22:1;24:1;3:1;4:0;6:1;7:1;8:1;9:1,SIM
store_carry_forward,50,5,7,warm,240.0,60.0,node_hello,continuous,0,5,1.0,0.0770559999999989,0.23664413549713,28.2,21.979391999999997,11.11449599999999,10.864896000000009,0.5056780460533208,0.8633316142341413,1.0,0,284,0.0,357,141,216,5,122,1939,0,0.0,1.0,0,0.0,node_hello,0:1;21:1;29:1;47:1;5:1,SIM
store_carry_forward,50,5,7,warm,240.0,60.0,node_hello,continuous,1,5,1.0,0.0770559999999989,1.4831566397287872,26.8,21.439999999999994,11.11449599999999,10.325504000000004,0.5183999999999996,0.8391013964784456,1.0,0,285,0.0,350,134,216,5,92,1647,0,0.0,1.0,0,0.0,node_hello,13:1;19:1;3:1;4:1;8:1,SIM
store_carry_forward,50,5,7,warm,240.0,60.0,node_hello,continuous,2,4,0.8,0.9569237073772143,2.9446332749682433,24.25,18.588927999999974,11.11449599999999,7.474431999999985,0.5979094652472701,0.8479362780593772,0.8,0,257,0.0,313,97,216,5,80,1381,0,0.0,1.0,0,0.0,node_hello,0:1;2:1;33:1;48:0;9:1,SIM
store_carry_forward,50,5,7,warm,240.0,60.0,node_hello,continuous,3,5,1.0,0.0770559999999989,0.0770559999999989,26.8,21.439999999999994,11.11449599999999,10.325504000000004,0.5183999999999996,0.8594909862142099,1.0,0,270,0.0,350,134,216,5,228,1886,0,0.0,1.0,0,0.0,node_hello,17:1;21:1;39:1;41:1;5:1,SIM
store_carry_forward,50,5,7,warm,240.0,60.0,node_hello,continuous,4,5,1.0,0.0770559999999989,1.5881374664946801,25.6,20.97766399999999,11.11449599999999,9.863168,0.5298252465098113,0.8529411764705882,1.0,0,270,0.0,344,128,216,5,98,1802,0,0.0,1.0,0,0.0,node_hello,10:1;3:1;40:1;42:1;44:1,SIM
store_carry_forward,50,5,7,warm,240.0,60.0,node_hello,continuous,5,5,1.0,0.0770559999999989,1.820995502365463,25.8,21.05471999999999,11.11449599999999,9.940224,0.5278861936895858,0.8457042665108124,1.0,0,268,0.0,345,129,216,5,116,1711,0,0.0,1.0,0,0.0,node_hello,11:1;22:1;26:1;41:1;47:1,SIM
store_carry_forward,50,5,7,warm,240.0,60.0,node_hello,continuous,6,5,1.0,0.0770559999999989,3.0755982661255556,23.6,20.207103999999983,11.11449599999999,9.092607999999993,0.5500291382674133,0.8500282965478212,1.0,0,264,0.0,334,118,216,5,0,1767,0,0.0,1.0,0,0.0,node_hello,12:1;28:1;30:1;35:1;49:1,SIM
store_carry_forward,50,5,7,warm,240.0,60.0,node_hello,continuous,7,5,1.0,0.0770559999999989,0.8687760644014644,26.6,21.36294399999999,11.11449599999999,10.248448000000003,0.5202698654267873,0.8518518518518519,1.0,0,272,0.0,349,133,216,5,295,1782,0,0.4716981132075472,1.0,0,0.0,node_hello,12:1;14:1;15:1;39:1;48:1,SIM
store_carry_forward,50,5,7,warm,240.0,60.0,node_hello,continuous,8,4,0.8,0.3814637905688656,0.7917778361186015,24.75,17.559551999999975,9.931007999999991,7.628543999999985,0.5655615815255427,0.8446886446886447,0.8,0,229,0.0,292,99,193,5,302,1365,0,0.0,1.0,0,0.0,node_hello,12:1;18:1;22:1;41:1;6:0,SIM
store_carry_forward,50,5,7,warm,240.0,60.0,node_hello,continuous,9,5,1.0,0.24207443501998682,1.0168402072317746,27.8,21.82528,11.11449599999999,10.710784000000007,0.5092487244149899,0.8526959421901056,1.0,0,278,0.0,355,139,216,5,186,1799,0,0.4339622641509434,1.0,0,0.0,node_hello,19:1;33:1;34:1;4:1;41:1,SIM
store_carry_forward,50,5,7,warm,240.0,60.0,node_hello,continuous,10,5,1.0,0.6070122633985449,2.7512929569866,27.0,21.517055999999997,11.11449599999999,10.402560000000005,0.5165435271442335,0.8560564910374796,1.0,0,278,0.0,351,135,216,5,135,1841,0,0.0,1.0,0,0.0,node_hello,16:1;22:1;27:1;3:1;5:1,SIM
store_carry_forward,50,5,7,warm,240.0,60.0,node_hello,continuous,11,3,0.6,0.0770559999999989,0.0770559999999989,29.0,17.81836799999998,11.11449599999999,6.703871999999987,0.6237662169734065,0.8618592528236316,0.6,0,245,0.0,303,87,216,5,367,1151,0,0.7735849056603774,1.0,0,0.0,node_hello,21:0;22:1;45:1;5:1;8:0,SIM
store_carry_forward,50,5,7,warm,240.0,60.0,node_hello,continuous,12,4,0.8,0.8010777970683449,2.5560844845486272,28.25,19.821823999999978,11.11449599999999,8.70732799999999,0.5607201436154413,0.8387832699619772,0.8,0,272,0.0,329,113,216,5,269,1315,0,0.0,1.0,0,0.0,node_hello,21:1;43:0;46:1;5:1;9:1,SIM
store_carry_forward,50,5,7,warm,240.0,60.0,node_hello,continuous,13,5,1.0,0.3737545102408433,1.303511317065039,27.8,21.82528,11.11449599999999,10.710784000000007,0.5092487244149899,0.8585912486659552,1.0,0,285,0.0,355,139,216,5,110,1874,0,0.0,1.0,0,0.0,node_hello,15:1;30:1;43:1;5:1;9:1,SIM
store_carry_forward,50,5,7,warm,240.0,60.0,node_hello,continuous,14,5,1.0,0.2690473489819425,0.43377514883368345,30.4,22.827008000000006,11.11449599999999,11.712512000000016,0.48690113045038524,0.8667672197083962,1.0,0,288,0.0,368,152,216,5,215,1989,0,0.0,1.0,0,0.0,node_hello,19:1;2:1;24:1;37:1;8:1,SIM
store_carry_forward,50,5,7,warm,240.0,60.0,node_hello,continuous,15,5,1.0,0.0770559999999989,1.3601084310928226,26.2,21.208831999999994,11.11449599999999,10.094336000000002,0.5240503578886377,0.8614016736401674,1.0,0,267,0.0,347,131,216,5,73,1912,0,0.0,1.0,0,0.0,node_hello,13:1;16:1;4:1;41:1;6:1,SIM
store_carry_forward,50,5,7,warm,240.0,60.0,node_hello,continuous,16,5,1.0,0.6082350471064331,1.3092581984138008,27.6,21.748223999999997,11.11449599999999,10.633728000000007,0.5110530404689593,0.8698224852071006,1.0,0,267,0.0,354,138,216,5,262,2028,0,0.0,1.0,0,0.0,node_hello,13:1;22:1;30:1;32:1;37:1,SIM
store_carry_forward,50,5,7,warm,240.0,60.0,node_hello,continuous,17,4,0.8,0.0770559999999989,0.14807556514974746,27.5,19.590655999999978,11.11449599999999,8.476159999999988,0.567336591485247,0.8602504943968359,0.8,0,253,0.0,326,110,216,5,355,1517,0,0.7735849056603774,1.0,0,0.0,node_hello,1:1;14:1;34:0;41:1;48:1,SIM
store_carry_forward,50,5,7,warm,240.0,60.0,node_hello,continuous,18,5,1.0,0.0770559999999989,0.35233977537844785,27.0,21.517055999999997,11.11449599999999,10.402560000000005,0.5165435271442335,0.8636831275720165,1.0,0,281,0.0,351,135,216,5,0,1944,0,0.0,1.0,0,0.0,node_hello,24:1;25:1;32:1;43:1;49:1,SIM
store_carry_forward,50,5,7,warm,240.0,60.0,node_hello,continuous,19,4,0.8,0.0770559999999989,0.5451790667123403,24.25,18.588927999999974,11.11449599999999,7.474431999999985,0.5979094652472701,0.853893866299104,0.8,0,261,0.0,313,97,216,5,0,1451,0,0.0,1.0,0,0.0,node_hello,14:1;22:1;37:0;47:1;6:1,SIM
store_carry_forward,50,5,7,cold,240.0,60.0,node_hello,continuous,0,5,1.0,0.07705599999999979,0.38303402303050477,27.6,21.748223999999997,11.11449599999999,10.633728000000007,0.5110530404689593,0.8576034390112842,1.0,0,283,0.0,354,138,216,5,123,1861,0,0.0,1.0,0,0.0,node_hello,0:1;21:1;29:1;47:1;5:1,SIM
store_carry_forward,50,5,7,cold,240.0,60.0,node_hello,continuous,1,5,1.0,0.8053241752968638,1.5918217581922498,26.4,21.285887999999993,11.11449599999999,10.171392000000003,0.5221532688699665,0.8535911602209945,1.0,0,275,0.0,348,132,216,5,120,1810,0,0.0,1.0,0,0.0,node_hello,13:1;19:1;3:1;4:1;8:1,SIM
store_carry_forward,50,5,7,cold,240.0,60.0,node_hello,continuous,2,3,0.6,2.4647946983653597,2.9900142622251833,22.333333333333332,16.277247999999982,11.11449599999999,5.162751999999991,0.6828240252897788,0.8607705779334501,0.6,0,233,0.0,283,67,216,5,101,1142,0,0.0,1.0,0,0.0,node_hello,0:1;2:0;33:1;48:0;9:1,SIM
store_carry_forward,50,5,7,cold,240.0,60.0,node_hello,continuous,3,5,1.0,0.077056,0.2948604518526575,28.2,21.979391999999997,11.11449599999999,10.864896000000009,0.5056780460533208,0.8614016736401674,1.0,0,275,0.0,357,141,216,5,244,1912,0,0.0,1.0,0,0.0,node_hello,17:1;21:1;39:1;41:1;5:1,SIM
store_carry_forward,50,5,7,cold,240.0,60.0,node_hello,continuous,4,5,1.0,0.5620912916468939,2.0694885781697376,25.2,20.82355199999999,11.11449599999999,9.709055999999999,0.533746404071697,0.8600105652403592,1.0,0,264,0.0,342,126,216,5,123,1893,0,0.0,1.0,0,0.0,node_hello,10:1;3:1;40:1;42:1;44:1,SIM
store_carry_forward,50,5,7,cold,240.0,60.0,node_hello,continuous,5,4,0.8,0.6781815462946286,1.989956889309681,27.25,19.513599999999975,11.11449599999999,8.399103999999987,0.569576910462447,0.8650541056651814,0.8,0,258,0.0,325,109,216,5,109,1571,0,0.0,1.0,0,0.0,node_hello,11:1;22:1;26:1;41:0;47:1,SIM
store_carry_forward,50,5,7,cold,240.0,60.0,node_hello,continuous,6,5,1.0,0.3363208856521851,1.8069775599486284,23.8,20.284159999999986,11.11449599999999,9.169663999999994,0.5479396731242505,0.8408408408408409,1.0,0,271,0.0,335,119,216,5,0,1665,0,0.0,1.0,0,0.0,node_hello,12:1;28:1;30:1;35:1;49:1,SIM
store_carry_forward,50,5,7,cold,240.0,60.0,node_hello,continuous,7,5,1.0,0.077056,0.3870147371097776,26.4,21.285887999999993,11.11449599999999,10.171392000000003,0.5221532688699665,0.8501978518937253,1.0,0,271,0.0,348,132,216,5,311,1769,0,0.0,1.0,0,0.0,node_hello,12:1;14:1;15:1;39:1;48:1,SIM
store_carry_forward,50,5,7,cold,240.0,60.0,node_hello,continuous,8,5,1.0,0.077056,0.8221946457414058,25.0,19.56300799999999,9.931007999999991,9.631999999999998,0.5076421785443218,0.8651282051282051,1.0,0,232,0.0,318,125,193,5,314,1950,0,0.0,1.0,0,0.0,node_hello,12:1;18:1;22:1;41:1;6:1,SIM
store_carry_forward,50,5,7,cold,240.0,60.0,node_hello,continuous,9,5,1.0,0.17599820735301505,0.644534010903149,27.8,21.82528,11.11449599999999,10.710784000000007,0.5092487244149899,0.850451467268623,1.0,0,278,0.0,355,139,216,5,180,1772,0,0.0,1.0,0,0.0,node_hello,19:1;33:1;34:1;4:1;41:1,SIM
store_carry_forward,50,5,7,cold,240.0,60.0,node_hello,continuous,10,4,0.8,0.8858292831576495,1.0573149874849557,26.75,19.359487999999978,11.11449599999999,8.244991999999986,0.574111050870767,0.8743331357439241,0.8,0,258,0.0,323,107,216,5,133,1687,0,0.0,1.0,0,0.0,node_hello,16:1;22:1;27:1;3:1;5:0,SIM
store_carry_forward,50,5,7,cold,240.0,60.0,node_hello,continuous,11,4,0.8,0.3879366527665957,0.847973001651069,26.0,19.128319999999974,11.11449599999999,8.013823999999984,0.5810492505353322,0.8417910447761194,0.8,0,254,0.0,320,104,216,5,350,1340,0,0.0,1.0,0,0.0,node_hello,21:0;22:1;45:1;5:1;8:1,SIM
store_carry_forward,50,5,7,cold,240.0,60.0,node_hello,continuous,12,4,0.8,0.412052241112693,0.8125629766397756,28.25,19.821823999999978,11.11449599999999,8.70732799999999,0.5607201436154413,0.842026825633383,0.8,0,272,0.0,329,113,216,5,254,1342,0,0.0,1.0,0,0.0,node_hello,21:1;43:0;46:1;5:1;9:1,SIM
store_carry_forward,50,5,7,cold,240.0,60.0,node_hello,continuous,13,5,1.0,0.07705600000000068,0.4689490728940285,27.8,21.82528,11.11449599999999,10.710784000000007,0.5092487244149899,0.8717948717948718,1.0,0,278,0.0,355,139,216,5,120,2067,0,0.0,1.0,0,0.0,node_hello,15:1;30:1;43:1;5:1;9:1,SIM
store_carry_forward,50,5,7,cold,240.0,60.0,node_hello,continuous,14,5,1.0,0.077056,0.7832027521765326,30.6,22.904064000000005,11.11449599999999,11.789568000000017,0.48526305200683983,0.8761682242990654,1.0,0,282,0.0,369,153,216,5,215,2140,0,0.0,1.0,0,0.0,node_hello,19:1;2:1;24:1;37:1;8:1,SIM
store_carry_forward,50,5,7,cold,240.0,60.0,node_hello,continuous,15,4,0.8,0.4982901105632257,1.0550804769102118,25.5,18.974207999999976,11.11449599999999,7.859711999999984,0.5857686391969564,0.8521373510861948,0.8,0,258,0.0,318,102,216,5,68,1427,0,0.0,1.0,0,0.0,node_hello,13:1;16:1;4:1;41:1;6:0,SIM
store_carry_forward,50,5,7,cold,240.0,60.0,node_hello,continuous,16,5,1.0,0.30183537643916214,1.6795912806111504,27.4,21.671167999999994,11.11449599999999,10.556672000000006,0.5128701877074643,0.8794358507734303,1.0,0,261,0.0,353,137,216,5,261,2198,0,0.0,1.0,0,0.0,node_hello,13:1;22:1;30:1;32:1;37:1,SIM
store_carry_forward,50,5,7,cold,240.0,60.0,node_hello,continuous,17,5,1.0,0.077056,0.48211708663976366,27.4,21.671167999999994,11.11449599999999,10.556672000000006,0.5128701877074643,0.8406759203379601,1.0,0,273,0.0,353,137,216,5,361,1657,0,0.0,1.0,0,0.0,node_hello,1:1;14:1;34:1;41:1;48:1,SIM
store_carry_forward,50,5,7,cold,240.0,60.0,node_hello,continuous,18,5,1.0,0.077056,0.57686459397091,26.6,21.36294399999999,11.11449599999999,10.248448000000003,0.5202698654267873,0.8295380611581002,1.0,0,292,0.0,349,133,216,5,0,1537,0,0.0,1.0,0,0.0,node_hello,24:1;25:1;32:1;43:1;49:1,SIM
store_carry_forward,50,5,7,cold,240.0,60.0,node_hello,continuous,19,4,0.8,0.2526970378370015,0.6234597886890737,24.0,18.511871999999975,11.11449599999999,7.397375999999985,0.6003982741453703,0.8612565445026178,0.8,0,259,0.0,312,96,216,5,0,1528,0,0.0,1.0,0,0.0,node_hello,14:1;22:1;37:0;47:1;6:1,SIM
store_carry_forward,50,5,9,warm,240.0,60.0,node_hello,continuous,0,4,0.8,0.2672639999999973,0.2672639999999973,28.0,69.96787200000017,40.0343040000001,29.93356800000007,0.5721812434141201,0.7148648648648649,0.8,0,308,0.0,328,112,216,5,0,740,0,0.0,1.0,0,0.0,node_hello,0:1;21:1;29:1;47:1;5:0,SIM
store_carry_forward,50,5,9,warm,240.0,60.0,node_hello,continuous,1,3,0.6,1.9722161279406123,1.9972216127940612,27.666666666666668,62.21721600000014,40.0343040000001,22.182912000000044,0.6434602281143535,0.6413793103448275,0.6,0,286,0.0,299,83,216,5,0,435,0,0.0,1.0,0,0.0,node_hello,13:1;19:0;3:1;4:1;8:0,SIM
store_carry_forward,50,5,9,warm,240.0,60.0,node_hello,continuous,2,4,0.8,0.2672639999999973,3.841750916125507,24.25,65.95891200000015,40.0343040000001,25.924608000000056,0.6069582227190164,0.6778115501519757,0.8,0,294,0.0,313,97,216,5,0,658,0,0.0,1.0,0,0.0,node_hello,0:1;2:1;33:1;48:0;9:1,SIM
store_carry_forward,50,5,9,warm,240.0,60.0,node_hello,continuous,3,4,0.8,0.2672639999999973,0.8900895999999994,26.5,68.36428800000016,40.0343040000001,28.329984000000064,0.5856025882987329,0.6683087027914614,0.8,0,304,0.0,322,106,216,5,0,609,0,0.0,1.0,0,0.0,node_hello,17:0;21:1;39:1;41:1;5:1,SIM
store_carry_forward,50,5,9,warm,240.0,60.0,node_hello,continuous,4,3,0.6,0.2672639999999973,3.2946077847950637,24.666666666666668,59.81184000000013,40.0343040000001,19.777536000000037,0.6693374422187983,0.5789473684210527,0.6,0,280,0.0,290,74,216,5,0,342,0,0.0,1.0,0,0.0,node_hello,10:0;3:1;40:1;42:0;44:1,SIM
store_carry_forward,50,5,9,warm,240.0,60.0,node_hello,continuous,5,5,1.0,0.2672639999999973,1.7999999999999998,24.8,73.17504000000017,40.0343040000001,33.14073600000006,0.547103274559194,0.6335766423357664,1.0,0,319,0.0,340,124,216,5,0,685,0,0.0,1.0,0,0.0,node_hello,11:1;22:1;26:1;41:1;47:1,SIM
store_carry_forward,50,5,9,warm,240.0,60.0,node_hello,continuous,6,3,0.6,0.2672639999999973,2.2674258842489463,26.0,60.880896000000135,40.0343040000001,20.84659200000004,0.6575840145322436,0.7587786259541984,0.6,0,275,0.0,294,78,216,5,0,655,0,0.0,1.0,0,0.0,node_hello,12:1;28:0;30:1;35:1;49:0,SIM
store_carry_forward,50,5,9,warm,240.0,60.0,node_hello,continuous,7,4,0.8,0.6336319999999986,1.6495014149216989,27.0,68.89881600000017,40.0343040000001,28.864512000000065,0.5810593900481541,0.6487394957983194,0.8,0,307,0.0,324,108,216,5,0,595,0,0.0,1.0,0,0.0,node_hello,12:1;14:1;15:1;39:0;48:1,SIM
store_carry_forward,50,5,9,warm,240.0,60.0,node_hello,continuous,8,3,0.6,0.2672639999999973,3.4789558592588916,26.0,56.61798400000012,35.771392000000084,20.84659200000004,0.6318026441916408,0.775886524822695,0.6,0,251,0.0,271,78,193,5,0,705,0,0.0,1.0,0,0.0,node_hello,12:1;18:0;22:1;41:1;6:0,SIM
store_carry_forward,50,5,9,warm,240.0,60.0,node_hello,continuous,9,4,0.8,0.2672639999999973,2.0661470321159743,26.5,68.36428800000016,40.0343040000001,28.329984000000064,0.5856025882987329,0.62708719851577,0.8,0,307,0.0,322,106,216,5,0,539,0,0.0,1.0,0,0.0,node_hello,19:1;33:1;34:0;4:1;41:1,SIM
store_carry_forward,50,5,9,warm,240.0,60.0,node_hello,continuous,10,5,1.0,0.5545621339575604,2.8,24.0,72.10598400000018,40.0343040000001,32.07168000000007,0.5552147239263804,0.6671597633136095,1.0,0,316,0.0,336,120,216,5,0,676,0,0.0,1.0,0,0.0,node_hello,16:1;22:1;27:1;3:1;5:1,SIM
store_carry_forward,50,5,9,warm,240.0,60.0,node_hello,continuous,11,3,0.6,0.2672639999999973,0.2672639999999973,28.333333333333332,62.751744000000144,40.0343040000001,22.717440000000046,0.6379791452489353,0.5642458100558659,0.6,0,291,0.0,301,85,216,5,0,358,0,0.0,1.0,0,0.0,node_hello,21:0;22:1;45:1;5:1;8:0,SIM
store_carry_forward,50,5,9,warm,240.0,60.0,node_hello,continuous,12,4,0.8,1.223547568253636,3.0708448747999357,28.0,69.96787200000017,40.0343040000001,29.93356800000007,0.5721812434141201,0.6988472622478387,0.8,0,308,0.0,328,112,216,5,0,694,0,0.0,1.0,0,0.0,node_hello,21:1;43:0;46:1;5:1;9:1,SIM
store_carry_forward,50,5,9,warm,240.0,60.0,node_hello,continuous,13,3,0.6,0.2672639999999973,2.7719957421303305,31.333333333333332,65.15712000000015,40.0343040000001,25.122816000000054,0.6144271570014146,0.6487695749440716,0.6,0,297,0.0,310,94,216,5,0,447,0,0.0,1.0,0,0.0,node_hello,15:0;30:1;43:0;5:1;9:1,SIM
store_carry_forward,50,5,9,warm,240.0,60.0,node_hello,continuous,14,4,0.8,0.2672639999999973,0.8900895999999994,29.75,71.83872000000017,40.0343040000001,31.804416000000074,0.557280307889673,0.5966735966735967,0.8,0,321,0.0,335,119,216,5,0,481,0,0.0,1.0,0,0.0,node_hello,19:1;2:1;24:0;37:1;8:1,SIM
store_carry_forward,50,5,9,warm,240.0,60.0,node_hello,continuous,15,4,0.8,0.2672639999999973,0.2672639999999973,26.25,68.09702400000016,40.0343040000001,28.062720000000063,0.5879009338205441,0.6650326797385621,0.8,0,303,0.0,321,105,216,5,0,612,0,0.0,1.0,0,0.0,node_hello,13:1;16:1;4:1;41:0;6:1,SIM
store_carry_forward,50,5,9,warm,240.0,60.0,node_hello,continuous,16,5,1.0,0.2672639999999973,2.506709881657741,25.6,74.24409600000016,40.0343040000001,34.20979200000005,0.5392254220456805,0.6026058631921825,1.0,0,327,0.0,344,128,216,5,0,614,0,0.0,1.0,0,0.0,node_hello,13:1;22:1;30:1;32:1;37:1,SIM
store_carry_forward,50,5,9,warm,240.0,60.0,node_hello,continuous,17,4,0.8,0.2672639999999973,0.8900895999999994,28.25,70.23513600000017,40.0343040000001,30.20083200000007,0.5700039364912741,0.6401384083044983,0.8,0,312,0.0,329,113,216,5,0,578,0,0.0,1.0,0,0.0,node_hello,1:1;14:1;34:1;41:0;48:1,SIM
store_carry_forward,50,5,9,warm,240.0,60.0,node_hello,continuous,18,4,0.8,0.2672639999999973,0.8900895999999994,26.75,68.63155200000017,40.0343040000001,28.597248000000064,0.5833221431448905,0.6532663316582915,0.8,0,307,0.0,323,107,216,5,0,597,0,0.0,1.0,0,0.0,node_hello,24:1;25:0;32:1;43:1;49:1,SIM
store_carry_forward,50,5,9,warm,240.0,60.0,node_hello,continuous,19,4,0.8,0.2672639999999973,0.8900895999999994,23.75,65.42438400000015,40.0343040000001,25.390080000000054,0.6119171714325963,0.729381443298969,0.8,0,290,0.0,311,95,216,5,0,776,0,0.0,1.0,0,0.0,node_hello,14:1;22:1;37:0;47:1;6:1,SIM
store_carry_forward,50,5,9,cold,240.0,60.0,node_hello,continuous,0,4,0.8,0.2672640000000004,0.26726400000000083,27.5,69.43334400000016,40.0343040000001,29.399040000000067,0.5765861428192196,0.659468438538206,0.8,0,310,0.0,326,110,216,5,0,602,0,0.0,1.0,0,0.0,node_hello,0:1;21:0;29:1;47:1;5:1,SIM
store_carry_forward,50,5,9,cold,240.0,60.0,node_hello,continuous,1,4,0.8,0.26726400000000083,1.7400895999999995,24.0,65.69164800000016,40.0343040000001,25.657344000000055,0.6094276094276094,0.6229166666666667,0.8,0,298,0.0,312,96,216,5,0,480,0,0.0,1.0,0,0.0,node_hello,13:1;19:1;3:1;4:0;8:1,SIM
store_carry_forward,50,5,9,cold,240.0,60.0,node_hello,continuous,2,2,0.4,0.8249157642542804,1.326802352083132,25.0,53.39750400000011,40.0343040000001,13.363200000000017,0.74974111149465,0.7710583153347732,0.4,0,253,0.0,266,50,216,5,0,463,0,0.0,1.0,0,0.0,node_hello,0:1;2:0;33:0;48:0;9:1,SIM
store_carry_forward,50,5,9,cold,240.0,60.0,node_hello,continuous,3,4,0.8,0.2672640000000004,1.6290578206893793,29.25,71.30419200000017,40.0343040000001,31.269888000000073,0.5614579294300117,0.6750788643533123,0.8,0,314,0.0,333,117,216,5,0,634,0,0.0,1.0,0,0.0,node_hello,17:1;21:1;39:0;41:1;5:1,SIM
store_carry_forward,50,5,9,cold,240.0,60.0,node_hello,continuous,4,4,0.8,0.5675151055122245,1.7004162771814808,25.25,67.02796800000016,40.0343040000001,26.99366400000006,0.5972776020899216,0.6471571906354515,0.8,0,299,0.0,317,101,216,5,0,598,0,0.0,1.0,0,0.0,node_hello,10:1;3:1;40:1;42:1;44:0,SIM
store_carry_forward,50,5,9,cold,240.0,60.0,node_hello,continuous,5,3,0.6,0.7511000430555895,0.9557251308123716,25.0,60.079104000000136,40.0343040000001,20.044800000000038,0.6663598711458814,0.676595744680851,0.6,0,276,0.0,291,75,216,5,0,470,0,0.0,1.0,0,0.0,node_hello,11:1;22:0;26:1;41:1;47:0,SIM
store_carry_forward,50,5,9,cold,240.0,60.0,node_hello,continuous,6,3,0.6,0.26726400000000083,2.6121667670724564,26.333333333333332,61.14816000000014,40.0343040000001,21.11385600000004,0.6547098718914847,0.698292220113852,0.6,0,280,0.0,295,79,216,5,0,527,0,0.0,1.0,0,0.0,node_hello,12:1;28:0;30:1;35:1;49:0,SIM
store_carry_forward,50,5,9,cold,240.0,60.0,node_hello,continuous,7,4,0.8,0.2672640000000004,0.26726400000000083,24.5,66.22617600000015,40.0343040000001,26.191872000000057,0.604508767047036,0.6837349397590361,0.8,0,295,0.0,314,98,216,5,0,664,0,0.0,1.0,0,0.0,node_hello,12:1;14:1;15:0;39:1;48:1,SIM
store_carry_forward,50,5,9,cold,240.0,60.0,node_hello,continuous,8,3,0.6,0.267264,0.2672640000000008,24.666666666666668,55.54892800000012,35.771392000000084,19.777536000000037,0.6439618780762071,0.773121387283237,0.6,0,246,0.0,267,74,193,5,0,692,0,0.0,1.0,0,0.0,node_hello,12:1;18:0;22:1;41:0;6:1,SIM
store_carry_forward,50,5,9,cold,240.0,60.0,node_hello,continuous,9,3,0.6,0.26726400000000083,0.26726400000000083,27.333333333333332,61.94995200000014,40.0343040000001,21.915648000000044,0.6462362392145197,0.7267950963222417,0.6,0,282,0.0,298,82,216,5,0,571,0,0.0,1.0,0,0.0,node_hello,19:0;33:1;34:1;4:1;41:0,SIM
store_carry_forward,50,5,9,cold,240.0,60.0,node_hello,continuous,10,4,0.8,0.434979121155763,3.1191148559128363,27.25,69.16608000000016,40.0343040000001,29.131776000000066,0.5788141239173884,0.7063037249283668,0.8,0,306,0.0,325,109,216,5,0,698,0,0.0,1.0,0,0.0,node_hello,16:0;22:1;27:1;3:1;5:1,SIM
store_carry_forward,50,5,9,cold,240.0,60.0,node_hello,continuous,11,4,0.8,0.2672640000000004,0.26726400000000083,25.75,67.56249600000015,40.0343040000001,27.52819200000006,0.5925521756922658,0.6196660482374768,0.8,0,303,0.0,319,103,216,5,0,539,0,0.0,1.0,0,0.0,node_hello,21:0;22:1;45:1;5:1;8:1,SIM
store_carry_forward,50,5,9,cold,240.0,60.0,node_hello,continuous,12,3,0.6,0.26726400000000083,0.5380522756702485,36.0,68.89881600000017,40.0343040000001,28.864512000000065,0.5810593900481541,0.5883534136546185,0.6,0,310,0.0,324,108,216,5,0,498,0,0.0,1.0,0,0.0,node_hello,21:1;43:0;46:1;5:0;9:1,SIM
store_carry_forward,50,5,9,cold,240.0,60.0,node_hello,continuous,13,5,1.0,0.26726400000000083,2.1541053117999467,26.8,75.84768000000014,40.0343040000001,35.813376000000034,0.5278250303766711,0.6467236467236467,1.0,0,331,0.0,350,134,216,5,0,702,0,0.0,1.0,0,0.0,node_hello,15:1;30:1;43:1;5:1;9:1,SIM
store_carry_forward,50,5,9,cold,240.0,60.0,node_hello,continuous,14,3,0.6,0.267264,1.6369108375566919,30.0,64.08806400000014,40.0343040000001,24.05376000000005,0.6246764452113892,0.6762295081967213,0.6,0,292,0.0,306,90,216,5,0,488,0,0.0,1.0,0,0.0,node_hello,19:0;2:1;24:1;37:0;8:1,SIM
store_carry_forward,50,5,9,cold,240.0,60.0,node_hello,continuous,15,4,0.8,0.6336320000000004,2.6999999999999993,26.25,68.09702400000016,40.0343040000001,28.062720000000063,0.5879009338205441,0.7047075606276747,0.8,0,299,0.0,321,105,216,5,0,701,0,0.0,1.0,0,0.0,node_hello,13:1;16:1;4:1;41:1;6:0,SIM
store_carry_forward,50,5,9,cold,240.0,60.0,node_hello,continuous,16,4,0.8,0.5590511967500813,0.9776257590250242,29.0,71.03692800000017,40.0343040000001,31.002624000000072,0.5635703165542294,0.7294871794871794,0.8,0,310,0.0,332,116,216,5,0,780,0,0.0,1.0,0,0.0,node_hello,13:1;22:0;30:1;32:1;37:1,SIM
store_carry_forward,50,5,9,cold,240.0,60.0,node_hello,continuous,17,4,0.8,0.26726400000000083,1.0735722163613668,26.25,68.09702400000016,40.0343040000001,28.062720000000063,0.5879009338205441,0.6851851851851852,0.8,0,302,0.0,321,105,216,5,0,648,0,0.0,1.0,0,0.0,node_hello,1:1;14:1;34:0;41:1;48:1,SIM
store_carry_forward,50,5,9,cold,240.0,60.0,node_hello,continuous,18,4,0.8,0.2672640000000004,0.26726400000000083,27.75,69.70060800000016,40.0343040000001,29.666304000000068,0.5743752479174932,0.7532013969732246,0.8,0,304,0.0,327,111,216,5,0,859,0,0.0,1.0,0,0.0,node_hello,24:1;25:1;32:0;43:1;49:1,SIM
store_carry_forward,50,5,9,cold,240.0,60.0,node_hello,continuous,19,3,0.6,0.26726400000000083,3.8888926575251737,25.666666666666668,60.61363200000014,40.0343040000001,20.57932800000004,0.6604835031169227,0.6955684007707129,0.6,0,279,0.0,293,77,216,5,0,519,0,0.0,1.0,0,0.0,node_hello,14:0;22:1;37:0;47:1;6:1,SIM
store_carry_forward,50,20,7,warm,240.0,60.0,node_hello,continuous,0,20,1.0,0.0770559999999989,1.0184086718561973,26.8,52.416511999999685,11.11449599999999,41.302015999999696,0.212041884816755,0.8557403872375239,1.0,0,483,0.0,752,536,216,20,110,7334,0,0.0,1.0,0,0.0,node_hello,0:1;15:1;17:1;18:1;19:1;2:1;21:1;22:1;24:1;26:1;29:1;30:1;34:1;38:1;41:1;46:1;47:1;49:1;5:1;8:1,SIM
store_carry_forward,50,20,7,warm,240.0,60.0,node_hello,continuous,1,20,1.0,0.16778625812764858,1.6172613587265843,26.2,51.4918399999997,11.11449599999999,40.37734399999971,0.21584965695535555,0.8509080670139377,1.0,0,473,0.0,740,524,216,20,121,7103,0,0.0,1.0,0,0.0,node_hello,0:1;10:1;13:1;16:1;19:1;2:1;26:1;29:1;3:1;36:1;39:1;4:1;40:1;42:1;44:1;45:1;47:1;48:1;49:1;8:1,SIM
store_carry_forward,50,20,7,warm,240.0,60.0,node_hello,continuous,2,18,0.9,0.38154728558899365,2.433572050355844,27.833333333333332,49.71955199999972,11.11449599999999,38.605055999999735,0.22354376805326107,0.8471398814292581,0.9,0,470,0.0,717,501,216,20,74,6241,0,0.0,1.0,0,0.0,node_hello,0:1;1:1;10:1;11:1;13:1;14:1;15:1;2:1;24:1;26:1;32:0;33:1;36:1;37:1;47:1;48:1;5:1;6:0;7:1;9:1,SIM
store_carry_forward,50,20,7,warm,240.0,60.0,node_hello,continuous,3,19,0.95,0.17068221385886773,1.7296074595245143,27.210526315789473,50.952447999999706,11.11449599999999,39.83795199999972,0.2181346811835234,0.8402667513496348,0.95,0,476,0.0,733,517,216,20,195,6298,0,0.0,1.0,0,0.0,node_hello,17:1;18:1;2:1;21:1;22:1;26:1;29:1;33:1;35:1;37:0;39:1;40:1;41:1;43:1;44:1;45:1;47:1;49:1;5:1;8:1,SIM
store_carry_forward,50,20,7,warm,240.0,60.0,node_hello,continuous,4,19,0.95,0.0770559999999989,1.2904353489294742,28.157894736842106,52.339455999999686,11.11449599999999,41.2249599999997,0.21235406038610827,0.8575671852899576,0.95,0,466,0.0,751,535,216,20,92,7070,0,0.0,1.0,0,0.0,node_hello,0:1;10:1;13:1;16:1;24:0;25:1;28:1;29:1;3:1;30:1;36:1;38:1;39:1;40:1;41:1;42:1;44:1;45:1;47:1;7:1,SIM
store_carry_forward,50,20,7,warm,240.0,60.0,node_hello,continuous,5,19,0.95,0.16736843454677341,2.277096073058528,26.736842105263158,50.258943999999715,11.11449599999999,39.14444799999973,0.22114463845480026,0.846118511713367,0.95,0,442,0.0,724,508,216,20,82,6531,0,0.0,1.0,0,0.0,node_hello,10:1;11:1;12:1;18:1;21:0;22:1;23:1;26:1;28:1;30:1;32:1;33:1;40:1;41:1;42:1;46:1;47:1;48:1;5:1;9:1,SIM
store_carry_forward,50,20,7,warm,240.0,60.0,node_hello,continuous,6,20,1.0,0.3206902949911239,1.858366208750657,27.65,53.726463999999666,11.11449599999999,42.61196799999968,0.20687190580790984,0.8477135461604832,1.0,0,506,0.0,769,553,216,20,0,6954,0,0.0,1.0,0,0.0,node_hello,12:1;17:1;18:1;2:1;23:1;28:1;30:1;32:1;33:1;35:1;37:1;38:1;39:1;4:1;43:1;46:1;47:1;48:1;5:1;8:1,SIM
store_carry_forward,50,20,7,warm,240.0,60.0,node_hello,continuous,7,20,1.0,0.1837446084951182,2.2135169817406926,26.65,52.18534399999969,11.11449599999999,41.0708479999997,0.21298117724394144,0.849645390070922,1.0,0,471,0.0,749,533,216,20,256,7050,0,0.5283018867924528,1.0,0,0.0,node_hello,1:1;12:1;14:1;15:1;16:1;17:1;22:1;25:1;28:1;30:1;31:1;33:1;36:1;39:1;40:1;42:1;43:1;47:1;48:1;49:1,SIM
store_carry_forward,50,20,7,warm,240.0,60.0,node_hello,continuous,8,18,0.9,0.45441905344782185,1.905553945424931,27.72222222222222,48.38195199999973,9.931007999999991,38.45094399999974,0.20526265662038704,0.8524361948955916,0.9,0,445,0.0,692,499,193,20,292,6465,0,0.0,1.0,0,0.0,node_hello,12:1;13:1;15:1;18:1;19:1;22:1;23:1;24:1;25:1;27:0;31:1;33:1;37:1;41:1;42:1;43:1;45:1;48:1;49:1;6:0,SIM
store_carry_forward,50,20,7,warm,240.0,60.0,node_hello,continuous,9,19,0.95,0.5218934558117496,2.7070943093749964,29.05263157894737,53.64940799999967,11.11449599999999,42.53491199999968,0.20716903344022097,0.861007591442374,0.95,0,476,0.0,768,552,216,20,183,7245,0,0.39622641509433965,1.0,0,0.0,node_hello,14:1;15:1;19:1;29:1;3:1;31:1;33:1;34:1;35:1;36:0;4:1;41:1;43:1;44:1;45:1;47:1;48:1;49:1;6:1;8:1,SIM
store_carry_forward,50,20,7,warm,240.0,60.0,node_hello,continuous,10,20,1.0,0.31355164609272634,2.051867598024363,26.6,52.10828799999969,11.11449599999999,40.9937919999997,0.21329612671212794,0.8615103214005748,1.0,0,463,0.0,748,532,216,20,131,7654,0,0.0,1.0,0,0.0,node_hello,12:1;16:1;18:1;20:1;22:1;23:1;25:1;27:1;28:1;29:1;3:1;31:1;32:1;36:1;39:1;40:1;43:1;45:1;49:1;5:1,SIM
store_carry_forward,50,20,7,warm,240.0,60.0,node_hello,continuous,11,17,0.85,0.0770559999999989,1.0118678407641133,26.764705882352942,46.17497599999977,11.11449599999999,35.060479999999785,0.240703882553183,0.8498162378884063,0.85,0,424,0.0,671,455,216,20,364,5986,0,0.6792452830188679,1.0,0,0.0,node_hello,0:1;1:1;20:1;21:1;22:1;24:1;26:0;30:1;31:1;32:0;36:1;37:1;38:1;4:0;42:1;43:1;45:1;49:1;5:1;8:1,SIM
store_carry_forward,50,20,7,warm,240.0,60.0,node_hello,continuous,12,18,0.9,0.45501376491379375,2.4020846066636117,26.944444444444443,48.48665599999974,11.11449599999999,37.37215999999975,0.22922793438260725,0.8459165448936515,0.9,0,461,0.0,701,485,216,20,267,6159,0,0.0,1.0,0,0.0,node_hello,1:1;11:1;13:1;19:1;21:1;23:1;27:1;28:1;3:1;31:1;35:1;38:0;40:1;42:1;43:1;44:1;48:1;49:1;5:1;9:0,SIM
store_carry_forward,50,20,7,warm,240.0,60.0,node_hello,continuous,13,18,0.9,0.0770559999999989,1.0641335555535059,29.055555555555557,51.4147839999997,11.11449599999999,40.30028799999971,0.21617315362056283,0.8675,0.9,0,478,0.0,739,523,216,20,109,7200,0,0.0,1.0,0,0.0,node_hello,12:1;13:0;15:1;16:1;22:1;23:1;25:1;28:1;3:1;30:1;31:1;32:1;33:0;38:1;39:1;4:1;43:1;49:1;5:1;9:1,SIM
store_carry_forward,50,20,7,warm,240.0,60.0,node_hello,continuous,14,20,1.0,0.0770559999999989,2.013769048705845,27.9,54.11174399999966,11.11449599999999,42.99724799999967,0.2053989610831996,0.8351802715779616,1.0,0,525,0.0,774,558,216,20,186,6407,0,0.0,1.0,0,0.0,node_hello,0:1;1:1;15:1;17:1;18:1;19:1;2:1;24:1;28:1;29:1;31:1;32:1;33:1;35:1;37:1;43:1;45:1;5:1;8:1;9:1,SIM
store_carry_forward,50,20,7,warm,240.0,60.0,node_hello,continuous,15,18,0.9,0.209437910905919,1.601521744319995,27.5,49.25721599999973,11.11449599999999,38.14271999999974,0.22564198512559158,0.8565191207467631,0.9,0,447,0.0,711,495,216,20,61,6642,0,0.0,1.0,0,0.0,node_hello,10:1;13:1;14:1;16:1;20:0;23:1;26:1;28:1;3:1;33:1;34:1;38:1;39:1;4:1;40:1;41:1;43:0;47:1;49:1;6:1,SIM
store_carry_forward,50,20,7,warm,240.0,60.0,node_hello,continuous,16,19,0.95,0.2288626925138999,1.5413041309744453,26.526315789473685,49.95071999999972,11.11449599999999,38.83622399999973,0.22250922509225196,0.850903168492745,0.95,0,452,0.0,720,504,216,20,250,6754,0,0.0,1.0,0,0.0,node_hello,1:1;11:1;12:1;13:1;18:1;2:1;22:1;23:1;29:1;30:1;32:0;37:1;40:1;41:1;42:1;47:1;5:1;6:1;8:1;9:1,SIM
store_carry_forward,50,20,7,warm,240.0,60.0,node_hello,continuous,17,19,0.95,0.2717790531930575,0.8178206769783094,26.68421052631579,50.18188799999972,11.11449599999999,39.06739199999973,0.22148421358718215,0.843360349127182,0.95,0,456,0.0,723,507,216,20,367,6416,0,0.9056603773584906,1.0,0,0.0,node_hello,1:1;12:1;14:1;16:1;17:1;22:1;25:1;26:1;27:1;29:1;3:1;34:1;37:1;40:1;41:1;44:1;46:0;48:1;49:1;7:1,SIM
store_carry_forward,50,20,7,warm,240.0,60.0,node_hello,continuous,18,18,0.9,0.0770559999999989,0.19368907561035067,27.27777777777778,48.948991999999734,11.11449599999999,37.834495999999746,0.22706281673788198,0.8666946426073576,0.9,0,456,0.0,707,491,216,20,0,7149,0,0.0,1.0,0,0.0,node_hello,0:1;1:1;12:1;13:0;17:1;19:1;23:1;24:0;25:1;29:1;32:1;39:1;4:1;41:1;43:1;46:1;47:1;49:1;5:1;7:1,SIM
store_carry_forward,50,20,7,warm,240.0,60.0,node_hello,continuous,19,17,0.85,0.0770559999999989,2.2582524902708827,27.941176470588236,47.71609599999975,11.11449599999999,36.60159999999976,0.23292970154138445,0.8566656061088133,0.85,0,461,0.0,691,475,216,20,0,6286,0,0.0,1.0,0,0.0,node_hello,12:1;14:1;15:1;16:1;19:1;22:1;28:0;29:1;3:1;35:1;36:0;37:1;39:1;43:1;47:1;48:1;49:1;6:1;7:1;8:0,SIM
store_carry_forward,50,20,7,cold,240.0,60.0,node_hello,continuous,0,19,0.95,0.077056,0.9809265391095158,26.94736842105263,50.56716799999971,11.11449599999999,39.45267199999972,0.2197966870519633,0.851534828807556,0.95,0,481,0.0,728,512,216,20,115,6776,0,0.0,1.0,0,0.0,node_hello,0:1;15:1;17:1;18:0;19:1;2:1;21:1;22:1;24:1;26:1;29:1;30:1;34:1;38:1;41:1;46:1;47:1;49:1;5:1;8:1,SIM
store_carry_forward,50,20,7,cold,240.0,60.0,node_hello,continuous,1,20,1.0,0.4034639400938236,3.234470369846245,26.6,52.10828799999969,11.11449599999999,40.9937919999997,0.21329612671212794,0.8548076923076923,1.0,0,469,0.0,748,532,216,20,124,7280,0,0.0,1.0,0,0.0,node_hello,0:1;10:1;13:1;16:1;19:1;2:1;26:1;29:1;3:1;36:1;39:1;4:1;40:1;42:1;44:1;45:1;47:1;48:1;49:1;8:1,SIM
store_carry_forward,50,20,7,cold,240.0,60.0,node_hello,continuous,2,17,0.85,0.27948072576059246,1.2870843949131419,27.41176470588235,47.02259199999976,11.11449599999999,35.90809599999977,0.23636502215786076,0.8662609470090544,0.85,0,416,0.0,682,466,216,20,74,6737,0,0.0,1.0,0,0.0,node_hello,0:1;1:1;10:1;11:0;13:1;14:1;15:1;2:1;24:1;26:1;32:0;33:1;36:1;37:1;47:1;48:1;5:1;6:0;7:1;9:1,SIM
store_carry_forward,50,20,7,cold,240.0,60.0,node_hello,continuous,3,19,0.95,0.07705599999999979,0.6516740016565684,27.0,50.64422399999971,11.11449599999999,39.52972799999972,0.21946226286338308,0.8465527760829774,0.95,0,468,0.0,729,513,216,20,172,6556,0,0.0,1.0,0,0.0,node_hello,17:1;18:1;2:1;21:1;22:1;26:1;29:1;33:1;35:1;37:1;39:1;40:1;41:1;43:0;44:1;45:1;47:1;49:1;5:1;8:1,SIM
store_carry_forward,50,20,7,cold,240.0,60.0,node_hello,continuous,4,20,1.0,0.07705599999999946,1.4888826017868841,27.75,53.880575999999664,11.11449599999999,42.766079999999675,0.2062802001225833,0.8593044863286435,1.0,0,464,0.0,771,555,216,20,128,7534,0,0.0,1.0,0,0.0,node_hello,0:1;10:1;13:1;16:1;24:1;25:1;28:1;29:1;3:1;30:1;36:1;38:1;39:1;40:1;41:1;42:1;44:1;45:1;47:1;7:1,SIM
store_carry_forward,50,20,7,cold,240.0,60.0,node_hello,continuous,5,19,0.95,0.5087286291060451,3.497076361376603,26.42105263157895,49.79660799999972,11.11449599999999,38.682111999999734,0.223197853154979,0.8274496297571896,0.95,0,465,0.0,718,502,216,20,92,5807,0,0.0,1.0,0,0.0,node_hello,10:1;11:1;12:1;18:1;21:1;22:1;23:1;26:1;28:1;30:1;32:1;33:1;40:1;41:1;42:1;46:1;47:1;48:0;5:1;9:1,SIM
store_carry_forward,50,20,7,cold,240.0,60.0,node_hello,continuous,6,19,0.95,0.0770559999999989,0.8794979525196812,27.57894736842105,51.4918399999997,11.11449599999999,40.37734399999971,0.21584965695535555,0.8631607555374371,0.95,0,460,0.0,740,524,216,20,0,7359,0,0.0,1.0,0,0.0,node_hello,12:1;17:1;18:1;2:1;23:1;28:1;30:0;32:1;33:1;35:1;37:1;38:1;39:1;4:1;43:1;46:1;47:1;48:1;5:1;8:1,SIM
store_carry_forward,50,20,7,cold,240.0,60.0,node_hello,continuous,7,20,1.0,0.5785388519161359,2.0042979575153783,26.55,52.03123199999969,11.11449599999999,40.9167359999997,0.21361200903334474,0.8601056803170409,1.0,0,453,0.0,747,531,216,20,286,7570,0,0.0,1.0,0,0.0,node_hello,1:1;12:1;14:1;15:1;16:1;17:1;22:1;25:1;28:1;30:1;31:1;33:1;36:1;39:1;40:1;42:1;43:1;47:1;48:1;49:1,SIM
store_carry_forward,50,20,7,cold,240.0,60.0,node_hello,continuous,8,18,0.9,0.365482200278457,2.1851656938951036,27.0,47.38022399999974,9.931007999999991,37.44921599999975,0.20960238600813802,0.8542559706062461,0.9,0,425,0.0,679,486,193,20,295,6532,0,0.0,1.0,0,0.0,node_hello,12:1;13:1;15:1;18:1;19:1;22:1;23:1;24:1;25:1;27:0;31:1;33:1;37:1;41:1;42:1;43:0;45:1;48:1;49:1;6:1,SIM
store_carry_forward,50,20,7,cold,240.0,60.0,node_hello,continuous,9,19,0.95,0.1889005171435727,1.561071132356797,28.263157894736842,52.493567999999684,11.11449599999999,41.379071999999695,0.21173062574066326,0.8517591638451347,0.95,0,478,0.0,753,537,216,20,179,6793,0,0.0,1.0,0,0.0,node_hello,14:1;15:1;19:1;29:1;3:1;31:1;33:1;34:1;35:1;36:1;4:1;41:1;43:1;44:1;45:0;47:1;48:1;49:1;6:1;8:1,SIM
store_carry_forward,50,20,7,cold,240.0,60.0,node_hello,continuous,10,19,0.95,0.28771137181900386,1.9945179294097248,27.157894736842106,50.87539199999971,11.11449599999999,39.76089599999972,0.21846506853450987,0.8602941176470589,0.95,0,469,0.0,732,516,216,20,111,7208,0,0.0,1.0,0,0.0,node_hello,12:1;16:1;18:1;20:1;22:1;23:1;25:1;27:1;28:1;29:1;3:1;31:1;32:1;36:1;39:1;40:1;43:1;45:0;49:1;5:1,SIM
store_carry_forward,50,20,7,cold,240.0,60.0,node_hello,continuous,11,18,0.9,0.07705599999999946,1.2569966825709598,26.61111111111111,48.02431999999975,11.11449599999999,36.90982399999976,0.2314347397318702,0.8515868077162414,0.9,0,429,0.0,695,479,216,20,350,6428,0,0.0,1.0,0,0.0,node_hello,0:1;1:1;20:1;21:1;22:1;24:1;26:1;30:1;31:1;32:0;36:1;37:1;38:1;4:0;42:1;43:1;45:1;49:1;5:1;8:1,SIM
store_carry_forward,50,20,7,cold,240.0,60.0,node_hello,continuous,12,16,0.8,0.1705658503040991,2.1431640017256104,26.1875,43.40095999999981,11.11449599999999,32.286463999999825,0.2560887132450535,0.8449569833424858,0.8,0,421,0.0,635,419,216,20,258,5463,0,0.0,1.0,0,0.0,node_hello,1:1;11:1;13:1;19:0;21:1;23:1;27:1;28:1;3:1;31:1;35:1;38:0;40:1;42:1;43:0;44:1;48:1;49:1;5:1;9:0,SIM
store_carry_forward,50,20,7,cold,240.0,60.0,node_hello,continuous,13,18,0.9,0.2652004764511897,1.273635402335558,28.88888888888889,51.1836159999997,11.11449599999999,40.069119999999714,0.21714948783610863,0.8582267182386195,0.9,0,490,0.0,736,520,216,20,107,6722,0,0.0,1.0,0,0.0,node_hello,12:1;13:0;15:1;16:1;22:1;23:1;25:1;28:1;3:1;30:1;31:1;32:1;33:0;38:1;39:1;4:1;43:1;49:1;5:1;9:1,SIM
store_carry_forward,50,20,7,cold,240.0,60.0,node_hello,continuous,14,19,0.95,0.22135423129972054,1.3534479305313656,28.0,52.10828799999969,11.11449599999999,40.9937919999997,0.21329612671212794,0.8571023130410104,0.95,0,476,0.0,748,532,216,20,221,7047,0,0.0,1.0,0,0.0,node_hello,0:1;1:1;15:1;17:1;18:1;19:1;2:1;24:1;28:1;29:1;31:1;32:1;33:1;35:1;37:1;43:1;45:0;5:1;8:1;9:1,SIM
store_carry_forward,50,20,7,cold,240.0,60.0,node_hello,continuous,15,18,0.9,0.0770559999999999,2.1225092237295913,27.5,49.25721599999973,11.11449599999999,38.14271999999974,0.22564198512559158,0.8603048959249487,0.9,0,438,0.0,711,495,216,20,73,6822,0,0.0,1.0,0,0.0,node_hello,10:1;13:1;14:1;16:1;20:0;23:1;26:1;28:1;3:1;33:1;34:1;38:1;39:1;4:1;40:1;41:1;43:0;47:1;49:1;6:1,SIM
store_carry_forward,50,20,7,cold,240.0,60.0,node_hello,continuous,16,20,1.0,0.07705600000000035,1.0124727397639839,26.85,52.493567999999684,11.11449599999999,41.379071999999695,0.21173062574066326,0.849209739427595,1.0,0,476,0.0,753,537,216,20,209,7023,0,0.0,1.0,0,0.0,node_hello,1:1;11:1;12:1;13:1;18:1;2:1;22:1;23:1;29:1;30:1;32:1;37:1;40:1;41:1;42:1;47:1;5:1;6:1;8:1;9:1,SIM
store_carry_forward,50,20,7,cold,240.0,60.0,node_hello,continuous,17,19,0.95,0.38383825651277625,1.2739462416404703,26.94736842105263,50.56716799999971,11.11449599999999,39.45267199999972,0.2197966870519633,0.8297260737233683,0.95,0,479,0.0,728,512,216,20,272,5914,0,0.0,1.0,0,0.0,node_hello,1:1;12:1;14:1;16:1;17:0;22:1;25:1;26:1;27:1;29:1;3:1;34:1;37:1;40:1;41:1;44:1;46:1;48:1;49:1;7:1,SIM
store_carry_forward,50,20,7,cold,240.0,60.0,node_hello,continuous,18,19,0.95,0.0770559999999989,0.6559490359590161,27.105263157894736,50.79833599999971,11.11449599999999,39.68383999999972,0.21879645821469534,0.8630174291938998,0.95,0,474,0.0,731,515,216,20,0,7344,0,0.0,1.0,0,0.0,node_hello,0:1;1:1;12:1;13:1;17:1;19:1;23:1;24:1;25:1;29:0;32:1;39:1;4:1;41:1;43:1;46:1;47:1;49:1;5:1;7:1,SIM
store_carry_forward,50,20,7,cold,240.0,60.0,node_hello,continuous,19,17,0.85,0.6094478593082968,1.5313865783713398,28.058823529411764,47.87020799999975,11.11449599999999,36.75571199999976,0.23217981421764552,0.8423265592151367,0.85,0,484,0.0,693,477,216,20,0,5708,0,0.0,1.0,0,0.0,node_hello,12:1;14:1;15:1;16:1;19:1;22:1;28:1;29:1;3:1;35:1;36:0;37:1;39:1;43:1;47:1;48:1;49:1;6:1;7:0;8:0,SIM
store_carry_forward,50,20,9,warm,240.0,60.0,node_hello,continuous,0,17,0.85,0.2672640000000115,1.6196649872421744,26.176470588235293,158.96678399999928,40.0343040000001,118.93247999999919,0.2518406864166056,0.6569515557306026,0.85,0,593,0.0,661,445,216,20,0,2539,0,0.0,1.0,0,0.0,node_hello,0:1;15:1;17:1;18:1;19:1;2:1;21:0;22:1;24:0;26:1;29:1;30:1;34:1;38:1;41:0;46:1;47:1;49:1;5:1;8:1,SIM
store_carry_forward,50,20,9,warm,240.0,60.0,node_hello,continuous,1,15,0.75,0.2672640000000115,3.031651703006032,26.4,145.87084799999943,40.0343040000001,105.83654399999932,0.2744503411675529,0.6543985637342908,0.75,0,547,0.0,612,396,216,20,0,2228,0,0.0,1.0,0,0.0,node_hello,0:1;10:1;13:1;16:1;19:0;2:0;26:1;29:1;3:1;36:0;39:1;4:0;40:1;42:1;44:0;45:1;47:1;48:1;49:1;8:1,SIM
store_carry_forward,50,20,9,warm,240.0,60.0,node_hello,continuous,2,15,0.75,0.2672640000000115,2.899999999999997,26.733333333333334,147.2071679999994,40.0343040000001,107.17286399999931,0.2719589306955505,0.6187872763419483,0.75,0,556,0.0,617,401,216,20,0,2012,0,0.0,1.0,0,0.0,node_hello,0:1;1:1;10:1;11:0;13:1;14:1;15:0;2:1;24:1;26:1;32:0;33:1;36:0;37:1;47:1;48:1;5:1;6:0;7:1;9:1,SIM
store_carry_forward,50,20,9,warm,240.0,60.0,node_hello,continuous,3,18,0.9,0.2672640000000044,0.9951861024160118,26.77777777777778,168.85555199999925,40.0343040000001,128.82124799999914,0.23709202052177875,0.65424739195231,0.9,0,622,0.0,698,482,216,20,0,2684,0,0.0,1.0,0,0.0,node_hello,17:1;18:0;2:1;21:1;22:1;26:1;29:1;33:1;35:1;37:1;39:1;40:1;41:1;43:1;44:1;45:1;47:1;49:0;5:1;8:1,SIM
store_carry_forward,50,20,9,warm,240.0,60.0,node_hello,continuous,4,16,0.8,0.2672640000000115,3.4623138501146045,28.1875,160.57036799999926,40.0343040000001,120.53606399999917,0.24932560408655402,0.5998075998075998,0.8,0,606,0.0,667,451,216,20,0,2079,0,0.0,1.0,0,0.0,node_hello,0:1;10:1;13:1;16:1;24:1;25:0;28:1;29:1;3:1;30:1;36:1;38:1;39:0;40:1;41:0;42:1;44:1;45:1;47:1;7:0,SIM
store_carry_forward,50,20,9,warm,240.0,60.0,node_hello,continuous,5,17,0.85,0.5476632393481111,2.834649758044268,26.647058823529413,161.10489599999926,40.0343040000001,121.07059199999917,0.24849836965848812,0.6377422072451558,0.85,0,594,0.0,669,453,216,20,0,2374,0,0.0,1.0,0,0.0,node_hello,10:0;11:1;12:1;18:1;21:1;22:1;23:1;26:0;28:1;30:1;32:1;33:1;40:1;41:1;42:0;46:1;47:1;48:1;5:1;9:1,SIM
store_carry_forward,50,20,9,warm,240.0,60.0,node_hello,continuous,6,16,0.8,0.2672639999999973,2.0,27.625,158.1649919999993,40.0343040000001,118.1306879999992,0.25311735228994464,0.6682986536107711,0.8,0,588,0.0,658,442,216,20,0,2451,0,0.0,1.0,0,0.0,node_hello,12:1;17:1;18:1;2:1;23:0;28:1;30:1;32:1;33:1;35:0;37:1;38:1;39:0;4:1;43:1;46:1;47:1;48:0;5:1;8:1,SIM
store_carry_forward,50,20,9,warm,240.0,60.0,node_hello,continuous,7,17,0.85,0.2672640000000115,2.7748448965875343,25.58823529411765,156.2941439999993,40.0343040000001,116.25983999999922,0.25614717848929947,0.6664086687306502,0.85,0,577,0.0,651,435,216,20,0,2584,0,0.0,1.0,0,0.0,node_hello,1:1;12:1;14:1;15:1;16:1;17:1;22:1;25:1;28:1;30:0;31:1;33:1;36:1;39:1;40:0;42:1;43:0;47:1;48:1;49:1,SIM
store_carry_forward,50,20,9,warm,240.0,60.0,node_hello,continuous,8,16,0.8,0.2672640000000115,2.079403984733972,27.8125,154.70387199999928,35.771392000000084,118.93247999999919,0.23122493016852383,0.6819696408737504,0.8,0,561,0.0,638,445,193,20,0,2701,0,0.0,1.0,0,0.0,node_hello,12:1;13:1;15:1;18:1;19:1;22:1;23:1;24:1;25:0;27:0;31:1;33:1;37:0;41:1;42:1;43:1;45:1;48:1;49:1;6:0,SIM
store_carry_forward,50,20,9,warm,240.0,60.0,node_hello,continuous,9,13,0.65,0.2672640000000115,4.596125857169479,29.923076923076923,143.99999999999943,40.0343040000001,103.96569599999934,0.27801600000000176,0.6109234234234234,0.65,0,552,0.0,605,389,216,20,0,1776,0,0.0,1.0,0,0.0,node_hello,14:1;15:0;19:1;29:1;3:1;31:0;33:1;34:1;35:1;36:0;4:0;41:1;43:1;44:1;45:0;47:0;48:1;49:1;6:0;8:1,SIM
store_carry_forward,50,20,9,warm,240.0,60.0,node_hello,continuous,10,18,0.9,0.2672640000000115,1.6631305916709418,26.333333333333332,166.71743999999921,40.0343040000001,126.68313599999911,0.24013266998341798,0.6820054945054945,0.9,0,613,0.0,690,474,216,20,0,2912,0,0.0,1.0,0,0.0,node_hello,12:1;16:1;18:1;20:0;22:1;23:1;25:1;27:1;28:1;29:1;3:1;31:1;32:1;36:1;39:1;40:0;43:1;45:1;49:1;5:1,SIM
store_carry_forward,50,20,9,warm,240.0,60.0,node_hello,continuous,11,14,0.7,0.2672640000000115,1.2781750775954572,26.214285714285715,138.1201919999995,40.0343040000001,98.0858879999994,0.28985120437712864,0.6579943235572374,0.7,0,523,0.0,583,367,216,20,0,2114,0,0.0,1.0,0,0.0,node_hello,0:1;1:0;20:1;21:1;22:1;24:1;26:0;30:1;31:0;32:0;36:1;37:1;38:1;4:0;42:1;43:0;45:1;49:1;5:1;8:1,SIM
store_carry_forward,50,20,9,warm,240.0,60.0,node_hello,continuous,12,16,0.8,0.4356240474076145,2.3756440425233762,26.6875,154.15603199999933,40.0343040000001,114.12172799999924,0.25969988641119324,0.6535729210196406,0.8,0,574,0.0,643,427,216,20,0,2393,0,0.0,1.0,0,0.0,node_hello,1:1;11:1;13:1;19:1;21:1;23:1;27:1;28:1;3:0;31:1;35:1;38:0;40:1;42:1;43:1;44:1;48:0;49:1;5:1;9:0,SIM
store_carry_forward,50,20,9,warm,240.0,60.0,node_hello,continuous,13,14,0.7,0.2672639999999973,0.8533806929967991,29.214285714285715,149.34527999999938,40.0343040000001,109.31097599999929,0.2680654119099061,0.6824769433465085,0.7,0,564,0.0,625,409,216,20,0,2277,0,0.0,1.0,0,0.0,node_hello,12:0;13:0;15:1;16:1;22:1;23:1;25:0;28:1;3:1;30:0;31:1;32:1;33:0;38:1;39:1;4:1;43:1;49:0;5:1;9:1,SIM
store_carry_forward,50,20,9,warm,240.0,60.0,node_hello,continuous,14,16,0.8,0.2672640000000115,2.118221339008034,27.6875,158.43225599999928,40.0343040000001,118.3979519999992,0.25269036123553196,0.6876640419947506,0.8,0,584,0.0,659,443,216,20,0,2667,0,0.0,1.0,0,0.0,node_hello,0:1;1:1;15:0;17:1;18:0;19:1;2:1;24:1;28:1;29:1;31:1;32:1;33:1;35:1;37:1;43:0;45:1;5:0;8:1;9:1,SIM
store_carry_forward,50,20,9,warm,240.0,60.0,node_hello,continuous,15,14,0.7,0.2672640000000044,2.6674576229424685,26.785714285714285,140.25830399999947,40.0343040000001,100.22399999999938,0.28543268283067397,0.6683649837887911,0.7,0,527,0.0,591,375,216,20,0,2159,0,0.0,1.0,0,0.0,node_hello,10:1;13:1;14:1;16:1;20:0;23:1;26:1;28:0;3:1;33:1;34:1;38:0;39:1;4:0;40:1;41:1;43:0;47:1;49:0;6:1,SIM
store_carry_forward,50,20,9,warm,240.0,60.0,node_hello,continuous,16,16,0.8,0.2672640000000115,0.8089146731166075,24.1875,143.46547199999944,40.0343040000001,103.43116799999935,0.2790518404316842,0.6080325368581596,0.8,0,548,0.0,603,387,216,20,0,1967,0,0.0,1.0,0,0.0,node_hello,1:1;11:1;12:1;13:1;18:1;2:1;22:0;23:1;29:1;30:1;32:0;37:1;40:1;41:0;42:1;47:1;5:0;6:1;8:1;9:1,SIM
store_carry_forward,50,20,9,warm,240.0,60.0,node_hello,continuous,17,15,0.75,0.2672640000000115,1.3703161957932073,26.466666666666665,146.1381119999994,40.0343040000001,106.10380799999932,0.273948413949677,0.6741948975324132,0.75,0,542,0.0,613,397,216,20,0,2391,0,0.0,1.0,0,0.0,node_hello,1:1;12:1;14:1;16:0;17:1;22:1;25:1;26:1;27:0;29:1;3:1;34:1;37:0;40:1;41:0;44:1;46:1;48:1;49:1;7:0,SIM
store_carry_forward,50,20,9,warm,240.0,60.0,node_hello,continuous,18,16,0.8,0.2672640000000115,1.71371574481676,26.625,153.88876799999935,40.0343040000001,113.85446399999924,0.2601509162774002,0.6833079268292683,0.8,0,572,0.0,642,426,216,20,0,2624,0,0.0,1.0,0,0.0,node_hello,0:1;1:1;12:0;13:1;17:1;19:1;23:0;24:1;25:0;29:1;32:1;39:1;4:1;41:0;43:1;46:1;47:1;49:1;5:1;7:1,SIM
store_carry_forward,50,20,9,warm,240.0,60.0,node_hello,continuous,19,14,0.7,0.2672640000000044,1.6395321276715364,27.642857142857142,143.46547199999944,40.0343040000001,103.43116799999935,0.2790518404316842,0.6471168063085264,0.7,0,547,0.0,603,387,216,20,0,2029,0,0.0,1.0,0,0.0,node_hello,12:1;14:1;15:0;16:1;19:1;22:1;28:1;29:1;3:1;35:0;36:0;37:1;39:0;43:1;47:1;48:1;49:1;6:0;7:1;8:0,SIM
store_carry_forward,50,20,9,cold,240.0,60.0,node_hello,continuous,0,18,0.9,0.2672640000000004,2.4499999999999957,25.833333333333332,164.31206399999922,40.0343040000001,124.27775999999913,0.24364798923102984,0.6301703163017032,0.9,0,614,0.0,681,465,216,20,0,2466,0,0.0,1.0,0,0.0,node_hello,0:1;15:1;17:1;18:1;19:1;2:1;21:1;22:0;24:1;26:0;29:1;30:1;34:1;38:1;41:1;46:1;47:1;49:1;5:1;8:1,SIM
store_carry_forward,50,20,9,cold,240.0,60.0,node_hello,continuous,1,17,0.85,0.26726400000000083,2.1999999999999993,26.88235294117647,162.17395199999925,40.0343040000001,122.13964799999916,0.24686026027163896,0.6483649576100121,0.85,0,601,0.0,673,457,216,20,0,2477,0,0.0,1.0,0,0.0,node_hello,0:1;10:1;13:1;16:1;19:1;2:1;26:1;29:1;3:1;36:0;39:1;4:1;40:0;42:1;44:1;45:0;47:1;48:1;49:1;8:1,SIM
store_carry_forward,50,20,9,cold,240.0,60.0,node_hello,continuous,2,14,0.7,0.4131794096562835,2.0,28.214285714285715,145.60358399999942,40.0343040000001,105.56927999999932,0.2749541110196866,0.6961394769613948,0.7,0,540,0.0,611,395,216,20,0,2409,0,0.0,1.0,0,0.0,node_hello,0:1;1:1;10:1;11:0;13:1;14:0;15:1;2:1;24:1;26:1;32:0;33:1;36:0;37:1;47:1;48:0;5:1;6:0;7:1;9:1,SIM
store_carry_forward,50,20,9,cold,240.0,60.0,node_hello,continuous,3,17,0.85,0.2672639999999973,1.5775967492899419,25.705882352941178,156.8286719999993,40.0343040000001,116.79436799999921,0.25527413762708057,0.6206737425011537,0.85,0,591,0.0,653,437,216,20,0,2167,0,0.0,1.0,0,0.0,node_hello,17:1;18:1;2:1;21:0;22:1;26:1;29:1;33:1;35:1;37:1;39:1;40:1;41:1;43:1;44:0;45:1;47:0;49:1;5:1;8:1,SIM
store_carry_forward,50,20,9,cold,240.0,60.0,node_hello,continuous,4,16,0.8,0.2672639999999986,3.2586182701444564,28.25,160.83763199999927,40.0343040000001,120.80332799999917,0.24891129956452157,0.6566085847853803,0.8,0,599,0.0,668,452,216,20,0,2353,0,0.0,1.0,0,0.0,node_hello,0:1;10:1;13:0;16:1;24:1;25:1;28:1;29:1;3:0;30:1;36:1;38:1;39:1;40:0;41:1;42:0;44:1;45:1;47:1;7:1,SIM
store_carry_forward,50,20,9,cold,240.0,60.0,node_hello,continuous,5,13,0.65,0.26726400000000083,2.3999999999999986,28.076923076923077,137.5856639999995,40.0343040000001,97.5513599999994,0.2909772925179199,0.6743961352657005,0.65,0,516,0.0,581,365,216,20,0,2070,0,0.0,1.0,0,0.0,node_hello,10:1;11:1;12:1;18:1;21:0;22:1;23:1;26:0;28:1;30:1;32:0;33:1;40:0;41:1;42:0;46:1;47:1;48:0;5:1;9:0,SIM
store_carry_forward,50,20,9,cold,240.0,60.0,node_hello,continuous,6,16,0.8,0.26726399999999995,1.5707012154137256,26.8125,154.69055999999932,40.0343040000001,114.65625599999923,0.25880250223413936,0.6335632183908046,0.8,0,583,0.0,645,429,216,20,0,2175,0,0.0,1.0,0,0.0,node_hello,12:1;17:1;18:1;2:1;23:1;28:1;30:1;32:1;33:0;35:1;37:0;38:1;39:1;4:1;43:1;46:1;47:0;48:1;5:0;8:1,SIM
store_carry_forward,50,20,9,cold,240.0,60.0,node_hello,continuous,7,16,0.8,0.2672639999999973,0.3616832239878489,26.6875,154.15603199999933,40.0343040000001,114.12172799999924,0.25969988641119324,0.6712598425196851,0.8,0,570,0.0,643,427,216,20,0,2540,0,0.0,1.0,0,0.0,node_hello,1:1;12:1;14:1;15:0;16:1;17:1;22:1;25:0;28:1;30:0;31:1;33:1;36:1;39:1;40:1;42:1;43:1;47:1;48:1;49:0,SIM
store_carry_forward,50,20,9,cold,240.0,60.0,node_hello,continuous,8,17,0.85,0.267264,4.0,26.0,153.90207999999927,35.771392000000084,118.1306879999992,0.2324295552080924,0.64953080375357,0.85,0,565,0.0,635,442,193,20,0,2451,0,0.0,1.0,0,0.0,node_hello,12:1;13:1;15:1;18:1;19:1;22:1;23:1;24:1;25:1;27:0;31:1;33:1;37:0;41:1;42:1;43:1;45:1;48:1;49:0;6:1,SIM
store_carry_forward,50,20,9,cold,240.0,60.0,node_hello,continuous,9,13,0.65,0.267264,2.696529229136986,30.076923076923077,144.53452799999943,40.0343040000001,104.50022399999933,0.2769878212076789,0.6703046839472487,0.65,0,543,0.0,607,391,216,20,0,2199,0,0.0,1.0,0,0.0,node_hello,14:0;15:1;19:1;29:0;3:1;31:1;33:0;34:1;35:0;36:1;4:0;41:0;43:1;44:0;45:1;47:1;48:1;49:1;6:1;8:1,SIM
store_carry_forward,50,20,9,cold,240.0,60.0,node_hello,continuous,10,17,0.85,0.2672639999999973,3.4457269033679263,26.529411764705884,160.57036799999926,40.0343040000001,120.53606399999917,0.24932560408655402,0.6892818477084085,0.85,0,593,0.0,667,451,216,20,0,2771,0,0.0,1.0,0,0.0,node_hello,12:0;16:1;18:1;20:1;22:1;23:1;25:1;27:1;28:1;29:0;3:1;31:1;32:0;36:1;39:1;40:1;43:1;45:1;49:1;5:1,SIM
store_carry_forward,50,20,9,cold,240.0,60.0,node_hello,continuous,11,15,0.75,0.2672639999999973,0.7088644322621814,25.933333333333334,143.99999999999943,40.0343040000001,103.96569599999934,0.27801600000000176,0.6546600630346691,0.75,0,542,0.0,605,389,216,20,0,2221,0,0.0,1.0,0,0.0,node_hello,0:1;1:1;20:1;21:1;22:0;24:1;26:0;30:1;31:1;32:0;36:1;37:1;38:1;4:0;42:1;43:1;45:0;49:1;5:1;8:1,SIM
store_carry_forward,50,20,9,cold,240.0,60.0,node_hello,continuous,12,13,0.65,0.6346329306341403,1.5230359066452732,27.384615384615383,135.18028799999954,40.0343040000001,95.14598399999943,0.29615489500954634,0.6953703703703704,0.65,0,509,0.0,572,356,216,20,0,2160,0,0.0,1.0,0,0.0,node_hello,1:1;11:1;13:0;19:1;21:0;23:1;27:1;28:1;3:0;31:0;35:1;38:0;40:1;42:0;43:1;44:1;48:1;49:1;5:1;9:0,SIM
store_carry_forward,50,20,9,cold,240.0,60.0,node_hello,continuous,13,14,0.7,0.2672639999999973,2.069576024269004,28.0,144.80179199999944,40.0343040000001,104.76748799999933,0.27647657841140705,0.6635557629491368,0.7,0,550,0.0,608,392,216,20,0,2143,0,0.0,1.0,0,0.0,node_hello,12:1;13:0;15:1;16:1;22:1;23:0;25:1;28:1;3:1;30:0;31:1;32:1;33:0;38:1;39:1;4:0;43:1;49:1;5:1;9:0,SIM
store_carry_forward,50,20,9,cold,240.0,60.0,node_hello,continuous,14,13,0.65,0.26726400000000083,2.767250774788078,28.615384615384617,139.4565119999995,40.0343040000001,99.42220799999939,0.2870737509912785,0.7185826122785332,0.65,0,521,0.0,588,372,216,20,0,2427,0,0.0,1.0,0,0.0,node_hello,0:1;1:0;15:1;17:1;18:1;19:1;2:1;24:0;28:1;29:0;31:1;32:0;33:1;35:1;37:1;43:0;45:1;5:0;8:1;9:0,SIM
store_carry_forward,50,20,9,cold,240.0,60.0,node_hello,continuous,15,14,0.7,0.470457381964442,2.7928862637966763,25.571428571428573,135.71481599999953,40.0343040000001,95.68051199999942,0.2949884557924776,0.6350785340314136,0.7,0,517,0.0,574,358,216,20,0,1910,0,0.0,1.0,0,0.0,node_hello,10:0;13:1;14:0;16:1;20:0;23:1;26:1;28:1;3:1;33:1;34:1;38:0;39:1;4:1;40:1;41:0;43:0;47:1;49:1;6:1,SIM
store_carry_forward,50,20,9,cold,240.0,60.0,node_hello,continuous,16,14,0.7,0.26726399999999995,1.5343212732865796,27.071428571428573,141.32735999999946,40.0343040000001,101.29305599999937,0.28327355722204284,0.6956521739130435,0.7,0,528,0.0,595,379,216,20,0,2392,0,0.0,1.0,0,0.0,node_hello,1:1;11:1;12:0;13:1;18:1;2:1;22:0;23:1;29:1;30:0;32:1;37:0;40:1;41:1;42:0;47:1;5:1;6:1;8:0;9:1,SIM
store_carry_forward,50,20,9,cold,240.0,60.0,node_hello,continuous,17,15,0.75,0.2672639999999973,0.5589006502785487,26.733333333333334,147.2071679999994,40.0343040000001,107.17286399999931,0.2719589306955505,0.659400544959128,0.75,0,552,0.0,617,401,216,20,0,2202,0,0.0,1.0,0,0.0,node_hello,1:1;12:1;14:0;16:1;17:0;22:1;25:1;26:0;27:1;29:1;3:1;34:1;37:0;40:1;41:1;44:1;46:1;48:0;49:1;7:1,SIM
store_carry_forward,50,20,9,cold,240.0,60.0,node_hello,continuous,18,16,0.8,0.2672639999999973,0.4504480000000006,27.375,157.0959359999993,40.0343040000001,117.06163199999921,0.2548398451249577,0.6529026982829109,0.8,0,588,0.0,654,438,216,20,0,2446,0,0.0,1.0,0,0.0,node_hello,0:1;1:1;12:1;13:0;17:1;19:1;23:1;24:0;25:1;29:1;32:1;39:1;4:1;41:0;43:1;46:1;47:0;49:1;5:1;7:1,SIM
store_carry_forward,50,20,9,cold,240.0,60.0,node_hello,continuous,19,15,0.75,0.2672639999999973,2.3116187896175173,28.0,152.28518399999936,40.0343040000001,112.25087999999926,0.2628903413217156,0.6868484362469928,0.75,0,566,0.0,636,420,216,20,0,2494,0,0.0,1.0,0,0.0,node_hello,12:1;14:1;15:1;16:1;19:1;22:1;28:1;29:1;3:1;35:1;36:0;37:1;39:0;43:1;47:0;48:1;49:1;6:1;7:0;8:0,SIM
store_carry_forward,100,5,7,warm,240.0,60.0,node_hello,continuous,0,4,0.8,0.0770559999999989,1.4670627854419809,49.25,36.585728000000216,21.405696000000166,15.180032000000047,0.5850832324561107,0.8425678257546809,0.8,0,563,0.0,613,197,416,5,0,2617,0,0.0,1.0,0,0.0,node_hello,21:1;33:1;55:0;74:1;99:1,SIM
store_carry_forward,100,5,7,warm,240.0,60.0,node_hello,continuous,1,5,1.0,0.2508893787486386,0.7060054063026882,50.6,40.90086400000017,21.405696000000166,19.495168000000003,0.523355594639763,0.8600923662048356,1.0,0,599,0.0,669,253,416,5,0,3681,0,0.0,1.0,0,0.0,node_hello,11:1;2:1;28:1;31:1;76:1,SIM
store_carry_forward,100,5,7,warm,240.0,60.0,node_hello,continuous,2,5,1.0,0.0770559999999989,0.7137393104231364,54.0,42.21081600000015,21.405696000000166,20.805119999999985,0.5071140060405392,0.8623091347441736,1.0,0,613,0.0,686,270,416,5,0,3733,0,0.0,1.0,0,0.0,node_hello,12:1;2:1;22:1;59:1;83:1,SIM
store_carry_forward,100,5,7,warm,240.0,60.0,node_hello,continuous,3,4,0.8,0.0770559999999989,0.3623641586972858,52.25,37.51040000000022,21.405696000000166,16.10470400000005,0.5706602968776671,0.8704402515723271,0.8,0,565,0.0,625,209,416,5,0,3180,0,0.0,1.0,0,0.0,node_hello,4:1;65:1;67:1;72:1;98:0,SIM
store_carry_forward,100,5,7,warm,240.0,60.0,node_hello,continuous,4,5,1.0,0.0770559999999989,0.20549838077668592,53.2,41.902592000000155,21.405696000000166,20.49689599999999,0.5108441978959222,0.8645093396474612,1.0,0,597,0.0,682,266,416,5,161,3801,0,0.0,1.0,0,0.0,node_hello,1:1;36:1;52:1;56:1;75:1,SIM
store_carry_forward,100,5,7,warm,240.0,60.0,node_hello,continuous,5,5,1.0,0.0770559999999989,0.5991811070237361,49.6,40.515584000000175,21.405696000000166,19.10988800000001,0.5283324066117392,0.8683264887063655,1.0,0,583,0.0,664,248,416,5,193,3896,0,0.0,1.0,0,0.0,node_hello,25:1;37:1;59:1;8:1;97:1,SIM
store_carry_forward,100,5,7,warm,240.0,60.0,node_hello,continuous,6,5,1.0,0.0770559999999989,0.9674641474193123,50.2,40.74675200000017,21.405696000000166,19.341056000000005,0.5253350254763883,0.86340685623173,1.0,0,591,0.0,667,251,416,5,0,3763,0,0.0,1.0,0,0.0,node_hello,13:1;24:1;4:1;57:1;97:1,SIM
store_carry_forward,100,5,7,warm,240.0,60.0,node_hello,continuous,7,5,1.0,0.5603223099324595,1.511865127109769,52.6,41.67142400000016,21.405696000000166,20.265727999999992,0.5136780542944749,0.8644380100026323,1.0,0,602,0.0,679,263,416,5,177,3799,0,0.0,1.0,0,0.0,node_hello,2:1;43:1;56:1;58:1;70:1,SIM
store_carry_forward,100,5,7,warm,240.0,60.0,node_hello,continuous,8,5,1.0,0.0770559999999989,0.9357785080198736,51.4,41.209088000000165,21.405696000000166,19.803392,0.5194411485155915,0.8736816286485161,1.0,0,594,0.0,673,257,416,5,0,4077,0,0.0,1.0,0,0.0,node_hello,1:1;10:1;18:1;23:1;88:1,SIM
store_carry_forward,100,5,7,warm,240.0,60.0,node_hello,continuous,9,4,0.8,0.3749716447897242,0.5262819134571913,52.5,36.60979200000018,20.428032000000133,16.18176000000005,0.5579936646457874,0.8468401486988848,0.8,0,554,0.0,607,210,397,5,0,2690,0,0.0,1.0,0,0.0,node_hello,23:0;49:1;72:1;78:1;99:1,SIM
store_carry_forward,100,5,7,warm,240.0,60.0,node_hello,continuous,10,4,0.8,0.0770559999999989,0.0770559999999989,49.5,36.662784000000215,21.405696000000166,15.257088000000048,0.5838535338723879,0.8753033980582524,0.8,0,550,0.0,614,198,416,5,0,3296,0,0.0,1.0,0,0.0,node_hello,27:1;36:0;45:1;51:1;74:1,SIM
store_carry_forward,100,5,7,warm,240.0,60.0,node_hello,continuous,11,4,0.8,0.1309946511769624,1.406800964830018,51.5,37.27923200000022,21.405696000000166,15.873536000000053,0.5741989534548362,0.8582758620689656,0.8,0,565,0.0,622,206,416,5,0,2900,0,0.0,1.0,0,0.0,node_hello,17:1;22:1;42:1;68:0;87:1,SIM
store_carry_forward,100,5,7,warm,240.0,60.0,node_hello,continuous,12,5,1.0,0.46579996671272283,0.6421346683031998,51.6,41.286144000000164,21.405696000000166,19.880447999999998,0.5184716693329384,0.8713786213786214,1.0,0,601,0.0,674,258,416,5,0,4004,0,0.0,1.0,0,0.0,node_hello,26:1;43:1;54:1;58:1;96:1,SIM
store_carry_forward,100,5,7,warm,240.0,60.0,node_hello,continuous,13,5,1.0,1.0,1.1768621504695487,54.2,42.28787200000015,21.405696000000166,20.882175999999983,0.5061899544153011,0.8742061553492917,1.0,0,610,0.0,687,271,416,5,0,4094,0,0.0,1.0,0,0.0,node_hello,0:1;18:1;27:1;41:1;68:1,SIM
store_carry_forward,100,5,7,warm,240.0,60.0,node_hello,continuous,14,5,1.0,0.27735677402546344,0.42569846956087215,48.8,40.20736000000018,21.405696000000166,18.801664000000013,0.5323825289698222,0.8755738100990578,1.0,0,580,0.0,660,244,416,5,0,4139,0,0.0,1.0,0,0.0,node_hello,40:1;49:1;60:1;65:1;71:1,SIM
store_carry_forward,100,5,7,warm,240.0,60.0,node_hello,continuous,15,3,0.6,1.0,2.0992372492774933,48.333333333333336,32.578816000000174,21.405696000000166,11.173120000000011,0.6570433989989093,0.8554724041159962,0.6,0,518,0.0,561,145,416,5,0,2138,0,0.0,1.0,0,0.0,node_hello,19:1;45:0;55:1;68:0;77:1,SIM
store_carry_forward,100,5,7,warm,240.0,60.0,node_hello,continuous,16,5,1.0,0.0770559999999989,1.6649305157297958,52.0,41.44025600000016,21.405696000000166,20.034559999999995,0.5165435271442359,0.8659552316501822,1.0,0,602,0.0,676,260,416,5,0,3842,0,0.0,1.0,0,0.0,node_hello,15:1;42:1;53:1;61:1;76:1,SIM
store_carry_forward,100,5,7,warm,240.0,60.0,node_hello,continuous,17,4,0.8,0.8889240262888372,1.0820857668312212,47.0,35.892224000000205,21.405696000000166,14.48652800000004,0.5963881201677568,0.8788235294117647,0.8,0,539,0.0,604,188,416,5,0,3400,0,0.0,1.0,0,0.0,node_hello,23:1;3:1;33:0;60:1;63:1,SIM
store_carry_forward,100,5,7,warm,240.0,60.0,node_hello,continuous,18,5,1.0,0.43604169512769886,1.1355806641680544,53.4,41.979648000000154,21.405696000000166,20.573951999999988,0.5099065146996966,0.8634676564156946,1.0,0,612,0.0,683,267,416,5,0,3772,0,0.0,1.0,0,0.0,node_hello,45:1;61:1;78:1;86:1;90:1,SIM
store_carry_forward,100,5,7,warm,240.0,60.0,node_hello,continuous,19,4,0.8,0.5586605991240745,0.833653397616905,51.75,37.35628800000022,21.405696000000166,15.950592000000054,0.5730145350630138,0.85039941902687,0.8,0,571,0.0,623,207,416,5,0,2754,0,0.0,1.0,0,0.0,node_hello,10:1;18:1;44:1;61:0;85:1,SIM
store_carry_forward,100,5,7,cold,240.0,60.0,node_hello,continuous,0,4,0.8,0.29814024197860656,1.6585255800661922,49.5,36.662784000000215,21.405696000000166,15.257088000000048,0.5838535338723879,0.8650507697346872,0.8,0,558,0.0,614,198,416,5,0,3053,0,0.0,1.0,0,0.0,node_hello,21:1;33:1;55:0;74:1;99:1,SIM
store_carry_forward,100,5,7,cold,240.0,60.0,node_hello,continuous,1,4,0.8,0.407625718012788,0.574518409238374,54.0,38.04979200000021,21.405696000000166,16.644096000000044,0.5625706442757965,0.8586135895676047,0.8,0,576,0.0,632,216,416,5,0,2914,0,0.0,1.0,0,0.0,node_hello,11:1;2:1;28:0;31:1;76:1,SIM
store_carry_forward,100,5,7,cold,240.0,60.0,node_hello,continuous,2,4,0.8,0.19402223856699818,0.5801518527705316,53.0,37.741568000000214,21.405696000000166,16.335872000000048,0.5671649890115865,0.8632138114209827,0.8,0,566,0.0,628,212,416,5,0,3012,0,0.0,1.0,0,0.0,node_hello,12:1;2:1;22:1;59:0;83:1,SIM
store_carry_forward,100,5,7,cold,240.0,60.0,node_hello,continuous,3,5,1.0,0.07705599999999979,0.07705600000000054,51.8,41.36320000000016,21.405696000000166,19.957503999999997,0.5175058022590148,0.8602062975027145,1.0,0,605,0.0,675,259,416,5,0,3684,0,0.0,1.0,0,0.0,node_hello,4:1;65:1;67:1;72:1;98:1,SIM
store_carry_forward,100,5,7,cold,240.0,60.0,node_hello,continuous,4,4,0.8,0.07705600000000035,0.2835444423785168,52.75,37.664512000000215,21.405696000000166,16.25881600000005,0.5683253243796188,0.8584192439862542,0.8,0,561,0.0,627,211,416,5,158,2910,0,0.0,1.0,0,0.0,node_hello,1:1;36:1;52:1;56:0;75:1,SIM
store_carry_forward,100,5,7,cold,240.0,60.0,node_hello,continuous,5,4,0.8,0.0770559999999999,0.07705600000000057,53.25,37.81862400000021,21.405696000000166,16.412928000000047,0.5660093820441496,0.8980954736581747,0.8,0,547,0.0,629,213,416,5,181,4043,0,0.0,1.0,0,0.0,node_hello,25:1;37:1;59:0;8:1;97:1,SIM
store_carry_forward,100,5,7,cold,240.0,60.0,node_hello,continuous,6,5,1.0,1.2527446900864936,1.3477079067182174,52.4,41.59436800000016,21.405696000000166,20.188671999999993,0.5146296729403386,0.8655352480417755,1.0,0,604,0.0,678,262,416,5,0,3830,0,0.0,1.0,0,0.0,node_hello,13:1;24:1;4:1;57:1;97:1,SIM
store_carry_forward,100,5,7,cold,240.0,60.0,node_hello,continuous,7,5,1.0,0.22143889244864878,0.533143942608137,51.2,41.132032000000166,21.405696000000166,19.726336,0.5204142601075502,0.8565848214285714,1.0,0,599,0.0,672,256,416,5,173,3584,0,0.0,1.0,0,0.0,node_hello,2:1;43:1;56:1;58:1;70:1,SIM
store_carry_forward,100,5,7,cold,240.0,60.0,node_hello,continuous,8,5,1.0,0.22057227379048694,0.9859621713326169,51.6,41.286144000000164,21.405696000000166,19.880447999999998,0.5184716693329384,0.8369737258626148,1.0,0,611,0.0,674,258,416,5,0,3159,0,0.0,1.0,0,0.0,node_hello,1:1;10:1;18:1;23:1;88:1,SIM
store_carry_forward,100,5,7,cold,240.0,60.0,node_hello,continuous,9,5,1.0,0.2098695523328904,1.9532499621389006,52.2,40.53964800000013,20.428032000000133,20.111615999999994,0.5039025499185407,0.8620782003213712,1.0,0,585,0.0,658,261,397,5,0,3734,0,0.0,1.0,0,0.0,node_hello,23:1;49:1;72:1;78:1;99:1,SIM
store_carry_forward,100,5,7,cold,240.0,60.0,node_hello,continuous,10,5,1.0,0.07705600000000068,0.8168143393593847,49.6,40.515584000000175,21.405696000000166,19.10988800000001,0.5283324066117392,0.859481582537517,1.0,0,595,0.0,664,248,416,5,0,3665,0,0.0,1.0,0,0.0,node_hello,27:1;36:1;45:1;51:1;74:1,SIM
store_carry_forward,100,5,7,cold,240.0,60.0,node_hello,continuous,11,5,1.0,0.077056,0.8131812421858884,51.4,41.209088000000165,21.405696000000166,19.803392,0.5194411485155915,0.8559843400447428,1.0,0,600,0.0,673,257,416,5,0,3576,0,0.0,1.0,0,0.0,node_hello,17:1;22:1;42:1;68:1;87:1,SIM
store_carry_forward,100,5,7,cold,240.0,60.0,node_hello,continuous,12,4,0.8,0.07705600000000035,0.27826969252478817,51.25,37.20217600000022,21.405696000000166,15.796480000000052,0.5753882783630732,0.8740831295843521,0.8,0,562,0.0,621,205,416,5,0,3272,0,0.0,1.0,0,0.0,node_hello,26:1;43:1;54:1;58:0;96:1,SIM
store_carry_forward,100,5,7,cold,240.0,60.0,node_hello,continuous,13,5,1.0,1.0,2.7434342147543065,54.2,42.28787200000015,21.405696000000166,20.882175999999983,0.5061899544153011,0.8470693246057721,1.0,0,624,0.0,687,271,416,5,0,3361,0,0.0,1.0,0,0.0,node_hello,0:1;18:1;27:1;41:1;68:1,SIM
store_carry_forward,100,5,7,cold,240.0,60.0,node_hello,continuous,14,5,1.0,0.07705600000000068,0.6784126326775868,48.8,40.20736000000018,21.405696000000166,18.801664000000013,0.5323825289698222,0.8696862348178138,1.0,0,583,0.0,660,244,416,5,0,3952,0,0.0,1.0,0,0.0,node_hello,40:1;49:1;60:1;65:1;71:1,SIM
store_carry_forward,100,5,7,cold,240.0,60.0,node_hello,continuous,15,5,1.0,0.8702847365904134,3.671963021835889,50.0,40.66969600000017,21.405696000000166,19.264000000000006,0.5263303664723747,0.8565859092174881,1.0,0,594,0.0,666,250,416,5,0,3591,0,0.0,1.0,0,0.0,node_hello,19:1;45:1;55:1;68:1;77:1,SIM
store_carry_forward,100,5,7,cold,240.0,60.0,node_hello,continuous,16,5,1.0,0.077056,1.7043708983095627,50.8,40.97792000000017,21.405696000000166,19.572224000000002,0.5223714624851646,0.8550520686743597,1.0,0,602,0.0,670,254,416,5,0,3553,0,0.0,1.0,0,0.0,node_hello,15:1;42:1;53:1;61:1;76:1,SIM
store_carry_forward,100,5,7,cold,240.0,60.0,node_hello,continuous,17,5,1.0,1.0,1.4141573641285574,48.8,40.20736000000018,21.405696000000166,18.801664000000013,0.5323825289698222,0.8703423967774421,1.0,0,584,0.0,660,244,416,5,0,3972,0,0.0,1.0,0,0.0,node_hello,23:1;3:1;33:1;60:1;63:1,SIM
store_carry_forward,100,5,7,cold,240.0,60.0,node_hello,continuous,18,5,1.0,0.4052524867496856,0.941830289192493,54.2,42.28787200000015,21.405696000000166,20.882175999999983,0.5061899544153011,0.8687771253510339,1.0,0,615,0.0,687,271,416,5,0,3917,0,0.0,1.0,0,0.0,node_hello,45:1;61:1;78:1;86:1;90:1,SIM
store_carry_forward,100,5,7,cold,240.0,60.0,node_hello,continuous,19,4,0.8,0.32366103792828493,0.9479972105847446,52.75,37.664512000000215,21.405696000000166,16.25881600000005,0.5683253243796188,0.8740831295843521,0.8,0,569,0.0,627,211,416,5,0,3272,0,0.0,1.0,0,0.0,node_hello,10:1;18:1;44:1;61:0;85:1,SIM
store_carry_forward,100,5,9,warm,240.0,60.0,node_hello,continuous,0,2,0.4,1.798288811646664,3.176211142128664,52.5,105.16582400000027,77.10310400000022,28.062720000000063,0.733157418136143,0.772877618522602,0.4,0,508,0.0,521,105,416,5,0,907,0,0.0,1.0,0,0.0,node_hello,21:1;33:0;55:0;74:1;99:0,SIM
store_carry_forward,100,5,9,warm,240.0,60.0,node_hello,continuous,1,4,0.8,0.4226290514745443,2.3648244603858686,47.75,128.1505280000001,77.10310400000022,51.04742399999988,0.6016604473139601,0.6012793176972282,0.8,0,594,0.0,607,191,416,5,0,938,0,0.0,1.0,0,0.0,node_hello,11:1;2:1;28:0;31:1;76:1,SIM
store_carry_forward,100,5,9,warm,240.0,60.0,node_hello,continuous,2,5,1.0,0.2672639999999973,4.053452799999999,39.0,129.21958400000008,77.10310400000022,52.11647999999987,0.5966828062223151,0.3381818181818182,1.0,0,603,0.0,611,195,416,5,0,550,0,0.0,1.0,0,0.0,node_hello,12:1;2:1;22:1;59:1;83:1,SIM
store_carry_forward,100,5,9,warm,240.0,60.0,node_hello,continuous,3,4,0.8,0.2672639999999973,1.740089599999999,43.5,123.60704000000014,77.10310400000022,46.503935999999925,0.6237759920470559,0.4638364779874214,0.8,0,581,0.0,590,174,416,5,0,636,0,0.0,1.0,0,0.0,node_hello,4:1;65:1;67:1;72:1;98:0,SIM
store_carry_forward,100,5,9,warm,240.0,60.0,node_hello,continuous,4,5,1.0,0.2672639999999973,0.9285280633944892,40.4,131.09043200000008,77.10310400000022,53.98732799999985,0.5881672889749892,0.2361111111111111,1.0,0,610,0.0,618,202,416,5,0,504,0,0.0,1.0,0,0.0,node_hello,1:1;36:1;52:1;56:1;75:1,SIM
store_carry_forward,100,5,9,warm,240.0,60.0,node_hello,continuous,5,3,0.6,3.0,3.834750748306724,44.333333333333336,112.64921600000025,77.10310400000022,35.546112000000036,0.6844530902017112,0.6104252400548696,0.6,0,538,0.0,549,133,416,5,0,729,0,0.0,1.0,0,0.0,node_hello,25:0;37:1;59:1;8:1;97:0,SIM
store_carry_forward,100,5,9,warm,240.0,60.0,node_hello,continuous,6,5,1.0,0.2672639999999973,0.5312945818654241,45.0,137.237504,77.10310400000022,60.134399999999786,0.5618224009670142,0.3826086956521739,1.0,0,631,0.0,641,225,416,5,0,690,0,0.0,1.0,0,0.0,node_hello,13:1;24:1;4:1;57:1;97:1,SIM
store_carry_forward,100,5,9,warm,240.0,60.0,node_hello,continuous,7,3,0.6,0.2672639999999973,1.3882164447622265,62.0,126.81420800000011,77.10310400000022,49.71110399999989,0.6080005167875208,0.4682080924855491,0.6,0,588,0.0,602,186,416,5,258,692,0,0.0,1.0,0,0.0,node_hello,2:1;43:1;56:0;58:1;70:0,SIM
store_carry_forward,100,5,9,warm,240.0,60.0,node_hello,continuous,8,5,1.0,0.2672639999999973,1.8789137617735292,44.8,136.97024,77.10310400000022,59.86713599999979,0.5629186602870829,0.5010869565217392,1.0,0,626,0.0,640,224,416,5,0,920,0,0.0,1.0,0,0.0,node_hello,1:1;10:1;18:1;23:1;88:1,SIM
store_carry_forward,100,5,9,warm,240.0,60.0,node_hello,continuous,9,3,0.6,0.2672639999999973,0.9267263999999996,41.0,106.45504000000027,73.5815680000002,32.87347200000006,0.6911985378991922,0.6715867158671587,0.6,0,508,0.0,520,123,397,5,0,813,0,0.0,1.0,0,0.0,node_hello,23:0;49:1;72:1;78:0;99:1,SIM
store_carry_forward,100,5,9,warm,240.0,60.0,node_hello,continuous,10,4,0.8,0.6336319999999986,1.8499999999999996,45.5,125.74515200000012,77.10310400000022,48.6420479999999,0.6131695955960206,0.5962343096234309,0.8,0,585,0.0,598,182,416,5,0,956,0,0.0,1.0,0,0.0,node_hello,27:1;36:0;45:1;51:1;74:1,SIM
store_carry_forward,100,5,9,warm,240.0,60.0,node_hello,continuous,11,3,0.6,0.2672639999999973,0.2672639999999973,45.333333333333336,113.45100800000024,77.10310400000022,36.34790400000003,0.6796158567405594,0.6744186046511628,0.6,0,540,0.0,552,136,416,5,0,817,0,0.0,1.0,0,0.0,node_hello,17:1;22:0;42:1;68:1;87:0,SIM
store_carry_forward,100,5,9,warm,240.0,60.0,node_hello,continuous,12,5,1.0,0.2672639999999973,0.5046062098342616,46.2,138.84108799999998,77.10310400000022,61.73798399999977,0.5553334759232096,0.32428355957767724,1.0,0,638,0.0,647,231,416,5,0,663,0,0.0,1.0,0,0.0,node_hello,26:1;43:1;54:1;58:1;96:1,SIM
store_carry_forward,100,5,9,warm,240.0,60.0,node_hello,continuous,13,5,1.0,0.2672639999999973,0.5725751407414434,44.4,136.43571200000002,77.10310400000022,59.332607999999794,0.5651240637055509,0.5619425173439049,1.0,0,624,0.0,638,222,416,5,0,1009,0,0.0,1.0,0,0.0,node_hello,0:1;18:1;27:1;41:1;68:1,SIM
store_carry_forward,100,5,9,warm,240.0,60.0,node_hello,continuous,14,4,0.8,0.2672639999999973,0.5449988353090318,49.25,129.75411200000008,77.10310400000022,52.65100799999986,0.5942247441067623,0.5391812865497077,0.8,0,601,0.0,613,197,416,5,0,855,0,0.0,1.0,0,0.0,node_hello,40:1;49:1;60:1;65:0;71:1,SIM
store_carry_forward,100,5,9,warm,240.0,60.0,node_hello,continuous,15,3,0.6,4.0,4.9,53.0,119.59808000000018,77.10310400000022,42.494975999999966,0.6446851320690107,0.649643705463183,0.6,0,562,0.0,575,159,416,5,0,842,0,0.0,1.0,0,0.0,node_hello,19:1;45:1;55:0;68:1;77:0,SIM
store_carry_forward,100,5,9,warm,240.0,60.0,node_hello,continuous,16,3,0.6,0.2672639999999973,1.8267263999999996,48.333333333333336,115.85638400000022,77.10310400000022,38.753280000000004,0.6655058732024648,0.6276729559748427,0.6,0,549,0.0,561,145,416,5,0,795,0,0.0,1.0,0,0.0,node_hello,15:1;42:1;53:0;61:1;76:0,SIM
store_carry_forward,100,5,9,warm,240.0,60.0,node_hello,continuous,17,4,0.8,0.6336319999999986,1.2779531900876384,44.0,124.14156800000013,77.10310400000022,47.03846399999992,0.6210901412168415,0.6239754098360656,0.8,0,578,0.0,592,176,416,5,0,976,0,0.0,1.0,0,0.0,node_hello,23:0;3:1;33:1;60:1;63:1,SIM
store_carry_forward,100,5,9,warm,240.0,60.0,node_hello,continuous,18,3,0.6,2.0,4.7,49.333333333333336,116.65817600000021,77.10310400000022,39.555071999999996,0.6609318493030448,0.6658823529411765,0.6,0,552,0.0,564,148,416,5,0,850,0,0.0,1.0,0,0.0,node_hello,45:1;61:1;78:0;86:1;90:0,SIM
store_carry_forward,100,5,9,warm,240.0,60.0,node_hello,continuous,19,5,1.0,0.2672639999999973,4.199999999999999,44.0,135.901184,77.10310400000022,58.7980799999998,0.5673468157569562,0.5152173913043478,1.0,0,623,0.0,636,220,416,5,0,920,0,0.0,1.0,0,0.0,node_hello,10:1;18:1;44:1;61:1;85:1,SIM
store_carry_forward,100,5,9,cold,240.0,60.0,node_hello,continuous,0,4,0.8,0.26726400000000083,0.8501793440956866,44.0,124.14156800000013,77.10310400000022,47.03846399999992,0.6210901412168415,0.6212896622313203,0.8,0,578,0.0,592,176,416,5,0,977,0,0.0,1.0,0,0.0,node_hello,21:1;33:1;55:0;74:1;99:1,SIM
store_carry_forward,100,5,9,cold,240.0,60.0,node_hello,continuous,1,4,0.8,0.2672640000000004,1.7400895999999995,49.0,129.48684800000007,77.10310400000022,52.383743999999865,0.5954512384145776,0.5563636363636364,0.8,0,600,0.0,612,196,416,5,0,825,0,0.0,1.0,0,0.0,node_hello,11:1;2:1;28:0;31:1;76:1,SIM
store_carry_forward,100,5,9,cold,240.0,60.0,node_hello,continuous,2,4,0.8,0.2672640000000004,2.5900895999999993,45.25,125.47788800000012,77.10310400000022,48.374783999999906,0.6144756277695728,0.5343203230148048,0.8,0,586,0.0,597,181,416,5,0,743,0,0.0,1.0,0,0.0,node_hello,12:1;2:1;22:1;59:1;83:0,SIM
store_carry_forward,100,5,9,cold,240.0,60.0,node_hello,continuous,3,4,0.8,0.26726400000000083,0.5730625718494768,48.75,129.21958400000008,77.10310400000022,52.11647999999987,0.5966828062223151,0.6792452830188679,0.8,0,594,0.0,611,195,416,5,0,1166,0,0.0,1.0,0,0.0,node_hello,4:1;65:1;67:1;72:0;98:1,SIM
store_carry_forward,100,5,9,cold,240.0,60.0,node_hello,continuous,4,4,0.8,0.2672640000000004,2.5900895999999993,49.75,130.28864000000007,77.10310400000022,53.18553599999986,0.5917868511022923,0.6488147497805092,0.8,0,597,0.0,615,199,416,5,0,1139,0,0.0,1.0,0,0.0,node_hello,1:1;36:1;52:1;56:0;75:1,SIM
store_carry_forward,100,5,9,cold,240.0,60.0,node_hello,continuous,5,4,0.8,0.2672640000000004,0.26726400000000083,44.75,124.94336000000013,77.10310400000022,47.84025599999991,0.6171044543703654,0.585812356979405,0.8,0,582,0.0,595,179,416,5,0,874,0,0.0,1.0,0,0.0,node_hello,25:1;37:1;59:1;8:1;97:0,SIM
store_carry_forward,100,5,9,cold,240.0,60.0,node_hello,continuous,6,4,0.8,0.26726400000000083,0.5126490692500425,49.25,129.75411200000008,77.10310400000022,52.65100799999986,0.5942247441067623,0.6150793650793651,0.8,0,598,0.0,613,197,416,5,0,1008,0,0.0,1.0,0,0.0,node_hello,13:1;24:1;4:1;57:0;97:1,SIM
store_carry_forward,100,5,9,cold,240.0,60.0,node_hello,continuous,7,3,0.6,0.26726400000000083,0.26726400000000083,60.333333333333336,125.47788800000012,77.10310400000022,48.374783999999906,0.6144756277695728,0.6571428571428571,0.6,0,578,0.0,597,181,416,5,247,1015,0,0.0,1.0,0,0.0,node_hello,2:0;43:1;56:1;58:0;70:1,SIM
store_carry_forward,100,5,9,cold,240.0,60.0,node_hello,continuous,8,4,0.8,0.26726400000000083,1.016229610673463,43.5,123.60704000000014,77.10310400000022,46.503935999999925,0.6237759920470559,0.5899094437257438,0.8,0,579,0.0,590,174,416,5,0,773,0,0.0,1.0,0,0.0,node_hello,1:1;10:0;18:1;23:1;88:1,SIM
store_carry_forward,100,5,9,cold,240.0,60.0,node_hello,continuous,9,3,0.6,2.1652756685631918,4.716527566856319,52.666666666666664,115.80928000000017,73.5815680000002,42.22771199999997,0.635368495512623,0.6870056497175141,0.6,0,542,0.0,555,158,397,5,0,885,0,0.0,1.0,0,0.0,node_hello,23:1;49:1;72:0;78:1;99:0,SIM
store_carry_forward,100,5,9,cold,240.0,60.0,node_hello,continuous,10,4,0.8,0.2672640000000004,0.26726400000000083,44.0,124.14156800000013,77.10310400000022,47.03846399999992,0.6210901412168415,0.6088397790055249,0.8,0,579,0.0,592,176,416,5,0,905,0,0.0,1.0,0,0.0,node_hello,27:1;36:1;45:1;51:0;74:1,SIM
store_carry_forward,100,5,9,cold,240.0,60.0,node_hello,continuous,11,4,0.8,0.26726400000000083,0.26726400000000083,45.5,125.74515200000012,77.10310400000022,48.6420479999999,0.6131695955960206,0.6869639794168096,0.8,0,580,0.0,598,182,416,5,0,1166,0,0.0,1.0,0,0.0,node_hello,17:1;22:0;42:1;68:1;87:1,SIM
store_carry_forward,100,5,9,cold,240.0,60.0,node_hello,continuous,12,5,1.0,0.26726400000000083,0.529259602325451,45.8,138.30656,77.10310400000022,61.203455999999775,0.5574797319808997,0.4665071770334928,1.0,0,634,0.0,645,229,416,5,0,836,0,0.0,1.0,0,0.0,node_hello,26:1;43:1;54:1;58:1;96:1,SIM
store_carry_forward,100,5,9,cold,240.0,60.0,node_hello,continuous,13,4,0.8,0.2672640000000004,1.3811272681891977,58.5,139.64288,77.10310400000022,62.53977599999976,0.5521448999046726,0.5191256830601093,0.8,0,638,0.0,650,234,416,5,0,915,0,0.0,1.0,0,0.0,node_hello,0:1;18:1;27:0;41:1;68:1,SIM
store_carry_forward,100,5,9,cold,240.0,60.0,node_hello,continuous,14,4,0.8,0.6493198817346224,3.5547063645203854,45.25,125.47788800000012,77.10310400000022,48.374783999999906,0.6144756277695728,0.6282671829622459,0.8,0,582,0.0,597,181,416,5,0,1033,0,0.0,1.0,0,0.0,node_hello,40:1;49:1;60:0;65:1;71:1,SIM
store_carry_forward,100,5,9,cold,240.0,60.0,node_hello,continuous,15,4,0.8,1.1336320000000004,2.7234928239795755,48.75,129.21958400000008,77.10310400000022,52.11647999999987,0.5966828062223151,0.529338327091136,0.8,0,599,0.0,611,195,416,5,0,801,0,0.0,1.0,0,0.0,node_hello,19:1;45:0;55:1;68:1;77:1,SIM
store_carry_forward,100,5,9,cold,240.0,60.0,node_hello,continuous,16,4,0.8,0.2672640000000004,0.8900895999999998,46.25,126.54694400000011,77.10310400000022,49.443839999999895,0.6092845987651835,0.6323377960865088,0.8,0,586,0.0,601,185,416,5,0,971,0,0.0,1.0,0,0.0,node_hello,15:1;42:1;53:0;61:1;76:1,SIM
store_carry_forward,100,5,9,cold,240.0,60.0,node_hello,continuous,17,4,0.8,0.26726400000000083,0.5994294500028238,45.25,125.47788800000012,77.10310400000022,48.374783999999906,0.6144756277695728,0.5141700404858299,0.8,0,586,0.0,597,181,416,5,0,741,0,0.0,1.0,0,0.0,node_hello,23:0;3:1;33:1;60:1;63:1,SIM
store_carry_forward,100,5,9,cold,240.0,60.0,node_hello,continuous,18,3,0.6,0.26726400000000083,4.5267264,50.333333333333336,117.4599680000002,77.10310400000022,40.35686399999999,0.6564202707768495,0.6825221238938053,0.6,0,554,0.0,567,151,416,5,0,904,0,0.0,1.0,0,0.0,node_hello,45:1;61:1;78:0;86:1;90:0,SIM
store_carry_forward,100,5,9,cold,240.0,60.0,node_hello,continuous,19,3,0.6,0.26726400000000083,0.9267264000000001,52.666666666666664,119.33081600000018,77.10310400000022,42.22771199999997,0.6461290267218159,0.7355229040622299,0.6,0,558,0.0,574,158,416,5,0,1157,0,0.0,1.0,0,0.0,node_hello,10:1;18:0;44:1;61:0;85:1,SIM
store_carry_forward,100,20,7,warm,240.0,60.0,node_hello,continuous,0,18,0.9,0.16470538278847613,0.9390018039263485,51.666666666666664,93.06777599999943,21.405696000000166,71.66207999999926,0.23000115528709203,0.8809814374718993,0.9,0,1047,0.0,1346,930,416,20,0,15569,0,0.0,1.0,0,0.0,node_hello,14:0;15:1;21:1;24:1;25:1;3:1;32:1;33:1;45:1;50:1;55:1;57:0;63:1;67:1;74:1;8:1;86:1;89:1;96:1;99:1,SIM
store_carry_forward,100,20,7,warm,240.0,60.0,node_hello,continuous,1,20,1.0,0.1286841704438899,2.2311283327889466,50.8,99.69459199999933,21.405696000000166,78.28889599999917,0.21471270979272686,0.8560330347144457,1.0,0,1152,0.0,1432,1016,416,20,0,14288,0,0.0,1.0,0,0.0,node_hello,1:1;11:1;12:1;19:1;2:1;28:1;31:1;34:1;37:1;45:1;51:1;60:1;63:1;64:1;70:1;76:1;81:1;9:1;93:1;96:1,SIM
store_carry_forward,100,20,7,warm,240.0,60.0,node_hello,continuous,2,20,1.0,0.2549165359085599,0.637483323575296,52.5,102.3144959999993,21.405696000000166,80.90879999999913,0.20921469426971828,0.8627947249234048,1.0,0,1169,0.0,1466,1050,416,20,0,15014,0,0.0,1.0,0,0.0,node_hello,12:1;2:1;22:1;24:1;25:1;27:1;35:1;49:1;51:1;59:1;62:1;71:1;72:1;74:1;75:1;77:1;83:1;93:1;95:1;98:1,SIM
store_carry_forward,100,20,7,warm,240.0,60.0,node_hello,continuous,3,20,1.0,0.0770559999999989,0.705002905335672,52.0,101.5439359999993,21.405696000000166,80.13823999999914,0.2108023072889386,0.8501531281901706,1.0,0,1197,0.0,1456,1040,416,20,0,13714,0,0.0,1.0,0,0.0,node_hello,12:1;13:1;23:1;30:1;31:1;4:1;41:1;58:1;65:1;67:1;7:1;70:1;72:1;78:1;82:1;89:1;9:1;91:1;95:1;98:1,SIM
store_carry_forward,100,20,7,warm,240.0,60.0,node_hello,continuous,4,19,0.95,0.3961758080011748,1.8789724933368628,50.78947368421053,95.76473599999939,21.405696000000166,74.35903999999923,0.22352378228245,0.8209229637801067,0.95,0,1146,0.0,1381,965,416,20,87,10878,0,0.0,1.0,0,0.0,node_hello,1:1;19:1;23:1;3:1;32:1;36:1;46:1;49:1;51:1;52:1;56:1;58:0;65:1;69:1;71:1;75:1;78:1;79:1;8:1;88:1,SIM
store_carry_forward,100,20,7,warm,240.0,60.0,node_hello,continuous,5,19,0.95,0.0770559999999989,1.2639646958992776,50.421052631578945,95.2253439999994,21.405696000000166,73.81964799999923,0.22478990467075974,0.8600186259760728,0.95,0,1091,0.0,1374,958,416,20,150,13959,0,0.0,1.0,0,0.0,node_hello,0:1;18:1;21:1;25:1;36:1;37:1;38:1;39:1;55:1;59:1;60:1;61:1;63:1;70:1;74:1;8:1;82:1;88:0;97:1;99:1,SIM
store_carry_forward,100,20,7,warm,240.0,60.0,node_hello,continuous,6,19,0.95,0.19031444622901006,1.033421718490588,52.68421052631579,98.53875199999935,21.405696000000166,77.13305599999919,0.21723124725590504,0.8481720096250873,0.95,0,1162,0.0,1417,1001,416,20,0,12883,0,0.0,1.0,0,0.0,node_hello,0:1;13:1;15:1;19:1;20:1;22:1;24:1;4:1;50:1;57:1;60:1;62:1;65:0;67:1;69:1;73:1;75:1;88:1;97:1;98:1,SIM
store_carry_forward,100,20,7,warm,240.0,60.0,node_hello,continuous,7,19,0.95,0.4883475353859694,1.3954819576390476,49.73684210526316,94.22361599999941,21.405696000000166,72.81791999999925,0.2271797337941297,0.8448166375615177,0.95,0,1107,0.0,1361,945,416,20,125,12598,0,0.0,1.0,0,0.0,node_hello,10:1;13:1;14:1;2:1;29:1;33:1;34:1;37:1;42:1;43:1;49:1;5:1;56:1;58:1;65:1;66:1;70:0;79:1;8:1;90:1,SIM
store_carry_forward,100,20,7,warm,240.0,60.0,node_hello,continuous,8,19,0.95,0.0770559999999989,1.1186409459536113,50.31578947368421,95.0712319999994,21.405696000000166,73.66553599999924,0.22515429273074217,0.8576419213973799,0.95,0,1100,0.0,1372,956,416,20,0,13740,0,0.0,1.0,0,0.0,node_hello,1:1;10:1;13:1;16:1;18:1;23:1;45:1;47:1;5:1;54:0;57:1;64:1;72:1;74:1;76:1;80:1;83:1;88:1;91:1;98:1,SIM
store_carry_forward,100,20,7,warm,240.0,60.0,node_hello,continuous,9,17,0.85,0.0770559999999989,1.4424415743355088,51.0,87.23558399999946,20.428032000000133,66.80755199999933,0.23417086311934657,0.8616685100331806,0.85,0,1011,0.0,1264,867,397,20,0,12658,0,0.0,1.0,0,0.0,node_hello,1:0;11:1;2:1;21:1;22:1;23:1;34:1;35:0;39:1;49:1;54:0;61:1;66:1;72:1;73:1;78:1;86:1;87:1;96:1;99:1,SIM
store_carry_forward,100,20,7,warm,240.0,60.0,node_hello,continuous,10,20,1.0,0.0770559999999989,0.48785226580514746,51.6,100.92748799999931,21.405696000000166,79.52179199999915,0.21208985207281006,0.863167697731657,1.0,0,1178,0.0,1448,1032,416,20,0,15033,0,0.0,1.0,0,0.0,node_hello,2:1;22:1;24:1;27:1;3:1;36:1;4:1;43:1;45:1;51:1;55:1;6:1;67:1;71:1;74:1;79:1;8:1;83:1;9:1;93:1,SIM
store_carry_forward,100,20,7,warm,240.0,60.0,node_hello,continuous,11,17,0.85,0.0770559999999989,1.0,50.88235294117647,88.0591359999995,21.405696000000166,66.65343999999934,0.24308319354848415,0.8522957461174882,0.85,0,1041,0.0,1281,865,416,20,0,11848,0,0.0,1.0,0,0.0,node_hello,11:1;17:0;19:1;22:1;28:1;37:0;42:1;56:1;60:1;63:1;66:1;67:1;68:1;71:1;74:1;86:1;87:1;88:0;92:1;97:1,SIM
store_carry_forward,100,20,7,warm,240.0,60.0,node_hello,continuous,12,19,0.95,0.0770559999999989,0.9540727647399105,53.26315789473684,99.38636799999934,21.405696000000166,77.98067199999917,0.21537859196142783,0.8571637533825788,0.95,0,1173,0.0,1428,1012,416,20,0,13673,0,0.0,1.0,0,0.0,node_hello,11:1;15:1;18:1;26:1;30:1;38:1;40:1;43:1;46:0;50:1;54:1;58:1;62:1;69:1;7:1;77:1;83:1;87:1;96:1;97:1,SIM
store_carry_forward,100,20,7,warm,240.0,60.0,node_hello,continuous,13,19,0.95,0.33739865856389883,1.0401690436324555,51.26315789473684,96.45823999999938,21.405696000000166,75.05254399999922,0.22191671753496958,0.8612569158745922,0.95,0,1119,0.0,1390,974,416,20,0,14098,0,0.0,1.0,0,0.0,node_hello,0:1;1:1;11:1;14:1;16:1;18:1;26:1;27:1;37:1;38:1;41:1;55:0;67:1;68:1;70:1;71:1;8:1;80:1;83:1;95:1,SIM
store_carry_forward,100,20,7,warm,240.0,60.0,node_hello,continuous,14,18,0.9,0.19502396793557608,0.558163070598951,50.666666666666664,91.68076799999945,21.405696000000166,70.27507199999928,0.23348076665326686,0.8664600749495532,0.9,0,1054,0.0,1328,912,416,20,0,13876,0,0.0,1.0,0,0.0,node_hello,12:1;15:1;21:0;34:1;40:1;43:1;46:1;49:1;58:1;60:1;61:1;64:1;65:0;71:1;8:1;80:1;82:1;85:1;91:1;99:1,SIM
store_carry_forward,100,20,7,warm,240.0,60.0,node_hello,continuous,15,19,0.95,0.27139286225038006,1.0111609391610044,48.526315789473685,92.45132799999944,21.405696000000166,71.04563199999927,0.23153475956559863,0.8435489060489061,0.95,0,1097,0.0,1338,922,416,20,0,12432,0,0.0,1.0,0,0.0,node_hello,0:1;11:0;17:1;18:1;19:1;25:1;3:1;33:1;44:1;45:1;55:1;56:1;6:1;61:1;64:1;65:1;66:1;68:1;74:1;77:1,SIM
store_carry_forward,100,20,7,warm,240.0,60.0,node_hello,continuous,16,19,0.95,0.0770559999999989,2.276097844049259,50.31578947368421,95.0712319999994,21.405696000000166,73.66553599999924,0.22515429273074217,0.8721165784486702,0.95,0,1074,0.0,1372,956,416,20,0,15303,0,0.0,1.0,0,0.0,node_hello,15:1;18:1;20:1;22:1;23:1;25:1;28:1;30:1;39:1;42:1;45:1;48:1;49:1;53:1;61:0;76:1;77:1;84:1;9:1;94:1,SIM
store_carry_forward,100,20,7,warm,240.0,60.0,node_hello,continuous,17,20,1.0,0.2615300577787565,0.8492700102788439,51.35,100.54220799999932,21.405696000000166,79.13651199999916,0.212902585151107,0.8623479074742613,1.0,0,1160,0.0,1443,1027,416,20,0,14958,0,0.0,1.0,0,0.0,node_hello,11:1;15:1;16:1;18:1;20:1;23:1;25:1;3:1;32:1;33:1;37:1;39:1;4:1;56:1;6:1;60:1;63:1;68:1;78:1;82:1,SIM
store_carry_forward,100,20,7,warm,240.0,60.0,node_hello,continuous,18,19,0.95,0.4045868009254576,1.9843325584188862,51.94736842105263,97.45996799999936,21.405696000000166,76.0542719999992,0.21963577907187806,0.8560176665439824,0.95,0,1142,0.0,1403,987,416,20,0,13585,0,0.0,1.0,0,0.0,node_hello,10:1;25:1;28:1;31:1;38:1;44:1;45:1;50:1;54:1;61:1;67:1;69:0;71:1;73:1;78:1;8:1;86:1;90:1;91:1;96:1,SIM
store_carry_forward,100,20,7,warm,240.0,60.0,node_hello,continuous,19,19,0.95,0.22301380569626872,1.6752638890771172,51.94736842105263,97.45996799999936,21.405696000000166,76.0542719999992,0.21963577907187806,0.8651018294787711,0.95,0,1136,0.0,1403,987,416,20,0,14485,0,0.0,1.0,0,0.0,node_hello,10:1;13:1;18:1;19:1;2:1;20:1;42:1;44:1;47:1;5:1;50:1;56:1;61:1;62:1;65:1;70:1;75:0;80:1;84:1;85:1,SIM
store_carry_forward,100,20,7,cold,240.0,60.0,node_hello,continuous,0,17,0.85,0.3291483231268302,1.554761144800957,51.64705882352941,89.06086399999948,21.405696000000166,67.65516799999932,0.24034907184372578,0.8753383672887876,0.85,0,1031,0.0,1294,878,416,20,0,14038,0,0.0,1.0,0,0.0,node_hello,14:0;15:1;21:1;24:1;25:1;3:1;32:1;33:1;45:1;50:1;55:1;57:0;63:1;67:1;74:1;8:1;86:1;89:1;96:0;99:1,SIM
store_carry_forward,100,20,7,cold,240.0,60.0,node_hello,continuous,1,20,1.0,0.2462946019129788,0.8730201315077994,50.8,99.69459199999933,21.405696000000166,78.28889599999917,0.21471270979272686,0.8427086517884439,1.0,0,1176,0.0,1432,1016,416,20,0,13084,0,0.0,1.0,0,0.0,node_hello,1:1;11:1;12:1;19:1;2:1;28:1;31:1;34:1;37:1;45:1;51:1;60:1;63:1;64:1;70:1;76:1;81:1;9:1;93:1;96:1,SIM
store_carry_forward,100,20,7,cold,240.0,60.0,node_hello,continuous,2,19,0.95,0.0770559999999989,0.8469812571006937,52.63157894736842,98.46169599999935,21.405696000000166,77.05599999999919,0.21740125215799966,0.8598539100544257,0.95,0,1141,0.0,1416,1000,416,20,0,13964,0,0.0,1.0,0,0.0,node_hello,12:1;2:1;22:1;24:1;25:0;27:1;35:1;49:1;51:1;59:1;62:1;71:1;72:1;74:1;75:1;77:1;83:1;93:1;95:1;98:1,SIM
store_carry_forward,100,20,7,cold,240.0,60.0,node_hello,continuous,3,19,0.95,0.0770559999999989,0.762261138800824,51.1578947368421,96.30412799999938,21.405696000000166,74.89843199999922,0.2222718428020064,0.8573200087533737,0.95,0,1123,0.0,1388,972,416,20,0,13709,0,0.0,1.0,0,0.0,node_hello,12:1;13:1;23:0;30:1;31:1;4:1;41:1;58:1;65:1;67:1;7:1;70:1;72:1;78:1;82:1;89:1;9:1;91:1;95:1;98:1,SIM
store_carry_forward,100,20,7,cold,240.0,60.0,node_hello,continuous,4,20,1.0,0.24049728929711378,1.0175520812093504,51.35,100.54220799999932,21.405696000000166,79.13651199999916,0.212902585151107,0.8523167407832448,1.0,0,1143,0.0,1443,1027,416,20,123,13942,0,0.0,1.0,0,0.0,node_hello,1:1;19:1;23:1;3:1;32:1;36:1;46:1;49:1;51:1;52:1;56:1;58:1;65:1;69:1;71:1;75:1;78:1;79:1;8:1;88:1,SIM
store_carry_forward,100,20,7,cold,240.0,60.0,node_hello,continuous,5,20,1.0,0.11680432843482524,2.0258765421879206,50.85,99.77164799999933,21.405696000000166,78.36595199999917,0.21454688209620743,0.8651604453176163,1.0,0,1130,0.0,1433,1017,416,20,148,15270,0,0.0,1.0,0,0.0,node_hello,0:1;18:1;21:1;25:1;36:1;37:1;38:1;39:1;55:1;59:1;60:1;61:1;63:1;70:1;74:1;8:1;82:1;88:1;97:1;99:1,SIM
store_carry_forward,100,20,7,cold,240.0,60.0,node_hello,continuous,6,20,1.0,0.18911330296229822,1.1230771394267909,53.2,103.39327999999928,21.405696000000166,81.98758399999912,0.2070317916212767,0.8548045717510936,1.0,0,1191,0.0,1480,1064,416,20,0,14174,0,0.0,1.0,0,0.0,node_hello,0:1;13:1;15:1;19:1;20:1;22:1;24:1;4:1;50:1;57:1;60:1;62:1;65:1;67:1;69:1;73:1;75:1;88:1;97:1;98:1,SIM
store_carry_forward,100,20,7,cold,240.0,60.0,node_hello,continuous,7,19,0.95,0.3254482312862237,1.7540760003321925,50.31578947368421,95.0712319999994,21.405696000000166,73.66553599999924,0.22515429273074217,0.8653342522398346,0.95,0,1080,0.0,1372,956,416,20,136,14510,0,0.0,1.0,0,0.0,node_hello,10:1;13:1;14:1;2:1;29:1;33:1;34:1;37:1;42:1;43:1;49:1;5:1;56:1;58:1;65:1;66:1;70:1;79:1;8:1;90:0,SIM
store_carry_forward,100,20,7,cold,240.0,60.0,node_hello,continuous,8,19,0.95,0.0770559999999989,1.2474813873007247,51.526315789473685,96.84351999999937,21.405696000000166,75.43782399999921,0.22103384924464026,0.8583025295354062,0.95,0,1120,0.0,1395,979,416,20,0,13797,0,0.0,1.0,0,0.0,node_hello,1:1;10:1;13:1;16:1;18:1;23:1;45:1;47:1;5:1;54:1;57:1;64:1;72:1;74:0;76:1;80:1;83:1;88:1;91:1;98:1,SIM
store_carry_forward,100,20,7,cold,240.0,60.0,node_hello,continuous,9,18,0.9,0.2020037391257432,1.3360475665233686,52.388888888888886,93.09183999999938,20.428032000000133,72.66380799999925,0.21943955560444686,0.8605280974949221,0.9,0,1071,0.0,1340,943,397,20,0,13293,0,0.0,1.0,0,0.0,node_hello,1:1;11:1;2:1;21:1;22:1;23:1;34:1;35:1;39:1;49:1;54:0;61:1;66:1;72:1;73:1;78:0;86:1;87:1;96:1;99:1,SIM
store_carry_forward,100,20,7,cold,240.0,60.0,node_hello,continuous,10,19,0.95,0.0770559999999989,0.7103540184669309,51.36842105263158,96.61235199999938,21.405696000000166,75.20665599999921,0.22156272523000273,0.8633666131397054,0.95,0,1129,0.0,1392,976,416,20,0,14323,0,0.0,1.0,0,0.0,node_hello,2:1;22:1;24:1;27:1;3:1;36:1;4:1;43:1;45:1;51:1;55:1;6:1;67:1;71:0;74:1;79:1;8:1;83:1;9:1;93:1,SIM
store_carry_forward,100,20,7,cold,240.0,60.0,node_hello,continuous,11,19,0.95,0.07705600000000068,1.0691944626463437,50.578947368421055,95.45651199999939,21.405696000000166,74.05081599999923,0.22424552868640646,0.8445505171042164,0.95,0,1121,0.0,1377,961,416,20,0,12570,0,0.0,1.0,0,0.0,node_hello,11:1;17:1;19:1;22:1;28:1;37:1;42:1;56:1;60:0;63:1;66:1;67:1;68:1;71:1;74:1;86:1;87:1;88:1;92:1;97:1,SIM
store_carry_forward,100,20,7,cold,240.0,60.0,node_hello,continuous,12,20,1.0,0.07705600000000035,1.554412934533881,52.7,102.62271999999929,21.405696000000166,81.21702399999913,0.20858632474368555,0.8653569089718403,1.0,0,1186,0.0,1470,1054,416,20,0,15270,0,0.0,1.0,0,0.0,node_hello,11:1;15:1;18:1;26:1;30:1;38:1;40:1;43:1;46:1;50:1;54:1;58:1;62:1;69:1;7:1;77:1;83:1;87:1;96:1;97:1,SIM
store_carry_forward,100,20,7,cold,240.0,60.0,node_hello,continuous,13,19,0.95,0.0770559999999989,1.6562617719990036,49.89473684210526,94.4547839999994,21.405696000000166,73.04908799999924,0.2266237356490096,0.8587317636862631,0.95,0,1094,0.0,1364,948,416,20,0,13846,0,0.0,1.0,0,0.0,node_hello,0:1;1:1;11:1;14:1;16:1;18:1;26:0;27:1;37:1;38:1;41:1;55:1;67:1;68:1;70:1;71:1;8:1;80:1;83:1;95:1,SIM
store_carry_forward,100,20,7,cold,240.0,60.0,node_hello,continuous,14,18,0.9,0.0770559999999989,0.831750201900224,51.27777777777778,92.52838399999943,21.405696000000166,71.12268799999927,0.2313419415171057,0.8596105765588302,0.9,0,1075,0.0,1339,923,416,20,0,13199,0,0.0,1.0,0,0.0,node_hello,12:0;15:1;21:1;34:1;40:1;43:1;46:1;49:1;58:1;60:1;61:1;64:1;65:1;71:1;8:1;80:1;82:1;85:0;91:1;99:1,SIM
store_carry_forward,100,20,7,cold,240.0,60.0,node_hello,continuous,15,20,1.0,0.13314367167272056,1.121104342502434,49.75,98.07641599999936,21.405696000000166,76.67071999999919,0.21825528371673275,0.8638590915110581,1.0,0,1117,0.0,1411,995,416,20,0,15102,0,0.0,1.0,0,0.0,node_hello,0:1;11:1;17:1;18:1;19:1;25:1;3:1;33:1;44:1;45:1;55:1;56:1;6:1;61:1;64:1;65:1;66:1;68:1;74:1;77:1,SIM
store_carry_forward,100,20,7,cold,240.0,60.0,node_hello,continuous,16,15,0.75,0.07705600000000068,1.1487101365772059,50.733333333333334,80.04531199999961,21.405696000000166,58.63961599999945,0.26741973346296993,0.8503104384943733,0.75,0,975,0.0,1177,761,416,20,0,10308,0,0.0,1.0,0,0.0,node_hello,15:1;18:1;20:1;22:0;23:1;25:1;28:0;30:1;39:0;42:1;45:1;48:1;49:1;53:1;61:0;76:1;77:1;84:0;9:1;94:1,SIM
store_carry_forward,100,20,7,cold,240.0,60.0,node_hello,continuous,17,18,0.9,0.24436916927737862,1.591075069025282,51.5,92.83660799999943,21.405696000000166,71.43091199999927,0.23057387016983966,0.8632573241827172,0.9,0,1081,0.0,1343,927,416,20,0,13551,0,0.0,1.0,0,0.0,node_hello,11:1;15:1;16:1;18:1;20:1;23:1;25:1;3:1;32:1;33:0;37:1;39:1;4:1;56:1;6:1;60:0;63:1;68:1;78:1;82:1,SIM
store_carry_forward,100,20,7,cold,240.0,60.0,node_hello,continuous,18,19,0.95,0.0770559999999989,0.941583710811626,51.78947368421053,97.22879999999937,21.405696000000166,75.8231039999992,0.22015797788309951,0.8399836132732487,0.95,0,1162,0.0,1400,984,416,20,0,12205,0,0.0,1.0,0,0.0,node_hello,10:1;25:1;28:1;31:1;38:1;44:1;45:1;50:1;54:1;61:1;67:1;69:1;71:1;73:1;78:1;8:1;86:0;90:1;91:1;96:1,SIM
store_carry_forward,100,20,7,cold,240.0,60.0,node_hello,continuous,19,20,1.0,0.32550352357912615,2.348339285966444,51.5,100.77337599999932,21.405696000000166,79.36767999999915,0.21241419956001387,0.8687981657219286,1.0,0,1160,0.0,1446,1030,416,20,0,15701,0,0.0,1.0,0,0.0,node_hello,10:1;13:1;18:1;19:1;2:1;20:1;42:1;44:1;47:1;5:1;50:1;56:1;61:1;62:1;65:1;70:1;75:1;80:1;84:1;85:1,SIM
store_carry_forward,100,20,9,warm,240.0,60.0,node_hello,continuous,0,16,0.8,0.2672639999999973,0.4504480000000086,46.5,275.9475200000024,77.10310400000022,198.84441600000216,0.27941220127653094,0.5598559855985599,0.8,0,1112,0.0,1160,744,416,20,0,3333,0,0.0,1.0,0,0.0,node_hello,14:0;15:1;21:1;24:1;25:1;3:1;32:1;33:1;45:1;50:1;55:1;57:0;63:1;67:1;74:1;8:0;86:1;89:0;96:1;99:1,SIM
store_carry_forward,100,20,9,warm,240.0,60.0,node_hello,continuous,1,13,0.65,0.2672639999999973,3.799999999999997,45.92307692307692,236.6597120000007,77.10310400000022,159.55660800000047,0.3257973372333014,0.5250596658711217,0.65,0,976,0.0,1013,597,416,20,0,2514,0,0.0,1.0,0,0.0,node_hello,1:1;11:0;12:1;19:1;2:1;28:1;31:1;34:1;37:0;45:1;51:0;60:1;63:0;64:1;70:0;76:1;81:0;9:1;93:1;96:0,SIM
store_carry_forward,100,20,9,warm,240.0,60.0,node_hello,continuous,2,15,0.75,0.2672640000000115,2.45540469448756,45.333333333333336,258.84262400000165,77.10310400000022,181.73952000000142,0.2978763806690498,0.5547738693467337,0.75,0,1051,0.0,1096,680,416,20,0,2985,0,0.0,1.0,0,0.0,node_hello,12:1;2:1;22:1;24:0;25:1;27:0;35:1;49:0;51:1;59:1;62:1;71:0;72:1;74:0;75:1;77:1;83:1;93:1;95:1;98:1,SIM
store_carry_forward,100,20,9,warm,240.0,60.0,node_hello,continuous,3,16,0.8,0.2672640000000044,1.5305727574969232,44.3125,266.593280000002,77.10310400000022,189.49017600000175,0.28921623230712956,0.5949728648957441,0.8,0,1074,0.0,1125,709,416,20,0,3501,0,0.0,1.0,0,0.0,node_hello,12:1;13:0;23:1;30:1;31:1;4:1;41:0;58:1;65:1;67:1;7:1;70:1;72:0;78:1;82:1;89:1;9:0;91:1;95:1;98:1,SIM
store_carry_forward,100,20,9,warm,240.0,60.0,node_hello,continuous,4,18,0.9,0.2672639999999973,1.1237292938101784,43.94444444444444,288.5089280000029,77.10310400000022,211.4058240000027,0.2672468562220696,0.4560835133189345,0.9,0,1163,0.0,1207,791,416,20,0,2778,0,0.0,1.0,0,0.0,node_hello,1:1;19:1;23:1;3:1;32:1;36:1;46:1;49:1;51:1;52:1;56:1;58:1;65:1;69:1;71:0;75:1;78:1;79:1;8:1;88:0,SIM
store_carry_forward,100,20,9,warm,240.0,60.0,node_hello,continuous,5,16,0.8,0.2672640000000044,1.25,45.9375,273.5421440000023,77.10310400000022,196.43904000000205,0.28186919526374543,0.5443896424167695,0.8,0,1102,0.0,1151,735,416,20,0,3244,0,0.0,1.0,0,0.0,node_hello,0:1;18:0;21:1;25:1;36:1;37:1;38:0;39:1;55:0;59:1;60:1;61:1;63:1;70:1;74:0;8:1;82:1;88:1;97:1;99:1,SIM
store_carry_forward,100,20,9,warm,240.0,60.0,node_hello,continuous,6,15,0.75,0.2672640000000115,2.7317998416226916,49.0,273.5421440000023,77.10310400000022,196.43904000000205,0.28186919526374543,0.662165363657901,0.75,0,1087,0.0,1151,735,416,20,0,4221,0,0.0,1.0,0,0.0,node_hello,0:1;13:1;15:0;19:1;20:1;22:0;24:1;4:1;50:1;57:1;60:0;62:1;65:1;67:1;69:1;73:0;75:1;88:0;97:1;98:1,SIM
store_carry_forward,100,20,9,warm,240.0,60.0,node_hello,continuous,7,13,0.65,0.2672640000000115,3.293273365128628,45.23076923076923,234.2543360000006,77.10310400000022,157.15123200000036,0.32914269727754375,0.6618521665250637,0.65,0,949,0.0,1004,588,416,20,193,3531,0,0.0,1.0,0,0.0,node_hello,10:0;13:1;14:1;2:1;29:1;33:0;34:1;37:0;42:1;43:1;49:0;5:0;56:1;58:1;65:0;66:1;70:1;79:1;8:1;90:0,SIM
store_carry_forward,100,20,9,warm,240.0,60.0,node_hello,continuous,8,15,0.75,0.2672640000000115,2.599999999999998,44.6,255.90272000000152,77.10310400000022,178.7996160000013,0.3012984934275015,0.5838779956427015,0.75,0,1037,0.0,1085,669,416,20,0,3213,0,0.0,1.0,0,0.0,node_hello,1:1;10:1;13:0;16:1;18:0;23:1;45:1;47:0;5:1;54:1;57:0;64:1;72:1;74:1;76:1;80:1;83:1;88:1;91:0;98:1,SIM
store_carry_forward,100,20,9,warm,240.0,60.0,node_hello,continuous,9,13,0.65,0.2672639999999973,0.2672640000000115,49.38461538461539,245.1650560000012,73.5815680000002,171.58348800000098,0.3001307331498329,0.6177268616219476,0.65,0,990,0.0,1039,642,397,20,0,3317,0,0.0,1.0,0,0.0,node_hello,1:0;11:1;2:1;21:1;22:1;23:0;34:0;35:1;39:1;49:1;54:0;61:1;66:1;72:0;73:1;78:0;86:1;87:1;96:1;99:0,SIM
store_carry_forward,100,20,9,warm,240.0,60.0,node_hello,continuous,10,16,0.8,0.2672640000000115,2.75,44.25,266.32601600000197,77.10310400000022,189.22291200000174,0.2895064671413838,0.5522813688212928,0.8,0,1079,0.0,1124,708,416,20,0,3156,0,0.0,1.0,0,0.0,node_hello,2:1;22:1;24:0;27:1;3:1;36:1;4:0;43:0;45:1;51:0;55:1;6:1;67:1;71:1;74:1;79:1;8:1;83:1;9:1;93:1,SIM
store_carry_forward,100,20,9,warm,240.0,60.0,node_hello,continuous,11,15,0.75,0.2672639999999973,1.0847945314082563,45.8,260.71347200000173,77.10310400000022,183.6103680000015,0.29573885618001244,0.5562480523527579,0.75,0,1054,0.0,1103,687,416,20,0,3209,0,0.0,1.0,0,0.0,node_hello,11:1;17:1;19:1;22:0;28:1;37:1;42:0;56:1;60:0;63:1;66:1;67:1;68:1;71:1;74:1;86:0;87:1;88:0;92:1;97:1,SIM
store_carry_forward,100,20,9,warm,240.0,60.0,node_hello,continuous,12,17,0.85,0.2672639999999973,0.9108700105099273,48.1764705882353,295.99232000000325,77.10310400000022,218.88921600000302,0.26049021812457623,0.581848094324102,0.85,0,1182,0.0,1235,819,416,20,0,3647,0,0.0,1.0,0,0.0,node_hello,11:1;15:1;18:1;26:1;30:1;38:0;40:1;43:1;46:1;50:1;54:1;58:1;62:1;69:1;7:1;77:0;83:1;87:0;96:1;97:1,SIM
store_carry_forward,100,20,9,warm,240.0,60.0,node_hello,continuous,13,17,0.85,0.2672640000000115,4.0,44.35294117647059,278.6201600000025,77.10310400000022,201.51705600000227,0.27673196368848374,0.5484160191273162,0.85,0,1122,0.0,1170,754,416,20,0,3346,0,0.0,1.0,0,0.0,node_hello,0:1;1:1;11:1;14:1;16:1;18:1;26:1;27:0;37:1;38:1;41:1;55:1;67:1;68:1;70:1;71:1;8:0;80:1;83:1;95:0,SIM
store_carry_forward,100,20,9,warm,240.0,60.0,node_hello,continuous,14,14,0.7,0.2672640000000115,1.9538807824466773,48.857142857142854,259.9116800000017,77.10310400000022,182.80857600000147,0.29665117012055675,0.6356609808102346,0.7,0,1045,0.0,1100,684,416,20,0,3752,0,0.0,1.0,0,0.0,node_hello,12:0;15:1;21:1;34:0;40:1;43:0;46:1;49:1;58:0;60:1;61:0;64:1;65:1;71:1;8:1;80:0;82:1;85:1;91:1;99:1,SIM
store_carry_forward,100,20,9,warm,240.0,60.0,node_hello,continuous,15,14,0.7,0.2672640000000115,1.8502570213671123,47.0,252.9628160000014,77.10310400000022,175.85971200000117,0.3048001489673478,0.6138092451726156,0.7,0,1023,0.0,1074,658,416,20,0,3418,0,0.0,1.0,0,0.0,node_hello,0:1;11:1;17:1;18:0;19:1;25:0;3:1;33:1;44:1;45:0;55:1;56:0;6:1;61:1;64:1;65:0;66:1;68:0;74:1;77:1,SIM
store_carry_forward,100,20,9,warm,240.0,60.0,node_hello,continuous,16,15,0.75,0.2672640000000115,4.299999999999999,42.8,248.6865920000012,77.10310400000022,171.58348800000098,0.3100412586779099,0.630648330058939,0.75,0,1005,0.0,1058,642,416,20,0,3563,0,0.0,1.0,0,0.0,node_hello,15:1;18:1;20:0;22:1;23:0;25:1;28:1;30:1;39:1;42:1;45:0;48:1;49:0;53:1;61:1;76:1;77:0;84:1;9:1;94:1,SIM
store_carry_forward,100,20,9,warm,240.0,60.0,node_hello,continuous,17,16,0.8,0.2672640000000044,4.0,45.5,271.6712960000022,77.10310400000022,194.56819200000197,0.28381027048216234,0.5695147365287287,0.8,0,1097,0.0,1144,728,416,20,0,3359,0,0.0,1.0,0,0.0,node_hello,11:1;15:1;16:0;18:1;20:1;23:1;25:1;3:1;32:1;33:1;37:1;39:0;4:1;56:1;6:1;60:0;63:1;68:1;78:1;82:0,SIM
store_carry_forward,100,20,9,warm,240.0,60.0,node_hello,continuous,18,16,0.8,0.2672640000000115,2.6401251927761535,46.5,275.9475200000024,77.10310400000022,198.84441600000216,0.27941220127653094,0.5707203266258385,0.8,0,1109,0.0,1160,744,416,20,0,3429,0,0.0,1.0,0,0.0,node_hello,10:0;25:1;28:0;31:1;38:1;44:1;45:1;50:0;54:1;61:1;67:0;69:1;71:1;73:1;78:1;8:1;86:1;90:1;91:1;96:1,SIM
store_carry_forward,100,20,9,warm,240.0,60.0,node_hello,continuous,19,17,0.85,0.2672640000000115,2.1999999999999993,46.88235294117647,290.112512000003,77.10310400000022,213.00940800000276,0.2657696611168546,0.557838446383338,0.85,0,1163,0.0,1213,797,416,20,0,3553,0,0.0,1.0,0,0.0,node_hello,10:1;13:1;18:1;19:1;2:1;20:0;42:1;44:1;47:1;5:1;50:1;56:1;61:1;62:1;65:0;70:1;75:0;80:1;84:1;85:1,SIM
store_carry_forward,100,20,9,cold,240.0,60.0,node_hello,continuous,0,13,0.65,0.267264,1.1949103209993617,47.46153846153846,242.00499200000093,77.10310400000022,164.9018880000007,0.31860129562947165,0.5921052631578947,0.65,0,991,0.0,1033,617,416,20,0,2964,0,0.0,1.0,0,0.0,node_hello,14:0;15:1;21:0;24:1;25:0;3:1;32:1;33:1;45:1;50:0;55:1;57:0;63:1;67:0;74:1;8:1;86:1;89:0;96:1;99:1,SIM
store_carry_forward,100,20,9,cold,240.0,60.0,node_hello,continuous,1,11,0.55,0.2672639999999973,1.4679049241162296,50.81818181818182,226.50368000000026,77.10310400000022,149.40057600000003,0.34040552453717365,0.457033125300048,0.55,0,944,0.0,975,559,416,20,0,2083,0,0.0,1.0,0,0.0,node_hello,1:0;11:0;12:1;19:0;2:1;28:1;31:0;34:1;37:0;45:1;51:1;60:1;63:0;64:1;70:0;76:1;81:0;9:1;93:1;96:0,SIM
store_carry_forward,100,20,9,cold,240.0,60.0,node_hello,continuous,2,13,0.65,0.267264,2.8193121820755564,49.23076923076923,248.1520640000012,77.10310400000022,171.04896000000096,0.31070909811171205,0.6550013777900248,0.65,0,1001,0.0,1056,640,416,20,0,3629,0,0.0,1.0,0,0.0,node_hello,12:0;2:1;22:1;24:0;25:1;27:1;35:0;49:1;51:1;59:0;62:1;71:0;72:1;74:0;75:1;77:1;83:1;93:1;95:1;98:0,SIM
store_carry_forward,100,20,9,cold,240.0,60.0,node_hello,continuous,3,17,0.85,0.2672639999999973,3.131735542981516,48.294117647058826,296.52684800000327,77.10310400000022,219.42374400000304,0.2600206508113537,0.5872689938398358,0.85,0,1183,0.0,1237,821,416,20,0,3896,0,0.0,1.0,0,0.0,node_hello,12:0;13:1;23:1;30:1;31:1;4:1;41:1;58:0;65:1;67:1;7:1;70:1;72:1;78:1;82:1;89:1;9:1;91:1;95:0;98:1,SIM
store_carry_forward,100,20,9,cold,240.0,60.0,node_hello,continuous,4,16,0.8,0.2672640000000004,4.2357070094943445,47.4375,279.95648000000256,77.10310400000022,202.85337600000233,0.2754110353152015,0.5716365754222481,0.8,0,1120,0.0,1175,759,416,20,0,3434,0,0.0,1.0,0,0.0,node_hello,1:1;19:1;23:1;3:1;32:0;36:1;46:1;49:1;51:1;52:1;56:1;58:0;65:1;69:1;71:1;75:1;78:0;79:1;8:1;88:0,SIM
store_carry_forward,100,20,9,cold,240.0,60.0,node_hello,continuous,5,15,0.75,0.2672639999999973,2.7773785385094523,45.0,257.5063040000016,77.10310400000022,180.40320000000136,0.29942219977651396,0.5839258114374034,0.75,0,1043,0.0,1091,675,416,20,0,3235,0,0.0,1.0,0,0.0,node_hello,0:1;18:1;21:0;25:1;36:1;37:1;38:1;39:1;55:0;59:1;60:1;61:1;63:0;70:1;74:1;8:0;82:1;88:0;97:1;99:1,SIM
store_carry_forward,100,20,9,cold,240.0,60.0,node_hello,continuous,6,16,0.8,0.26726399999999906,5.75,44.25,266.32601600000197,77.10310400000022,189.22291200000174,0.2895064671413838,0.5550915515579826,0.8,0,1077,0.0,1124,708,416,20,0,3113,0,0.0,1.0,0,0.0,node_hello,0:1;13:1;15:1;19:1;20:1;22:1;24:1;4:0;50:0;57:1;60:1;62:0;65:1;67:1;69:0;73:1;75:1;88:1;97:1;98:1,SIM
store_carry_forward,100,20,9,cold,240.0,60.0,node_hello,continuous,7,17,0.85,0.26726399999999995,3.411998072042922,42.64705882352941,270.86950400000217,77.10310400000022,193.76640000000194,0.2846503680237093,0.48369188063844554,0.85,0,1096,0.0,1141,725,416,20,129,2882,0,0.0,1.0,0,0.0,node_hello,10:1;13:1;14:1;2:1;29:1;33:1;34:1;37:0;42:1;43:1;49:1;5:1;56:0;58:1;65:1;66:1;70:0;79:1;8:1;90:1,SIM
store_carry_forward,100,20,9,cold,240.0,60.0,node_hello,continuous,8,16,0.8,0.26726400000000083,4.25,44.5,267.395072000002,77.10310400000022,190.2919680000018,0.2883490089151667,0.518479408658923,0.8,0,1087,0.0,1128,712,416,20,0,2841,0,0.0,1.0,0,0.0,node_hello,1:1;10:1;13:1;16:1;18:0;23:1;45:1;47:0;5:1;54:1;57:0;64:1;72:1;74:1;76:1;80:1;83:1;88:1;91:0;98:1,SIM
store_carry_forward,100,20,9,cold,240.0,60.0,node_hello,continuous,9,14,0.7,0.26726400000000083,3.6999999999999993,46.5,247.5704320000013,73.5815680000002,173.9888640000011,0.29721468515270766,0.5746219592373438,0.7,0,1002,0.0,1048,651,397,20,0,3042,0,0.0,1.0,0,0.0,node_hello,1:1;11:1;2:1;21:1;22:1;23:0;34:1;35:0;39:1;49:1;54:0;61:1;66:0;72:1;73:1;78:1;86:0;87:1;96:0;99:1,SIM
store_carry_forward,100,20,9,cold,240.0,60.0,node_hello,continuous,10,14,0.7,0.2672640000000004,2.074615566115943,50.0,264.1879040000019,77.10310400000022,187.08480000000165,0.291849486038542,0.5455165359699966,0.7,0,1075,0.0,1116,700,416,20,0,2933,0,0.0,1.0,0,0.0,node_hello,2:1;22:1;24:1;27:0;3:1;36:1;4:1;43:1;45:1;51:0;55:1;6:1;67:0;71:1;74:0;79:1;8:0;83:1;9:1;93:0,SIM
store_carry_forward,100,20,9,cold,240.0,60.0,node_hello,continuous,11,16,0.8,0.2672639999999973,0.5411243359448994,44.4375,267.127808000002,77.10310400000022,190.02470400000178,0.28863750493546386,0.5520865533230294,0.8,0,1079,0.0,1127,711,416,20,0,3235,0,0.0,1.0,0,0.0,node_hello,11:1;17:1;19:1;22:0;28:1;37:1;42:0;56:1;60:1;63:1;66:1;67:0;68:1;71:0;74:1;86:1;87:1;88:1;92:1;97:1,SIM
store_carry_forward,100,20,9,cold,240.0,60.0,node_hello,continuous,12,14,0.7,0.2672639999999973,1.1834713720884344,48.857142857142854,259.9116800000017,77.10310400000022,182.80857600000147,0.29665117012055675,0.5462676298589612,0.7,0,1059,0.0,1100,684,416,20,0,2907,0,0.0,1.0,0,0.0,node_hello,11:1;15:0;18:1;26:0;30:1;38:1;40:1;43:0;46:1;50:1;54:0;58:1;62:1;69:1;7:1;77:1;83:0;87:1;96:1;97:0,SIM
store_carry_forward,100,20,9,cold,240.0,60.0,node_hello,continuous,13,19,0.95,0.2672639999999973,3.099999999999998,40.73684210526316,283.96544000000273,77.10310400000022,206.8623360000025,0.2715228444700858,0.3295847750865052,0.95,0,1157,0.0,1190,774,416,20,0,2312,0,0.0,1.0,0,0.0,node_hello,0:1;1:1;11:1;14:1;16:1;18:0;26:1;27:1;37:1;38:1;41:1;55:1;67:1;68:1;70:1;71:1;8:1;80:1;83:1;95:1,SIM
store_carry_forward,100,20,9,cold,240.0,60.0,node_hello,continuous,14,16,0.8,0.26726400000000083,2.25,43.3125,262.3170560000018,77.10310400000022,185.21395200000157,0.293930959639924,0.5019762845849802,0.8,0,1068,0.0,1109,693,416,20,0,2783,0,0.0,1.0,0,0.0,node_hello,12:0;15:1;21:1;34:1;40:1;43:0;46:1;49:1;58:1;60:1;61:1;64:1;65:0;71:1;8:1;80:1;82:0;85:1;91:1;99:1,SIM
store_carry_forward,100,20,9,cold,240.0,60.0,node_hello,continuous,15,14,0.7,0.4099605818967831,4.35,45.0,245.47942400000107,77.10310400000022,168.37632000000085,0.3140919216105048,0.49784904184591317,0.7,0,1007,0.0,1046,630,416,20,0,2557,0,0.0,1.0,0,0.0,node_hello,0:1;11:1;17:1;18:0;19:1;25:1;3:0;33:0;44:1;45:1;55:0;56:1;6:1;61:1;64:1;65:0;66:1;68:0;74:1;77:1,SIM
store_carry_forward,100,20,9,cold,240.0,60.0,node_hello,continuous,16,16,0.8,0.2672639999999973,1.25,45.4375,271.4040320000022,77.10310400000022,194.30092800000196,0.28408975147428756,0.558317986494782,0.8,0,1095,0.0,1143,727,416,20,0,3258,0,0.0,1.0,0,0.0,node_hello,15:1;18:0;20:1;22:1;23:0;25:1;28:1;30:1;39:1;42:0;45:1;48:1;49:1;53:1;61:1;76:1;77:1;84:0;9:1;94:1,SIM
store_carry_forward,100,20,9,cold,240.0,60.0,node_hello,continuous,17,16,0.8,0.2672639999999986,1.7929590060620395,45.5625,271.9385600000022,77.10310400000022,194.83545600000198,0.2835313388435961,0.6221928665785997,0.8,0,1091,0.0,1145,729,416,20,0,3785,0,0.0,1.0,0,0.0,node_hello,11:1;15:1;16:0;18:1;20:0;23:1;25:1;3:1;32:1;33:1;37:1;39:1;4:0;56:1;6:1;60:1;63:1;68:1;78:0;82:1,SIM
store_carry_forward,100,20,9,cold,240.0,60.0,node_hello,continuous,18,13,0.65,0.2672639999999973,2.529911116487489,48.61538461538461,246.0139520000011,77.10310400000022,168.91084800000087,0.3134094768738965,0.639511779733182,0.65,0,997,0.0,1048,632,416,20,0,3523,0,0.0,1.0,0,0.0,node_hello,10:0;25:1;28:0;31:1;38:0;44:1;45:1;50:1;54:1;61:0;67:1;69:1;71:0;73:1;78:0;8:1;86:1;90:0;91:1;96:1,SIM
store_carry_forward,100,20,9,cold,240.0,60.0,node_hello,continuous,19,14,0.7,0.26726400000000083,2.3499999999999996,49.0,260.4462080000017,77.10310400000022,183.3431040000015,0.29604233669625823,0.5478320715760495,0.7,0,1062,0.0,1102,686,416,20,0,2906,0,0.0,1.0,0,0.0,node_hello,10:1;13:1;18:1;19:1;2:1;20:1;42:1;44:0;47:1;5:0;50:0;56:1;61:1;62:0;65:1;70:1;75:0;80:1;84:1;85:0,SIM
