strategy,n_nodes,n_sos,sf,start_mode,duration_s,beacon_interval_s,control_plane_mode,rx_policy,cell_label,seed,delivered,pdr,latency_p50,latency_p95,transmissions_per_delivered,airtime_total_s,airtime_control_s,airtime_data_s,control_airtime_ratio,duplicate_ratio,jain_fairness,deferred_count,collisions,reconvergence_s,total_transmissions,data_transmissions,control_transmissions,total_sos,beacon_receptions,data_receptions,missed_due_to_sleep,hop_learned_fraction,mean_awake_fraction,link_failures,mean_link_delay_s,control_mode,per_source_delivered,evidence
flood,25,20,9,warm,240.0,60.0,node_hello,continuous,node_hello|continuous|flood|25,0,18,0.9,0.2672639999999973,2.054383097385661,23.77777777777778,133.66476799999927,19.275776000000032,114.38899199999923,0.1442098489259349,0.41595441595441596,0.9,0,490,0.0,532,428,104,20,0,702,0,0.0,1.0,0,0.0,node_hello,10:1;11:1;12:1;14:1;15:1;16:1;17:1;18:1;19:1;2:1;20:1;21:1;22:0;23:0;4:1;5:1;6:1;7:1;8:1;9:1,SIM
flood,25,20,9,warm,240.0,60.0,node_hello,continuous,node_hello|continuous|flood|25,1,15,0.75,0.2672639999999973,2.9035451183828904,24.866666666666667,118.96524799999942,19.275776000000032,99.68947199999938,0.16202862873030052,0.46407185628742514,0.75,0,433,0.0,477,373,104,20,0,668,0,0.0,1.0,0,0.0,node_hello,0:1;10:1;11:1;12:0;13:1;14:1;15:1;16:1;17:0;18:1;2:1;21:1;22:1;23:0;24:0;4:1;6:1;7:1;8:1;9:0,SIM
flood,25,20,9,warm,240.0,60.0,node_hello,continuous,node_hello|continuous|flood|25,2,14,0.7,0.2672640000000115,2.665218443449137,28.357142857142858,125.37958399999935,19.275776000000032,106.10380799999932,0.15373935201444067,0.4216133942161339,0.7,0,460,0.0,501,397,104,20,0,657,0,0.0,1.0,0,0.0,node_hello,0:1;1:1;10:1;11:1;13:1;15:0;16:1;17:1;18:1;19:0;2:1;21:1;22:0;23:1;24:1;3:0;4:1;6:0;8:0;9:1,SIM
flood,25,20,9,warm,240.0,60.0,node_hello,continuous,node_hello|continuous|flood|25,3,18,0.9,0.2672640000000115,1.2665131079388128,23.27777777777778,131.25939199999928,19.275776000000032,111.98361599999926,0.14685254674957002,0.4845360824742268,0.9,0,477,0.0,523,419,104,20,0,776,0,0.0,1.0,0,0.0,node_hello,0:1;1:1;10:0;12:1;14:1;15:1;16:1;17:0;18:1;2:1;21:1;22:1;23:1;3:1;4:1;5:1;6:1;7:1;8:1;9:1,SIM
flood,25,20,9,warm,240.0,60.0,node_hello,continuous,node_hello|continuous|flood|25,4,17,0.85,0.2672639999999973,0.2672640000000115,24.235294117647058,129.3885439999993,19.275776000000032,110.11276799999928,0.14897590933552923,0.34003350083752093,0.85,0,480,0.0,516,412,104,20,0,597,0,0.0,1.0,0,0.0,node_hello,0:0;10:1;11:1;12:0;13:1;14:1;15:1;17:1;19:1;2:1;20:1;21:1;22:1;23:1;24:1;4:1;5:0;6:1;7:1;9:1,SIM
flood,25,20,9,warm,240.0,60.0,node_hello,continuous,node_hello|continuous|flood|25,5,18,0.9,0.2672640000000115,0.8766126955254958,22.27777777777778,126.44863999999934,19.275776000000032,107.17286399999931,0.15243956755881385,0.4095826893353941,0.9,0,461,0.0,505,401,104,20,0,647,0,0.0,1.0,0,0.0,node_hello,1:0;10:1;11:1;12:1;13:1;14:1;15:1;16:1;19:1;2:1;20:1;21:1;22:1;23:1;24:1;4:0;5:1;6:1;8:1;9:1,SIM
flood,25,20,9,warm,240.0,60.0,node_hello,continuous,node_hello|continuous|flood|25,6,17,0.85,0.2672640000000115,1.0079247470963963,25.352941176470587,134.46655999999925,19.275776000000032,115.19078399999923,0.14334996001980077,0.41889985895627646,0.85,0,493,0.0,535,431,104,20,0,709,0,0.0,1.0,0,0.0,node_hello,1:1;11:1;12:1;13:1;14:1;15:1;16:1;17:0;19:1;2:0;21:1;22:1;23:1;3:1;4:1;5:0;6:1;7:1;8:1;9:1,SIM
flood,25,20,9,warm,240.0,60.0,node_hello,continuous,node_hello|continuous|flood|25,7,13,0.65,0.2672640000000115,1.4952012807761315,32.92307692307692,133.66476799999927,19.275776000000032,114.38899199999923,0.1442098489259349,0.4856070087609512,0.65,0,482,0.0,532,428,104,20,26,799,0,0.52,1.0,0,0.0,node_hello,1:1;10:1;11:1;12:1;13:0;14:1;15:1;17:0;18:0;19:1;2:0;20:1;21:1;23:1;3:0;4:0;5:1;6:0;7:1;9:1,SIM
flood,25,20,9,warm,240.0,60.0,node_hello,continuous,node_hello|continuous|flood|25,8,13,0.65,0.2672639999999973,2.2966445397755475,31.53846153846154,128.85401599999932,19.275776000000032,109.57823999999928,0.14959390943624243,0.3563218390804598,0.65,0,476,0.0,514,410,104,20,0,609,0,0.0,1.0,0,0.0,node_hello,0:0;1:1;10:0;12:0;13:1;14:1;15:1;17:0;18:1;19:1;20:1;21:1;22:1;23:0;24:0;4:1;5:1;6:1;7:0;9:1,SIM
flood,25,20,9,warm,240.0,60.0,node_hello,continuous,node_hello|continuous|flood|25,9,18,0.9,0.2672640000000044,0.8608734558966995,23.555555555555557,132.59571199999928,19.275776000000032,113.31993599999925,0.14537254417397855,0.45113788487282463,0.9,0,478,0.0,528,424,104,20,32,747,0,0.0,1.0,0,0.0,node_hello,0:1;10:1;11:1;13:1;14:1;15:1;16:1;17:1;18:1;19:1;2:1;20:1;22:1;23:1;24:1;3:0;5:1;6:1;7:0;9:1,SIM
flood,25,20,9,warm,240.0,60.0,node_hello,continuous,node_hello|continuous|flood|25,10,15,0.75,0.2672639999999973,0.715436206755619,25.666666666666668,122.17241599999939,19.275776000000032,102.89663999999935,0.1577751887954817,0.474964234620887,0.75,0,446,0.0,489,385,104,20,0,699,0,0.0,1.0,0,0.0,node_hello,1:1;10:1;11:0;12:0;13:1;14:1;15:1;16:0;18:0;19:1;2:1;22:1;23:1;3:1;4:1;5:1;6:1;7:0;8:1;9:1,SIM
flood,25,20,9,warm,240.0,60.0,node_hello,continuous,node_hello|continuous|flood|25,11,12,0.6,0.2672640000000044,2.550433471494317,35.083333333333336,131.79391999999928,19.275776000000032,112.51814399999925,0.14625694417466403,0.4725130890052356,0.6,0,477,0.0,525,421,104,20,0,764,0,0.0,1.0,0,0.0,node_hello,0:0;1:0;11:1;12:1;13:1;15:1;17:1;18:0;19:0;20:0;21:1;22:0;23:0;3:1;4:1;5:1;6:1;7:0;8:1;9:1,SIM
flood,25,20,9,warm,240.0,60.0,node_hello,continuous,node_hello|continuous|flood|25,12,16,0.8,0.2672640000000115,1.3998414676157367,22.9375,117.36166399999944,19.275776000000032,98.0858879999994,0.16424252471403375,0.3902439024390244,0.8,0,434,0.0,471,367,104,20,0,574,0,0.0,1.0,0,0.0,node_hello,0:1;1:1;11:0;12:1;14:1;15:1;16:1;17:1;18:1;19:1;21:1;22:0;23:1;24:0;3:1;4:1;5:1;6:1;7:1;9:0,SIM
flood,25,20,9,warm,240.0,60.0,node_hello,continuous,node_hello|continuous|flood|25,13,19,0.95,0.2672639999999973,0.48517074551578465,22.31578947368421,132.59571199999928,19.275776000000032,113.31993599999925,0.14537254417397855,0.46596858638743455,0.95,0,483,0.0,528,424,104,20,0,764,0,0.0,1.0,0,0.0,node_hello,0:1;1:1;10:1;11:1;12:1;14:1;15:1;17:1;18:1;19:1;2:1;21:0;22:1;23:1;3:1;4:1;6:1;7:1;8:1;9:1,SIM
flood,25,20,9,warm,240.0,60.0,node_hello,continuous,node_hello|continuous|flood|25,14,16,0.8,0.2672640000000044,1.2874876596721982,26.4375,132.32844799999927,19.275776000000032,113.05267199999925,0.14566615335804542,0.35,0.8,0,484,0.0,527,423,104,20,48,620,0,0.0,1.0,0,0.0,node_hello,0:1;1:0;10:1;11:1;12:1;15:0;16:1;17:1;18:1;19:1;2:1;20:1;22:0;24:1;3:1;4:1;6:1;7:1;8:0;9:1,SIM
flood,25,20,9,warm,240.0,60.0,node_hello,continuous,node_hello|continuous|flood|25,15,16,0.8,0.2672640000000044,3.0376257148803205,23.125,118.16345599999943,19.275776000000032,98.88767999999939,0.16312806558400023,0.39100346020761245,0.8,0,434,0.0,474,370,104,20,0,578,0,0.0,1.0,0,0.0,node_hello,0:0;1:1;10:1;11:1;14:1;15:1;16:1;17:0;18:1;19:0;2:1;20:1;22:1;23:1;24:1;4:1;5:1;7:0;8:1;9:1,SIM
flood,25,20,9,warm,240.0,60.0,node_hello,continuous,node_hello|continuous|flood|25,16,15,0.75,0.2672640000000115,1.4371402619836733,26.4,125.11231999999936,19.275776000000032,105.83654399999932,0.15406776886560916,0.37333333333333335,0.75,0,463,0.0,500,396,104,20,0,600,0,0.0,1.0,0,0.0,node_hello,0:1;1:1;10:1;13:0;14:1;16:0;17:1;18:1;2:1;20:1;21:1;22:1;23:1;24:1;3:1;4:0;5:0;6:1;7:1;8:0,SIM
flood,25,20,9,warm,240.0,60.0,node_hello,continuous,node_hello|continuous|flood|25,17,19,0.95,0.2672639999999973,0.3378890087451978,22.473684210526315,133.39750399999926,19.275776000000032,114.12172799999924,0.1444987756292662,0.3919523099850969,0.95,0,487,0.0,531,427,104,20,0,671,0,0.0,1.0,0,0.0,node_hello,0:1;1:1;10:1;11:1;12:1;13:1;14:1;15:0;16:1;18:1;20:1;21:1;22:1;23:1;24:1;3:1;4:1;5:1;6:1;8:1,SIM
flood,25,20,9,warm,240.0,60.0,node_hello,continuous,node_hello|continuous|flood|25,18,18,0.9,0.2672640000000044,0.542031985253538,25.38888888888889,141.41542399999918,19.275776000000032,122.13964799999916,0.1363060368860482,0.4552238805970149,0.9,0,516,0.0,561,457,104,20,0,804,0,0.0,1.0,0,0.0,node_hello,0:1;10:1;11:1;12:0;13:1;14:1;15:1;16:1;17:1;18:1;19:1;2:1;21:1;22:1;23:1;24:1;4:0;6:1;8:1;9:1,SIM
flood,25,20,9,warm,240.0,60.0,node_hello,continuous,node_hello|continuous|flood|25,19,14,0.7,0.2672640000000044,0.8511414098774537,28.714285714285715,126.71590399999934,19.275776000000032,107.4401279999993,0.15211804826014683,0.4642356241234222,0.7,0,464,0.0,506,402,104,20,0,713,0,0.0,1.0,0,0.0,node_hello,0:1;1:1;10:0;13:1;14:1;15:1;16:1;18:1;19:1;2:1;20:1;21:1;23:0;24:0;3:0;4:1;5:1;6:0;8:0;9:1,SIM
flood,50,20,9,warm,240.0,60.0,node_hello,continuous,node_hello|continuous|flood|50,0,16,0.8,0.2672639999999973,0.2672640000000115,45.6875,233.1801600000021,37.81017600000009,195.369984000002,0.16215005599104035,0.18327605956471935,0.8,0,910,0.0,935,731,204,20,0,873,0,0.0,1.0,0,0.0,node_hello,0:1;10:1;11:1;16:1;17:0;19:1;21:1;22:1;24:1;26:0;28:1;30:1;32:1;33:1;36:1;38:1;42:0;46:1;7:0;9:1,SIM
flood,50,20,9,warm,240.0,60.0,node_hello,continuous,node_hello|continuous|flood|50,1,10,0.5,0.2672640000000044,1.5239519234524666,75.5,239.59449600000238,37.81017600000009,201.78432000000228,0.15780903414408867,0.16761041902604756,0.5,0,933,0.0,959,755,204,20,0,883,0,0.0,1.0,0,0.0,node_hello,1:0;10:1;14:0;19:1;20:0;25:1;27:1;28:1;3:0;32:0;33:1;34:1;4:0;40:1;41:0;42:1;43:0;44:1;45:0;48:0,SIM
flood,50,20,9,warm,240.0,60.0,node_hello,continuous,node_hello|continuous|flood|50,2,11,0.55,0.2672639999999973,0.40717621875145227,65.72727272727273,231.042048000002,37.81017600000009,193.2318720000019,0.16365062691964954,0.11904761904761904,0.55,0,903,0.0,927,723,204,20,0,798,0,0.0,1.0,0,0.0,node_hello,0:1;14:1;15:1;16:0;17:1;2:0;23:1;27:1;28:1;29:1;32:0;37:0;39:0;4:0;40:0;42:0;46:1;47:0;5:1;6:1,SIM
flood,50,20,9,warm,240.0,60.0,node_hello,continuous,node_hello|continuous|flood|50,3,19,0.95,0.2672639999999973,0.305895029644899,38.31578947368421,232.37836800000207,37.81017600000009,194.56819200000197,0.162709534133572,0.14285714285714285,0.95,0,907,0.0,932,728,204,20,0,826,0,0.0,1.0,0,0.0,node_hello,10:1;11:1;12:1;13:1;14:1;17:1;2:0;20:1;21:1;25:1;28:1;33:1;36:1;40:1;41:1;45:1;48:1;49:1;5:1;7:1,SIM
flood,50,20,9,warm,240.0,60.0,node_hello,continuous,node_hello|continuous|flood|50,4,12,0.6,0.2672640000000115,1.18741052288931,54.5,212.60083200000122,37.81017600000009,174.79065600000112,0.17784585151576393,0.20251572327044026,0.6,0,834,0.0,858,654,204,20,0,795,0,0.0,1.0,0,0.0,node_hello,10:1;12:1;13:0;17:1;18:0;2:0;21:1;25:0;26:0;29:1;3:0;31:1;33:1;39:0;4:1;41:0;42:1;43:1;44:1;8:1,SIM
flood,50,20,9,warm,240.0,60.0,node_hello,continuous,node_hello|continuous|flood|50,5,10,0.5,0.2672640000000044,0.5881892798674051,68.5,220.88601600000158,37.81017600000009,183.07584000000148,0.17117505528281077,0.23183391003460208,0.5,0,861,0.0,889,685,204,20,0,867,0,0.0,1.0,0,0.0,node_hello,0:1;11:1;16:0;17:0;18:0;20:1;21:0;22:1;29:1;30:0;32:0;33:1;35:0;37:1;41:0;44:1;45:1;46:0;49:0;8:1,SIM
flood,50,20,9,warm,240.0,60.0,node_hello,continuous,node_hello|continuous|flood|50,6,16,0.8,0.2672639999999973,0.2672640000000115,43.375,223.29139200000168,37.81017600000009,185.48121600000158,0.16933109539663674,0.04397163120567376,0.8,0,876,0.0,898,694,204,20,0,705,0,0.0,1.0,0,0.0,node_hello,1:1;10:1;12:1;16:1;24:0;28:0;29:1;30:1;31:0;35:1;37:1;39:1;4:1;40:1;42:1;44:1;45:0;46:1;5:1;8:1,SIM
flood,50,20,9,warm,240.0,60.0,node_hello,continuous,node_hello|continuous|flood|50,7,13,0.65,0.2672639999999973,0.42760865452446467,57.38461538461539,237.18912000000228,37.81017600000009,199.37894400000218,0.15940940292708083,0.11678832116788321,0.65,0,925,0.0,950,746,204,20,0,822,0,0.0,1.0,0,0.0,node_hello,1:1;10:0;14:1;16:0;19:1;21:1;22:0;23:0;32:1;33:0;34:1;41:1;42:1;43:1;44:1;45:0;48:0;49:1;5:1;9:1,SIM
flood,50,20,9,warm,240.0,60.0,node_hello,continuous,node_hello|continuous|flood|50,8,8,0.4,0.2672640000000115,1.8544117339701907,82.75,214.7389440000013,37.81017600000009,176.9287680000012,0.1760750765357208,0.10957004160887657,0.4,0,845,0.0,866,662,204,20,0,721,0,0.0,1.0,0,0.0,node_hello,0:0;14:0;18:0;19:0;20:0;22:0;23:0;25:1;26:0;33:1;35:0;38:0;39:1;40:0;41:1;44:1;45:1;46:1;48:0;5:1,SIM
flood,50,20,9,warm,240.0,60.0,node_hello,continuous,node_hello|continuous|flood|50,9,17,0.85,0.2672639999999973,0.2672640000000115,41.64705882352941,227.03308800000184,37.81017600000009,189.22291200000174,0.16654037670491353,0.09711286089238845,0.85,0,888,0.0,912,708,204,20,0,762,0,0.0,1.0,0,0.0,node_hello,0:1;1:1;11:1;12:1;14:1;16:1;17:1;24:1;27:1;29:1;30:0;34:1;35:0;37:1;4:1;41:1;44:0;45:1;49:1;5:1,SIM
flood,50,20,9,warm,240.0,60.0,node_hello,continuous,node_hello|continuous|flood|50,10,14,0.7,0.2672640000000044,0.3690501240921995,50.92857142857143,228.3694080000019,37.81017600000009,190.5592320000018,0.16556585372415458,0.08333333333333333,0.7,0,896,0.0,917,713,204,20,0,756,0,0.0,1.0,0,0.0,node_hello,0:0;12:1;13:1;17:0;23:0;24:1;26:1;27:1;28:0;33:1;35:0;38:1;4:1;42:1;44:1;46:1;47:1;48:1;49:0;7:1,SIM
flood,50,20,9,warm,240.0,60.0,node_hello,continuous,node_hello|continuous|flood|50,11,17,0.85,0.2672639999999973,0.2672640000000115,40.23529411764706,220.61875200000156,37.81017600000009,182.80857600000147,0.17138242174445725,0.030656934306569343,0.85,0,867,0.0,888,684,204,20,0,685,0,0.0,1.0,0,0.0,node_hello,1:1;19:0;2:1;20:1;22:1;23:1;28:1;30:1;31:1;34:1;38:1;4:0;40:0;41:1;42:1;44:1;45:1;48:1;49:1;8:1,SIM
flood,50,20,9,warm,240.0,60.0,node_hello,continuous,node_hello|continuous|flood|50,12,12,0.6,0.2672639999999973,0.40108466315404434,58.5,225.42950400000177,37.81017600000009,187.61932800000167,0.1677250551906453,0.056708160442600276,0.6,0,882,0.0,906,702,204,20,73,723,0,0.0,1.0,0,0.0,node_hello,10:1;12:1;13:1;15:1;17:1;19:0;22:1;24:0;25:1;26:1;31:1;34:1;39:0;4:0;40:0;42:0;45:0;46:1;6:1;7:0,SIM
flood,50,20,9,warm,240.0,60.0,node_hello,continuous,node_hello|continuous|flood|50,13,13,0.65,0.2672639999999973,0.40400429763893675,52.76923076923077,221.1532800000016,37.81017600000009,183.3431040000015,0.17096819002639174,0.20902612826603326,0.65,0,866,0.0,890,686,204,20,0,842,0,0.0,1.0,0,0.0,node_hello,10:1;18:0;2:0;20:0;22:1;23:1;27:1;28:0;3:1;31:0;34:0;35:1;37:1;42:1;43:1;47:1;48:0;49:1;6:1;8:1,SIM
flood,50,20,9,warm,240.0,60.0,node_hello,continuous,node_hello|continuous|flood|50,14,16,0.8,0.2672639999999973,0.7547361405141402,49.0,247.3451520000027,37.81017600000009,209.53497600000262,0.15286402702568302,0.2413108242303873,0.8,0,958,0.0,988,784,204,20,0,1007,0,0.0,1.0,0,0.0,node_hello,0:1;10:1;19:1;2:1;23:1;24:1;27:1;28:1;3:1;34:0;4:1;41:0;43:1;44:0;45:1;47:1;49:0;6:1;7:1;8:1,SIM
flood,50,20,9,warm,240.0,60.0,node_hello,continuous,node_hello|continuous|flood|50,15,15,0.75,0.2672640000000115,2.341938559031044,47.4,227.83488000000187,37.81017600000009,190.02470400000178,0.16595429110766438,0.2537634408602151,0.75,0,883,0.0,915,711,204,20,117,930,0,0.0,1.0,0,0.0,node_hello,1:0;10:1;11:1;13:1;17:1;21:1;22:1;26:0;29:1;3:1;33:0;36:1;38:1;39:1;42:0;43:1;45:1;46:1;48:0;8:1,SIM
flood,50,20,9,warm,240.0,60.0,node_hello,continuous,node_hello|continuous|flood|50,16,11,0.55,0.2672640000000115,1.1501873313631137,62.54545454545455,221.6878080000016,37.81017600000009,183.8776320000015,0.17055595587827643,0.2330654420206659,0.55,0,865,0.0,892,688,204,20,0,871,0,0.0,1.0,0,0.0,node_hello,1:1;13:1;14:1;17:0;22:0;3:1;30:1;32:1;33:0;34:0;37:1;4:0;40:0;41:1;42:0;44:1;45:1;46:0;49:1;9:0,SIM
flood,50,20,9,warm,240.0,60.0,node_hello,continuous,node_hello|continuous|flood|50,17,16,0.8,0.2672639999999973,0.34742061328346807,43.875,225.42950400000177,37.81017600000009,187.61932800000167,0.1677250551906453,0.1668696711327649,0.8,0,880,0.0,906,702,204,20,0,821,0,0.0,1.0,0,0.0,node_hello,0:1;1:1;13:1;14:1;17:0;19:1;21:1;27:1;29:0;3:1;30:1;33:0;34:1;40:1;43:1;46:1;48:1;49:0;6:1;7:1,SIM
flood,50,20,9,warm,240.0,60.0,node_hello,continuous,node_hello|continuous|flood|50,18,17,0.85,0.2672639999999973,0.2672640000000115,44.1764705882353,238.52544000000233,37.81017600000009,200.71526400000224,0.15851632429647639,0.16247139588100687,0.85,0,930,0.0,955,751,204,20,0,874,0,0.0,1.0,0,0.0,node_hello,10:1;14:1;20:1;21:1;23:1;24:1;25:1;29:1;31:1;32:1;33:0;34:0;35:1;36:1;4:1;44:1;45:0;47:1;48:1;5:1,SIM
flood,50,20,9,warm,240.0,60.0,node_hello,continuous,node_hello|continuous|flood|50,19,11,0.55,0.2672639999999973,1.262086488591379,60.18181818181818,214.7389440000013,37.81017600000009,176.9287680000012,0.1760750765357208,0.11570247933884298,0.55,0,844,0.0,866,662,204,20,0,726,0,0.0,1.0,0,0.0,node_hello,12:0;15:1;17:1;18:1;2:1;20:1;27:1;28:0;34:0;37:0;39:0;4:1;40:1;41:1;43:0;45:0;47:1;7:0;8:0;9:1,SIM
flood,100,20,9,warm,240.0,60.0,node_hello,continuous,node_hello|continuous|flood|100,0,14,0.7,0.2672639999999973,0.2672640000000115,99.35714285714286,446.64320000000976,74.87897600000021,371.76422400000956,0.167648306299074,0.0255863539445629,0.7,0,1774,0.0,1795,1391,404,20,0,1407,0,0.0,1.0,0,0.0,node_hello,1:1;10:1;11:0;12:1;25:0;28:1;37:1;49:0;50:1;57:1;62:1;66:1;7:1;71:0;74:1;8:0;81:1;86:1;91:0;95:1,SIM
flood,100,20,9,warm,240.0,60.0,node_hello,continuous,node_hello|continuous|flood|100,1,15,0.75,0.2672639999999973,0.5516960851172996,91.2,440.4961280000095,74.87897600000021,365.6171520000093,0.1699878188259548,0.05931612002791347,0.75,0,1752,0.0,1772,1368,404,20,0,1433,0,0.0,1.0,0,0.0,node_hello,11:1;12:1;23:1;29:1;31:0;38:1;39:1;40:1;41:0;42:1;43:1;49:1;5:0;57:1;69:1;73:1;74:0;82:1;83:1;96:0,SIM
flood,100,20,9,warm,240.0,60.0,node_hello,continuous,node_hello|continuous|flood|100,2,17,0.85,0.2672639999999973,0.2672640000000115,70.3529411764706,394.15603200000754,74.5082880000002,319.6477440000073,0.1890324692531885,0.04700162074554295,0.85,0,1579,0.0,1598,1196,402,20,0,1234,0,0.0,1.0,0,0.0,node_hello,1:0;10:0;24:1;28:1;40:1;42:1;48:1;51:1;59:1;67:1;68:0;70:1;79:1;81:1;84:1;85:1;91:1;92:1;95:1;97:1,SIM
flood,100,20,9,warm,240.0,60.0,node_hello,continuous,node_hello|continuous|flood|100,3,18,0.9,0.2672639999999973,0.2672640000000115,81.11111111111111,465.08441600001055,74.87897600000021,390.20544000001036,0.16100082785830971,0.0903348073278585,0.9,0,1841,0.0,1864,1460,404,20,0,1583,0,0.0,1.0,0,0.0,node_hello,11:0;12:1;14:1;15:1;22:1;3:1;36:0;38:1;43:1;48:1;49:1;5:1;61:1;67:1;72:1;74:1;84:1;86:1;89:1;99:1,SIM
flood,100,20,9,warm,240.0,60.0,node_hello,continuous,node_hello|continuous|flood|100,4,15,0.75,0.2672639999999973,0.363660047545876,86.0,419.6495360000086,74.87897600000021,344.7705600000084,0.1784321667878567,0.05646359583952452,0.75,0,1672,0.0,1694,1290,404,20,0,1346,0,0.0,1.0,0,0.0,node_hello,28:1;29:1;30:1;36:1;38:1;39:0;40:1;41:1;47:1;51:0;57:1;62:0;64:1;67:1;68:1;76:1;80:0;88:1;90:1;95:0,SIM
flood,100,20,9,warm,240.0,60.0,node_hello,continuous,node_hello|continuous|flood|100,5,16,0.8,0.2672639999999973,0.2672640000000115,83.5625,432.21094400000914,74.87897600000021,357.33196800000894,0.1732463674034099,0.0,0.8,0,1721,0.0,1741,1337,404,20,0,1317,0,0.0,1.0,0,0.0,node_hello,1:1;13:1;24:1;25:1;49:0;50:0;54:1;58:1;60:1;61:1;69:1;73:0;76:1;80:1;83:1;87:1;88:1;90:0;92:1;99:1,SIM
flood,100,20,9,warm,240.0,60.0,node_hello,continuous,node_hello|continuous|flood|100,6,14,0.7,0.2672640000000044,0.3636098550513096,96.28571428571429,435.15084800000926,74.87897600000021,360.27187200000907,0.17207590504338996,0.031363967906637494,0.7,0,1729,0.0,1752,1348,404,20,122,1371,0,0.57,1.0,0,0.0,node_hello,11:1;16:0;23:1;29:0;31:1;33:1;34:1;49:1;53:1;54:1;61:0;66:0;69:1;72:1;75:0;76:1;78:1;80:1;84:1;86:0,SIM
flood,100,20,9,warm,240.0,60.0,node_hello,continuous,node_hello|continuous|flood|100,7,12,0.6,0.2672639999999973,0.2672640000000115,107.33333333333333,419.1150080000086,74.87897600000021,344.2360320000084,0.17865973437056845,0.03720577069096431,0.6,0,1671,0.0,1692,1288,404,20,0,1317,0,0.0,1.0,0,0.0,node_hello,11:0;12:1;17:0;20:0;25:0;28:1;40:1;43:1;45:1;50:1;51:1;53:1;55:1;59:0;62:1;65:1;85:0;90:1;92:0;95:0,SIM
flood,100,20,9,warm,240.0,60.0,node_hello,continuous,node_hello|continuous|flood|100,8,13,0.65,0.2672639999999973,0.3942711074044719,106.07692307692308,443.4360320000096,74.87897600000021,368.5570560000094,0.16886082906316144,0.05886426592797784,0.65,0,1761,0.0,1783,1379,404,20,0,1444,0,0.0,1.0,0,0.0,node_hello,15:1;17:0;27:0;3:1;37:1;4:1;44:1;47:1;48:1;50:1;60:1;62:0;64:0;65:1;67:0;72:0;79:1;82:0;89:1;98:1,SIM
flood,100,20,9,warm,240.0,60.0,node_hello,continuous,node_hello|continuous|flood|100,9,14,0.7,0.2672640000000044,0.2672640000000115,94.14285714285714,427.1329280000089,74.87897600000021,352.2539520000087,0.1753060255752482,0.0,0.7,0,1702,0.0,1722,1318,404,20,0,1298,0,0.0,1.0,0,0.0,node_hello,11:1;12:1;17:1;19:0;20:0;25:0;34:0;41:1;42:1;45:1;49:1;5:0;50:0;51:1;64:1;65:1;72:1;75:1;83:1;88:1,SIM
flood,100,20,9,warm,240.0,60.0,node_hello,continuous,node_hello|continuous|flood|100,10,16,0.8,0.2672639999999973,0.3550173352709294,91.1875,464.81715200001054,74.87897600000021,389.93817600001034,0.16109340130374214,0.07933461292386436,0.8,0,1840,0.0,1863,1459,404,20,0,1563,0,0.0,1.0,0,0.0,node_hello,1:1;12:1;20:1;29:1;31:1;37:0;44:1;49:0;60:1;65:1;66:1;68:1;77:1;79:1;81:1;83:0;85:1;86:1;88:1;97:0,SIM
flood,100,20,9,warm,240.0,60.0,node_hello,continuous,node_hello|continuous|flood|100,11,13,0.65,0.2672639999999973,0.2672640000000115,103.3076923076923,433.8145280000092,74.87897600000021,358.935552000009,0.17260596676005885,0.13381201044386423,0.65,0,1723,0.0,1747,1343,404,20,0,1532,0,0.0,1.0,0,0.0,node_hello,10:1;2:1;27:1;3:1;33:0;35:1;4:1;41:0;43:1;44:0;53:0;54:1;56:1;62:0;64:0;68:1;70:1;8:0;91:1;98:1,SIM
flood,100,20,9,warm,240.0,60.0,node_hello,continuous,node_hello|continuous|flood|100,12,18,0.9,0.2672640000000044,0.3796045658170922,81.94444444444444,469.0933760000107,74.87897600000021,394.2144000000105,0.15962488457734797,0.050880626223091974,0.9,0,1857,0.0,1879,1475,404,20,0,1533,0,0.0,1.0,0,0.0,node_hello,1:1;10:1;14:1;26:1;29:1;3:1;31:1;43:1;58:0;60:1;7:1;72:0;75:1;78:1;80:1;83:1;87:1;92:1;95:1;96:1,SIM
flood,100,20,9,warm,240.0,60.0,node_hello,continuous,node_hello|continuous|flood|100,13,13,0.65,0.2672639999999973,0.2672640000000115,100.46153846153847,405.76204800000875,56.715264000000154,349.0467840000086,0.1397746888343755,0.05371596762325239,0.65,0,1591,0.0,1612,1306,306,20,77,1359,0,0.0,1.0,0,0.0,node_hello,15:1;26:0;3:0;38:1;41:1;48:1;49:1;52:0;53:0;57:1;61:1;7:1;72:0;74:1;86:0;87:1;9:1;91:1;95:1;98:0,SIM
flood,100,20,9,warm,240.0,60.0,node_hello,continuous,node_hello|continuous|flood|100,14,16,0.8,0.2672640000000044,0.350759135713389,86.75,445.8414080000097,74.87897600000021,370.9624320000095,0.1679498015581329,0.031161473087818695,0.8,0,1771,0.0,1792,1388,404,20,0,1412,0,0.0,1.0,0,0.0,node_hello,10:1;11:0;13:0;15:0;16:1;17:1;24:0;28:1;29:1;46:1;48:1;61:1;68:1;71:1;74:1;75:1;80:1;95:1;96:1;98:1,SIM
flood,100,20,9,warm,240.0,60.0,node_hello,continuous,node_hello|continuous|flood|100,15,12,0.6,0.2672640000000044,0.4025148946681808,116.16666666666667,447.4449920000098,74.87897600000021,372.5660160000096,0.16734789155936863,0.030345800988002825,0.6,0,1777,0.0,1798,1394,404,20,0,1417,0,0.0,1.0,0,0.0,node_hello,1:1;11:0;15:1;17:0;21:0;29:1;48:1;53:0;55:0;60:1;7:1;72:1;79:1;8:0;80:1;81:0;85:0;89:1;95:1;96:1,SIM
flood,100,20,9,warm,240.0,60.0,node_hello,continuous,node_hello|continuous|flood|100,16,15,0.75,0.2672639999999973,0.5851356618210275,96.66666666666667,462.41177600001043,74.87897600000021,387.53280000001024,0.1619313778029704,0.05921052631578947,0.75,0,1832,0.0,1854,1450,404,20,0,1520,0,0.0,1.0,0,0.0,node_hello,0:1;10:1;12:1;13:0;15:1;2:1;24:0;25:1;34:0;35:1;45:1;5:0;63:1;67:1;68:1;70:1;8:1;90:0;93:1;94:1,SIM
flood,100,20,9,warm,240.0,60.0,node_hello,continuous,node_hello|continuous|flood|100,17,11,0.55,0.2672639999999973,0.2672640000000115,110.27272727272727,399.0702080000077,74.87897600000021,324.1912320000075,0.18763359052850861,0.11695040710584752,0.55,0,1596,0.0,1617,1213,404,20,0,1351,0,0.0,1.0,0,0.0,node_hello,1:1;12:0;22:1;23:0;27:1;29:0;30:1;41:0;42:1;48:1;49:0;51:1;52:0;60:1;61:0;62:1;63:1;83:0;87:0;88:1,SIM
flood,100,20,9,warm,240.0,60.0,node_hello,continuous,node_hello|continuous|flood|100,18,13,0.65,0.2672639999999973,0.2672640000000115,100.84615384615384,425.26208000000884,74.87897600000021,350.38310400000864,0.17607724629479932,0.038002980625931444,0.65,0,1694,0.0,1715,1311,404,20,0,1342,0,0.0,1.0,0,0.0,node_hello,13:0;29:1;45:0;49:0;5:1;50:1;54:1;66:1;7:0;76:1;8:1;85:1;86:0;87:0;89:1;91:0;96:1;97:1;98:1;99:1,SIM
flood,100,20,9,warm,240.0,60.0,node_hello,continuous,node_hello|continuous|flood|100,19,8,0.4,0.2672639999999973,0.2672640000000115,174.75,448.51404800000984,74.87897600000021,373.63507200000964,0.16694900936525084,0.0,0.4,0,1782,0.0,1802,1398,404,20,0,1378,0,0.0,1.0,0,0.0,node_hello,10:1;12:0;16:0;19:1;27:0;30:0;40:1;49:0;50:1;57:1;6:0;61:0;68:1;69:0;73:0;76:0;89:1;95:0;96:1;99:0,SIM
gradient,25,20,9,warm,240.0,60.0,node_hello,continuous,node_hello|continuous|gradient|25,0,16,0.8,0.2672639999999973,0.2672640000000115,1.25,24.62105600000003,19.275776000000032,5.34528,0.7828980202961241,0.0,0.8,0,104,0.0,124,20,104,20,0,324,0,0.0,1.0,0,0.0,node_hello,10:1;11:1;12:0;14:0;15:1;16:1;17:1;18:1;19:1;2:1;20:1;21:1;22:0;23:1;4:1;5:1;6:0;7:1;8:1;9:1,SIM
gradient,25,20,9,warm,240.0,60.0,node_hello,continuous,node_hello|continuous|gradient|25,1,14,0.7,0.2672639999999973,0.2672640000000115,1.4285714285714286,24.62105600000003,19.275776000000032,5.34528,0.7828980202961241,0.0,0.7,0,106,0.0,124,20,104,20,0,275,0,0.0,1.0,0,0.0,node_hello,0:1;10:1;11:0;12:0;13:1;14:1;15:1;16:1;17:1;18:1;2:1;21:1;22:0;23:1;24:0;4:1;6:0;7:1;8:1;9:0,SIM
gradient,25,20,9,warm,240.0,60.0,node_hello,continuous,node_hello|continuous|gradient|25,2,7,0.35,0.2672640000000115,0.2672640000000115,2.857142857142857,24.62105600000003,19.275776000000032,5.34528,0.7828980202961241,0.0,0.35,0,106,0.0,124,20,104,20,0,286,0,0.0,1.0,0,0.0,node_hello,0:0;1:0;10:0;11:1;13:1;15:0;16:1;17:0;18:0;19:0;2:1;21:1;22:0;23:1;24:1;3:0;4:0;6:0;8:0;9:0,SIM
gradient,25,20,9,warm,240.0,60.0,node_hello,continuous,node_hello|continuous|gradient|25,3,14,0.7,0.2672640000000044,0.2672640000000115,1.4285714285714286,24.62105600000003,19.275776000000032,5.34528,0.7828980202961241,0.0,0.7,0,104,0.0,124,20,104,20,0,333,0,0.0,1.0,0,0.0,node_hello,0:0;1:1;10:0;12:1;14:1;15:1;16:1;17:1;18:0;2:0;21:1;22:1;23:1;3:1;4:0;5:1;6:1;7:0;8:1;9:1,SIM
gradient,25,20,9,warm,240.0,60.0,node_hello,continuous,node_hello|continuous|gradient|25,4,15,0.75,0.2672639999999973,0.2672640000000115,1.3333333333333333,24.62105600000003,19.275776000000032,5.34528,0.7828980202961241,0.0,0.75,0,104,0.0,124,20,104,20,0,302,0,0.0,1.0,0,0.0,node_hello,0:0;10:1;11:1;12:1;13:1;14:1;15:1;17:1;19:0;2:1;20:1;21:0;22:1;23:1;24:1;4:0;5:1;6:1;7:1;9:0,SIM
gradient,25,20,9,warm,240.0,60.0,node_hello,continuous,node_hello|continuous|gradient|25,5,14,0.7,0.2672639999999973,0.2672640000000115,1.4285714285714286,24.62105600000003,19.275776000000032,5.34528,0.7828980202961241,0.0,0.7,0,104,0.0,124,20,104,20,0,278,0,0.0,1.0,0,0.0,node_hello,1:0;10:0;11:0;12:1;13:1;14:1;15:1;16:1;19:0;2:1;20:0;21:1;22:1;23:1;24:1;4:0;5:1;6:1;8:1;9:1,SIM
gradient,25,20,9,warm,240.0,60.0,node_hello,continuous,node_hello|continuous|gradient|25,6,13,0.65,0.2672639999999973,0.2672640000000115,1.5384615384615385,24.62105600000003,19.275776000000032,5.34528,0.7828980202961241,0.0,0.65,0,104,0.0,124,20,104,20,0,321,0,0.0,1.0,0,0.0,node_hello,1:1;11:1;12:0;13:1;14:1;15:0;16:1;17:1;19:1;2:0;21:0;22:0;23:1;3:1;4:0;5:0;6:1;7:1;8:1;9:1,SIM
gradient,25,20,9,warm,240.0,60.0,node_hello,continuous,node_hello|continuous|gradient|25,7,14,0.7,0.2672640000000115,3.562708852155998,8.357142857142858,50.5456640000001,19.275776000000032,31.269888000000073,0.3813537002897023,0.41863905325443784,0.7,0,178,0.0,221,117,104,20,48,676,0,0.52,1.0,0,0.0,node_hello,1:1;10:1;11:1;12:1;13:1;14:0;15:0;17:1;18:0;19:0;2:1;20:0;21:1;23:1;3:1;4:1;5:1;6:1;7:1;9:0,SIM
gradient,25,20,9,warm,240.0,60.0,node_hello,continuous,node_hello|continuous|gradient|25,8,12,0.6,0.2672639999999973,0.2672640000000115,1.6666666666666667,24.62105600000003,19.275776000000032,5.34528,0.7828980202961241,0.0,0.6,0,104,0.0,124,20,104,20,0,317,0,0.0,1.0,0,0.0,node_hello,0:1;1:1;10:1;12:0;13:1;14:1;15:1;17:0;18:1;19:0;20:1;21:0;22:1;23:1;24:0;4:1;5:1;6:0;7:0;9:0,SIM
gradient,25,20,9,warm,240.0,60.0,node_hello,continuous,node_hello|continuous|gradient|25,9,15,0.75,0.2672639999999973,0.2672640000000115,1.3333333333333333,24.62105600000003,19.275776000000032,5.34528,0.7828980202961241,0.0,0.75,0,100,0.0,124,20,104,20,64,326,0,0.0,1.0,0,0.0,node_hello,0:1;10:0;11:1;13:1;14:1;15:1;16:1;17:1;18:0;19:1;2:1;20:1;22:1;23:1;24:0;3:0;5:1;6:1;7:0;9:1,SIM
gradient,25,20,9,warm,240.0,60.0,node_hello,continuous,node_hello|continuous|gradient|25,10,14,0.7,0.2672639999999973,0.2672640000000115,1.4285714285714286,24.62105600000003,19.275776000000032,5.34528,0.7828980202961241,0.0,0.7,0,106,0.0,124,20,104,20,0,281,0,0.0,1.0,0,0.0,node_hello,1:1;10:1;11:1;12:0;13:1;14:0;15:1;16:0;18:0;19:1;2:1;22:1;23:1;3:1;4:1;5:0;6:1;7:0;8:1;9:1,SIM
gradient,25,20,9,warm,240.0,60.0,node_hello,continuous,node_hello|continuous|gradient|25,11,10,0.5,0.2672639999999973,0.2672640000000115,2.0,24.62105600000003,19.275776000000032,5.34528,0.7828980202961241,0.0,0.5,0,104,0.0,124,20,104,20,0,302,0,0.0,1.0,0,0.0,node_hello,0:1;1:0;11:0;12:1;13:1;15:0;17:1;18:0;19:0;20:1;21:0;22:0;23:0;3:1;4:0;5:1;6:1;7:0;8:1;9:1,SIM
gradient,25,20,9,warm,240.0,60.0,node_hello,continuous,node_hello|continuous|gradient|25,12,12,0.6,0.2672639999999973,0.2672640000000115,1.6666666666666667,24.62105600000003,19.275776000000032,5.34528,0.7828980202961241,0.0,0.6,0,106,0.0,124,20,104,20,0,278,0,0.0,1.0,0,0.0,node_hello,0:1;1:1;11:0;12:1;14:0;15:1;16:1;17:1;18:0;19:1;21:1;22:0;23:0;24:0;3:1;4:1;5:1;6:1;7:0;9:0,SIM
gradient,25,20,9,warm,240.0,60.0,node_hello,continuous,node_hello|continuous|gradient|25,13,15,0.75,0.2672639999999973,0.2672640000000115,1.3333333333333333,24.62105600000003,19.275776000000032,5.34528,0.7828980202961241,0.0,0.75,0,104,0.0,124,20,104,20,0,340,0,0.0,1.0,0,0.0,node_hello,0:0;1:1;10:1;11:1;12:0;14:1;15:1;17:1;18:0;19:1;2:0;21:1;22:1;23:1;3:1;4:1;6:1;7:1;8:0;9:1,SIM
gradient,25,20,9,warm,240.0,60.0,node_hello,continuous,node_hello|continuous|gradient|25,14,10,0.5,0.2672639999999973,0.2672640000000115,2.0,24.62105600000003,19.275776000000032,5.34528,0.7828980202961241,0.0,0.5,0,100,0.0,124,20,104,20,58,315,0,0.0,1.0,0,0.0,node_hello,0:1;1:1;10:1;11:1;12:0;15:1;16:0;17:1;18:0;19:1;2:0;20:0;22:0;24:0;3:0;4:0;6:1;7:1;8:0;9:1,SIM
gradient,25,20,9,warm,240.0,60.0,node_hello,continuous,node_hello|continuous|gradient|25,15,14,0.7,0.2672639999999973,0.2672640000000115,1.4285714285714286,24.62105600000003,19.275776000000032,5.34528,0.7828980202961241,0.0,0.7,0,106,0.0,124,20,104,20,0,255,0,0.0,1.0,0,0.0,node_hello,0:1;1:1;10:1;11:1;14:1;15:1;16:1;17:1;18:1;19:0;2:1;20:0;22:1;23:0;24:0;4:0;5:1;7:0;8:1;9:1,SIM
gradient,25,20,9,warm,240.0,60.0,node_hello,continuous,node_hello|continuous|gradient|25,16,17,0.85,0.2672639999999973,0.2672640000000115,1.1764705882352942,24.62105600000003,19.275776000000032,5.34528,0.7828980202961241,0.0,0.85,0,104,0.0,124,20,104,20,0,327,0,0.0,1.0,0,0.0,node_hello,0:1;1:1;10:1;13:1;14:1;16:1;17:1;18:1;2:1;20:1;21:1;22:1;23:1;24:1;3:1;4:0;5:0;6:1;7:1;8:0,SIM
gradient,25,20,9,warm,240.0,60.0,node_hello,continuous,node_hello|continuous|gradient|25,17,15,0.75,0.2672639999999973,0.2672640000000115,1.3333333333333333,24.62105600000003,19.275776000000032,5.34528,0.7828980202961241,0.0,0.75,0,104,0.0,124,20,104,20,0,305,0,0.0,1.0,0,0.0,node_hello,0:1;1:1;10:1;11:1;12:1;13:1;14:1;15:1;16:1;18:1;20:0;21:0;22:0;23:1;24:0;3:1;4:0;5:1;6:1;8:1,SIM
gradient,25,20,9,warm,240.0,60.0,node_hello,continuous,node_hello|continuous|gradient|25,18,18,0.9,0.2672639999999973,0.2672640000000115,1.1111111111111112,24.62105600000003,19.275776000000032,5.34528,0.7828980202961241,0.0,0.9,0,104,0.0,124,20,104,20,0,343,0,0.0,1.0,0,0.0,node_hello,0:1;10:1;11:1;12:1;13:1;14:1;15:1;16:1;17:1;18:1;19:1;2:1;21:1;22:1;23:1;24:0;4:1;6:1;8:0;9:1,SIM
gradient,25,20,9,warm,240.0,60.0,node_hello,continuous,node_hello|continuous|gradient|25,19,11,0.55,0.2672640000000115,0.2672640000000115,1.8181818181818181,24.62105600000003,19.275776000000032,5.34528,0.7828980202961241,0.0,0.55,0,106,0.0,124,20,104,20,0,297,0,0.0,1.0,0,0.0,node_hello,0:1;1:1;10:0;13:1;14:0;15:1;16:1;18:1;19:0;2:1;20:1;21:1;23:1;24:0;3:0;4:1;5:0;6:0;8:0;9:0,SIM
gradient,50,20,9,warm,240.0,60.0,node_hello,continuous,node_hello|continuous|gradient|50,0,16,0.8,0.2672639999999973,0.2672640000000115,1.25,43.15545600000009,37.81017600000009,5.34528,0.8761389521640093,0.0,0.8,0,204,0.0,224,20,204,20,0,711,0,0.0,1.0,0,0.0,node_hello,0:1;10:1;11:1;16:1;17:0;19:1;21:1;22:1;24:0;26:0;28:1;30:0;32:1;33:1;36:1;38:1;42:1;46:1;7:1;9:1,SIM
gradient,50,20,9,warm,240.0,60.0,node_hello,continuous,node_hello|continuous|gradient|50,1,9,0.45,0.2672639999999973,0.2672640000000115,2.2222222222222223,43.15545600000009,37.81017600000009,5.34528,0.8761389521640093,0.0,0.45,0,204,0.0,224,20,204,20,0,659,0,0.0,1.0,0,0.0,node_hello,1:0;10:1;14:0;19:0;20:0;25:1;27:0;28:1;3:0;32:1;33:1;34:0;4:0;40:0;41:0;42:1;43:1;44:1;45:0;48:1,SIM
gradient,50,20,9,warm,240.0,60.0,node_hello,continuous,node_hello|continuous|gradient|50,2,9,0.45,0.2672639999999973,0.2672640000000115,2.2222222222222223,43.15545600000009,37.81017600000009,5.34528,0.8761389521640093,0.0,0.45,0,204,0.0,224,20,204,20,0,670,0,0.0,1.0,0,0.0,node_hello,0:0;14:1;15:1;16:0;17:1;2:0;23:1;27:1;28:0;29:0;32:1;37:0;39:0;4:0;40:1;42:1;46:1;47:0;5:0;6:0,SIM
gradient,50,20,9,warm,240.0,60.0,node_hello,continuous,node_hello|continuous|gradient|50,3,18,0.9,0.2672639999999973,0.2672640000000115,1.1111111111111112,43.15545600000009,37.81017600000009,5.34528,0.8761389521640093,0.0,0.9,0,204,0.0,224,20,204,20,0,654,0,0.0,1.0,0,0.0,node_hello,10:1;11:1;12:1;13:1;14:1;17:1;2:1;20:1;21:1;25:1;28:1;33:1;36:1;40:1;41:1;45:1;48:1;49:1;5:0;7:0,SIM
gradient,50,20,9,warm,240.0,60.0,node_hello,continuous,node_hello|continuous|gradient|50,4,9,0.45,0.2672640000000115,0.2672640000000115,2.2222222222222223,43.15545600000009,37.81017600000009,5.34528,0.8761389521640093,0.0,0.45,0,206,0.0,224,20,204,20,0,590,0,0.0,1.0,0,0.0,node_hello,10:1;12:0;13:0;17:1;18:0;2:0;21:1;25:0;26:1;29:1;3:0;31:1;33:1;39:1;4:0;41:0;42:0;43:0;44:1;8:0,SIM
gradient,50,20,9,warm,240.0,60.0,node_hello,continuous,node_hello|continuous|gradient|50,5,11,0.55,0.2672639999999973,0.2672640000000115,1.8181818181818181,43.15545600000009,37.81017600000009,5.34528,0.8761389521640093,0.0,0.55,0,204,0.0,224,20,204,20,0,616,0,0.0,1.0,0,0.0,node_hello,0:1;11:1;16:0;17:1;18:1;20:1;21:0;22:0;29:1;30:1;32:1;33:1;35:0;37:1;41:0;44:0;45:1;46:0;49:0;8:0,SIM
gradient,50,20,9,warm,240.0,60.0,node_hello,continuous,node_hello|continuous|gradient|50,6,14,0.7,0.2672639999999973,0.2672640000000115,1.4285714285714286,43.15545600000009,37.81017600000009,5.34528,0.8761389521640093,0.0,0.7,0,204,0.0,224,20,204,20,0,630,0,0.0,1.0,0,0.0,node_hello,1:1;10:1;12:1;16:0;24:0;28:1;29:1;30:0;31:0;35:1;37:1;39:1;4:1;40:1;42:1;44:0;45:0;46:1;5:1;8:1,SIM
gradient,50,20,9,warm,240.0,60.0,node_hello,continuous,node_hello|continuous|gradient|50,7,14,0.7,0.2672639999999973,0.2672640000000115,1.4285714285714286,43.15545600000009,37.81017600000009,5.34528,0.8761389521640093,0.0,0.7,0,204,0.0,224,20,204,20,0,679,0,0.0,1.0,0,0.0,node_hello,1:1;10:0;14:1;16:0;19:1;21:1;22:1;23:0;32:1;33:0;34:1;41:1;42:1;43:1;44:1;45:1;48:0;49:0;5:1;9:1,SIM
gradient,50,20,9,warm,240.0,60.0,node_hello,continuous,node_hello|continuous|gradient|50,8,10,0.5,0.2672640000000115,0.2672640000000115,2.0,43.15545600000009,37.81017600000009,5.34528,0.8761389521640093,0.0,0.5,0,206,0.0,224,20,204,20,0,601,0,0.0,1.0,0,0.0,node_hello,0:0;14:1;18:1;19:0;20:0;22:0;23:0;25:0;26:1;33:1;35:0;38:1;39:1;40:0;41:1;44:1;45:1;46:1;48:0;5:0,SIM
gradient,50,20,9,warm,240.0,60.0,node_hello,continuous,node_hello|continuous|gradient|50,9,12,0.6,0.2672639999999973,0.2672640000000115,1.6666666666666667,43.15545600000009,37.81017600000009,5.34528,0.8761389521640093,0.0,0.6,0,204,0.0,224,20,204,20,0,663,0,0.0,1.0,0,0.0,node_hello,0:0;1:1;11:1;12:1;14:0;16:1;17:1;24:0;27:1;29:0;30:1;34:0;35:0;37:1;4:0;41:1;44:0;45:1;49:1;5:1,SIM
gradient,50,20,9,warm,240.0,60.0,node_hello,continuous,node_hello|continuous|gradient|50,10,12,0.6,0.2672640000000115,0.2672640000000115,1.6666666666666667,43.15545600000009,37.81017600000009,5.34528,0.8761389521640093,0.0,0.6,0,206,0.0,224,20,204,20,0,645,0,0.0,1.0,0,0.0,node_hello,0:0;12:0;13:1;17:0;23:0;24:1;26:1;27:1;28:0;33:1;35:1;38:1;4:0;42:1;44:1;46:1;47:1;48:1;49:0;7:0,SIM
gradient,50,20,9,warm,240.0,60.0,node_hello,continuous,node_hello|continuous|gradient|50,11,16,0.8,0.2672639999999973,0.2672640000000115,1.25,43.15545600000009,37.81017600000009,5.34528,0.8761389521640093,0.0,0.8,0,204,0.0,224,20,204,20,0,632,0,0.0,1.0,0,0.0,node_hello,1:1;19:0;2:1;20:1;22:0;23:1;28:1;30:1;31:1;34:1;38:1;4:1;40:1;41:1;42:1;44:0;45:1;48:1;49:1;8:0,SIM
gradient,50,20,9,warm,240.0,60.0,node_hello,continuous,node_hello|continuous|gradient|50,12,12,0.6,0.2672639999999973,0.2672640000000115,1.6666666666666667,43.15545600000009,37.81017600000009,5.34528,0.8761389521640093,0.0,0.6,0,200,0.0,224,20,204,20,142,650,0,0.0,1.0,0,0.0,node_hello,10:1;12:1;13:1;15:0;17:1;19:0;22:1;24:0;25:1;26:1;31:1;34:0;39:1;4:1;40:1;42:0;45:0;46:0;6:1;7:0,SIM
gradient,50,20,9,warm,240.0,60.0,node_hello,continuous,node_hello|continuous|gradient|50,13,14,0.7,0.2672640000000044,0.2672640000000115,1.4285714285714286,43.15545600000009,37.81017600000009,5.34528,0.8761389521640093,0.0,0.7,0,206,0.0,224,20,204,20,0,641,0,0.0,1.0,0,0.0,node_hello,10:0;18:0;2:0;20:1;22:1;23:1;27:1;28:0;3:1;31:0;34:1;35:0;37:1;42:1;43:1;47:1;48:1;49:1;6:1;8:1,SIM
gradient,50,20,9,warm,240.0,60.0,node_hello,continuous,node_hello|continuous|gradient|50,14,15,0.75,0.2672639999999973,0.2672640000000115,1.3333333333333333,43.15545600000009,37.81017600000009,5.34528,0.8761389521640093,0.0,0.75,0,204,0.0,224,20,204,20,0,652,0,0.0,1.0,0,0.0,node_hello,0:1;10:1;19:1;2:1;23:1;24:0;27:1;28:1;3:0;34:1;4:1;41:1;43:1;44:0;45:1;47:0;49:0;6:1;7:1;8:1,SIM
gradient,50,20,9,warm,240.0,60.0,node_hello,continuous,node_hello|continuous|gradient|50,15,11,0.55,0.2672639999999973,0.2672640000000115,1.8181818181818181,43.15545600000009,37.81017600000009,5.34528,0.8761389521640093,0.0,0.55,0,202,0.0,224,20,204,20,111,621,0,0.0,1.0,0,0.0,node_hello,1:0;10:1;11:1;13:0;17:0;21:1;22:1;26:0;29:1;3:1;33:0;36:0;38:1;39:0;42:1;43:1;45:1;46:0;48:0;8:1,SIM
gradient,50,20,9,warm,240.0,60.0,node_hello,continuous,node_hello|continuous|gradient|50,16,14,0.7,0.2672639999999973,0.2672640000000115,1.4285714285714286,43.15545600000009,37.81017600000009,5.34528,0.8761389521640093,0.0,0.7,0,204,0.0,224,20,204,20,0,653,0,0.0,1.0,0,0.0,node_hello,1:1;13:0;14:1;17:1;22:1;3:1;30:1;32:0;33:1;34:1;37:0;4:1;40:1;41:0;42:1;44:1;45:0;46:1;49:1;9:0,SIM
gradient,50,20,9,warm,240.0,60.0,node_hello,continuous,node_hello|continuous|gradient|50,17,16,0.8,0.2672640000000044,0.2672640000000115,1.25,43.15545600000009,37.81017600000009,5.34528,0.8761389521640093,0.0,0.8,0,204,0.0,224,20,204,20,0,623,0,0.0,1.0,0,0.0,node_hello,0:1;1:1;13:0;14:1;17:1;19:0;21:0;27:1;29:1;3:1;30:1;33:1;34:1;40:1;43:1;46:1;48:1;49:1;6:1;7:0,SIM
gradient,50,20,9,warm,240.0,60.0,node_hello,continuous,node_hello|continuous|gradient|50,18,17,0.85,0.2672639999999973,0.2672640000000115,1.1764705882352942,43.15545600000009,37.81017600000009,5.34528,0.8761389521640093,0.0,0.85,0,204,0.0,224,20,204,20,0,709,0,0.0,1.0,0,0.0,node_hello,10:0;14:0;20:1;21:1;23:1;24:1;25:1;29:1;31:1;32:1;33:1;34:1;35:1;36:1;4:1;44:1;45:0;47:1;48:1;5:1,SIM
gradient,50,20,9,warm,240.0,60.0,node_hello,continuous,node_hello|continuous|gradient|50,19,12,0.6,0.2672640000000044,0.2672640000000115,1.6666666666666667,43.15545600000009,37.81017600000009,5.34528,0.8761389521640093,0.0,0.6,0,206,0.0,224,20,204,20,0,595,0,0.0,1.0,0,0.0,node_hello,12:1;15:1;17:0;18:0;2:0;20:1;27:1;28:1;34:0;37:1;39:1;4:0;40:1;41:1;43:1;45:0;47:1;7:0;8:1;9:0,SIM
gradient,100,20,9,warm,240.0,60.0,node_hello,continuous,node_hello|continuous|gradient|100,0,18,0.9,0.2672639999999973,0.2672640000000115,1.1111111111111112,80.22425600000021,74.87897600000021,5.34528,0.9333707750433985,0.0,0.9,0,404,0.0,424,20,404,20,0,1340,0,0.0,1.0,0,0.0,node_hello,1:1;10:1;11:1;12:1;25:1;28:0;37:1;49:1;50:1;57:1;62:1;66:1;7:1;71:0;74:1;8:1;81:1;86:1;91:1;95:1,SIM
gradient,100,20,9,warm,240.0,60.0,node_hello,continuous,node_hello|continuous|gradient|100,1,13,0.65,0.2672639999999973,0.2672640000000115,1.5384615384615385,80.22425600000021,74.87897600000021,5.34528,0.9333707750433985,0.0,0.65,0,406,0.0,424,20,404,20,0,1290,0,0.0,1.0,0,0.0,node_hello,11:0;12:1;23:0;29:0;31:1;38:1;39:1;40:0;41:0;42:1;43:1;49:1;5:1;57:1;69:1;73:0;74:1;82:1;83:1;96:0,SIM
gradient,100,20,9,warm,240.0,60.0,node_hello,continuous,node_hello|continuous|gradient|100,2,12,0.6,0.2672639999999973,0.2672640000000115,1.6666666666666667,79.85356800000021,74.5082880000002,5.34528,0.9330614757251675,0.0,0.6,0,404,0.0,422,20,402,20,0,1140,0,0.0,1.0,0,0.0,node_hello,1:0;10:0;24:1;28:1;40:1;42:1;48:1;51:1;59:1;67:1;68:0;70:1;79:0;81:0;84:1;85:1;91:0;92:0;95:1;97:0,SIM
gradient,100,20,9,warm,240.0,60.0,node_hello,continuous,node_hello|continuous|gradient|100,3,16,0.8,0.2672639999999973,0.2672640000000115,1.25,80.22425600000021,74.87897600000021,5.34528,0.9333707750433985,0.0,0.8,0,404,0.0,424,20,404,20,0,1362,0,0.0,1.0,0,0.0,node_hello,11:0;12:1;14:1;15:1;22:1;3:1;36:0;38:1;43:1;48:1;49:1;5:1;61:1;67:1;72:1;74:0;84:1;86:1;89:1;99:0,SIM
gradient,100,20,9,warm,240.0,60.0,node_hello,continuous,node_hello|continuous|gradient|100,4,14,0.7,0.2672639999999973,0.2672640000000115,1.4285714285714286,80.22425600000021,74.87897600000021,5.34528,0.9333707750433985,0.0,0.7,0,404,0.0,424,20,404,20,0,1194,0,0.0,1.0,0,0.0,node_hello,28:1;29:1;30:1;36:1;38:0;39:1;40:1;41:0;47:0;51:1;57:1;62:1;64:1;67:1;68:0;76:1;80:0;88:1;90:1;95:0,SIM
gradient,100,20,9,warm,240.0,60.0,node_hello,continuous,node_hello|continuous|gradient|100,5,17,0.85,0.2672639999999973,0.2672640000000115,1.1764705882352942,80.22425600000021,74.87897600000021,5.34528,0.9333707750433985,0.0,0.85,0,404,0.0,424,20,404,20,0,1316,0,0.0,1.0,0,0.0,node_hello,1:1;13:1;24:1;25:1;49:1;50:0;54:1;58:1;60:1;61:1;69:1;73:1;76:1;80:1;83:1;87:0;88:0;90:1;92:1;99:1,SIM
gradient,100,20,9,warm,240.0,60.0,node_hello,continuous,node_hello|continuous|gradient|100,6,16,0.8,0.2672640000000044,1.1088931904356194,16.875,147.04025599999989,74.87897600000021,72.16127999999966,0.509241333203339,0.056413700470114174,0.8,0,648,0.0,674,270,404,20,237,1489,0,0.57,1.0,0,0.0,node_hello,11:1;16:1;23:1;29:0;31:1;33:1;34:1;49:1;53:1;54:1;61:0;66:0;69:1;72:1;75:1;76:0;78:1;80:1;84:1;86:1,SIM
gradient,100,20,9,warm,240.0,60.0,node_hello,continuous,node_hello|continuous|gradient|100,7,14,0.7,0.2672639999999973,0.2672640000000115,1.4285714285714286,80.22425600000021,74.87897600000021,5.34528,0.9333707750433985,0.0,0.7,0,404,0.0,424,20,404,20,0,1255,0,0.0,1.0,0,0.0,node_hello,11:0;12:0;17:0;20:1;25:0;28:1;40:1;43:1;45:1;50:1;51:1;53:1;55:1;59:0;62:1;65:1;85:1;90:1;92:1;95:0,SIM
gradient,100,20,9,warm,240.0,60.0,node_hello,continuous,node_hello|continuous|gradient|100,8,12,0.6,0.2672639999999973,0.2672640000000115,1.6666666666666667,80.22425600000021,74.87897600000021,5.34528,0.9333707750433985,0.0,0.6,0,404,0.0,424,20,404,20,0,1326,0,0.0,1.0,0,0.0,node_hello,15:0;17:1;27:1;3:1;37:0;4:1;44:1;47:1;48:1;50:1;60:1;62:0;64:1;65:1;67:0;72:0;79:1;82:0;89:0;98:0,SIM
gradient,100,20,9,warm,240.0,60.0,node_hello,continuous,node_hello|continuous|gradient|100,9,13,0.65,0.2672639999999973,0.2672640000000115,1.5384615384615385,80.22425600000021,74.87897600000021,5.34528,0.9333707750433985,0.0,0.65,0,404,0.0,424,20,404,20,0,1288,0,0.0,1.0,0,0.0,node_hello,11:1;12:1;17:1;19:1;20:0;25:1;34:1;41:0;42:1;45:1;49:0;5:1;50:0;51:0;64:1;65:1;72:1;75:1;83:0;88:0,SIM
gradient,100,20,9,warm,240.0,60.0,node_hello,continuous,node_hello|continuous|gradient|100,10,13,0.65,0.2672639999999973,0.2672640000000115,1.5384615384615385,80.22425600000021,74.87897600000021,5.34528,0.9333707750433985,0.0,0.65,0,404,0.0,424,20,404,20,0,1297,0,0.0,1.0,0,0.0,node_hello,1:1;12:1;20:1;29:0;31:1;37:1;44:1;49:0;60:1;65:1;66:1;68:0;77:0;79:1;81:1;83:0;85:0;86:1;88:1;97:0,SIM
gradient,100,20,9,warm,240.0,60.0,node_hello,continuous,node_hello|continuous|gradient|100,11,14,0.7,0.2672640000000044,0.2672640000000115,1.4285714285714286,80.22425600000021,74.87897600000021,5.34528,0.9333707750433985,0.0,0.7,0,404,0.0,424,20,404,20,0,1277,0,0.0,1.0,0,0.0,node_hello,10:0;2:1;27:1;3:1;33:0;35:1;4:1;41:1;43:1;44:0;53:0;54:1;56:1;62:0;64:1;68:1;70:1;8:0;91:1;98:1,SIM
gradient,100,20,9,warm,240.0,60.0,node_hello,continuous,node_hello|continuous|gradient|100,12,17,0.85,0.2672639999999973,0.2672640000000115,1.1764705882352942,80.22425600000021,74.87897600000021,5.34528,0.9333707750433985,0.0,0.85,0,404,0.0,424,20,404,20,0,1385,0,0.0,1.0,0,0.0,node_hello,1:1;10:1;14:0;26:1;29:1;3:1;31:1;43:0;58:1;60:0;7:1;72:1;75:1;78:1;80:1;83:1;87:1;92:1;95:1;96:1,SIM
gradient,100,20,9,warm,240.0,60.0,node_hello,continuous,node_hello|continuous|gradient|100,13,13,0.65,0.2672639999999973,0.2672640000000115,1.5384615384615385,62.06054400000016,56.715264000000154,5.34528,0.913869913869914,0.0,0.65,0,307,0.0,326,20,306,20,69,1246,0,0.0,1.0,0,0.0,node_hello,15:1;26:0;3:0;38:1;41:1;48:1;49:0;52:0;53:0;57:1;61:1;7:1;72:1;74:0;86:0;87:1;9:1;91:1;95:1;98:1,SIM
gradient,100,20,9,warm,240.0,60.0,node_hello,continuous,node_hello|continuous|gradient|100,14,14,0.7,0.2672639999999973,0.2672640000000115,1.4285714285714286,80.22425600000021,74.87897600000021,5.34528,0.9333707750433985,0.0,0.7,0,404,0.0,424,20,404,20,0,1370,0,0.0,1.0,0,0.0,node_hello,10:1;11:1;13:0;15:1;16:1;17:0;24:1;28:1;29:1;46:1;48:1;61:1;68:0;71:0;74:1;75:0;80:0;95:1;96:1;98:1,SIM
gradient,100,20,9,warm,240.0,60.0,node_hello,continuous,node_hello|continuous|gradient|100,15,15,0.75,0.2672639999999973,0.2672640000000115,1.3333333333333333,80.22425600000021,74.87897600000021,5.34528,0.9333707750433985,0.0,0.75,0,404,0.0,424,20,404,20,0,1376,0,0.0,1.0,0,0.0,node_hello,1:1;11:1;15:1;17:1;21:1;29:1;48:1;53:1;55:0;60:1;7:0;72:1;79:0;8:0;80:1;81:1;85:0;89:1;95:1;96:1,SIM
gradient,100,20,9,warm,240.0,60.0,node_hello,continuous,node_hello|continuous|gradient|100,16,14,0.7,0.2672639999999973,0.2672640000000115,1.4285714285714286,80.22425600000021,74.87897600000021,5.34528,0.9333707750433985,0.0,0.7,0,404,0.0,424,20,404,20,0,1369,0,0.0,1.0,0,0.0,node_hello,0:1;10:1;12:0;13:1;15:1;2:1;24:1;25:1;34:0;35:1;45:1;5:0;63:1;67:0;68:1;70:1;8:1;90:0;93:1;94:0,SIM
gradient,100,20,9,warm,240.0,60.0,node_hello,continuous,node_hello|continuous|gradient|100,17,8,0.4,0.2672639999999973,0.2672640000000115,2.5,80.22425600000021,74.87897600000021,5.34528,0.9333707750433985,0.0,0.4,0,406,0.0,424,20,404,20,0,1183,0,0.0,1.0,0,0.0,node_hello,1:0;12:0;22:0;23:0;27:1;29:1;30:0;41:0;42:1;48:0;49:1;51:1;52:0;60:1;61:1;62:0;63:0;83:0;87:0;88:1,SIM
gradient,100,20,9,warm,240.0,60.0,node_hello,continuous,node_hello|continuous|gradient|100,18,14,0.7,0.2672640000000044,0.2672640000000115,1.4285714285714286,80.22425600000021,74.87897600000021,5.34528,0.9333707750433985,0.0,0.7,0,404,0.0,424,20,404,20,0,1287,0,0.0,1.0,0,0.0,node_hello,13:0;29:0;45:1;49:1;5:1;50:1;54:1;66:0;7:0;76:1;8:1;85:0;86:0;87:1;89:1;91:1;96:1;97:1;98:1;99:1,SIM
gradient,100,20,9,warm,240.0,60.0,node_hello,continuous,node_hello|continuous|gradient|100,19,10,0.5,0.2672640000000044,0.2672640000000115,2.0,80.22425600000021,74.87897600000021,5.34528,0.9333707750433985,0.0,0.5,0,404,0.0,424,20,404,20,0,1401,0,0.0,1.0,0,0.0,node_hello,10:0;12:1;16:0;19:1;27:0;30:0;40:1;49:0;50:1;57:0;6:1;61:0;68:0;69:1;73:0;76:0;89:1;95:1;96:1;99:1,SIM
flood,25,20,9,warm,240.0,60.0,node_hello,windowed,node_hello|windowed|flood|25,0,2,0.1,0.2672639999999973,0.2672639999999973,30.5,35.578880000000055,19.275776000000032,16.303104000000026,0.5417757950784287,0.2545454545454545,0.1,0,144,0.0,165,61,104,20,0,55,450,0.0,0.0876602564102564,0,0.0,node_hello,10:0;11:0;12:0;14:0;15:1;16:0;17:0;18:0;19:0;2:0;20:0;21:0;22:0;23:0;4:1;5:0;6:0;7:0;8:0;9:0,SIM
flood,25,20,9,warm,240.0,60.0,node_hello,windowed,node_hello|windowed|flood|25,1,0,0.0,0.0,0.0,0.0,24.62105600000003,19.275776000000032,5.34528,0.7828980202961241,0.0,1.0,0,106,0.0,124,20,104,20,0,0,450,0.0,0.06794871794871796,0,0.0,node_hello,0:0;10:0;11:0;12:0;13:0;14:0;15:0;16:0;17:0;18:0;2:0;21:0;22:0;23:0;24:0;4:0;6:0;7:0;8:0;9:0,SIM
flood,25,20,9,warm,240.0,60.0,node_hello,windowed,node_hello|windowed|flood|25,2,0,0.0,0.0,0.0,0.0,24.62105600000003,19.275776000000032,5.34528,0.7828980202961241,0.0,1.0,0,106,0.0,124,20,104,20,0,0,450,0.0,0.06794871794871796,0,0.0,node_hello,0:0;1:0;10:0;11:0;13:0;15:0;16:0;17:0;18:0;19:0;2:0;21:0;22:0;23:0;24:0;3:0;4:0;6:0;8:0;9:0,SIM
flood,25,20,9,warm,240.0,60.0,node_hello,windowed,node_hello|windowed|flood|25,3,2,0.1,0.2672640000000044,0.26726400000001077,27.5,33.97529600000006,19.275776000000032,14.699520000000021,0.5673468157569547,0.14634146341463414,0.1,0,138,0.0,159,55,104,20,0,41,464,0.0,0.08477564102564103,0,0.0,node_hello,0:0;1:0;10:0;12:0;14:0;15:0;16:0;17:0;18:0;2:0;21:0;22:0;23:1;3:0;4:0;5:0;6:0;7:0;8:0;9:1,SIM
flood,25,20,9,warm,240.0,60.0,node_hello,windowed,node_hello|windowed|flood|25,4,2,0.1,0.2672640000000044,0.26726400000001077,32.0,36.38067200000006,19.275776000000032,17.10489600000003,0.5298356226075208,0.5368421052631579,0.1,0,141,0.0,168,64,104,20,0,95,529,0.0,0.0891025641025641,0,0.0,node_hello,0:0;10:0;11:0;12:0;13:0;14:0;15:0;17:0;19:0;2:0;20:1;21:0;22:0;23:0;24:0;4:0;5:0;6:0;7:1;9:0,SIM
flood,25,20,9,warm,240.0,60.0,node_hello,windowed,node_hello|windowed|flood|25,5,0,0.0,0.0,0.0,0.0,24.62105600000003,19.275776000000032,5.34528,0.7828980202961241,0.0,1.0,0,104,0.0,124,20,104,20,0,0,500,0.0,0.06794871794871796,0,0.0,node_hello,1:0;10:0;11:0;12:0;13:0;14:0;15:0;16:0;19:0;2:0;20:0;21:0;22:0;23:0;24:0;4:0;5:0;6:0;8:0;9:0,SIM
flood,25,20,9,warm,240.0,60.0,node_hello,windowed,node_hello|windowed|flood|25,6,0,0.0,0.0,0.0,0.0,24.62105600000003,19.275776000000032,5.34528,0.7828980202961241,0.0,1.0,0,104,0.0,124,20,104,20,0,0,500,0.0,0.06794871794871796,0,0.0,node_hello,1:0;11:0;12:0;13:0;14:0;15:0;16:0;17:0;19:0;2:0;21:0;22:0;23:0;3:0;4:0;5:0;6:0;7:0;8:0;9:0,SIM
flood,25,20,9,warm,240.0,60.0,node_hello,windowed,node_hello|windowed|flood|25,7,0,0.0,0.0,0.0,0.0,24.62105600000003,19.275776000000032,5.34528,0.7828980202961241,0.0,1.0,0,100,0.0,124,20,104,20,51,0,500,0.52,0.06794871794871796,0,0.0,node_hello,1:0;10:0;11:0;12:0;13:0;14:0;15:0;17:0;18:0;19:0;2:0;20:0;21:0;23:0;3:0;4:0;5:0;6:0;7:0;9:0,SIM
flood,25,20,9,warm,240.0,60.0,node_hello,windowed,node_hello|windowed|flood|25,8,0,0.0,0.0,0.0,0.0,28.362752000000036,19.275776000000032,9.086976000000003,0.6796158567405591,0.5172413793103449,1.0,0,112,0.0,138,34,104,20,0,29,599,0.0,0.07467948717948718,0,0.0,node_hello,0:0;1:0;10:0;12:0;13:0;14:0;15:0;17:0;18:0;19:0;20:0;21:0;22:0;23:0;24:0;4:0;5:0;6:0;7:0;9:0,SIM
flood,25,20,9,warm,240.0,60.0,node_hello,windowed,node_hello|windowed|flood|25,9,0,0.0,0.0,0.0,0.0,24.62105600000003,19.275776000000032,5.34528,0.7828980202961241,0.0,1.0,0,100,0.0,124,20,104,20,66,0,500,0.0,0.06794871794871796,0,0.0,node_hello,0:0;10:0;11:0;13:0;14:0;15:0;16:0;17:0;18:0;19:0;2:0;20:0;22:0;23:0;24:0;3:0;5:0;6:0;7:0;9:0,SIM
flood,25,20,9,warm,240.0,60.0,node_hello,windowed,node_hello|windowed|flood|25,10,0,0.0,0.0,0.0,0.0,24.62105600000003,19.275776000000032,5.34528,0.7828980202961241,0.0,1.0,0,106,0.0,124,20,104,20,0,0,450,0.0,0.06794871794871796,0,0.0,node_hello,1:0;10:0;11:0;12:0;13:0;14:0;15:0;16:0;18:0;19:0;2:0;22:0;23:0;3:0;4:0;5:0;6:0;7:0;8:0;9:0,SIM
flood,25,20,9,warm,240.0,60.0,node_hello,windowed,node_hello|windowed|flood|25,11,0,0.0,0.0,0.0,0.0,24.62105600000003,19.275776000000032,5.34528,0.7828980202961241,0.0,1.0,0,104,0.0,124,20,104,20,0,0,500,0.0,0.06794871794871796,0,0.0,node_hello,0:0;1:0;11:0;12:0;13:0;15:0;17:0;18:0;19:0;20:0;21:0;22:0;23:0;3:0;4:0;5:0;6:0;7:0;8:0;9:0,SIM
flood,25,20,9,warm,240.0,60.0,node_hello,windowed,node_hello|windowed|flood|25,12,0,0.0,0.0,0.0,0.0,24.62105600000003,19.275776000000032,5.34528,0.7828980202961241,0.0,1.0,0,106,0.0,124,20,104,20,0,0,450,0.0,0.06794871794871796,0,0.0,node_hello,0:0;1:0;11:0;12:0;14:0;15:0;16:0;17:0;18:0;19:0;21:0;22:0;23:0;24:0;3:0;4:0;5:0;6:0;7:0;9:0,SIM
flood,25,20,9,warm,240.0,60.0,node_hello,windowed,node_hello|windowed|flood|25,13,0,0.0,0.0,0.0,0.0,24.62105600000003,19.275776000000032,5.34528,0.7828980202961241,0.0,1.0,0,104,0.0,124,20,104,20,0,0,500,0.0,0.06794871794871796,0,0.0,node_hello,0:0;1:0;10:0;11:0;12:0;14:0;15:0;17:0;18:0;19:0;2:0;21:0;22:0;23:0;3:0;4:0;6:0;7:0;8:0;9:0,SIM
flood,25,20,9,warm,240.0,60.0,node_hello,windowed,node_hello|windowed|flood|25,14,1,0.05,0.2672639999999973,0.2672639999999973,33.0,28.095488000000035,19.275776000000032,8.819712000000003,0.6860808397419546,0.43478260869565216,0.05,0,106,0.0,137,33,104,20,61,23,644,0.0,0.07419871794871795,0,0.0,node_hello,0:0;1:0;10:0;11:0;12:0;15:0;16:0;17:0;18:0;19:0;2:0;20:0;22:0;24:0;3:0;4:0;6:0;7:0;8:0;9:1,SIM
flood,25,20,9,warm,240.0,60.0,node_hello,windowed,node_hello|windowed|flood|25,15,0,0.0,0.0,0.0,0.0,24.62105600000003,19.275776000000032,5.34528,0.7828980202961241,0.0,1.0,0,106,0.0,124,20,104,20,0,0,450,0.0,0.06794871794871796,0,0.0,node_hello,0:0;1:0;10:0;11:0;14:0;15:0;16:0;17:0;18:0;19:0;2:0;20:0;22:0;23:0;24:0;4:0;5:0;7:0;8:0;9:0,SIM
flood,25,20,9,warm,240.0,60.0,node_hello,windowed,node_hello|windowed|flood|25,16,0,0.0,0.0,0.0,0.0,24.62105600000003,19.275776000000032,5.34528,0.7828980202961241,0.0,1.0,0,104,0.0,124,20,104,20,0,0,500,0.0,0.06794871794871796,0,0.0,node_hello,0:0;1:0;10:0;13:0;14:0;16:0;17:0;18:0;2:0;20:0;21:0;22:0;23:0;24:0;3:0;4:0;5:0;6:0;7:0;8:0,SIM
flood,25,20,9,warm,240.0,60.0,node_hello,windowed,node_hello|windowed|flood|25,17,2,0.1,0.2672640000000044,0.26726400000001077,30.0,35.31161600000006,19.275776000000032,16.035840000000025,0.5458763484514558,0.2,0.1,0,143,0.0,164,60,104,20,0,50,450,0.0,0.08717948717948718,0,0.0,node_hello,0:0;1:0;10:0;11:0;12:0;13:0;14:0;15:0;16:1;18:0;20:0;21:0;22:0;23:0;24:0;3:0;4:1;5:0;6:0;8:0,SIM
flood,25,20,9,warm,240.0,60.0,node_hello,windowed,node_hello|windowed|flood|25,18,0,0.0,0.0,0.0,0.0,28.362752000000036,19.275776000000032,9.086976000000003,0.6796158567405591,0.46153846153846156,1.0,0,112,0.0,138,34,104,20,0,26,610,0.0,0.07467948717948718,0,0.0,node_hello,0:0;10:0;11:0;12:0;13:0;14:0;15:0;16:0;17:0;18:0;19:0;2:0;21:0;22:0;23:0;24:0;4:0;6:0;8:0;9:0,SIM
flood,25,20,9,warm,240.0,60.0,node_hello,windowed,node_hello|windowed|flood|25,19,0,0.0,0.0,0.0,0.0,24.62105600000003,19.275776000000032,5.34528,0.7828980202961241,0.0,1.0,0,106,0.0,124,20,104,20,0,0,450,0.0,0.06794871794871796,0,0.0,node_hello,0:0;1:0;10:0;13:0;14:0;15:0;16:0;18:0;19:0;2:0;20:0;21:0;23:0;24:0;3:0;4:0;5:0;6:0;8:0;9:0,SIM
flood,50,20,9,warm,240.0,60.0,node_hello,windowed,node_hello|windowed|flood|50,0,2,0.1,0.2672640000000044,0.26726400000001077,26.0,51.70790400000011,37.81017600000009,13.897728000000019,0.7312262357414451,0.39622641509433965,0.1,0,231,0.0,256,52,204,20,0,53,1173,0.0,0.07107843137254902,0,0.0,node_hello,0:0;10:1;11:0;16:0;17:0;19:0;21:0;22:0;24:0;26:0;28:0;30:1;32:0;33:0;36:0;38:0;42:0;46:0;7:0;9:0,SIM
flood,50,20,9,warm,240.0,60.0,node_hello,windowed,node_hello|windowed|flood|50,1,0,0.0,0.0,0.0,0.0,60.794880000000134,37.81017600000009,22.984704000000047,0.6219302678120264,0.0,1.0,0,270,0.0,290,86,204,20,0,66,900,0.0,0.07941176470588235,0,0.0,node_hello,1:0;10:0;14:0;19:0;20:0;25:0;27:0;28:0;3:0;32:0;33:0;34:0;4:0;40:0;41:0;42:0;43:0;44:0;45:0;48:0,SIM
flood,50,20,9,warm,240.0,60.0,node_hello,windowed,node_hello|windowed|flood|50,2,1,0.05,0.2672640000000115,0.2672640000000115,95.0,63.200256000000145,37.81017600000009,25.390080000000054,0.5982598551499538,0.0,0.05,0,279,0.0,299,95,204,20,0,75,900,0.0,0.08161764705882353,0,0.0,node_hello,0:0;14:0;15:0;16:0;17:0;2:0;23:0;27:0;28:0;29:1;32:0;37:0;39:0;4:0;40:0;42:0;46:0;47:0;5:0;6:0,SIM
flood,50,20,9,warm,240.0,60.0,node_hello,windowed,node_hello|windowed|flood|50,3,1,0.05,0.2672639999999973,0.2672639999999973,88.0,61.32940800000014,37.81017600000009,23.51923200000005,0.6165097174914848,0.0,0.05,0,272,0.0,292,88,204,20,0,68,900,0.0,0.07990196078431372,0,0.0,node_hello,10:0;11:0;12:0;13:1;14:0;17:0;2:0;20:0;21:0;25:0;28:0;33:0;36:0;40:0;41:0;45:0;48:0;49:0;5:0;7:0,SIM
flood,50,20,9,warm,240.0,60.0,node_hello,windowed,node_hello|windowed|flood|50,4,0,0.0,0.0,0.0,0.0,43.15545600000009,37.81017600000009,5.34528,0.8761389521640093,0.0,1.0,0,206,0.0,224,20,204,20,0,0,900,0.0,0.06323529411764706,0,0.0,node_hello,10:0;12:0;13:0;17:0;18:0;2:0;21:0;25:0;26:0;29:0;3:0;31:0;33:0;39:0;4:0;41:0;42:0;43:0;44:0;8:0,SIM
flood,50,20,9,warm,240.0,60.0,node_hello,windowed,node_hello|windowed|flood|50,5,0,0.0,0.0,0.0,0.0,43.15545600000009,37.81017600000009,5.34528,0.8761389521640093,0.0,1.0,0,204,0.0,224,20,204,20,0,0,1000,0.0,0.06323529411764706,0,0.0,node_hello,0:0;11:0;16:0;17:0;18:0;20:0;21:0;22:0;29:0;30:0;32:0;33:0;35:0;37:0;41:0;44:0;45:0;46:0;49:0;8:0,SIM
flood,50,20,9,warm,240.0,60.0,node_hello,windowed,node_hello|windowed|flood|50,6,2,0.1,0.2672640000000044,0.26726400000001077,47.5,63.200256000000145,37.81017600000009,25.390080000000054,0.5982598551499538,0.0,0.1,0,279,0.0,299,95,204,20,0,75,900,0.0,0.08161764705882353,0,0.0,node_hello,1:0;10:0;12:0;16:0;24:0;28:0;29:0;30:0;31:0;35:0;37:1;39:0;4:0;40:0;42:0;44:0;45:0;46:0;5:0;8:1,SIM
flood,50,20,9,warm,240.0,60.0,node_hello,windowed,node_hello|windowed|flood|50,7,0,0.0,0.0,0.0,0.0,43.15545600000009,37.81017600000009,5.34528,0.8761389521640093,0.0,1.0,0,204,0.0,224,20,204,20,0,0,1000,0.0,0.06323529411764706,0,0.0,node_hello,1:0;10:0;14:0;16:0;19:0;21:0;22:0;23:0;32:0;33:0;34:0;41:0;42:0;43:0;44:0;45:0;48:0;49:0;5:0;9:0,SIM
flood,50,20,9,warm,240.0,60.0,node_hello,windowed,node_hello|windowed|flood|50,8,0,0.0,0.0,0.0,0.0,43.15545600000009,37.81017600000009,5.34528,0.8761389521640093,0.0,1.0,0,206,0.0,224,20,204,20,0,0,900,0.0,0.06323529411764706,0,0.0,node_hello,0:0;14:0;18:0;19:0;20:0;22:0;23:0;25:0;26:0;33:0;35:0;38:0;39:0;40:0;41:0;44:0;45:0;46:0;48:0;5:0,SIM
flood,50,20,9,warm,240.0,60.0,node_hello,windowed,node_hello|windowed|flood|50,9,0,0.0,0.0,0.0,0.0,43.15545600000009,37.81017600000009,5.34528,0.8761389521640093,0.0,1.0,0,204,0.0,224,20,204,20,0,0,1000,0.0,0.06323529411764706,0,0.0,node_hello,0:0;1:0;11:0;12:0;14:0;16:0;17:0;24:0;27:0;29:0;30:0;34:0;35:0;37:0;4:0;41:0;44:0;45:0;49:0;5:0,SIM
flood,50,20,9,warm,240.0,60.0,node_hello,windowed,node_hello|windowed|flood|50,10,0,0.0,0.0,0.0,0.0,43.15545600000009,37.81017600000009,5.34528,0.8761389521640093,0.0,1.0,0,206,0.0,224,20,204,20,0,0,900,0.0,0.06323529411764706,0,0.0,node_hello,0:0;12:0;13:0;17:0;23:0;24:0;26:0;27:0;28:0;33:0;35:0;38:0;4:0;42:0;44:0;46:0;47:0;48:0;49:0;7:0,SIM
flood,50,20,9,warm,240.0,60.0,node_hello,windowed,node_hello|windowed|flood|50,11,1,0.05,0.2672639999999973,0.2672639999999973,70.0,56.51865600000012,37.81017600000009,18.708480000000034,0.6689857593216656,0.0,0.05,0,254,0.0,274,70,204,20,0,50,900,0.0,0.07549019607843137,0,0.0,node_hello,1:1;19:0;2:0;20:0;22:0;23:0;28:0;30:0;31:0;34:0;38:0;4:0;40:0;41:0;42:0;44:0;45:0;48:0;49:0;8:0,SIM
flood,50,20,9,warm,240.0,60.0,node_hello,windowed,node_hello|windowed|flood|50,12,0,0.0,0.0,0.0,0.0,43.15545600000009,37.81017600000009,5.34528,0.8761389521640093,0.0,1.0,0,200,0.0,224,20,204,20,137,0,1000,0.0,0.06323529411764706,0,0.0,node_hello,10:0;12:0;13:0;15:0;17:0;19:0;22:0;24:0;25:0;26:0;31:0;34:0;39:0;4:0;40:0;42:0;45:0;46:0;6:0;7:0,SIM
flood,50,20,9,warm,240.0,60.0,node_hello,windowed,node_hello|windowed|flood|50,13,0,0.0,0.0,0.0,0.0,43.15545600000009,37.81017600000009,5.34528,0.8761389521640093,0.0,1.0,0,206,0.0,224,20,204,20,0,0,900,0.0,0.06323529411764706,0,0.0,node_hello,10:0;18:0;2:0;20:0;22:0;23:0;27:0;28:0;3:0;31:0;34:0;35:0;37:0;42:0;43:0;47:0;48:0;49:0;6:0;8:0,SIM
flood,50,20,9,warm,240.0,60.0,node_hello,windowed,node_hello|windowed|flood|50,14,0,0.0,0.0,0.0,0.0,43.15545600000009,37.81017600000009,5.34528,0.8761389521640093,0.0,1.0,0,204,0.0,224,20,204,20,0,0,1000,0.0,0.06323529411764706,0,0.0,node_hello,0:0;10:0;19:0;2:0;23:0;24:0;27:0;28:0;3:0;34:0;4:0;41:0;43:0;44:0;45:0;47:0;49:0;6:0;7:0;8:0,SIM
flood,50,20,9,warm,240.0,60.0,node_hello,windowed,node_hello|windowed|flood|50,15,0,0.0,0.0,0.0,0.0,43.15545600000009,37.81017600000009,5.34528,0.8761389521640093,0.0,1.0,0,202,0.0,224,20,204,20,111,0,900,0.0,0.06323529411764706,0,0.0,node_hello,1:0;10:0;11:0;13:0;17:0;21:0;22:0;26:0;29:0;3:0;33:0;36:0;38:0;39:0;42:0;43:0;45:0;46:0;48:0;8:0,SIM
flood,50,20,9,warm,240.0,60.0,node_hello,windowed,node_hello|windowed|flood|50,16,0,0.0,0.0,0.0,0.0,43.15545600000009,37.81017600000009,5.34528,0.8761389521640093,0.0,1.0,0,204,0.0,224,20,204,20,0,0,1000,0.0,0.06323529411764706,0,0.0,node_hello,1:0;13:0;14:0;17:0;22:0;3:0;30:0;32:0;33:0;34:0;37:0;4:0;40:0;41:0;42:0;44:0;45:0;46:0;49:0;9:0,SIM
flood,50,20,9,warm,240.0,60.0,node_hello,windowed,node_hello|windowed|flood|50,17,1,0.05,0.2672639999999973,0.2672639999999973,85.0,60.52761600000014,37.81017600000009,22.717440000000046,0.6246764452113892,0.0,0.05,0,269,0.0,289,85,204,20,0,65,900,0.0,0.07916666666666666,0,0.0,node_hello,0:0;1:1;13:0;14:0;17:0;19:0;21:0;27:0;29:0;3:0;30:0;33:0;34:0;40:0;43:0;46:0;48:0;49:0;6:0;7:0,SIM
flood,50,20,9,warm,240.0,60.0,node_hello,windowed,node_hello|windowed|flood|50,18,0,0.0,0.0,0.0,0.0,43.15545600000009,37.81017600000009,5.34528,0.8761389521640093,0.0,1.0,0,204,0.0,224,20,204,20,0,0,1000,0.0,0.06323529411764706,0,0.0,node_hello,10:0;14:0;20:0;21:0;23:0;24:0;25:0;29:0;31:0;32:0;33:0;34:0;35:0;36:0;4:0;44:0;45:0;47:0;48:0;5:0,SIM
flood,50,20,9,warm,240.0,60.0,node_hello,windowed,node_hello|windowed|flood|50,19,0,0.0,0.0,0.0,0.0,43.15545600000009,37.81017600000009,5.34528,0.8761389521640093,0.0,1.0,0,206,0.0,224,20,204,20,0,0,900,0.0,0.06323529411764706,0,0.0,node_hello,12:0;15:0;17:0;18:0;2:0;20:0;27:0;28:0;34:0;37:0;39:0;4:0;40:0;41:0;43:0;45:0;47:0;7:0;8:0;9:0,SIM
flood,100,20,9,warm,240.0,60.0,node_hello,windowed,node_hello|windowed|flood|100,0,0,0.0,0.0,0.0,0.0,104.81254400000027,74.87897600000021,29.93356800000007,0.7144085349173475,0.0,1.0,0,496,0.0,516,112,404,20,0,92,1800,0.0,0.0721947194719472,0,0.0,node_hello,1:0;10:0;11:0;12:0;25:0;28:0;37:0;49:0;50:0;57:0;62:0;66:0;7:0;71:0;74:0;8:0;81:0;86:0;91:0;95:0,SIM
flood,100,20,9,warm,240.0,60.0,node_hello,windowed,node_hello|windowed|flood|100,1,0,0.0,0.0,0.0,0.0,80.22425600000021,74.87897600000021,5.34528,0.9333707750433985,0.0,1.0,0,406,0.0,424,20,404,20,0,0,1800,0.0,0.060808580858085805,0,0.0,node_hello,11:0;12:0;23:0;29:0;31:0;38:0;39:0;40:0;41:0;42:0;43:0;49:0;5:0;57:0;69:0;73:0;74:0;82:0;83:0;96:0,SIM
flood,100,20,9,warm,240.0,60.0,node_hello,windowed,node_hello|windowed|flood|100,2,0,0.0,0.0,0.0,0.0,79.85356800000021,74.5082880000002,5.34528,0.9330614757251675,0.0,1.0,0,404,0.0,422,20,402,20,0,0,1800,0.0,0.06056105610561056,0,0.0,node_hello,1:0;10:0;24:0;28:0;40:0;42:0;48:0;51:0;59:0;67:0;68:0;70:0;79:0;81:0;84:0;85:0;91:0;92:0;95:0;97:0,SIM
flood,100,20,9,warm,240.0,60.0,node_hello,windowed,node_hello|windowed|flood|100,3,0,0.0,0.0,0.0,0.0,80.22425600000021,74.87897600000021,5.34528,0.9333707750433985,0.0,1.0,0,404,0.0,424,20,404,20,0,0,2000,0.0,0.060808580858085805,0,0.0,node_hello,11:0;12:0;14:0;15:0;22:0;3:0;36:0;38:0;43:0;48:0;49:0;5:0;61:0;67:0;72:0;74:0;84:0;86:0;89:0;99:0,SIM
flood,100,20,9,warm,240.0,60.0,node_hello,windowed,node_hello|windowed|flood|100,4,2,0.1,0.2672640000000044,0.26726400000001077,70.0,112.29593600000022,74.87897600000021,37.41696000000002,0.6668004085205724,0.0,0.1,0,524,0.0,544,140,404,20,0,120,1800,0.0,0.07566006600660066,0,0.0,node_hello,28:0;29:0;30:0;36:0;38:0;39:0;40:0;41:0;47:1;51:0;57:0;62:0;64:0;67:0;68:0;76:0;80:0;88:0;90:1;95:0,SIM
flood,100,20,9,warm,240.0,60.0,node_hello,windowed,node_hello|windowed|flood|100,5,0,0.0,0.0,0.0,0.0,80.22425600000021,74.87897600000021,5.34528,0.9333707750433985,0.0,1.0,0,404,0.0,424,20,404,20,0,0,2000,0.0,0.060808580858085805,0,0.0,node_hello,1:0;13:0;24:0;25:0;49:0;50:0;54:0;58:0;60:0;61:0;69:0;73:0;76:0;80:0;83:0;87:0;88:0;90:0;92:0;99:0,SIM
flood,100,20,9,warm,240.0,60.0,node_hello,windowed,node_hello|windowed|flood|100,6,0,0.0,0.0,0.0,0.0,80.22425600000021,74.87897600000021,5.34528,0.9333707750433985,0.0,1.0,0,400,0.0,424,20,404,20,238,0,2000,0.57,0.060808580858085805,0,0.0,node_hello,11:0;16:0;23:0;29:0;31:0;33:0;34:0;49:0;53:0;54:0;61:0;66:0;69:0;72:0;75:0;76:0;78:0;80:0;84:0;86:0,SIM
flood,100,20,9,warm,240.0,60.0,node_hello,windowed,node_hello|windowed|flood|100,7,0,0.0,0.0,0.0,0.0,80.22425600000021,74.87897600000021,5.34528,0.9333707750433985,0.0,1.0,0,404,0.0,424,20,404,20,0,0,2000,0.0,0.060808580858085805,0,0.0,node_hello,11:0;12:0;17:0;20:0;25:0;28:0;40:0;43:0;45:0;50:0;51:0;53:0;55:0;59:0;62:0;65:0;85:0;90:0;92:0;95:0,SIM
flood,100,20,9,warm,240.0,60.0,node_hello,windowed,node_hello|windowed|flood|100,8,2,0.1,0.2672640000000044,0.26726400000001077,72.0,113.36499200000021,74.87897600000021,38.486016000000006,0.6605123387650401,0.0,0.1,0,528,0.0,548,144,404,20,0,124,1800,0.0,0.07615511551155116,0,0.0,node_hello,15:0;17:1;27:0;3:0;37:0;4:0;44:0;47:0;48:0;50:0;60:0;62:0;64:0;65:1;67:0;72:0;79:0;82:0;89:0;98:0,SIM
flood,100,20,9,warm,240.0,60.0,node_hello,windowed,node_hello|windowed|flood|100,9,1,0.05,0.2672639999999973,0.2672639999999973,152.0,115.50310400000019,74.87897600000021,40.624127999999985,0.6482854001914968,0.0,0.05,0,536,0.0,556,152,404,20,0,132,1800,0.0,0.07714521452145215,0,0.0,node_hello,11:1;12:0;17:0;19:0;20:0;25:0;34:0;41:0;42:0;45:0;49:0;5:0;50:0;51:0;64:0;65:0;72:0;75:0;83:0;88:0,SIM
flood,100,20,9,warm,240.0,60.0,node_hello,windowed,node_hello|windowed|flood|100,10,0,0.0,0.0,0.0,0.0,93.85472000000024,74.87897600000021,18.975744000000034,0.7978179040968852,0.41379310344827586,1.0,0,451,0.0,475,71,404,20,0,87,2282,0.0,0.06712046204620462,0,0.0,node_hello,1:0;12:0;20:0;29:0;31:0;37:0;44:0;49:0;60:0;65:0;66:0;68:0;77:0;79:0;81:0;83:0;85:0;86:0;88:0;97:0,SIM
flood,100,20,9,warm,240.0,60.0,node_hello,windowed,node_hello|windowed|flood|100,11,0,0.0,0.0,0.0,0.0,80.22425600000021,74.87897600000021,5.34528,0.9333707750433985,0.0,1.0,0,404,0.0,424,20,404,20,0,0,2000,0.0,0.060808580858085805,0,0.0,node_hello,10:0;2:0;27:0;3:0;33:0;35:0;4:0;41:0;43:0;44:0;53:0;54:0;56:0;62:0;64:0;68:0;70:0;8:0;91:0;98:0,SIM
flood,100,20,9,warm,240.0,60.0,node_hello,windowed,node_hello|windowed|flood|100,12,1,0.05,0.2672639999999973,0.2672639999999973,153.0,115.77036800000019,74.87897600000021,40.89139199999998,0.6467887879565183,0.0,0.05,0,537,0.0,557,153,404,20,0,133,1800,0.0,0.07726897689768977,0,0.0,node_hello,1:0;10:0;14:0;26:0;29:0;3:0;31:0;43:0;58:1;60:0;7:0;72:0;75:0;78:0;80:0;83:0;87:0;92:0;95:0;96:0,SIM
flood,100,20,9,warm,240.0,60.0,node_hello,windowed,node_hello|windowed|flood|100,13,0,0.0,0.0,0.0,0.0,62.06054400000016,56.715264000000154,5.34528,0.913869913869914,0.0,1.0,0,307,0.0,326,20,306,20,75,0,1800,0.0,0.04867986798679868,0,0.0,node_hello,15:0;26:0;3:0;38:0;41:0;48:0;49:0;52:0;53:0;57:0;61:0;7:0;72:0;74:0;86:0;87:0;9:0;91:0;95:0;98:0,SIM
flood,100,20,9,warm,240.0,60.0,node_hello,windowed,node_hello|windowed|flood|100,14,0,0.0,0.0,0.0,0.0,95.19104000000024,74.87897600000021,20.31206400000004,0.7866179001721172,0.0,1.0,0,460,0.0,480,76,404,20,0,56,1906,0.0,0.06773927392739273,0,0.0,node_hello,10:0;11:0;13:0;15:0;16:0;17:0;24:0;28:0;29:0;46:0;48:0;61:0;68:0;71:0;74:0;75:0;80:0;95:0;96:0;98:0,SIM
flood,100,20,9,warm,240.0,60.0,node_hello,windowed,node_hello|windowed|flood|100,15,2,0.1,0.2672640000000044,0.26726400000001077,71.5,113.09772800000022,74.87897600000021,38.21875200000001,0.662073211585648,0.0,0.1,0,527,0.0,547,143,404,20,0,123,1800,0.0,0.07603135313531353,0,0.0,node_hello,1:0;11:0;15:0;17:0;21:0;29:1;48:0;53:0;55:0;60:0;7:0;72:0;79:0;8:0;80:0;81:0;85:0;89:1;95:0;96:0,SIM
flood,100,20,9,warm,240.0,60.0,node_hello,windowed,node_hello|windowed|flood|100,16,0,0.0,0.0,0.0,0.0,80.22425600000021,74.87897600000021,5.34528,0.9333707750433985,0.0,1.0,0,404,0.0,424,20,404,20,0,0,2000,0.0,0.060808580858085805,0,0.0,node_hello,0:0;10:0;12:0;13:0;15:0;2:0;24:0;25:0;34:0;35:0;45:0;5:0;63:0;67:0;68:0;70:0;8:0;90:0;93:0;94:0,SIM
flood,100,20,9,warm,240.0,60.0,node_hello,windowed,node_hello|windowed|flood|100,17,0,0.0,0.0,0.0,0.0,80.22425600000021,74.87897600000021,5.34528,0.9333707750433985,0.0,1.0,0,406,0.0,424,20,404,20,0,0,1800,0.0,0.060808580858085805,0,0.0,node_hello,1:0;12:0;22:0;23:0;27:0;29:0;30:0;41:0;42:0;48:0;49:0;51:0;52:0;60:0;61:0;62:0;63:0;83:0;87:0;88:0,SIM
flood,100,20,9,warm,240.0,60.0,node_hello,windowed,node_hello|windowed|flood|100,18,0,0.0,0.0,0.0,0.0,80.22425600000021,74.87897600000021,5.34528,0.9333707750433985,0.0,1.0,0,404,0.0,424,20,404,20,0,0,2000,0.0,0.060808580858085805,0,0.0,node_hello,13:0;29:0;45:0;49:0;5:0;50:0;54:0;66:0;7:0;76:0;8:0;85:0;86:0;87:0;89:0;91:0;96:0;97:0;98:0;99:0,SIM
flood,100,20,9,warm,240.0,60.0,node_hello,windowed,node_hello|windowed|flood|100,19,1,0.05,0.2672640000000115,0.2672640000000115,153.0,115.77036800000019,74.87897600000021,40.89139199999998,0.6467887879565183,0.0,0.05,0,537,0.0,557,153,404,20,0,133,1800,0.0,0.07726897689768977,0,0.0,node_hello,10:0;12:0;16:0;19:0;27:0;30:0;40:0;49:0;50:0;57:0;6:0;61:0;68:0;69:0;73:0;76:0;89:0;95:0;96:1;99:0,SIM
gradient,25,20,9,warm,240.0,60.0,node_hello,windowed,node_hello|windowed|gradient|25,0,2,0.1,0.2672639999999973,0.2672639999999973,10.0,24.62105600000003,19.275776000000032,5.34528,0.7828980202961241,0.0,0.1,0,104,0.0,124,20,104,20,0,38,450,0.0,0.06794871794871796,0,0.0,node_hello,10:0;11:0;12:0;14:0;15:1;16:0;17:0;18:0;19:0;2:0;20:0;21:0;22:0;23:0;4:1;5:0;6:0;7:0;8:0;9:0,SIM
gradient,25,20,9,warm,240.0,60.0,node_hello,windowed,node_hello|windowed|gradient|25,1,0,0.0,0.0,0.0,0.0,24.62105600000003,19.275776000000032,5.34528,0.7828980202961241,0.0,1.0,0,106,0.0,124,20,104,20,0,0,450,0.0,0.06794871794871796,0,0.0,node_hello,0:0;10:0;11:0;12:0;13:0;14:0;15:0;16:0;17:0;18:0;2:0;21:0;22:0;23:0;24:0;4:0;6:0;7:0;8:0;9:0,SIM
gradient,25,20,9,warm,240.0,60.0,node_hello,windowed,node_hello|windowed|gradient|25,2,0,0.0,0.0,0.0,0.0,24.62105600000003,19.275776000000032,5.34528,0.7828980202961241,0.0,1.0,0,106,0.0,124,20,104,20,0,0,450,0.0,0.06794871794871796,0,0.0,node_hello,0:0;1:0;10:0;11:0;13:0;15:0;16:0;17:0;18:0;19:0;2:0;21:0;22:0;23:0;24:0;3:0;4:0;6:0;8:0;9:0,SIM
gradient,25,20,9,warm,240.0,60.0,node_hello,windowed,node_hello|windowed|gradient|25,3,2,0.1,0.2672640000000044,0.26726400000001077,10.0,24.62105600000003,19.275776000000032,5.34528,0.7828980202961241,0.0,0.1,0,104,0.0,124,20,104,20,0,37,450,0.0,0.06794871794871796,0,0.0,node_hello,0:0;1:0;10:0;12:0;14:0;15:0;16:0;17:0;18:0;2:0;21:0;22:0;23:1;3:0;4:0;5:0;6:0;7:0;8:0;9:1,SIM
gradient,25,20,9,warm,240.0,60.0,node_hello,windowed,node_hello|windowed|gradient|25,4,1,0.05,0.2672640000000115,0.2672640000000115,20.0,24.62105600000003,19.275776000000032,5.34528,0.7828980202961241,0.0,0.05,0,104,0.0,124,20,104,20,0,36,450,0.0,0.06794871794871796,0,0.0,node_hello,0:0;10:0;11:0;12:0;13:0;14:0;15:0;17:0;19:0;2:0;20:1;21:0;22:0;23:0;24:0;4:0;5:0;6:0;7:0;9:0,SIM
gradient,25,20,9,warm,240.0,60.0,node_hello,windowed,node_hello|windowed|gradient|25,5,0,0.0,0.0,0.0,0.0,24.62105600000003,19.275776000000032,5.34528,0.7828980202961241,0.0,1.0,0,104,0.0,124,20,104,20,0,0,500,0.0,0.06794871794871796,0,0.0,node_hello,1:0;10:0;11:0;12:0;13:0;14:0;15:0;16:0;19:0;2:0;20:0;21:0;22:0;23:0;24:0;4:0;5:0;6:0;8:0;9:0,SIM
gradient,25,20,9,warm,240.0,60.0,node_hello,windowed,node_hello|windowed|gradient|25,6,0,0.0,0.0,0.0,0.0,24.62105600000003,19.275776000000032,5.34528,0.7828980202961241,0.0,1.0,0,104,0.0,124,20,104,20,0,0,500,0.0,0.06794871794871796,0,0.0,node_hello,1:0;11:0;12:0;13:0;14:0;15:0;16:0;17:0;19:0;2:0;21:0;22:0;23:0;3:0;4:0;5:0;6:0;7:0;8:0;9:0,SIM
gradient,25,20,9,warm,240.0,60.0,node_hello,windowed,node_hello|windowed|gradient|25,7,0,0.0,0.0,0.0,0.0,24.62105600000003,19.275776000000032,5.34528,0.7828980202961241,0.0,1.0,0,100,0.0,124,20,104,20,51,0,500,0.52,0.06794871794871796,0,0.0,node_hello,1:0;10:0;11:0;12:0;13:0;14:0;15:0;17:0;18:0;19:0;2:0;20:0;21:0;23:0;3:0;4:0;5:0;6:0;7:0;9:0,SIM
gradient,25,20,9,warm,240.0,60.0,node_hello,windowed,node_hello|windowed|gradient|25,8,0,0.0,0.0,0.0,0.0,24.62105600000003,19.275776000000032,5.34528,0.7828980202961241,0.0,1.0,0,104,0.0,124,20,104,20,0,13,479,0.0,0.06794871794871796,0,0.0,node_hello,0:0;1:0;10:0;12:0;13:0;14:0;15:0;17:0;18:0;19:0;20:0;21:0;22:0;23:0;24:0;4:0;5:0;6:0;7:0;9:0,SIM
gradient,25,20,9,warm,240.0,60.0,node_hello,windowed,node_hello|windowed|gradient|25,9,0,0.0,0.0,0.0,0.0,24.62105600000003,19.275776000000032,5.34528,0.7828980202961241,0.0,1.0,0,100,0.0,124,20,104,20,66,0,500,0.0,0.06794871794871796,0,0.0,node_hello,0:0;10:0;11:0;13:0;14:0;15:0;16:0;17:0;18:0;19:0;2:0;20:0;22:0;23:0;24:0;3:0;5:0;6:0;7:0;9:0,SIM
gradient,25,20,9,warm,240.0,60.0,node_hello,windowed,node_hello|windowed|gradient|25,10,0,0.0,0.0,0.0,0.0,24.62105600000003,19.275776000000032,5.34528,0.7828980202961241,0.0,1.0,0,106,0.0,124,20,104,20,0,0,450,0.0,0.06794871794871796,0,0.0,node_hello,1:0;10:0;11:0;12:0;13:0;14:0;15:0;16:0;18:0;19:0;2:0;22:0;23:0;3:0;4:0;5:0;6:0;7:0;8:0;9:0,SIM
gradient,25,20,9,warm,240.0,60.0,node_hello,windowed,node_hello|windowed|gradient|25,11,0,0.0,0.0,0.0,0.0,24.62105600000003,19.275776000000032,5.34528,0.7828980202961241,0.0,1.0,0,104,0.0,124,20,104,20,0,0,500,0.0,0.06794871794871796,0,0.0,node_hello,0:0;1:0;11:0;12:0;13:0;15:0;17:0;18:0;19:0;20:0;21:0;22:0;23:0;3:0;4:0;5:0;6:0;7:0;8:0;9:0,SIM
gradient,25,20,9,warm,240.0,60.0,node_hello,windowed,node_hello|windowed|gradient|25,12,0,0.0,0.0,0.0,0.0,24.62105600000003,19.275776000000032,5.34528,0.7828980202961241,0.0,1.0,0,106,0.0,124,20,104,20,0,0,450,0.0,0.06794871794871796,0,0.0,node_hello,0:0;1:0;11:0;12:0;14:0;15:0;16:0;17:0;18:0;19:0;21:0;22:0;23:0;24:0;3:0;4:0;5:0;6:0;7:0;9:0,SIM
gradient,25,20,9,warm,240.0,60.0,node_hello,windowed,node_hello|windowed|gradient|25,13,0,0.0,0.0,0.0,0.0,24.62105600000003,19.275776000000032,5.34528,0.7828980202961241,0.0,1.0,0,104,0.0,124,20,104,20,0,0,500,0.0,0.06794871794871796,0,0.0,node_hello,0:0;1:0;10:0;11:0;12:0;14:0;15:0;17:0;18:0;19:0;2:0;21:0;22:0;23:0;3:0;4:0;6:0;7:0;8:0;9:0,SIM
gradient,25,20,9,warm,240.0,60.0,node_hello,windowed,node_hello|windowed|gradient|25,14,1,0.05,0.2672639999999973,0.2672639999999973,20.0,24.62105600000003,19.275776000000032,5.34528,0.7828980202961241,0.0,0.05,0,100,0.0,124,20,104,20,63,9,486,0.0,0.06794871794871796,0,0.0,node_hello,0:0;1:0;10:0;11:0;12:0;15:0;16:0;17:0;18:0;19:0;2:0;20:0;22:0;24:0;3:0;4:0;6:0;7:0;8:0;9:1,SIM
gradient,25,20,9,warm,240.0,60.0,node_hello,windowed,node_hello|windowed|gradient|25,15,0,0.0,0.0,0.0,0.0,24.62105600000003,19.275776000000032,5.34528,0.7828980202961241,0.0,1.0,0,106,0.0,124,20,104,20,0,0,450,0.0,0.06794871794871796,0,0.0,node_hello,0:0;1:0;10:0;11:0;14:0;15:0;16:0;17:0;18:0;19:0;2:0;20:0;22:0;23:0;24:0;4:0;5:0;7:0;8:0;9:0,SIM
gradient,25,20,9,warm,240.0,60.0,node_hello,windowed,node_hello|windowed|gradient|25,16,0,0.0,0.0,0.0,0.0,24.62105600000003,19.275776000000032,5.34528,0.7828980202961241,0.0,1.0,0,104,0.0,124,20,104,20,0,0,500,0.0,0.06794871794871796,0,0.0,node_hello,0:0;1:0;10:0;13:0;14:0;16:0;17:0;18:0;2:0;20:0;21:0;22:0;23:0;24:0;3:0;4:0;5:0;6:0;7:0;8:0,SIM
gradient,25,20,9,warm,240.0,60.0,node_hello,windowed,node_hello|windowed|gradient|25,17,2,0.1,0.2672640000000044,0.26726400000001077,10.0,24.62105600000003,19.275776000000032,5.34528,0.7828980202961241,0.0,0.1,0,104,0.0,124,20,104,20,0,27,450,0.0,0.06794871794871796,0,0.0,node_hello,0:0;1:0;10:0;11:0;12:0;13:0;14:0;15:0;16:1;18:0;20:0;21:0;22:0;23:0;24:0;3:0;4:1;5:0;6:0;8:0,SIM
gradient,25,20,9,warm,240.0,60.0,node_hello,windowed,node_hello|windowed|gradient|25,18,0,0.0,0.0,0.0,0.0,24.62105600000003,19.275776000000032,5.34528,0.7828980202961241,0.0,1.0,0,104,0.0,124,20,104,20,0,13,484,0.0,0.06794871794871796,0,0.0,node_hello,0:0;10:0;11:0;12:0;13:0;14:0;15:0;16:0;17:0;18:0;19:0;2:0;21:0;22:0;23:0;24:0;4:0;6:0;8:0;9:0,SIM
gradient,25,20,9,warm,240.0,60.0,node_hello,windowed,node_hello|windowed|gradient|25,19,0,0.0,0.0,0.0,0.0,24.62105600000003,19.275776000000032,5.34528,0.7828980202961241,0.0,1.0,0,106,0.0,124,20,104,20,0,0,450,0.0,0.06794871794871796,0,0.0,node_hello,0:0;1:0;10:0;13:0;14:0;15:0;16:0;18:0;19:0;2:0;20:0;21:0;23:0;24:0;3:0;4:0;5:0;6:0;8:0;9:0,SIM
gradient,50,20,9,warm,240.0,60.0,node_hello,windowed,node_hello|windowed|gradient|50,0,2,0.1,0.2672640000000044,0.26726400000001077,10.0,43.15545600000009,37.81017600000009,5.34528,0.8761389521640093,0.0,0.1,0,204,0.0,224,20,204,20,0,32,953,0.0,0.06323529411764706,0,0.0,node_hello,0:0;10:1;11:0;16:0;17:0;19:0;21:0;22:0;24:0;26:0;28:0;30:1;32:0;33:0;36:0;38:0;42:0;46:0;7:0;9:0,SIM
gradient,50,20,9,warm,240.0,60.0,node_hello,windowed,node_hello|windowed|gradient|50,1,0,0.0,0.0,0.0,0.0,43.15545600000009,37.81017600000009,5.34528,0.8761389521640093,0.0,1.0,0,204,0.0,224,20,204,20,0,68,900,0.0,0.06323529411764706,0,0.0,node_hello,1:0;10:0;14:0;19:0;20:0;25:0;27:0;28:0;3:0;32:0;33:0;34:0;4:0;40:0;41:0;42:0;43:0;44:0;45:0;48:0,SIM
gradient,50,20,9,warm,240.0,60.0,node_hello,windowed,node_hello|windowed|gradient|50,2,1,0.05,0.2672639999999973,0.2672639999999973,20.0,43.15545600000009,37.81017600000009,5.34528,0.8761389521640093,0.0,0.05,0,204,0.0,224,20,204,20,0,74,900,0.0,0.06323529411764706,0,0.0,node_hello,0:0;14:0;15:0;16:0;17:0;2:0;23:0;27:0;28:0;29:0;32:0;37:0;39:0;4:1;40:0;42:0;46:0;47:0;5:0;6:0,SIM
gradient,50,20,9,warm,240.0,60.0,node_hello,windowed,node_hello|windowed|gradient|50,3,1,0.05,0.2672639999999973,0.2672639999999973,20.0,43.15545600000009,37.81017600000009,5.34528,0.8761389521640093,0.0,0.05,0,204,0.0,224,20,204,20,0,62,900,0.0,0.06323529411764706,0,0.0,node_hello,10:0;11:0;12:0;13:1;14:0;17:0;2:0;20:0;21:0;25:0;28:0;33:0;36:0;40:0;41:0;45:0;48:0;49:0;5:0;7:0,SIM
gradient,50,20,9,warm,240.0,60.0,node_hello,windowed,node_hello|windowed|gradient|50,4,0,0.0,0.0,0.0,0.0,43.15545600000009,37.81017600000009,5.34528,0.8761389521640093,0.0,1.0,0,206,0.0,224,20,204,20,0,0,900,0.0,0.06323529411764706,0,0.0,node_hello,10:0;12:0;13:0;17:0;18:0;2:0;21:0;25:0;26:0;29:0;3:0;31:0;33:0;39:0;4:0;41:0;42:0;43:0;44:0;8:0,SIM
gradient,50,20,9,warm,240.0,60.0,node_hello,windowed,node_hello|windowed|gradient|50,5,0,0.0,0.0,0.0,0.0,43.15545600000009,37.81017600000009,5.34528,0.8761389521640093,0.0,1.0,0,204,0.0,224,20,204,20,0,0,1000,0.0,0.06323529411764706,0,0.0,node_hello,0:0;11:0;16:0;17:0;18:0;20:0;21:0;22:0;29:0;30:0;32:0;33:0;35:0;37:0;41:0;44:0;45:0;46:0;49:0;8:0,SIM
gradient,50,20,9,warm,240.0,60.0,node_hello,windowed,node_hello|windowed|gradient|50,6,1,0.05,0.2672639999999973,0.2672639999999973,20.0,43.15545600000009,37.81017600000009,5.34528,0.8761389521640093,0.0,0.05,0,204,0.0,224,20,204,20,0,69,900,0.0,0.06323529411764706,0,0.0,node_hello,1:0;10:0;12:0;16:0;24:0;28:0;29:0;30:0;31:0;35:0;37:0;39:0;4:0;40:0;42:0;44:0;45:0;46:0;5:0;8:1,SIM
gradient,50,20,9,warm,240.0,60.0,node_hello,windowed,node_hello|windowed|gradient|50,7,0,0.0,0.0,0.0,0.0,43.15545600000009,37.81017600000009,5.34528,0.8761389521640093,0.0,1.0,0,204,0.0,224,20,204,20,0,0,1000,0.0,0.06323529411764706,0,0.0,node_hello,1:0;10:0;14:0;16:0;19:0;21:0;22:0;23:0;32:0;33:0;34:0;41:0;42:0;43:0;44:0;45:0;48:0;49:0;5:0;9:0,SIM
gradient,50,20,9,warm,240.0,60.0,node_hello,windowed,node_hello|windowed|gradient|50,8,0,0.0,0.0,0.0,0.0,43.15545600000009,37.81017600000009,5.34528,0.8761389521640093,0.0,1.0,0,206,0.0,224,20,204,20,0,0,900,0.0,0.06323529411764706,0,0.0,node_hello,0:0;14:0;18:0;19:0;20:0;22:0;23:0;25:0;26:0;33:0;35:0;38:0;39:0;40:0;41:0;44:0;45:0;46:0;48:0;5:0,SIM
gradient,50,20,9,warm,240.0,60.0,node_hello,windowed,node_hello|windowed|gradient|50,9,0,0.0,0.0,0.0,0.0,43.15545600000009,37.81017600000009,5.34528,0.8761389521640093,0.0,1.0,0,204,0.0,224,20,204,20,0,0,1000,0.0,0.06323529411764706,0,0.0,node_hello,0:0;1:0;11:0;12:0;14:0;16:0;17:0;24:0;27:0;29:0;30:0;34:0;35:0;37:0;4:0;41:0;44:0;45:0;49:0;5:0,SIM
gradient,50,20,9,warm,240.0,60.0,node_hello,windowed,node_hello|windowed|gradient|50,10,0,0.0,0.0,0.0,0.0,43.15545600000009,37.81017600000009,5.34528,0.8761389521640093,0.0,1.0,0,206,0.0,224,20,204,20,0,0,900,0.0,0.06323529411764706,0,0.0,node_hello,0:0;12:0;13:0;17:0;23:0;24:0;26:0;27:0;28:0;33:0;35:0;38:0;4:0;42:0;44:0;46:0;47:0;48:0;49:0;7:0,SIM
gradient,50,20,9,warm,240.0,60.0,node_hello,windowed,node_hello|windowed|gradient|50,11,2,0.1,0.2672639999999973,0.2672639999999973,10.0,43.15545600000009,37.81017600000009,5.34528,0.8761389521640093,0.0,0.1,0,204,0.0,224,20,204,20,0,61,900,0.0,0.06323529411764706,0,0.0,node_hello,1:1;19:0;2:0;20:0;22:0;23:0;28:0;30:0;31:1;34:0;38:0;4:0;40:0;41:0;42:0;44:0;45:0;48:0;49:0;8:0,SIM
gradient,50,20,9,warm,240.0,60.0,node_hello,windowed,node_hello|windowed|gradient|50,12,0,0.0,0.0,0.0,0.0,43.15545600000009,37.81017600000009,5.34528,0.8761389521640093,0.0,1.0,0,200,0.0,224,20,204,20,137,0,1000,0.0,0.06323529411764706,0,0.0,node_hello,10:0;12:0;13:0;15:0;17:0;19:0;22:0;24:0;25:0;26:0;31:0;34:0;39:0;4:0;40:0;42:0;45:0;46:0;6:0;7:0,SIM
gradient,50,20,9,warm,240.0,60.0,node_hello,windowed,node_hello|windowed|gradient|50,13,0,0.0,0.0,0.0,0.0,43.15545600000009,37.81017600000009,5.34528,0.8761389521640093,0.0,1.0,0,206,0.0,224,20,204,20,0,0,900,0.0,0.06323529411764706,0,0.0,node_hello,10:0;18:0;2:0;20:0;22:0;23:0;27:0;28:0;3:0;31:0;34:0;35:0;37:0;42:0;43:0;47:0;48:0;49:0;6:0;8:0,SIM
gradient,50,20,9,warm,240.0,60.0,node_hello,windowed,node_hello|windowed|gradient|50,14,0,0.0,0.0,0.0,0.0,43.15545600000009,37.81017600000009,5.34528,0.8761389521640093,0.0,1.0,0,204,0.0,224,20,204,20,0,0,1000,0.0,0.06323529411764706,0,0.0,node_hello,0:0;10:0;19:0;2:0;23:0;24:0;27:0;28:0;3:0;34:0;4:0;41:0;43:0;44:0;45:0;47:0;49:0;6:0;7:0;8:0,SIM
gradient,50,20,9,warm,240.0,60.0,node_hello,windowed,node_hello|windowed|gradient|50,15,0,0.0,0.0,0.0,0.0,43.15545600000009,37.81017600000009,5.34528,0.8761389521640093,0.0,1.0,0,202,0.0,224,20,204,20,111,0,900,0.0,0.06323529411764706,0,0.0,node_hello,1:0;10:0;11:0;13:0;17:0;21:0;22:0;26:0;29:0;3:0;33:0;36:0;38:0;39:0;42:0;43:0;45:0;46:0;48:0;8:0,SIM
gradient,50,20,9,warm,240.0,60.0,node_hello,windowed,node_hello|windowed|gradient|50,16,0,0.0,0.0,0.0,0.0,43.15545600000009,37.81017600000009,5.34528,0.8761389521640093,0.0,1.0,0,204,0.0,224,20,204,20,0,0,1000,0.0,0.06323529411764706,0,0.0,node_hello,1:0;13:0;14:0;17:0;22:0;3:0;30:0;32:0;33:0;34:0;37:0;4:0;40:0;41:0;42:0;44:0;45:0;46:0;49:0;9:0,SIM
gradient,50,20,9,warm,240.0,60.0,node_hello,windowed,node_hello|windowed|gradient|50,17,2,0.1,0.2672639999999973,0.2672639999999973,10.0,43.15545600000009,37.81017600000009,5.34528,0.8761389521640093,0.0,0.1,0,204,0.0,224,20,204,20,0,60,900,0.0,0.06323529411764706,0,0.0,node_hello,0:0;1:1;13:0;14:0;17:0;19:0;21:0;27:0;29:1;3:0;30:0;33:0;34:0;40:0;43:0;46:0;48:0;49:0;6:0;7:0,SIM
gradient,50,20,9,warm,240.0,60.0,node_hello,windowed,node_hello|windowed|gradient|50,18,0,0.0,0.0,0.0,0.0,43.15545600000009,37.81017600000009,5.34528,0.8761389521640093,0.0,1.0,0,204,0.0,224,20,204,20,0,0,1000,0.0,0.06323529411764706,0,0.0,node_hello,10:0;14:0;20:0;21:0;23:0;24:0;25:0;29:0;31:0;32:0;33:0;34:0;35:0;36:0;4:0;44:0;45:0;47:0;48:0;5:0,SIM
gradient,50,20,9,warm,240.0,60.0,node_hello,windowed,node_hello|windowed|gradient|50,19,0,0.0,0.0,0.0,0.0,43.15545600000009,37.81017600000009,5.34528,0.8761389521640093,0.0,1.0,0,206,0.0,224,20,204,20,0,0,900,0.0,0.06323529411764706,0,0.0,node_hello,12:0;15:0;17:0;18:0;2:0;20:0;27:0;28:0;34:0;37:0;39:0;4:0;40:0;41:0;43:0;45:0;47:0;7:0;8:0;9:0,SIM
gradient,100,20,9,warm,240.0,60.0,node_hello,windowed,node_hello|windowed|gradient|100,0,1,0.05,0.2672640000000115,0.2672640000000115,20.0,80.22425600000021,74.87897600000021,5.34528,0.9333707750433985,0.0,0.05,0,404,0.0,424,20,404,20,0,101,1800,0.0,0.060808580858085805,0,0.0,node_hello,1:0;10:0;11:0;12:0;25:0;28:0;37:0;49:0;50:0;57:0;62:1;66:0;7:0;71:0;74:0;8:0;81:0;86:0;91:0;95:0,SIM
gradient,100,20,9,warm,240.0,60.0,node_hello,windowed,node_hello|windowed|gradient|100,1,0,0.0,0.0,0.0,0.0,80.22425600000021,74.87897600000021,5.34528,0.9333707750433985,0.0,1.0,0,406,0.0,424,20,404,20,0,0,1800,0.0,0.060808580858085805,0,0.0,node_hello,11:0;12:0;23:0;29:0;31:0;38:0;39:0;40:0;41:0;42:0;43:0;49:0;5:0;57:0;69:0;73:0;74:0;82:0;83:0;96:0,SIM
gradient,100,20,9,warm,240.0,60.0,node_hello,windowed,node_hello|windowed|gradient|100,2,0,0.0,0.0,0.0,0.0,79.85356800000021,74.5082880000002,5.34528,0.9330614757251675,0.0,1.0,0,404,0.0,422,20,402,20,0,0,1800,0.0,0.06056105610561056,0,0.0,node_hello,1:0;10:0;24:0;28:0;40:0;42:0;48:0;51:0;59:0;67:0;68:0;70:0;79:0;81:0;84:0;85:0;91:0;92:0;95:0;97:0,SIM
gradient,100,20,9,warm,240.0,60.0,node_hello,windowed,node_hello|windowed|gradient|100,3,0,0.0,0.0,0.0,0.0,80.22425600000021,74.87897600000021,5.34528,0.9333707750433985,0.0,1.0,0,404,0.0,424,20,404,20,0,0,2000,0.0,0.060808580858085805,0,0.0,node_hello,11:0;12:0;14:0;15:0;22:0;3:0;36:0;38:0;43:0;48:0;49:0;5:0;61:0;67:0;72:0;74:0;84:0;86:0;89:0;99:0,SIM
gradient,100,20,9,warm,240.0,60.0,node_hello,windowed,node_hello|windowed|gradient|100,4,2,0.1,0.2672640000000044,0.26726400000001077,10.0,80.22425600000021,74.87897600000021,5.34528,0.9333707750433985,0.0,0.1,0,404,0.0,424,20,404,20,0,118,1800,0.0,0.060808580858085805,0,0.0,node_hello,28:0;29:0;30:0;36:0;38:0;39:0;40:0;41:0;47:1;51:0;57:0;62:0;64:0;67:0;68:0;76:0;80:0;88:0;90:1;95:0,SIM
gradient,100,20,9,warm,240.0,60.0,node_hello,windowed,node_hello|windowed|gradient|100,5,0,0.0,0.0,0.0,0.0,80.22425600000021,74.87897600000021,5.34528,0.9333707750433985,0.0,1.0,0,404,0.0,424,20,404,20,0,0,2000,0.0,0.060808580858085805,0,0.0,node_hello,1:0;13:0;24:0;25:0;49:0;50:0;54:0;58:0;60:0;61:0;69:0;73:0;76:0;80:0;83:0;87:0;88:0;90:0;92:0;99:0,SIM
gradient,100,20,9,warm,240.0,60.0,node_hello,windowed,node_hello|windowed|gradient|100,6,0,0.0,0.0,0.0,0.0,80.22425600000021,74.87897600000021,5.34528,0.9333707750433985,0.0,1.0,0,400,0.0,424,20,404,20,238,0,2000,0.57,0.060808580858085805,0,0.0,node_hello,11:0;16:0;23:0;29:0;31:0;33:0;34:0;49:0;53:0;54:0;61:0;66:0;69:0;72:0;75:0;76:0;78:0;80:0;84:0;86:0,SIM
gradient,100,20,9,warm,240.0,60.0,node_hello,windowed,node_hello|windowed|gradient|100,7,0,0.0,0.0,0.0,0.0,80.22425600000021,74.87897600000021,5.34528,0.9333707750433985,0.0,1.0,0,404,0.0,424,20,404,20,0,0,2000,0.0,0.060808580858085805,0,0.0,node_hello,11:0;12:0;17:0;20:0;25:0;28:0;40:0;43:0;45:0;50:0;51:0;53:0;55:0;59:0;62:0;65:0;85:0;90:0;92:0;95:0,SIM
gradient,100,20,9,warm,240.0,60.0,node_hello,windowed,node_hello|windowed|gradient|100,8,2,0.1,0.2672640000000044,0.26726400000001077,10.0,80.22425600000021,74.87897600000021,5.34528,0.9333707750433985,0.0,0.1,0,404,0.0,424,20,404,20,0,122,1800,0.0,0.060808580858085805,0,0.0,node_hello,15:0;17:1;27:0;3:0;37:0;4:0;44:0;47:0;48:0;50:0;60:0;62:0;64:0;65:1;67:0;72:0;79:0;82:0;89:0;98:0,SIM
gradient,100,20,9,warm,240.0,60.0,node_hello,windowed,node_hello|windowed|gradient|100,9,1,0.05,0.2672639999999973,0.2672639999999973,20.0,80.22425600000021,74.87897600000021,5.34528,0.9333707750433985,0.0,0.05,0,404,0.0,424,20,404,20,0,126,1800,0.0,0.060808580858085805,0,0.0,node_hello,11:1;12:0;17:0;19:0;20:0;25:0;34:0;41:0;42:0;45:0;49:0;5:0;50:0;51:0;64:0;65:0;72:0;75:0;83:0;88:0,SIM
gradient,100,20,9,warm,240.0,60.0,node_hello,windowed,node_hello|windowed|gradient|100,10,0,0.0,0.0,0.0,0.0,80.22425600000021,74.87897600000021,5.34528,0.9333707750433985,0.0,1.0,0,404,0.0,424,20,404,20,0,55,1935,0.0,0.060808580858085805,0,0.0,node_hello,1:0;12:0;20:0;29:0;31:0;37:0;44:0;49:0;60:0;65:0;66:0;68:0;77:0;79:0;81:0;83:0;85:0;86:0;88:0;97:0,SIM
gradient,100,20,9,warm,240.0,60.0,node_hello,windowed,node_hello|windowed|gradient|100,11,0,0.0,0.0,0.0,0.0,80.22425600000021,74.87897600000021,5.34528,0.9333707750433985,0.0,1.0,0,404,0.0,424,20,404,20,0,0,2000,0.0,0.060808580858085805,0,0.0,node_hello,10:0;2:0;27:0;3:0;33:0;35:0;4:0;41:0;43:0;44:0;53:0;54:0;56:0;62:0;64:0;68:0;70:0;8:0;91:0;98:0,SIM
gradient,100,20,9,warm,240.0,60.0,node_hello,windowed,node_hello|windowed|gradient|100,12,2,0.1,0.2672640000000044,0.26726400000001077,10.0,80.22425600000021,74.87897600000021,5.34528,0.9333707750433985,0.0,0.1,0,404,0.0,424,20,404,20,0,127,1800,0.0,0.060808580858085805,0,0.0,node_hello,1:0;10:0;14:0;26:0;29:0;3:0;31:0;43:0;58:1;60:0;7:0;72:0;75:0;78:0;80:0;83:0;87:0;92:0;95:0;96:1,SIM
gradient,100,20,9,warm,240.0,60.0,node_hello,windowed,node_hello|windowed|gradient|100,13,0,0.0,0.0,0.0,0.0,62.06054400000016,56.715264000000154,5.34528,0.913869913869914,0.0,1.0,0,307,0.0,326,20,306,20,75,0,1800,0.0,0.04867986798679868,0,0.0,node_hello,15:0;26:0;3:0;38:0;41:0;48:0;49:0;52:0;53:0;57:0;61:0;7:0;72:0;74:0;86:0;87:0;9:0;91:0;95:0;98:0,SIM
gradient,100,20,9,warm,240.0,60.0,node_hello,windowed,node_hello|windowed|gradient|100,14,0,0.0,0.0,0.0,0.0,80.22425600000021,74.87897600000021,5.34528,0.9333707750433985,0.0,1.0,0,404,0.0,424,20,404,20,0,52,1906,0.0,0.060808580858085805,0,0.0,node_hello,10:0;11:0;13:0;15:0;16:0;17:0;24:0;28:0;29:0;46:0;48:0;61:0;68:0;71:0;74:0;75:0;80:0;95:0;96:0;98:0,SIM
gradient,100,20,9,warm,240.0,60.0,node_hello,windowed,node_hello|windowed|gradient|100,15,1,0.05,0.2672639999999973,0.2672639999999973,20.0,80.22425600000021,74.87897600000021,5.34528,0.9333707750433985,0.0,0.05,0,404,0.0,424,20,404,20,0,126,1800,0.0,0.060808580858085805,0,0.0,node_hello,1:0;11:0;15:0;17:0;21:0;29:1;48:0;53:0;55:0;60:0;7:0;72:0;79:0;8:0;80:0;81:0;85:0;89:0;95:0;96:0,SIM
gradient,100,20,9,warm,240.0,60.0,node_hello,windowed,node_hello|windowed|gradient|100,16,0,0.0,0.0,0.0,0.0,80.22425600000021,74.87897600000021,5.34528,0.9333707750433985,0.0,1.0,0,404,0.0,424,20,404,20,0,0,2000,0.0,0.060808580858085805,0,0.0,node_hello,0:0;10:0;12:0;13:0;15:0;2:0;24:0;25:0;34:0;35:0;45:0;5:0;63:0;67:0;68:0;70:0;8:0;90:0;93:0;94:0,SIM
gradient,100,20,9,warm,240.0,60.0,node_hello,windowed,node_hello|windowed|gradient|100,17,0,0.0,0.0,0.0,0.0,80.22425600000021,74.87897600000021,5.34528,0.9333707750433985,0.0,1.0,0,406,0.0,424,20,404,20,0,0,1800,0.0,0.060808580858085805,0,0.0,node_hello,1:0;12:0;22:0;23:0;27:0;29:0;30:0;41:0;42:0;48:0;49:0;51:0;52:0;60:0;61:0;62:0;63:0;83:0;87:0;88:0,SIM
gradient,100,20,9,warm,240.0,60.0,node_hello,windowed,node_hello|windowed|gradient|100,18,0,0.0,0.0,0.0,0.0,80.22425600000021,74.87897600000021,5.34528,0.9333707750433985,0.0,1.0,0,404,0.0,424,20,404,20,0,0,2000,0.0,0.060808580858085805,0,0.0,node_hello,13:0;29:0;45:0;49:0;5:0;50:0;54:0;66:0;7:0;76:0;8:0;85:0;86:0;87:0;89:0;91:0;96:0;97:0;98:0;99:0,SIM
gradient,100,20,9,warm,240.0,60.0,node_hello,windowed,node_hello|windowed|gradient|100,19,2,0.1,0.2672640000000044,0.26726400000001077,10.0,80.22425600000021,74.87897600000021,5.34528,0.9333707750433985,0.0,0.1,0,404,0.0,424,20,404,20,0,139,1800,0.0,0.060808580858085805,0,0.0,node_hello,10:0;12:0;16:0;19:0;27:0;30:0;40:0;49:1;50:0;57:0;6:0;61:0;68:0;69:0;73:0;76:0;89:0;95:0;96:1;99:0,SIM
flood,25,20,9,warm,240.0,60.0,node_hello,tx_only,node_hello|tx_only|flood|25,0,0,0.0,0.0,0.0,0.0,24.62105600000003,19.275776000000032,5.34528,0.7828980202961241,0.0,1.0,0,104,0.0,124,20,104,20,0,0,500,0.0,0.0,0,0.0,node_hello,10:0;11:0;12:0;14:0;15:0;16:0;17:0;18:0;19:0;2:0;20:0;21:0;22:0;23:0;4:0;5:0;6:0;7:0;8:0;9:0,SIM
flood,25,20,9,warm,240.0,60.0,node_hello,tx_only,node_hello|tx_only|flood|25,1,0,0.0,0.0,0.0,0.0,24.62105600000003,19.275776000000032,5.34528,0.7828980202961241,0.0,1.0,0,106,0.0,124,20,104,20,0,0,450,0.0,0.0,0,0.0,node_hello,0:0;10:0;11:0;12:0;13:0;14:0;15:0;16:0;17:0;18:0;2:0;21:0;22:0;23:0;24:0;4:0;6:0;7:0;8:0;9:0,SIM
flood,25,20,9,warm,240.0,60.0,node_hello,tx_only,node_hello|tx_only|flood|25,2,0,0.0,0.0,0.0,0.0,24.62105600000003,19.275776000000032,5.34528,0.7828980202961241,0.0,1.0,0,106,0.0,124,20,104,20,0,0,450,0.0,0.0,0,0.0,node_hello,0:0;1:0;10:0;11:0;13:0;15:0;16:0;17:0;18:0;19:0;2:0;21:0;22:0;23:0;24:0;3:0;4:0;6:0;8:0;9:0,SIM
flood,25,20,9,warm,240.0,60.0,node_hello,tx_only,node_hello|tx_only|flood|25,3,0,0.0,0.0,0.0,0.0,24.62105600000003,19.275776000000032,5.34528,0.7828980202961241,0.0,1.0,0,104,0.0,124,20,104,20,0,0,500,0.0,0.0,0,0.0,node_hello,0:0;1:0;10:0;12:0;14:0;15:0;16:0;17:0;18:0;2:0;21:0;22:0;23:0;3:0;4:0;5:0;6:0;7:0;8:0;9:0,SIM
flood,25,20,9,warm,240.0,60.0,node_hello,tx_only,node_hello|tx_only|flood|25,4,0,0.0,0.0,0.0,0.0,24.62105600000003,19.275776000000032,5.34528,0.7828980202961241,0.0,1.0,0,104,0.0,124,20,104,20,0,0,500,0.0,0.0,0,0.0,node_hello,0:0;10:0;11:0;12:0;13:0;14:0;15:0;17:0;19:0;2:0;20:0;21:0;22:0;23:0;24:0;4:0;5:0;6:0;7:0;9:0,SIM
flood,25,20,9,warm,240.0,60.0,node_hello,tx_only,node_hello|tx_only|flood|25,5,0,0.0,0.0,0.0,0.0,24.62105600000003,19.275776000000032,5.34528,0.7828980202961241,0.0,1.0,0,104,0.0,124,20,104,20,0,0,500,0.0,0.0,0,0.0,node_hello,1:0;10:0;11:0;12:0;13:0;14:0;15:0;16:0;19:0;2:0;20:0;21:0;22:0;23:0;24:0;4:0;5:0;6:0;8:0;9:0,SIM
flood,25,20,9,warm,240.0,60.0,node_hello,tx_only,node_hello|tx_only|flood|25,6,0,0.0,0.0,0.0,0.0,24.62105600000003,19.275776000000032,5.34528,0.7828980202961241,0.0,1.0,0,104,0.0,124,20,104,20,0,0,500,0.0,0.0,0,0.0,node_hello,1:0;11:0;12:0;13:0;14:0;15:0;16:0;17:0;19:0;2:0;21:0;22:0;23:0;3:0;4:0;5:0;6:0;7:0;8:0;9:0,SIM
flood,25,20,9,warm,240.0,60.0,node_hello,tx_only,node_hello|tx_only|flood|25,7,0,0.0,0.0,0.0,0.0,24.62105600000003,19.275776000000032,5.34528,0.7828980202961241,0.0,1.0,0,100,0.0,124,20,104,20,0,0,600,0.0,0.0,0,0.0,node_hello,1:0;10:0;11:0;12:0;13:0;14:0;15:0;17:0;18:0;19:0;2:0;20:0;21:0;23:0;3:0;4:0;5:0;6:0;7:0;9:0,SIM
flood,25,20,9,warm,240.0,60.0,node_hello,tx_only,node_hello|tx_only|flood|25,8,0,0.0,0.0,0.0,0.0,24.62105600000003,19.275776000000032,5.34528,0.7828980202961241,0.0,1.0,0,104,0.0,124,20,104,20,0,0,500,0.0,0.0,0,0.0,node_hello,0:0;1:0;10:0;12:0;13:0;14:0;15:0;17:0;18:0;19:0;20:0;21:0;22:0;23:0;24:0;4:0;5:0;6:0;7:0;9:0,SIM
flood,25,20,9,warm,240.0,60.0,node_hello,tx_only,node_hello|tx_only|flood|25,9,0,0.0,0.0,0.0,0.0,24.62105600000003,19.275776000000032,5.34528,0.7828980202961241,0.0,1.0,0,100,0.0,124,20,104,20,0,0,600,0.0,0.0,0,0.0,node_hello,0:0;10:0;11:0;13:0;14:0;15:0;16:0;17:0;18:0;19:0;2:0;20:0;22:0;23:0;24:0;3:0;5:0;6:0;7:0;9:0,SIM
flood,25,20,9,warm,240.0,60.0,node_hello,tx_only,node_hello|tx_only|flood|25,10,0,0.0,0.0,0.0,0.0,24.62105600000003,19.275776000000032,5.34528,0.7828980202961241,0.0,1.0,0,106,0.0,124,20,104,20,0,0,450,0.0,0.0,0,0.0,node_hello,1:0;10:0;11:0;12:0;13:0;14:0;15:0;16:0;18:0;19:0;2:0;22:0;23:0;3:0;4:0;5:0;6:0;7:0;8:0;9:0,SIM
flood,25,20,9,warm,240.0,60.0,node_hello,tx_only,node_hello|tx_only|flood|25,11,0,0.0,0.0,0.0,0.0,24.62105600000003,19.275776000000032,5.34528,0.7828980202961241,0.0,1.0,0,104,0.0,124,20,104,20,0,0,500,0.0,0.0,0,0.0,node_hello,0:0;1:0;11:0;12:0;13:0;15:0;17:0;18:0;19:0;20:0;21:0;22:0;23:0;3:0;4:0;5:0;6:0;7:0;8:0;9:0,SIM
flood,25,20,9,warm,240.0,60.0,node_hello,tx_only,node_hello|tx_only|flood|25,12,0,0.0,0.0,0.0,0.0,24.62105600000003,19.275776000000032,5.34528,0.7828980202961241,0.0,1.0,0,106,0.0,124,20,104,20,0,0,450,0.0,0.0,0,0.0,node_hello,0:0;1:0;11:0;12:0;14:0;15:0;16:0;17:0;18:0;19:0;21:0;22:0;23:0;24:0;3:0;4:0;5:0;6:0;7:0;9:0,SIM
flood,25,20,9,warm,240.0,60.0,node_hello,tx_only,node_hello|tx_only|flood|25,13,0,0.0,0.0,0.0,0.0,24.62105600000003,19.275776000000032,5.34528,0.7828980202961241,0.0,1.0,0,104,0.0,124,20,104,20,0,0,500,0.0,0.0,0,0.0,node_hello,0:0;1:0;10:0;11:0;12:0;14:0;15:0;17:0;18:0;19:0;2:0;21:0;22:0;23:0;3:0;4:0;6:0;7:0;8:0;9:0,SIM
flood,25,20,9,warm,240.0,60.0,node_hello,tx_only,node_hello|tx_only|flood|25,14,0,0.0,0.0,0.0,0.0,24.62105600000003,19.275776000000032,5.34528,0.7828980202961241,0.0,1.0,0,100,0.0,124,20,104,20,0,0,600,0.0,0.0,0,0.0,node_hello,0:0;1:0;10:0;11:0;12:0;15:0;16:0;17:0;18:0;19:0;2:0;20:0;22:0;24:0;3:0;4:0;6:0;7:0;8:0;9:0,SIM
flood,25,20,9,warm,240.0,60.0,node_hello,tx_only,node_hello|tx_only|flood|25,15,0,0.0,0.0,0.0,0.0,24.62105600000003,19.275776000000032,5.34528,0.7828980202961241,0.0,1.0,0,106,0.0,124,20,104,20,0,0,450,0.0,0.0,0,0.0,node_hello,0:0;1:0;10:0;11:0;14:0;15:0;16:0;17:0;18:0;19:0;2:0;20:0;22:0;23:0;24:0;4:0;5:0;7:0;8:0;9:0,SIM
flood,25,20,9,warm,240.0,60.0,node_hello,tx_only,node_hello|tx_only|flood|25,16,0,0.0,0.0,0.0,0.0,24.62105600000003,19.275776000000032,5.34528,0.7828980202961241,0.0,1.0,0,104,0.0,124,20,104,20,0,0,500,0.0,0.0,0,0.0,node_hello,0:0;1:0;10:0;13:0;14:0;16:0;17:0;18:0;2:0;20:0;21:0;22:0;23:0;24:0;3:0;4:0;5:0;6:0;7:0;8:0,SIM
flood,25,20,9,warm,240.0,60.0,node_hello,tx_only,node_hello|tx_only|flood|25,17,0,0.0,0.0,0.0,0.0,24.62105600000003,19.275776000000032,5.34528,0.7828980202961241,0.0,1.0,0,104,0.0,124,20,104,20,0,0,500,0.0,0.0,0,0.0,node_hello,0:0;1:0;10:0;11:0;12:0;13:0;14:0;15:0;16:0;18:0;20:0;21:0;22:0;23:0;24:0;3:0;4:0;5:0;6:0;8:0,SIM
flood,25,20,9,warm,240.0,60.0,node_hello,tx_only,node_hello|tx_only|flood|25,18,0,0.0,0.0,0.0,0.0,24.62105600000003,19.275776000000032,5.34528,0.7828980202961241,0.0,1.0,0,104,0.0,124,20,104,20,0,0,500,0.0,0.0,0,0.0,node_hello,0:0;10:0;11:0;12:0;13:0;14:0;15:0;16:0;17:0;18:0;19:0;2:0;21:0;22:0;23:0;24:0;4:0;6:0;8:0;9:0,SIM
flood,25,20,9,warm,240.0,60.0,node_hello,tx_only,node_hello|tx_only|flood|25,19,0,0.0,0.0,0.0,0.0,24.62105600000003,19.275776000000032,5.34528,0.7828980202961241,0.0,1.0,0,106,0.0,124,20,104,20,0,0,450,0.0,0.0,0,0.0,node_hello,0:0;1:0;10:0;13:0;14:0;15:0;16:0;18:0;19:0;2:0;20:0;21:0;23:0;24:0;3:0;4:0;5:0;6:0;8:0;9:0,SIM
flood,50,20,9,warm,240.0,60.0,node_hello,tx_only,node_hello|tx_only|flood|50,0,0,0.0,0.0,0.0,0.0,43.15545600000009,37.81017600000009,5.34528,0.8761389521640093,0.0,1.0,0,204,0.0,224,20,204,20,0,0,1000,0.0,0.0,0,0.0,node_hello,0:0;10:0;11:0;16:0;17:0;19:0;21:0;22:0;24:0;26:0;28:0;30:0;32:0;33:0;36:0;38:0;42:0;46:0;7:0;9:0,SIM
flood,50,20,9,warm,240.0,60.0,node_hello,tx_only,node_hello|tx_only|flood|50,1,0,0.0,0.0,0.0,0.0,43.15545600000009,37.81017600000009,5.34528,0.8761389521640093,0.0,1.0,0,204,0.0,224,20,204,20,0,0,1000,0.0,0.0,0,0.0,node_hello,1:0;10:0;14:0;19:0;20:0;25:0;27:0;28:0;3:0;32:0;33:0;34:0;4:0;40:0;41:0;42:0;43:0;44:0;45:0;48:0,SIM
flood,50,20,9,warm,240.0,60.0,node_hello,tx_only,node_hello|tx_only|flood|50,2,0,0.0,0.0,0.0,0.0,43.15545600000009,37.81017600000009,5.34528,0.8761389521640093,0.0,1.0,0,204,0.0,224,20,204,20,0,0,1000,0.0,0.0,0,0.0,node_hello,0:0;14:0;15:0;16:0;17:0;2:0;23:0;27:0;28:0;29:0;32:0;37:0;39:0;4:0;40:0;42:0;46:0;47:0;5:0;6:0,SIM
flood,50,20,9,warm,240.0,60.0,node_hello,tx_only,node_hello|tx_only|flood|50,3,0,0.0,0.0,0.0,0.0,43.15545600000009,37.81017600000009,5.34528,0.8761389521640093,0.0,1.0,0,204,0.0,224,20,204,20,0,0,1000,0.0,0.0,0,0.0,node_hello,10:0;11:0;12:0;13:0;14:0;17:0;2:0;20:0;21:0;25:0;28:0;33:0;36:0;40:0;41:0;45:0;48:0;49:0;5:0;7:0,SIM
flood,50,20,9,warm,240.0,60.0,node_hello,tx_only,node_hello|tx_only|flood|50,4,0,0.0,0.0,0.0,0.0,43.15545600000009,37.81017600000009,5.34528,0.8761389521640093,0.0,1.0,0,206,0.0,224,20,204,20,0,0,900,0.0,0.0,0,0.0,node_hello,10:0;12:0;13:0;17:0;18:0;2:0;21:0;25:0;26:0;29:0;3:0;31:0;33:0;39:0;4:0;41:0;42:0;43:0;44:0;8:0,SIM
flood,50,20,9,warm,240.0,60.0,node_hello,tx_only,node_hello|tx_only|flood|50,5,0,0.0,0.0,0.0,0.0,43.15545600000009,37.81017600000009,5.34528,0.8761389521640093,0.0,1.0,0,204,0.0,224,20,204,20,0,0,1000,0.0,0.0,0,0.0,node_hello,0:0;11:0;16:0;17:0;18:0;20:0;21:0;22:0;29:0;30:0;32:0;33:0;35:0;37:0;41:0;44:0;45:0;46:0;49:0;8:0,SIM
flood,50,20,9,warm,240.0,60.0,node_hello,tx_only,node_hello|tx_only|flood|50,6,0,0.0,0.0,0.0,0.0,43.15545600000009,37.81017600000009,5.34528,0.8761389521640093,0.0,1.0,0,204,0.0,224,20,204,20,0,0,1000,0.0,0.0,0,0.0,node_hello,1:0;10:0;12:0;16:0;24:0;28:0;29:0;30:0;31:0;35:0;37:0;39:0;4:0;40:0;42:0;44:0;45:0;46:0;5:0;8:0,SIM
flood,50,20,9,warm,240.0,60.0,node_hello,tx_only,node_hello|tx_only|flood|50,7,0,0.0,0.0,0.0,0.0,43.15545600000009,37.81017600000009,5.34528,0.8761389521640093,0.0,1.0,0,204,0.0,224,20,204,20,0,0,1000,0.0,0.0,0,0.0,node_hello,1:0;10:0;14:0;16:0;19:0;21:0;22:0;23:0;32:0;33:0;34:0;41:0;42:0;43:0;44:0;45:0;48:0;49:0;5:0;9:0,SIM
flood,50,20,9,warm,240.0,60.0,node_hello,tx_only,node_hello|tx_only|flood|50,8,0,0.0,0.0,0.0,0.0,43.15545600000009,37.81017600000009,5.34528,0.8761389521640093,0.0,1.0,0,206,0.0,224,20,204,20,0,0,900,0.0,0.0,0,0.0,node_hello,0:0;14:0;18:0;19:0;20:0;22:0;23:0;25:0;26:0;33:0;35:0;38:0;39:0;40:0;41:0;44:0;45:0;46:0;48:0;5:0,SIM
flood,50,20,9,warm,240.0,60.0,node_hello,tx_only,node_hello|tx_only|flood|50,9,0,0.0,0.0,0.0,0.0,43.15545600000009,37.81017600000009,5.34528,0.8761389521640093,0.0,1.0,0,204,0.0,224,20,204,20,0,0,1000,0.0,0.0,0,0.0,node_hello,0:0;1:0;11:0;12:0;14:0;16:0;17:0;24:0;27:0;29:0;30:0;34:0;35:0;37:0;4:0;41:0;44:0;45:0;49:0;5:0,SIM
flood,50,20,9,warm,240.0,60.0,node_hello,tx_only,node_hello|tx_only|flood|50,10,0,0.0,0.0,0.0,0.0,43.15545600000009,37.81017600000009,5.34528,0.8761389521640093,0.0,1.0,0,206,0.0,224,20,204,20,0,0,900,0.0,0.0,0,0.0,node_hello,0:0;12:0;13:0;17:0;23:0;24:0;26:0;27:0;28:0;33:0;35:0;38:0;4:0;42:0;44:0;46:0;47:0;48:0;49:0;7:0,SIM
flood,50,20,9,warm,240.0,60.0,node_hello,tx_only,node_hello|tx_only|flood|50,11,0,0.0,0.0,0.0,0.0,43.15545600000009,37.81017600000009,5.34528,0.8761389521640093,0.0,1.0,0,204,0.0,224,20,204,20,0,0,1000,0.0,0.0,0,0.0,node_hello,1:0;19:0;2:0;20:0;22:0;23:0;28:0;30:0;31:0;34:0;38:0;4:0;40:0;41:0;42:0;44:0;45:0;48:0;49:0;8:0,SIM
flood,50,20,9,warm,240.0,60.0,node_hello,tx_only,node_hello|tx_only|flood|50,12,0,0.0,0.0,0.0,0.0,43.15545600000009,37.81017600000009,5.34528,0.8761389521640093,0.0,1.0,0,200,0.0,224,20,204,20,0,0,1200,0.0,0.0,0,0.0,node_hello,10:0;12:0;13:0;15:0;17:0;19:0;22:0;24:0;25:0;26:0;31:0;34:0;39:0;4:0;40:0;42:0;45:0;46:0;6:0;7:0,SIM
flood,50,20,9,warm,240.0,60.0,node_hello,tx_only,node_hello|tx_only|flood|50,13,0,0.0,0.0,0.0,0.0,43.15545600000009,37.81017600000009,5.34528,0.8761389521640093,0.0,1.0,0,206,0.0,224,20,204,20,0,0,900,0.0,0.0,0,0.0,node_hello,10:0;18:0;2:0;20:0;22:0;23:0;27:0;28:0;3:0;31:0;34:0;35:0;37:0;42:0;43:0;47:0;48:0;49:0;6:0;8:0,SIM
flood,50,20,9,warm,240.0,60.0,node_hello,tx_only,node_hello|tx_only|flood|50,14,0,0.0,0.0,0.0,0.0,43.15545600000009,37.81017600000009,5.34528,0.8761389521640093,0.0,1.0,0,204,0.0,224,20,204,20,0,0,1000,0.0,0.0,0,0.0,node_hello,0:0;10:0;19:0;2:0;23:0;24:0;27:0;28:0;3:0;34:0;4:0;41:0;43:0;44:0;45:0;47:0;49:0;6:0;7:0;8:0,SIM
flood,50,20,9,warm,240.0,60.0,node_hello,tx_only,node_hello|tx_only|flood|50,15,0,0.0,0.0,0.0,0.0,43.15545600000009,37.81017600000009,5.34528,0.8761389521640093,0.0,1.0,0,202,0.0,224,20,204,20,0,0,1100,0.0,0.0,0,0.0,node_hello,1:0;10:0;11:0;13:0;17:0;21:0;22:0;26:0;29:0;3:0;33:0;36:0;38:0;39:0;42:0;43:0;45:0;46:0;48:0;8:0,SIM
flood,50,20,9,warm,240.0,60.0,node_hello,tx_only,node_hello|tx_only|flood|50,16,0,0.0,0.0,0.0,0.0,43.15545600000009,37.81017600000009,5.34528,0.8761389521640093,0.0,1.0,0,204,0.0,224,20,204,20,0,0,1000,0.0,0.0,0,0.0,node_hello,1:0;13:0;14:0;17:0;22:0;3:0;30:0;32:0;33:0;34:0;37:0;4:0;40:0;41:0;42:0;44:0;45:0;46:0;49:0;9:0,SIM
flood,50,20,9,warm,240.0,60.0,node_hello,tx_only,node_hello|tx_only|flood|50,17,0,0.0,0.0,0.0,0.0,43.15545600000009,37.81017600000009,5.34528,0.8761389521640093,0.0,1.0,0,204,0.0,224,20,204,20,0,0,1000,0.0,0.0,0,0.0,node_hello,0:0;1:0;13:0;14:0;17:0;19:0;21:0;27:0;29:0;3:0;30:0;33:0;34:0;40:0;43:0;46:0;48:0;49:0;6:0;7:0,SIM
flood,50,20,9,warm,240.0,60.0,node_hello,tx_only,node_hello|tx_only|flood|50,18,0,0.0,0.0,0.0,0.0,43.15545600000009,37.81017600000009,5.34528,0.8761389521640093,0.0,1.0,0,204,0.0,224,20,204,20,0,0,1000,0.0,0.0,0,0.0,node_hello,10:0;14:0;20:0;21:0;23:0;24:0;25:0;29:0;31:0;32:0;33:0;34:0;35:0;36:0;4:0;44:0;45:0;47:0;48:0;5:0,SIM
flood,50,20,9,warm,240.0,60.0,node_hello,tx_only,node_hello|tx_only|flood|50,19,0,0.0,0.0,0.0,0.0,43.15545600000009,37.81017600000009,5.34528,0.8761389521640093,0.0,1.0,0,206,0.0,224,20,204,20,0,0,900,0.0,0.0,0,0.0,node_hello,12:0;15:0;17:0;18:0;2:0;20:0;27:0;28:0;34:0;37:0;39:0;4:0;40:0;41:0;43:0;45:0;47:0;7:0;8:0;9:0,SIM
flood,100,20,9,warm,240.0,60.0,node_hello,tx_only,node_hello|tx_only|flood|100,0,0,0.0,0.0,0.0,0.0,80.22425600000021,74.87897600000021,5.34528,0.9333707750433985,0.0,1.0,0,404,0.0,424,20,404,20,0,0,2000,0.0,0.0,0,0.0,node_hello,1:0;10:0;11:0;12:0;25:0;28:0;37:0;49:0;50:0;57:0;62:0;66:0;7:0;71:0;74:0;8:0;81:0;86:0;91:0;95:0,SIM
flood,100,20,9,warm,240.0,60.0,node_hello,tx_only,node_hello|tx_only|flood|100,1,0,0.0,0.0,0.0,0.0,80.22425600000021,74.87897600000021,5.34528,0.9333707750433985,0.0,1.0,0,406,0.0,424,20,404,20,0,0,1800,0.0,0.0,0,0.0,node_hello,11:0;12:0;23:0;29:0;31:0;38:0;39:0;40:0;41:0;42:0;43:0;49:0;5:0;57:0;69:0;73:0;74:0;82:0;83:0;96:0,SIM
flood,100,20,9,warm,240.0,60.0,node_hello,tx_only,node_hello|tx_only|flood|100,2,0,0.0,0.0,0.0,0.0,79.85356800000021,74.5082880000002,5.34528,0.9330614757251675,0.0,1.0,0,404,0.0,422,20,402,20,0,0,1800,0.0,0.0,0,0.0,node_hello,1:0;10:0;24:0;28:0;40:0;42:0;48:0;51:0;59:0;67:0;68:0;70:0;79:0;81:0;84:0;85:0;91:0;92:0;95:0;97:0,SIM
flood,100,20,9,warm,240.0,60.0,node_hello,tx_only,node_hello|tx_only|flood|100,3,0,0.0,0.0,0.0,0.0,80.22425600000021,74.87897600000021,5.34528,0.9333707750433985,0.0,1.0,0,404,0.0,424,20,404,20,0,0,2000,0.0,0.0,0,0.0,node_hello,11:0;12:0;14:0;15:0;22:0;3:0;36:0;38:0;43:0;48:0;49:0;5:0;61:0;67:0;72:0;74:0;84:0;86:0;89:0;99:0,SIM
flood,100,20,9,warm,240.0,60.0,node_hello,tx_only,node_hello|tx_only|flood|100,4,0,0.0,0.0,0.0,0.0,80.22425600000021,74.87897600000021,5.34528,0.9333707750433985,0.0,1.0,0,404,0.0,424,20,404,20,0,0,2000,0.0,0.0,0,0.0,node_hello,28:0;29:0;30:0;36:0;38:0;39:0;40:0;41:0;47:0;51:0;57:0;62:0;64:0;67:0;68:0;76:0;80:0;88:0;90:0;95:0,SIM
flood,100,20,9,warm,240.0,60.0,node_hello,tx_only,node_hello|tx_only|flood|100,5,0,0.0,0.0,0.0,0.0,80.22425600000021,74.87897600000021,5.34528,0.9333707750433985,0.0,1.0,0,404,0.0,424,20,404,20,0,0,2000,0.0,0.0,0,0.0,node_hello,1:0;13:0;24:0;25:0;49:0;50:0;54:0;58:0;60:0;61:0;69:0;73:0;76:0;80:0;83:0;87:0;88:0;90:0;92:0;99:0,SIM
flood,100,20,9,warm,240.0,60.0,node_hello,tx_only,node_hello|tx_only|flood|100,6,0,0.0,0.0,0.0,0.0,80.22425600000021,74.87897600000021,5.34528,0.9333707750433985,0.0,1.0,0,400,0.0,424,20,404,20,0,0,2400,0.0,0.0,0,0.0,node_hello,11:0;16:0;23:0;29:0;31:0;33:0;34:0;49:0;53:0;54:0;61:0;66:0;69:0;72:0;75:0;76:0;78:0;80:0;84:0;86:0,SIM
flood,100,20,9,warm,240.0,60.0,node_hello,tx_only,node_hello|tx_only|flood|100,7,0,0.0,0.0,0.0,0.0,80.22425600000021,74.87897600000021,5.34528,0.9333707750433985,0.0,1.0,0,404,0.0,424,20,404,20,0,0,2000,0.0,0.0,0,0.0,node_hello,11:0;12:0;17:0;20:0;25:0;28:0;40:0;43:0;45:0;50:0;51:0;53:0;55:0;59:0;62:0;65:0;85:0;90:0;92:0;95:0,SIM
flood,100,20,9,warm,240.0,60.0,node_hello,tx_only,node_hello|tx_only|flood|100,8,0,0.0,0.0,0.0,0.0,80.22425600000021,74.87897600000021,5.34528,0.9333707750433985,0.0,1.0,0,404,0.0,424,20,404,20,0,0,2000,0.0,0.0,0,0.0,node_hello,15:0;17:0;27:0;3:0;37:0;4:0;44:0;47:0;48:0;50:0;60:0;62:0;64:0;65:0;67:0;72:0;79:0;82:0;89:0;98:0,SIM
flood,100,20,9,warm,240.0,60.0,node_hello,tx_only,node_hello|tx_only|flood|100,9,0,0.0,0.0,0.0,0.0,80.22425600000021,74.87897600000021,5.34528,0.9333707750433985,0.0,1.0,0,404,0.0,424,20,404,20,0,0,2000,0.0,0.0,0,0.0,node_hello,11:0;12:0;17:0;19:0;20:0;25:0;34:0;41:0;42:0;45:0;49:0;5:0;50:0;51:0;64:0;65:0;72:0;75:0;83:0;88:0,SIM
flood,100,20,9,warm,240.0,60.0,node_hello,tx_only,node_hello|tx_only|flood|100,10,0,0.0,0.0,0.0,0.0,80.22425600000021,74.87897600000021,5.34528,0.9333707750433985,0.0,1.0,0,404,0.0,424,20,404,20,0,0,2000,0.0,0.0,0,0.0,node_hello,1:0;12:0;20:0;29:0;31:0;37:0;44:0;49:0;60:0;65:0;66:0;68:0;77:0;79:0;81:0;83:0;85:0;86:0;88:0;97:0,SIM
flood,100,20,9,warm,240.0,60.0,node_hello,tx_only,node_hello|tx_only|flood|100,11,0,0.0,0.0,0.0,0.0,80.22425600000021,74.87897600000021,5.34528,0.9333707750433985,0.0,1.0,0,404,0.0,424,20,404,20,0,0,2000,0.0,0.0,0,0.0,node_hello,10:0;2:0;27:0;3:0;33:0;35:0;4:0;41:0;43:0;44:0;53:0;54:0;56:0;62:0;64:0;68:0;70:0;8:0;91:0;98:0,SIM
flood,100,20,9,warm,240.0,60.0,node_hello,tx_only,node_hello|tx_only|flood|100,12,0,0.0,0.0,0.0,0.0,80.22425600000021,74.87897600000021,5.34528,0.9333707750433985,0.0,1.0,0,404,0.0,424,20,404,20,0,0,2000,0.0,0.0,0,0.0,node_hello,1:0;10:0;14:0;26:0;29:0;3:0;31:0;43:0;58:0;60:0;7:0;72:0;75:0;78:0;80:0;83:0;87:0;92:0;95:0;96:0,SIM
flood,100,20,9,warm,240.0,60.0,node_hello,tx_only,node_hello|tx_only|flood|100,13,0,0.0,0.0,0.0,0.0,62.06054400000016,56.715264000000154,5.34528,0.913869913869914,0.0,1.0,0,307,0.0,326,20,306,20,0,0,1900,0.0,0.0,0,0.0,node_hello,15:0;26:0;3:0;38:0;41:0;48:0;49:0;52:0;53:0;57:0;61:0;7:0;72:0;74:0;86:0;87:0;9:0;91:0;95:0;98:0,SIM
flood,100,20,9,warm,240.0,60.0,node_hello,tx_only,node_hello|tx_only|flood|100,14,0,0.0,0.0,0.0,0.0,80.22425600000021,74.87897600000021,5.34528,0.9333707750433985,0.0,1.0,0,404,0.0,424,20,404,20,0,0,2000,0.0,0.0,0,0.0,node_hello,10:0;11:0;13:0;15:0;16:0;17:0;24:0;28:0;29:0;46:0;48:0;61:0;68:0;71:0;74:0;75:0;80:0;95:0;96:0;98:0,SIM
flood,100,20,9,warm,240.0,60.0,node_hello,tx_only,node_hello|tx_only|flood|100,15,0,0.0,0.0,0.0,0.0,80.22425600000021,74.87897600000021,5.34528,0.9333707750433985,0.0,1.0,0,404,0.0,424,20,404,20,0,0,2000,0.0,0.0,0,0.0,node_hello,1:0;11:0;15:0;17:0;21:0;29:0;48:0;53:0;55:0;60:0;7:0;72:0;79:0;8:0;80:0;81:0;85:0;89:0;95:0;96:0,SIM
flood,100,20,9,warm,240.0,60.0,node_hello,tx_only,node_hello|tx_only|flood|100,16,0,0.0,0.0,0.0,0.0,80.22425600000021,74.87897600000021,5.34528,0.9333707750433985,0.0,1.0,0,404,0.0,424,20,404,20,0,0,2000,0.0,0.0,0,0.0,node_hello,0:0;10:0;12:0;13:0;15:0;2:0;24:0;25:0;34:0;35:0;45:0;5:0;63:0;67:0;68:0;70:0;8:0;90:0;93:0;94:0,SIM
flood,100,20,9,warm,240.0,60.0,node_hello,tx_only,node_hello|tx_only|flood|100,17,0,0.0,0.0,0.0,0.0,80.22425600000021,74.87897600000021,5.34528,0.9333707750433985,0.0,1.0,0,406,0.0,424,20,404,20,0,0,1800,0.0,0.0,0,0.0,node_hello,1:0;12:0;22:0;23:0;27:0;29:0;30:0;41:0;42:0;48:0;49:0;51:0;52:0;60:0;61:0;62:0;63:0;83:0;87:0;88:0,SIM
flood,100,20,9,warm,240.0,60.0,node_hello,tx_only,node_hello|tx_only|flood|100,18,0,0.0,0.0,0.0,0.0,80.22425600000021,74.87897600000021,5.34528,0.9333707750433985,0.0,1.0,0,404,0.0,424,20,404,20,0,0,2000,0.0,0.0,0,0.0,node_hello,13:0;29:0;45:0;49:0;5:0;50:0;54:0;66:0;7:0;76:0;8:0;85:0;86:0;87:0;89:0;91:0;96:0;97:0;98:0;99:0,SIM
flood,100,20,9,warm,240.0,60.0,node_hello,tx_only,node_hello|tx_only|flood|100,19,0,0.0,0.0,0.0,0.0,80.22425600000021,74.87897600000021,5.34528,0.9333707750433985,0.0,1.0,0,404,0.0,424,20,404,20,0,0,2000,0.0,0.0,0,0.0,node_hello,10:0;12:0;16:0;19:0;27:0;30:0;40:0;49:0;50:0;57:0;6:0;61:0;68:0;69:0;73:0;76:0;89:0;95:0;96:0;99:0,SIM
gradient,25,20,9,warm,240.0,60.0,node_hello,tx_only,node_hello|tx_only|gradient|25,0,0,0.0,0.0,0.0,0.0,24.62105600000003,19.275776000000032,5.34528,0.7828980202961241,0.0,1.0,0,104,0.0,124,20,104,20,0,0,500,0.0,0.0,0,0.0,node_hello,10:0;11:0;12:0;14:0;15:0;16:0;17:0;18:0;19:0;2:0;20:0;21:0;22:0;23:0;4:0;5:0;6:0;7:0;8:0;9:0,SIM
gradient,25,20,9,warm,240.0,60.0,node_hello,tx_only,node_hello|tx_only|gradient|25,1,0,0.0,0.0,0.0,0.0,24.62105600000003,19.275776000000032,5.34528,0.7828980202961241,0.0,1.0,0,106,0.0,124,20,104,20,0,0,450,0.0,0.0,0,0.0,node_hello,0:0;10:0;11:0;12:0;13:0;14:0;15:0;16:0;17:0;18:0;2:0;21:0;22:0;23:0;24:0;4:0;6:0;7:0;8:0;9:0,SIM
gradient,25,20,9,warm,240.0,60.0,node_hello,tx_only,node_hello|tx_only|gradient|25,2,0,0.0,0.0,0.0,0.0,24.62105600000003,19.275776000000032,5.34528,0.7828980202961241,0.0,1.0,0,106,0.0,124,20,104,20,0,0,450,0.0,0.0,0,0.0,node_hello,0:0;1:0;10:0;11:0;13:0;15:0;16:0;17:0;18:0;19:0;2:0;21:0;22:0;23:0;24:0;3:0;4:0;6:0;8:0;9:0,SIM
gradient,25,20,9,warm,240.0,60.0,node_hello,tx_only,node_hello|tx_only|gradient|25,3,0,0.0,0.0,0.0,0.0,24.62105600000003,19.275776000000032,5.34528,0.7828980202961241,0.0,1.0,0,104,0.0,124,20,104,20,0,0,500,0.0,0.0,0,0.0,node_hello,0:0;1:0;10:0;12:0;14:0;15:0;16:0;17:0;18:0;2:0;21:0;22:0;23:0;3:0;4:0;5:0;6:0;7:0;8:0;9:0,SIM
gradient,25,20,9,warm,240.0,60.0,node_hello,tx_only,node_hello|tx_only|gradient|25,4,0,0.0,0.0,0.0,0.0,24.62105600000003,19.275776000000032,5.34528,0.7828980202961241,0.0,1.0,0,104,0.0,124,20,104,20,0,0,500,0.0,0.0,0,0.0,node_hello,0:0;10:0;11:0;12:0;13:0;14:0;15:0;17:0;19:0;2:0;20:0;21:0;22:0;23:0;24:0;4:0;5:0;6:0;7:0;9:0,SIM
gradient,25,20,9,warm,240.0,60.0,node_hello,tx_only,node_hello|tx_only|gradient|25,5,0,0.0,0.0,0.0,0.0,24.62105600000003,19.275776000000032,5.34528,0.7828980202961241,0.0,1.0,0,104,0.0,124,20,104,20,0,0,500,0.0,0.0,0,0.0,node_hello,1:0;10:0;11:0;12:0;13:0;14:0;15:0;16:0;19:0;2:0;20:0;21:0;22:0;23:0;24:0;4:0;5:0;6:0;8:0;9:0,SIM
gradient,25,20,9,warm,240.0,60.0,node_hello,tx_only,node_hello|tx_only|gradient|25,6,0,0.0,0.0,0.0,0.0,24.62105600000003,19.275776000000032,5.34528,0.7828980202961241,0.0,1.0,0,104,0.0,124,20,104,20,0,0,500,0.0,0.0,0,0.0,node_hello,1:0;11:0;12:0;13:0;14:0;15:0;16:0;17:0;19:0;2:0;21:0;22:0;23:0;3:0;4:0;5:0;6:0;7:0;8:0;9:0,SIM
gradient,25,20,9,warm,240.0,60.0,node_hello,tx_only,node_hello|tx_only|gradient|25,7,0,0.0,0.0,0.0,0.0,24.62105600000003,19.275776000000032,5.34528,0.7828980202961241,0.0,1.0,0,100,0.0,124,20,104,20,0,0,600,0.0,0.0,0,0.0,node_hello,1:0;10:0;11:0;12:0;13:0;14:0;15:0;17:0;18:0;19:0;2:0;20:0;21:0;23:0;3:0;4:0;5:0;6:0;7:0;9:0,SIM
gradient,25,20,9,warm,240.0,60.0,node_hello,tx_only,node_hello|tx_only|gradient|25,8,0,0.0,0.0,0.0,0.0,24.62105600000003,19.275776000000032,5.34528,0.7828980202961241,0.0,1.0,0,104,0.0,124,20,104,20,0,0,500,0.0,0.0,0,0.0,node_hello,0:0;1:0;10:0;12:0;13:0;14:0;15:0;17:0;18:0;19:0;20:0;21:0;22:0;23:0;24:0;4:0;5:0;6:0;7:0;9:0,SIM
gradient,25,20,9,warm,240.0,60.0,node_hello,tx_only,node_hello|tx_only|gradient|25,9,0,0.0,0.0,0.0,0.0,24.62105600000003,19.275776000000032,5.34528,0.7828980202961241,0.0,1.0,0,100,0.0,124,20,104,20,0,0,600,0.0,0.0,0,0.0,node_hello,0:0;10:0;11:0;13:0;14:0;15:0;16:0;17:0;18:0;19:0;2:0;20:0;22:0;23:0;24:0;3:0;5:0;6:0;7:0;9:0,SIM
gradient,25,20,9,warm,240.0,60.0,node_hello,tx_only,node_hello|tx_only|gradient|25,10,0,0.0,0.0,0.0,0.0,24.62105600000003,19.275776000000032,5.34528,0.7828980202961241,0.0,1.0,0,106,0.0,124,20,104,20,0,0,450,0.0,0.0,0,0.0,node_hello,1:0;10:0;11:0;12:0;13:0;14:0;15:0;16:0;18:0;19:0;2:0;22:0;23:0;3:0;4:0;5:0;6:0;7:0;8:0;9:0,SIM
gradient,25,20,9,warm,240.0,60.0,node_hello,tx_only,node_hello|tx_only|gradient|25,11,0,0.0,0.0,0.0,0.0,24.62105600000003,19.275776000000032,5.34528,0.7828980202961241,0.0,1.0,0,104,0.0,124,20,104,20,0,0,500,0.0,0.0,0,0.0,node_hello,0:0;1:0;11:0;12:0;13:0;15:0;17:0;18:0;19:0;20:0;21:0;22:0;23:0;3:0;4:0;5:0;6:0;7:0;8:0;9:0,SIM
gradient,25,20,9,warm,240.0,60.0,node_hello,tx_only,node_hello|tx_only|gradient|25,12,0,0.0,0.0,0.0,0.0,24.62105600000003,19.275776000000032,5.34528,0.7828980202961241,0.0,1.0,0,106,0.0,124,20,104,20,0,0,450,0.0,0.0,0,0.0,node_hello,0:0;1:0;11:0;12:0;14:0;15:0;16:0;17:0;18:0;19:0;21:0;22:0;23:0;24:0;3:0;4:0;5:0;6:0;7:0;9:0,SIM
gradient,25,20,9,warm,240.0,60.0,node_hello,tx_only,node_hello|tx_only|gradient|25,13,0,0.0,0.0,0.0,0.0,24.62105600000003,19.275776000000032,5.34528,0.7828980202961241,0.0,1.0,0,104,0.0,124,20,104,20,0,0,500,0.0,0.0,0,0.0,node_hello,0:0;1:0;10:0;11:0;12:0;14:0;15:0;17:0;18:0;19:0;2:0;21:0;22:0;23:0;3:0;4:0;6:0;7:0;8:0;9:0,SIM
gradient,25,20,9,warm,240.0,60.0,node_hello,tx_only,node_hello|tx_only|gradient|25,14,0,0.0,0.0,0.0,0.0,24.62105600000003,19.275776000000032,5.34528,0.7828980202961241,0.0,1.0,0,100,0.0,124,20,104,20,0,0,600,0.0,0.0,0,0.0,node_hello,0:0;1:0;10:0;11:0;12:0;15:0;16:0;17:0;18:0;19:0;2:0;20:0;22:0;24:0;3:0;4:0;6:0;7:0;8:0;9:0,SIM
gradient,25,20,9,warm,240.0,60.0,node_hello,tx_only,node_hello|tx_only|gradient|25,15,0,0.0,0.0,0.0,0.0,24.62105600000003,19.275776000000032,5.34528,0.7828980202961241,0.0,1.0,0,106,0.0,124,20,104,20,0,0,450,0.0,0.0,0,0.0,node_hello,0:0;1:0;10:0;11:0;14:0;15:0;16:0;17:0;18:0;19:0;2:0;20:0;22:0;23:0;24:0;4:0;5:0;7:0;8:0;9:0,SIM
gradient,25,20,9,warm,240.0,60.0,node_hello,tx_only,node_hello|tx_only|gradient|25,16,0,0.0,0.0,0.0,0.0,24.62105600000003,19.275776000000032,5.34528,0.7828980202961241,0.0,1.0,0,104,0.0,124,20,104,20,0,0,500,0.0,0.0,0,0.0,node_hello,0:0;1:0;10:0;13:0;14:0;16:0;17:0;18:0;2:0;20:0;21:0;22:0;23:0;24:0;3:0;4:0;5:0;6:0;7:0;8:0,SIM
gradient,25,20,9,warm,240.0,60.0,node_hello,tx_only,node_hello|tx_only|gradient|25,17,0,0.0,0.0,0.0,0.0,24.62105600000003,19.275776000000032,5.34528,0.7828980202961241,0.0,1.0,0,104,0.0,124,20,104,20,0,0,500,0.0,0.0,0,0.0,node_hello,0:0;1:0;10:0;11:0;12:0;13:0;14:0;15:0;16:0;18:0;20:0;21:0;22:0;23:0;24:0;3:0;4:0;5:0;6:0;8:0,SIM
gradient,25,20,9,warm,240.0,60.0,node_hello,tx_only,node_hello|tx_only|gradient|25,18,0,0.0,0.0,0.0,0.0,24.62105600000003,19.275776000000032,5.34528,0.7828980202961241,0.0,1.0,0,104,0.0,124,20,104,20,0,0,500,0.0,0.0,0,0.0,node_hello,0:0;10:0;11:0;12:0;13:0;14:0;15:0;16:0;17:0;18:0;19:0;2:0;21:0;22:0;23:0;24:0;4:0;6:0;8:0;9:0,SIM
gradient,25,20,9,warm,240.0,60.0,node_hello,tx_only,node_hello|tx_only|gradient|25,19,0,0.0,0.0,0.0,0.0,24.62105600000003,19.275776000000032,5.34528,0.7828980202961241,0.0,1.0,0,106,0.0,124,20,104,20,0,0,450,0.0,0.0,0,0.0,node_hello,0:0;1:0;10:0;13:0;14:0;15:0;16:0;18:0;19:0;2:0;20:0;21:0;23:0;24:0;3:0;4:0;5:0;6:0;8:0;9:0,SIM
gradient,50,20,9,warm,240.0,60.0,node_hello,tx_only,node_hello|tx_only|gradient|50,0,0,0.0,0.0,0.0,0.0,43.15545600000009,37.81017600000009,5.34528,0.8761389521640093,0.0,1.0,0,204,0.0,224,20,204,20,0,0,1000,0.0,0.0,0,0.0,node_hello,0:0;10:0;11:0;16:0;17:0;19:0;21:0;22:0;24:0;26:0;28:0;30:0;32:0;33:0;36:0;38:0;42:0;46:0;7:0;9:0,SIM
gradient,50,20,9,warm,240.0,60.0,node_hello,tx_only,node_hello|tx_only|gradient|50,1,0,0.0,0.0,0.0,0.0,43.15545600000009,37.81017600000009,5.34528,0.8761389521640093,0.0,1.0,0,204,0.0,224,20,204,20,0,0,1000,0.0,0.0,0,0.0,node_hello,1:0;10:0;14:0;19:0;20:0;25:0;27:0;28:0;3:0;32:0;33:0;34:0;4:0;40:0;41:0;42:0;43:0;44:0;45:0;48:0,SIM
gradient,50,20,9,warm,240.0,60.0,node_hello,tx_only,node_hello|tx_only|gradient|50,2,0,0.0,0.0,0.0,0.0,43.15545600000009,37.81017600000009,5.34528,0.8761389521640093,0.0,1.0,0,204,0.0,224,20,204,20,0,0,1000,0.0,0.0,0,0.0,node_hello,0:0;14:0;15:0;16:0;17:0;2:0;23:0;27:0;28:0;29:0;32:0;37:0;39:0;4:0;40:0;42:0;46:0;47:0;5:0;6:0,SIM
gradient,50,20,9,warm,240.0,60.0,node_hello,tx_only,node_hello|tx_only|gradient|50,3,0,0.0,0.0,0.0,0.0,43.15545600000009,37.81017600000009,5.34528,0.8761389521640093,0.0,1.0,0,204,0.0,224,20,204,20,0,0,1000,0.0,0.0,0,0.0,node_hello,10:0;11:0;12:0;13:0;14:0;17:0;2:0;20:0;21:0;25:0;28:0;33:0;36:0;40:0;41:0;45:0;48:0;49:0;5:0;7:0,SIM
gradient,50,20,9,warm,240.0,60.0,node_hello,tx_only,node_hello|tx_only|gradient|50,4,0,0.0,0.0,0.0,0.0,43.15545600000009,37.81017600000009,5.34528,0.8761389521640093,0.0,1.0,0,206,0.0,224,20,204,20,0,0,900,0.0,0.0,0,0.0,node_hello,10:0;12:0;13:0;17:0;18:0;2:0;21:0;25:0;26:0;29:0;3:0;31:0;33:0;39:0;4:0;41:0;42:0;43:0;44:0;8:0,SIM
gradient,50,20,9,warm,240.0,60.0,node_hello,tx_only,node_hello|tx_only|gradient|50,5,0,0.0,0.0,0.0,0.0,43.15545600000009,37.81017600000009,5.34528,0.8761389521640093,0.0,1.0,0,204,0.0,224,20,204,20,0,0,1000,0.0,0.0,0,0.0,node_hello,0:0;11:0;16:0;17:0;18:0;20:0;21:0;22:0;29:0;30:0;32:0;33:0;35:0;37:0;41:0;44:0;45:0;46:0;49:0;8:0,SIM
gradient,50,20,9,warm,240.0,60.0,node_hello,tx_only,node_hello|tx_only|gradient|50,6,0,0.0,0.0,0.0,0.0,43.15545600000009,37.81017600000009,5.34528,0.8761389521640093,0.0,1.0,0,204,0.0,224,20,204,20,0,0,1000,0.0,0.0,0,0.0,node_hello,1:0;10:0;12:0;16:0;24:0;28:0;29:0;30:0;31:0;35:0;37:0;39:0;4:0;40:0;42:0;44:0;45:0;46:0;5:0;8:0,SIM
gradient,50,20,9,warm,240.0,60.0,node_hello,tx_only,node_hello|tx_only|gradient|50,7,0,0.0,0.0,0.0,0.0,43.15545600000009,37.81017600000009,5.34528,0.8761389521640093,0.0,1.0,0,204,0.0,224,20,204,20,0,0,1000,0.0,0.0,0,0.0,node_hello,1:0;10:0;14:0;16:0;19:0;21:0;22:0;23:0;32:0;33:0;34:0;41:0;42:0;43:0;44:0;45:0;48:0;49:0;5:0;9:0,SIM
gradient,50,20,9,warm,240.0,60.0,node_hello,tx_only,node_hello|tx_only|gradient|50,8,0,0.0,0.0,0.0,0.0,43.15545600000009,37.81017600000009,5.34528,0.8761389521640093,0.0,1.0,0,206,0.0,224,20,204,20,0,0,900,0.0,0.0,0,0.0,node_hello,0:0;14:0;18:0;19:0;20:0;22:0;23:0;25:0;26:0;33:0;35:0;38:0;39:0;40:0;41:0;44:0;45:0;46:0;48:0;5:0,SIM
gradient,50,20,9,warm,240.0,60.0,node_hello,tx_only,node_hello|tx_only|gradient|50,9,0,0.0,0.0,0.0,0.0,43.15545600000009,37.81017600000009,5.34528,0.8761389521640093,0.0,1.0,0,204,0.0,224,20,204,20,0,0,1000,0.0,0.0,0,0.0,node_hello,0:0;1:0;11:0;12:0;14:0;16:0;17:0;24:0;27:0;29:0;30:0;34:0;35:0;37:0;4:0;41:0;44:0;45:0;49:0;5:0,SIM
gradient,50,20,9,warm,240.0,60.0,node_hello,tx_only,node_hello|tx_only|gradient|50,10,0,0.0,0.0,0.0,0.0,43.15545600000009,37.81017600000009,5.34528,0.8761389521640093,0.0,1.0,0,206,0.0,224,20,204,20,0,0,900,0.0,0.0,0,0.0,node_hello,0:0;12:0;13:0;17:0;23:0;24:0;26:0;27:0;28:0;33:0;35:0;38:0;4:0;42:0;44:0;46:0;47:0;48:0;49:0;7:0,SIM
gradient,50,20,9,warm,240.0,60.0,node_hello,tx_only,node_hello|tx_only|gradient|50,11,0,0.0,0.0,0.0,0.0,43.15545600000009,37.81017600000009,5.34528,0.8761389521640093,0.0,1.0,0,204,0.0,224,20,204,20,0,0,1000,0.0,0.0,0,0.0,node_hello,1:0;19:0;2:0;20:0;22:0;23:0;28:0;30:0;31:0;34:0;38:0;4:0;40:0;41:0;42:0;44:0;45:0;48:0;49:0;8:0,SIM
gradient,50,20,9,warm,240.0,60.0,node_hello,tx_only,node_hello|tx_only|gradient|50,12,0,0.0,0.0,0.0,0.0,43.15545600000009,37.81017600000009,5.34528,0.8761389521640093,0.0,1.0,0,200,0.0,224,20,204,20,0,0,1200,0.0,0.0,0,0.0,node_hello,10:0;12:0;13:0;15:0;17:0;19:0;22:0;24:0;25:0;26:0;31:0;34:0;39:0;4:0;40:0;42:0;45:0;46:0;6:0;7:0,SIM
gradient,50,20,9,warm,240.0,60.0,node_hello,tx_only,node_hello|tx_only|gradient|50,13,0,0.0,0.0,0.0,0.0,43.15545600000009,37.81017600000009,5.34528,0.8761389521640093,0.0,1.0,0,206,0.0,224,20,204,20,0,0,900,0.0,0.0,0,0.0,node_hello,10:0;18:0;2:0;20:0;22:0;23:0;27:0;28:0;3:0;31:0;34:0;35:0;37:0;42:0;43:0;47:0;48:0;49:0;6:0;8:0,SIM
gradient,50,20,9,warm,240.0,60.0,node_hello,tx_only,node_hello|tx_only|gradient|50,14,0,0.0,0.0,0.0,0.0,43.15545600000009,37.81017600000009,5.34528,0.8761389521640093,0.0,1.0,0,204,0.0,224,20,204,20,0,0,1000,0.0,0.0,0,0.0,node_hello,0:0;10:0;19:0;2:0;23:0;24:0;27:0;28:0;3:0;34:0;4:0;41:0;43:0;44:0;45:0;47:0;49:0;6:0;7:0;8:0,SIM
gradient,50,20,9,warm,240.0,60.0,node_hello,tx_only,node_hello|tx_only|gradient|50,15,0,0.0,0.0,0.0,0.0,43.15545600000009,37.81017600000009,5.34528,0.8761389521640093,0.0,1.0,0,202,0.0,224,20,204,20,0,0,1100,0.0,0.0,0,0.0,node_hello,1:0;10:0;11:0;13:0;17:0;21:0;22:0;26:0;29:0;3:0;33:0;36:0;38:0;39:0;42:0;43:0;45:0;46:0;48:0;8:0,SIM
gradient,50,20,9,warm,240.0,60.0,node_hello,tx_only,node_hello|tx_only|gradient|50,16,0,0.0,0.0,0.0,0.0,43.15545600000009,37.81017600000009,5.34528,0.8761389521640093,0.0,1.0,0,204,0.0,224,20,204,20,0,0,1000,0.0,0.0,0,0.0,node_hello,1:0;13:0;14:0;17:0;22:0;3:0;30:0;32:0;33:0;34:0;37:0;4:0;40:0;41:0;42:0;44:0;45:0;46:0;49:0;9:0,SIM
gradient,50,20,9,warm,240.0,60.0,node_hello,tx_only,node_hello|tx_only|gradient|50,17,0,0.0,0.0,0.0,0.0,43.15545600000009,37.81017600000009,5.34528,0.8761389521640093,0.0,1.0,0,204,0.0,224,20,204,20,0,0,1000,0.0,0.0,0,0.0,node_hello,0:0;1:0;13:0;14:0;17:0;19:0;21:0;27:0;29:0;3:0;30:0;33:0;34:0;40:0;43:0;46:0;48:0;49:0;6:0;7:0,SIM
gradient,50,20,9,warm,240.0,60.0,node_hello,tx_only,node_hello|tx_only|gradient|50,18,0,0.0,0.0,0.0,0.0,43.15545600000009,37.81017600000009,5.34528,0.8761389521640093,0.0,1.0,0,204,0.0,224,20,204,20,0,0,1000,0.0,0.0,0,0.0,node_hello,10:0;14:0;20:0;21:0;23:0;24:0;25:0;29:0;31:0;32:0;33:0;34:0;35:0;36:0;4:0;44:0;45:0;47:0;48:0;5:0,SIM
gradient,50,20,9,warm,240.0,60.0,node_hello,tx_only,node_hello|tx_only|gradient|50,19,0,0.0,0.0,0.0,0.0,43.15545600000009,37.81017600000009,5.34528,0.8761389521640093,0.0,1.0,0,206,0.0,224,20,204,20,0,0,900,0.0,0.0,0,0.0,node_hello,12:0;15:0;17:0;18:0;2:0;20:0;27:0;28:0;34:0;37:0;39:0;4:0;40:0;41:0;43:0;45:0;47:0;7:0;8:0;9:0,SIM
gradient,100,20,9,warm,240.0,60.0,node_hello,tx_only,node_hello|tx_only|gradient|100,0,0,0.0,0.0,0.0,0.0,80.22425600000021,74.87897600000021,5.34528,0.9333707750433985,0.0,1.0,0,404,0.0,424,20,404,20,0,0,2000,0.0,0.0,0,0.0,node_hello,1:0;10:0;11:0;12:0;25:0;28:0;37:0;49:0;50:0;57:0;62:0;66:0;7:0;71:0;74:0;8:0;81:0;86:0;91:0;95:0,SIM
gradient,100,20,9,warm,240.0,60.0,node_hello,tx_only,node_hello|tx_only|gradient|100,1,0,0.0,0.0,0.0,0.0,80.22425600000021,74.87897600000021,5.34528,0.9333707750433985,0.0,1.0,0,406,0.0,424,20,404,20,0,0,1800,0.0,0.0,0,0.0,node_hello,11:0;12:0;23:0;29:0;31:0;38:0;39:0;40:0;41:0;42:0;43:0;49:0;5:0;57:0;69:0;73:0;74:0;82:0;83:0;96:0,SIM
gradient,100,20,9,warm,240.0,60.0,node_hello,tx_only,node_hello|tx_only|gradient|100,2,0,0.0,0.0,0.0,0.0,79.85356800000021,74.5082880000002,5.34528,0.9330614757251675,0.0,1.0,0,404,0.0,422,20,402,20,0,0,1800,0.0,0.0,0,0.0,node_hello,1:0;10:0;24:0;28:0;40:0;42:0;48:0;51:0;59:0;67:0;68:0;70:0;79:0;81:0;84:0;85:0;91:0;92:0;95:0;97:0,SIM
gradient,100,20,9,warm,240.0,60.0,node_hello,tx_only,node_hello|tx_only|gradient|100,3,0,0.0,0.0,0.0,0.0,80.22425600000021,74.87897600000021,5.34528,0.9333707750433985,0.0,1.0,0,404,0.0,424,20,404,20,0,0,2000,0.0,0.0,0,0.0,node_hello,11:0;12:0;14:0;15:0;22:0;3:0;36:0;38:0;43:0;48:0;49:0;5:0;61:0;67:0;72:0;74:0;84:0;86:0;89:0;99:0,SIM
gradient,100,20,9,warm,240.0,60.0,node_hello,tx_only,node_hello|tx_only|gradient|100,4,0,0.0,0.0,0.0,0.0,80.22425600000021,74.87897600000021,5.34528,0.9333707750433985,0.0,1.0,0,404,0.0,424,20,404,20,0,0,2000,0.0,0.0,0,0.0,node_hello,28:0;29:0;30:0;36:0;38:0;39:0;40:0;41:0;47:0;51:0;57:0;62:0;64:0;67:0;68:0;76:0;80:0;88:0;90:0;95:0,SIM
gradient,100,20,9,warm,240.0,60.0,node_hello,tx_only,node_hello|tx_only|gradient|100,5,0,0.0,0.0,0.0,0.0,80.22425600000021,74.87897600000021,5.34528,0.9333707750433985,0.0,1.0,0,404,0.0,424,20,404,20,0,0,2000,0.0,0.0,0,0.0,node_hello,1:0;13:0;24:0;25:0;49:0;50:0;54:0;58:0;60:0;61:0;69:0;73:0;76:0;80:0;83:0;87:0;88:0;90:0;92:0;99:0,SIM
gradient,100,20,9,warm,240.0,60.0,node_hello,tx_only,node_hello|tx_only|gradient|100,6,0,0.0,0.0,0.0,0.0,80.22425600000021,74.87897600000021,5.34528,0.9333707750433985,0.0,1.0,0,400,0.0,424,20,404,20,0,0,2400,0.0,0.0,0,0.0,node_hello,11:0;16:0;23:0;29:0;31:0;33:0;34:0;49:0;53:0;54:0;61:0;66:0;69:0;72:0;75:0;76:0;78:0;80:0;84:0;86:0,SIM
gradient,100,20,9,warm,240.0,60.0,node_hello,tx_only,node_hello|tx_only|gradient|100,7,0,0.0,0.0,0.0,0.0,80.22425600000021,74.87897600000021,5.34528,0.9333707750433985,0.0,1.0,0,404,0.0,424,20,404,20,0,0,2000,0.0,0.0,0,0.0,node_hello,11:0;12:0;17:0;20:0;25:0;28:0;40:0;43:0;45:0;50:0;51:0;53:0;55:0;59:0;62:0;65:0;85:0;90:0;92:0;95:0,SIM
gradient,100,20,9,warm,240.0,60.0,node_hello,tx_only,node_hello|tx_only|gradient|100,8,0,0.0,0.0,0.0,0.0,80.22425600000021,74.87897600000021,5.34528,0.9333707750433985,0.0,1.0,0,404,0.0,424,20,404,20,0,0,2000,0.0,0.0,0,0.0,node_hello,15:0;17:0;27:0;3:0;37:0;4:0;44:0;47:0;48:0;50:0;60:0;62:0;64:0;65:0;67:0;72:0;79:0;82:0;89:0;98:0,SIM
gradient,100,20,9,warm,240.0,60.0,node_hello,tx_only,node_hello|tx_only|gradient|100,9,0,0.0,0.0,0.0,0.0,80.22425600000021,74.87897600000021,5.34528,0.9333707750433985,0.0,1.0,0,404,0.0,424,20,404,20,0,0,2000,0.0,0.0,0,0.0,node_hello,11:0;12:0;17:0;19:0;20:0;25:0;34:0;41:0;42:0;45:0;49:0;5:0;50:0;51:0;64:0;65:0;72:0;75:0;83:0;88:0,SIM
gradient,100,20,9,warm,240.0,60.0,node_hello,tx_only,node_hello|tx_only|gradient|100,10,0,0.0,0.0,0.0,0.0,80.22425600000021,74.87897600000021,5.34528,0.9333707750433985,0.0,1.0,0,404,0.0,424,20,404,20,0,0,2000,0.0,0.0,0,0.0,node_hello,1:0;12:0;20:0;29:0;31:0;37:0;44:0;49:0;60:0;65:0;66:0;68:0;77:0;79:0;81:0;83:0;85:0;86:0;88:0;97:0,SIM
gradient,100,20,9,warm,240.0,60.0,node_hello,tx_only,node_hello|tx_only|gradient|100,11,0,0.0,0.0,0.0,0.0,80.22425600000021,74.87897600000021,5.34528,0.9333707750433985,0.0,1.0,0,404,0.0,424,20,404,20,0,0,2000,0.0,0.0,0,0.0,node_hello,10:0;2:0;27:0;3:0;33:0;35:0;4:0;41:0;43:0;44:0;53:0;54:0;56:0;62:0;64:0;68:0;70:0;8:0;91:0;98:0,SIM
gradient,100,20,9,warm,240.0,60.0,node_hello,tx_only,node_hello|tx_only|gradient|100,12,0,0.0,0.0,0.0,0.0,80.22425600000021,74.87897600000021,5.34528,0.9333707750433985,0.0,1.0,0,404,0.0,424,20,404,20,0,0,2000,0.0,0.0,0,0.0,node_hello,1:0;10:0;14:0;26:0;29:0;3:0;31:0;43:0;58:0;60:0;7:0;72:0;75:0;78:0;80:0;83:0;87:0;92:0;95:0;96:0,SIM
gradient,100,20,9,warm,240.0,60.0,node_hello,tx_only,node_hello|tx_only|gradient|100,13,0,0.0,0.0,0.0,0.0,62.06054400000016,56.715264000000154,5.34528,0.913869913869914,0.0,1.0,0,307,0.0,326,20,306,20,0,0,1900,0.0,0.0,0,0.0,node_hello,15:0;26:0;3:0;38:0;41:0;48:0;49:0;52:0;53:0;57:0;61:0;7:0;72:0;74:0;86:0;87:0;9:0;91:0;95:0;98:0,SIM
gradient,100,20,9,warm,240.0,60.0,node_hello,tx_only,node_hello|tx_only|gradient|100,14,0,0.0,0.0,0.0,0.0,80.22425600000021,74.87897600000021,5.34528,0.9333707750433985,0.0,1.0,0,404,0.0,424,20,404,20,0,0,2000,0.0,0.0,0,0.0,node_hello,10:0;11:0;13:0;15:0;16:0;17:0;24:0;28:0;29:0;46:0;48:0;61:0;68:0;71:0;74:0;75:0;80:0;95:0;96:0;98:0,SIM
gradient,100,20,9,warm,240.0,60.0,node_hello,tx_only,node_hello|tx_only|gradient|100,15,0,0.0,0.0,0.0,0.0,80.22425600000021,74.87897600000021,5.34528,0.9333707750433985,0.0,1.0,0,404,0.0,424,20,404,20,0,0,2000,0.0,0.0,0,0.0,node_hello,1:0;11:0;15:0;17:0;21:0;29:0;48:0;53:0;55:0;60:0;7:0;72:0;79:0;8:0;80:0;81:0;85:0;89:0;95:0;96:0,SIM
gradient,100,20,9,warm,240.0,60.0,node_hello,tx_only,node_hello|tx_only|gradient|100,16,0,0.0,0.0,0.0,0.0,80.22425600000021,74.87897600000021,5.34528,0.9333707750433985,0.0,1.0,0,404,0.0,424,20,404,20,0,0,2000,0.0,0.0,0,0.0,node_hello,0:0;10:0;12:0;13:0;15:0;2:0;24:0;25:0;34:0;35:0;45:0;5:0;63:0;67:0;68:0;70:0;8:0;90:0;93:0;94:0,SIM
gradient,100,20,9,warm,240.0,60.0,node_hello,tx_only,node_hello|tx_only|gradient|100,17,0,0.0,0.0,0.0,0.0,80.22425600000021,74.87897600000021,5.34528,0.9333707750433985,0.0,1.0,0,406,0.0,424,20,404,20,0,0,1800,0.0,0.0,0,0.0,node_hello,1:0;12:0;22:0;23:0;27:0;29:0;30:0;41:0;42:0;48:0;49:0;51:0;52:0;60:0;61:0;62:0;63:0;83:0;87:0;88:0,SIM
gradient,100,20,9,warm,240.0,60.0,node_hello,tx_only,node_hello|tx_only|gradient|100,18,0,0.0,0.0,0.0,0.0,80.22425600000021,74.87897600000021,5.34528,0.9333707750433985,0.0,1.0,0,404,0.0,424,20,404,20,0,0,2000,0.0,0.0,0,0.0,node_hello,13:0;29:0;45:0;49:0;5:0;50:0;54:0;66:0;7:0;76:0;8:0;85:0;86:0;87:0;89:0;91:0;96:0;97:0;98:0;99:0,SIM
gradient,100,20,9,warm,240.0,60.0,node_hello,tx_only,node_hello|tx_only|gradient|100,19,0,0.0,0.0,0.0,0.0,80.22425600000021,74.87897600000021,5.34528,0.9333707750433985,0.0,1.0,0,404,0.0,424,20,404,20,0,0,2000,0.0,0.0,0,0.0,node_hello,10:0;12:0;16:0;19:0;27:0;30:0;40:0;49:0;50:0;57:0;6:0;61:0;68:0;69:0;73:0;76:0;89:0;95:0;96:0;99:0,SIM
flood,25,20,9,warm,240.0,60.0,gateway_beacon,continuous,gateway_beacon|continuous|flood|25,0,20,1.0,0.2672639999999973,2.446514015085705,21.0,112.99225599999926,0.7413759999999999,112.25087999999926,0.006561299209744116,0.5102781136638452,1.0,0,370,0.0,424,420,4,20,73,827,0,0.76,1.0,0,0.0,gateway_beacon,1:1;10:1;12:1;13:1;15:1;16:1;17:1;18:1;2:1;20:1;21:1;22:1;23:1;24:1;3:1;4:1;6:1;7:1;8:1;9:1,SIM
flood,25,20,9,warm,240.0,60.0,gateway_beacon,continuous,gateway_beacon|continuous|flood|25,1,15,0.75,0.2672639999999973,0.3574575780693412,26.4,106.57791999999932,0.7413759999999999,105.83654399999932,0.006956187548040013,0.37623762376237624,0.75,0,357,0.0,400,396,4,20,75,606,0,0.72,1.0,0,0.0,gateway_beacon,1:1;10:1;11:1;12:1;13:1;14:1;15:1;16:1;18:1;19:0;20:1;21:1;22:0;23:1;24:0;5:0;6:1;7:1;8:1;9:0,SIM
flood,25,20,9,warm,240.0,60.0,gateway_beacon,continuous,gateway_beacon|continuous|flood|25,2,16,0.8,0.2672640000000044,1.992824284327284,25.0,107.64697599999931,0.7413759999999999,106.90559999999931,0.006887104752482826,0.45558739255014324,0.8,0,359,0.0,404,400,4,20,39,698,0,0.8,1.0,0,0.0,gateway_beacon,10:0;11:1;12:1;13:1;14:1;15:1;16:1;17:1;18:1;19:1;2:1;20:0;21:1;22:1;23:0;24:1;4:1;5:0;7:1;9:1,SIM
flood,25,20,9,warm,240.0,60.0,gateway_beacon,continuous,gateway_beacon|continuous|flood|25,3,13,0.65,0.2672639999999973,0.2672640000000115,31.0,108.4487679999993,0.7413759999999999,107.7073919999993,0.006836186465483911,0.5089514066496164,0.65,0,356,0.0,407,403,4,20,73,782,0,0.72,1.0,0,0.0,gateway_beacon,0:0;1:0;10:1;11:1;12:0;13:1;16:1;17:0;18:1;19:0;20:1;21:1;22:1;23:1;3:1;4:1;5:0;6:0;7:1;8:1,SIM
flood,25,20,9,warm,240.0,60.0,gateway_beacon,continuous,gateway_beacon|continuous|flood|25,4,19,0.95,0.2672639999999973,0.32735159201965175,21.0,107.37971199999932,0.7413759999999999,106.63833599999931,0.006904246493043348,0.3872,0.95,0,359,0.0,403,399,4,20,75,625,0,0.76,1.0,0,0.0,gateway_beacon,0:1;10:1;11:1;13:1;14:1;15:1;16:1;17:1;18:1;19:0;2:1;21:1;22:1;24:1;3:1;4:1;5:1;6:1;8:1;9:1,SIM
flood,25,20,9,warm,240.0,60.0,gateway_beacon,continuous,gateway_beacon|continuous|flood|25,5,15,0.75,0.2672639999999973,0.3486866205946282,27.533333333333335,111.12140799999928,0.7413759999999999,110.38003199999928,0.0066717657141277835,0.4207492795389049,0.75,0,368,0.0,417,413,4,20,38,694,0,0.76,1.0,0,0.0,gateway_beacon,0:1;1:0;10:1;11:1;12:1;13:0;14:1;15:1;16:1;18:0;19:0;20:1;21:1;22:1;24:1;4:1;5:1;6:1;8:1;9:0,SIM
flood,25,20,9,warm,240.0,60.0,gateway_beacon,continuous,gateway_beacon|continuous|flood|25,6,17,0.85,0.2672639999999973,1.093668539861033,25.764705882352942,117.80300799999921,0.7413759999999999,117.06163199999921,0.0062933537316806456,0.4723618090452261,0.85,0,391,0.0,442,438,4,20,37,796,0,0.68,1.0,0,0.0,gateway_beacon,0:1;10:1;12:1;13:1;14:0;15:1;17:1;19:1;2:0;20:1;21:1;23:1;24:0;3:1;4:1;5:1;6:1;7:1;8:1;9:1,SIM
flood,25,20,9,warm,240.0,60.0,gateway_beacon,continuous,gateway_beacon|continuous|flood|25,7,17,0.85,0.2672640000000115,0.9734392028869421,25.11764705882353,114.86310399999924,0.7413759999999999,114.12172799999924,0.006454431180964819,0.42657342657342656,0.85,0,385,0.0,431,427,4,20,28,715,0,0.6,1.0,0,0.0,gateway_beacon,1:1;10:1;11:1;12:1;13:1;14:0;15:0;16:1;17:1;18:1;19:1;2:1;23:1;24:1;3:1;4:1;5:1;7:0;8:1;9:1,SIM
flood,25,20,9,warm,240.0,60.0,gateway_beacon,continuous,gateway_beacon|continuous|flood|25,8,16,0.8,0.2672640000000115,2.7765354228652654,27.8125,119.67385599999919,0.7413759999999999,118.93247999999919,0.006194970436985041,0.4321808510638298,0.8,0,399,0.0,449,445,4,20,45,752,0,0.6,1.0,0,0.0,gateway_beacon,0:1;11:1;12:0;13:1;14:1;15:1;16:1;17:1;18:1;19:1;2:1;21:0;23:1;24:0;3:1;4:1;5:0;6:1;8:1;9:1,SIM
flood,25,20,9,warm,240.0,60.0,gateway_beacon,continuous,gateway_beacon|continuous|flood|25,9,18,0.9,0.2672639999999973,1.5316162065509327,22.22222222222222,107.64697599999931,0.7413759999999999,106.90559999999931,0.006887104752482826,0.3402777777777778,0.9,0,365,0.0,404,400,4,20,53,576,0,0.76,1.0,0,0.0,gateway_beacon,0:1;10:0;11:1;12:1;13:1;15:1;17:1;18:1;19:1;2:1;20:1;21:1;22:0;23:1;24:1;4:1;5:1;6:1;7:1;9:1,SIM
flood,25,20,9,warm,240.0,60.0,gateway_beacon,continuous,gateway_beacon|continuous|flood|25,10,17,0.85,0.2672639999999973,0.6261683851244808,23.705882352941178,108.4487679999993,0.7413759999999999,107.7073919999993,0.006836186465483911,0.5037974683544304,0.85,0,357,0.0,407,403,4,20,43,790,0,0.92,1.0,0,0.0,gateway_beacon,1:1;10:1;11:1;12:1;13:1;14:1;17:1;18:1;19:0;2:1;22:0;23:1;24:1;3:1;4:1;5:1;6:1;7:0;8:1;9:1,SIM
flood,25,20,9,warm,240.0,60.0,gateway_beacon,continuous,gateway_beacon|continuous|flood|25,11,12,0.6,0.2672640000000044,3.135403557665928,35.416666666666664,114.32857599999925,0.7413759999999999,113.58719999999924,0.006484608012610992,0.44060773480662985,0.6,0,381,0.0,429,425,4,20,33,724,0,0.56,1.0,0,0.0,gateway_beacon,0:1;1:1;10:1;11:1;12:1;13:1;14:0;15:1;17:1;18:0;19:0;2:0;21:1;22:0;23:0;3:1;4:0;5:1;6:0;8:1,SIM
flood,25,20,9,warm,240.0,60.0,gateway_beacon,continuous,gateway_beacon|continuous|flood|25,12,15,0.75,0.2672639999999973,0.9741609729389509,27.133333333333333,109.5178239999993,0.7413759999999999,108.77644799999929,0.006769455171059687,0.4717741935483871,0.75,0,359,0.0,411,407,4,20,84,744,0,0.84,1.0,0,0.0,gateway_beacon,0:1;10:1;11:1;12:1;13:1;14:1;16:0;17:1;18:1;19:1;21:1;22:1;23:0;24:0;3:1;5:1;6:1;7:0;8:0;9:1,SIM
flood,25,20,9,warm,240.0,60.0,gateway_beacon,continuous,gateway_beacon|continuous|flood|25,13,20,1.0,0.2672639999999973,0.2672640000000115,20.4,109.78508799999929,0.7413759999999999,109.04371199999929,0.006752975413200058,0.3193717277486911,1.0,0,376,0.0,412,408,4,20,41,573,0,0.92,1.0,0,0.0,gateway_beacon,0:1;1:1;10:1;11:1;12:1;13:1;14:1;15:1;17:1;18:1;19:1;2:1;20:1;21:1;22:1;24:1;3:1;4:1;6:1;7:1,SIM
flood,25,20,9,warm,240.0,60.0,gateway_beacon,continuous,gateway_beacon|continuous|flood|25,14,19,0.95,0.2672639999999973,1.4011380596887717,21.105263157894736,107.91423999999931,0.7413759999999999,107.17286399999931,0.006870047919533184,0.4659248956884562,0.95,0,355,0.0,405,401,4,20,62,719,0,0.76,1.0,0,0.0,gateway_beacon,1:1;10:1;11:1;12:1;13:1;14:1;15:1;16:1;18:1;19:1;2:1;21:1;23:1;24:1;3:1;4:1;5:0;6:1;7:1;9:1,SIM
flood,25,20,9,warm,240.0,60.0,gateway_beacon,continuous,gateway_beacon|continuous|flood|25,15,16,0.8,0.44426335518989646,1.8890698660939407,24.25,104.43980799999935,0.7413759999999999,103.69843199999934,0.007098595968311284,0.5285171102661597,0.8,0,337,0.0,392,388,4,20,45,789,0,0.84,1.0,0,0.0,gateway_beacon,0:1;1:1;10:1;11:1;12:1;13:1;16:1;17:1;18:0;19:0;2:1;20:1;21:0;22:1;24:1;4:1;5:1;6:0;7:1;9:1,SIM
flood,25,20,9,warm,240.0,60.0,gateway_beacon,continuous,gateway_beacon|continuous|flood|25,16,17,0.85,0.2672640000000115,2.99368133269929,25.0,114.32857599999925,0.7413759999999999,113.58719999999924,0.006484608012610992,0.4912718204488778,0.85,0,376,0.0,429,425,4,20,41,802,0,0.84,1.0,0,0.0,gateway_beacon,0:0;1:1;10:1;11:1;12:1;13:1;15:1;16:1;17:1;19:0;20:1;22:1;23:1;24:1;3:1;4:1;5:1;7:0;8:1;9:1,SIM
flood,25,20,9,warm,240.0,60.0,gateway_beacon,continuous,gateway_beacon|continuous|flood|25,17,18,0.9,0.2672640000000044,1.6197802458638138,23.77777777777778,115.13036799999924,0.7413759999999999,114.38899199999923,0.006439447844030211,0.5232558139534884,0.9,0,370,0.0,432,428,4,20,72,860,0,0.84,1.0,0,0.0,gateway_beacon,0:1;1:1;10:1;11:1;12:1;14:1;16:0;17:1;18:1;19:1;2:1;20:1;21:1;23:1;24:1;4:1;5:0;6:1;8:1;9:1,SIM
flood,25,20,9,warm,240.0,60.0,gateway_beacon,continuous,gateway_beacon|continuous|flood|25,18,19,0.95,0.2672639999999973,0.5987606513943872,24.263157894736842,123.95007999999915,0.7413759999999999,123.20870399999914,0.0059812466438101935,0.4661016949152542,0.95,0,417,0.0,465,461,4,20,42,826,0,0.76,1.0,0,0.0,gateway_beacon,0:1;1:1;10:1;12:1;13:1;14:1;15:1;17:1;18:1;19:1;2:1;20:1;21:1;22:1;24:0;3:1;4:1;5:1;6:1;8:1,SIM
flood,25,20,9,warm,240.0,60.0,gateway_beacon,continuous,gateway_beacon|continuous|flood|25,19,13,0.65,0.2672640000000115,2.215360552471567,32.53846153846154,113.79404799999925,0.7413759999999999,113.05267199999925,0.006515068345226675,0.4618421052631579,0.65,0,376,0.0,427,423,4,20,57,760,0,0.56,1.0,0,0.0,gateway_beacon,0:1;10:1;11:1;12:1;13:1;14:0;15:1;16:1;19:0;2:1;21:0;23:1;24:0;3:1;4:1;5:1;6:0;7:1;8:0;9:0,SIM
flood,50,20,9,warm,240.0,60.0,gateway_beacon,continuous,gateway_beacon|continuous|flood|50,0,13,0.65,0.2672640000000115,0.415173516054187,58.30769230769231,203.32748800000232,0.7413759999999999,202.58611200000232,0.0036462162951621745,0.1097708082026538,0.65,0,735,0.0,762,758,4,20,150,829,0,0.76,1.0,0,0.0,gateway_beacon,1:1;10:1;12:1;14:1;17:0;19:1;2:0;21:1;23:0;27:1;3:0;34:1;4:0;45:1;46:1;47:0;49:1;6:1;7:0;9:1,SIM
flood,50,20,9,warm,240.0,60.0,gateway_beacon,continuous,gateway_beacon|continuous|flood|50,1,10,0.5,0.2672640000000115,0.42581596667053784,72.3,193.97324800000192,0.7413759999999999,193.2318720000019,0.0038220528224592733,0.075,0.5,0,700,0.0,727,723,4,20,103,760,0,0.5,1.0,0,0.0,gateway_beacon,0:1;1:1;11:0;12:1;14:1;16:1;21:0;22:0;26:0;29:0;31:0;32:0;34:0;36:1;39:1;40:0;41:1;45:1;47:1;5:0,SIM
flood,50,20,9,warm,240.0,60.0,gateway_beacon,continuous,gateway_beacon|continuous|flood|50,2,10,0.5,0.2672639999999973,0.2672640000000115,70.2,188.36070400000168,0.7413759999999999,187.61932800000167,0.003935937720852823,0.01729106628242075,0.5,0,681,0.0,706,702,4,20,115,694,0,0.58,1.0,0,0.0,gateway_beacon,0:0;1:1;10:1;11:1;15:1;16:1;2:0;23:0;24:0;33:0;4:0;42:0;43:0;44:0;48:1;49:1;5:1;7:0;8:1;9:1,SIM
flood,50,20,9,warm,240.0,60.0,gateway_beacon,continuous,gateway_beacon|continuous|flood|50,3,20,1.0,0.2672639999999973,0.2672640000000115,35.35,189.69702400000173,0.7413759999999999,188.95564800000173,0.003908211021802815,0.09366754617414248,1.0,0,684,0.0,711,707,4,20,154,758,0,0.8,1.0,0,0.0,gateway_beacon,0:1;1:1;15:1;16:1;17:1;19:1;20:1;21:1;24:1;26:1;27:1;32:1;33:1;35:1;39:1;40:1;43:1;45:1;46:1;8:1,SIM
flood,50,20,9,warm,240.0,60.0,gateway_beacon,continuous,gateway_beacon|continuous|flood|50,4,12,0.6,0.2672639999999973,0.39242045439596873,59.75,192.36966400000185,0.7413759999999999,191.62828800000185,0.0038539132656591466,0.1320049813200498,0.6,0,692,0.0,721,717,4,20,132,803,0,0.6,1.0,0,0.0,gateway_beacon,10:1;13:0;15:1;18:1;2:1;20:0;26:1;27:0;3:1;31:1;34:0;35:1;38:0;39:0;42:1;45:1;46:0;47:1;7:1;9:0,SIM
flood,50,20,9,warm,240.0,60.0,gateway_beacon,continuous,gateway_beacon|continuous|flood|50,5,12,0.6,0.2672640000000044,0.6802836925390829,54.0,173.92844800000105,0.7413759999999999,173.18707200000105,0.004262534441749261,0.06686478454680535,0.6,0,627,0.0,652,648,4,20,57,673,0,0.56,1.0,0,0.0,gateway_beacon,10:1;13:0;15:1;16:0;2:1;21:1;22:0;26:1;29:1;3:0;31:0;35:1;36:1;38:1;41:0;42:1;47:1;6:1;8:0;9:0,SIM
flood,50,20,9,warm,240.0,60.0,gateway_beacon,continuous,gateway_beacon|continuous|flood|50,6,18,0.9,0.2672639999999973,0.5992808951452002,39.44444444444444,190.49881600000177,0.7413759999999999,189.75744000000176,0.003891761720975699,0.21322690992018245,0.9,0,684,0.0,714,710,4,20,96,877,0,0.6,1.0,0,0.0,gateway_beacon,10:1;17:1;19:1;20:1;22:1;23:1;24:0;26:1;29:1;30:1;31:1;38:0;39:1;40:1;42:1;43:1;44:1;46:1;49:1;9:1,SIM
flood,50,20,9,warm,240.0,60.0,gateway_beacon,continuous,gateway_beacon|continuous|flood|50,7,16,0.8,0.2672639999999973,0.6944357505522873,45.375,194.77504000000195,0.7413759999999999,194.03366400000195,0.003806319331265405,0.1493975903614458,0.8,0,703,0.0,730,726,4,20,67,830,0,0.64,1.0,0,0.0,gateway_beacon,0:1;11:1;12:1;16:1;18:1;20:1;23:1;25:0;26:1;29:0;3:1;31:1;32:1;34:1;35:1;36:0;37:1;39:1;8:0;9:1,SIM
flood,50,20,9,warm,240.0,60.0,gateway_beacon,continuous,gateway_beacon|continuous|flood|50,8,13,0.65,0.2672640000000115,0.2672640000000115,53.0,184.88627200000153,0.7413759999999999,184.14489600000152,0.004009902909394992,0.07596685082872928,0.65,0,667,0.0,693,689,4,20,108,724,0,0.54,1.0,0,0.0,gateway_beacon,0:0;11:0;13:0;19:0;2:1;20:1;21:0;22:1;23:1;27:1;28:1;3:0;31:1;36:1;37:1;41:1;47:1;48:1;49:0;7:1,SIM
flood,50,20,9,warm,240.0,60.0,gateway_beacon,continuous,gateway_beacon|continuous|flood|50,9,13,0.65,0.2672640000000115,2.467687551761185,53.46153846153846,186.4898560000016,0.7413759999999999,185.7484800000016,0.003975422663203695,0.0778688524590164,0.65,0,674,0.0,699,695,4,20,64,732,0,0.56,1.0,0,0.0,gateway_beacon,0:1;10:1;14:0;15:0;16:1;18:1;22:0;23:1;25:1;27:1;31:1;32:1;35:0;36:1;37:0;4:1;41:1;45:0;6:1;8:0,SIM
flood,50,20,9,warm,240.0,60.0,gateway_beacon,continuous,gateway_beacon|continuous|flood|50,10,12,0.6,0.2672639999999973,0.3906370453923065,55.833333333333336,179.8082560000013,0.7413759999999999,179.0668800000013,0.004123147715753356,0.0947075208913649,0.6,0,651,0.0,674,670,4,20,75,718,0,0.72,1.0,0,0.0,gateway_beacon,10:1;16:1;21:1;22:1;27:0;28:1;29:1;3:0;31:0;32:1;34:0;37:0;38:1;4:1;41:0;42:0;5:0;6:1;8:1;9:1,SIM
flood,50,20,9,warm,240.0,60.0,gateway_beacon,continuous,gateway_beacon|continuous|flood|50,11,17,0.85,0.2672640000000115,0.7086209102114011,39.1764705882353,178.73920000000126,0.7413759999999999,177.99782400000126,0.004147808650816355,0.26719278466741825,0.85,0,638,0.0,670,666,4,20,155,887,0,0.78,1.0,0,0.0,gateway_beacon,1:1;10:1;11:1;12:1;14:1;15:0;19:1;24:1;26:0;30:1;35:1;36:1;38:1;39:1;40:1;46:1;49:1;5:1;8:0;9:1,SIM
flood,50,20,9,warm,240.0,60.0,gateway_beacon,continuous,gateway_beacon|continuous|flood|50,12,12,0.6,0.2672639999999973,0.5413721087607086,61.833333333333336,199.05126400000213,0.7413759999999999,198.30988800000213,0.003724548064160959,0.13116726835138387,0.6,0,719,0.0,746,742,4,20,66,831,0,0.68,1.0,0,0.0,gateway_beacon,10:1;14:0;16:0;17:1;18:1;2:0;21:1;22:1;28:1;30:0;31:1;32:1;33:0;37:0;40:1;42:1;47:1;48:1;49:0;7:0,SIM
flood,50,20,9,warm,240.0,60.0,gateway_beacon,continuous,gateway_beacon|continuous|flood|50,13,14,0.7,0.2672639999999973,0.39131381701150314,47.214285714285715,177.4028800000012,0.7413759999999999,176.6615040000012,0.004179052786516177,0.0243531202435312,0.7,0,644,0.0,665,661,4,20,69,657,0,0.64,1.0,0,0.0,gateway_beacon,0:0;14:1;17:1;19:0;2:1;20:1;21:1;23:0;26:1;30:1;31:1;33:1;35:1;36:1;38:1;4:1;41:0;49:0;7:1;9:0,SIM
flood,50,20,9,warm,240.0,60.0,gateway_beacon,continuous,gateway_beacon|continuous|flood|50,14,17,0.85,0.2672639999999973,0.9327151439265877,47.705882352941174,217.49248000000293,0.7413759999999999,216.75110400000293,0.003408743143670944,0.2222222222222222,0.85,0,783,0.0,815,811,4,20,76,1017,0,0.68,1.0,0,0.0,gateway_beacon,10:1;12:1;15:1;18:1;2:1;20:1;23:1;24:1;31:1;32:1;34:1;35:1;37:1;38:1;41:0;44:1;46:1;47:0;48:1;7:0,SIM
flood,50,20,9,warm,240.0,60.0,gateway_beacon,continuous,gateway_beacon|continuous|flood|50,15,10,0.5,0.2672639999999973,0.2672640000000115,66.6,178.73920000000126,0.7413759999999999,177.99782400000126,0.004147808650816355,0.23222748815165878,0.5,0,640,0.0,670,666,4,20,131,844,0,0.62,1.0,0,0.0,gateway_beacon,0:1;15:0;16:1;20:1;21:0;22:0;24:1;31:1;32:0;33:0;35:1;38:0;39:1;42:0;43:1;45:0;47:1;48:1;49:0;9:0,SIM
flood,50,20,9,warm,240.0,60.0,gateway_beacon,continuous,gateway_beacon|continuous|flood|50,16,16,0.8,0.2672640000000115,0.7843198816682886,46.125,197.9822080000021,0.7413759999999999,197.2408320000021,0.0037446597221503465,0.21715526601520088,0.8,0,712,0.0,742,738,4,20,77,921,0,0.78,1.0,0,0.0,gateway_beacon,11:1;13:1;14:1;15:1;21:1;23:1;25:0;26:1;27:1;29:1;31:1;32:0;36:1;41:1;43:1;45:1;47:1;7:0;8:1;9:0,SIM
flood,50,20,9,warm,240.0,60.0,gateway_beacon,continuous,gateway_beacon|continuous|flood|50,17,15,0.75,0.2672639999999973,0.2672640000000115,45.46666666666667,183.01542400000145,0.7413759999999999,182.27404800000144,0.004050893546546077,0.3140495867768595,0.75,0,652,0.0,686,682,4,20,148,968,0,0.72,1.0,0,0.0,gateway_beacon,10:1;14:1;15:0;16:0;18:1;25:1;26:1;28:1;3:1;30:1;31:0;34:1;36:1;37:1;38:0;4:0;40:1;45:1;48:1;5:1,SIM
flood,50,20,9,warm,240.0,60.0,gateway_beacon,continuous,gateway_beacon|continuous|flood|50,18,16,0.8,0.2672639999999973,0.2672640000000115,47.3125,203.0602240000023,0.7413759999999999,202.3188480000023,0.003651015375615815,0.13599062133645956,0.8,0,735,0.0,761,757,4,20,86,853,0,0.86,1.0,0,0.0,gateway_beacon,11:0;13:0;14:1;16:1;19:1;22:1;23:1;26:0;3:1;30:1;31:1;33:0;34:1;40:1;44:1;45:1;47:1;49:1;5:1;9:1,SIM
flood,50,20,9,warm,240.0,60.0,gateway_beacon,continuous,gateway_beacon|continuous|flood|50,19,16,0.8,0.2672640000000115,0.6336621936382762,42.75,183.54995200000147,0.7413759999999999,182.80857600000147,0.004039096670534646,0.1656210790464241,0.8,0,660,0.0,688,684,4,20,143,797,0,0.82,1.0,0,0.0,gateway_beacon,14:1;16:1;18:1;19:0;2:1;20:1;27:0;29:1;3:1;30:1;32:0;33:1;35:1;36:1;40:1;44:1;47:1;49:1;8:0;9:1,SIM
flood,100,20,9,warm,240.0,60.0,gateway_beacon,continuous,gateway_beacon|continuous|flood|100,0,14,0.7,0.2672640000000044,0.2672640000000115,97.92857142857143,367.16032000000934,0.7413759999999999,366.41894400000933,0.002019216019857432,0.03980099502487562,0.7,0,1350,0.0,1375,1371,4,20,306,1407,0,0.79,1.0,0,0.0,gateway_beacon,0:0;1:1;10:1;16:0;24:0;39:0;4:1;41:1;53:1;59:1;6:0;62:1;63:1;67:1;70:1;71:0;77:1;81:1;92:1;96:1,SIM
flood,100,20,9,warm,240.0,60.0,gateway_beacon,continuous,gateway_beacon|continuous|flood|100,1,15,0.75,0.2672639999999973,0.2672640000000115,84.8,340.7011840000082,0.7413759999999999,339.9598080000082,0.0021760300075739747,0.03469545104086353,0.75,0,1253,0.0,1276,1272,4,20,275,1297,0,0.7,1.0,0,0.0,gateway_beacon,12:1;17:1;2:1;20:1;25:1;27:1;30:1;34:1;41:0;43:0;44:1;48:1;54:1;62:0;68:0;70:1;72:1;86:1;87:1;98:0,SIM
flood,100,20,9,warm,240.0,60.0,gateway_beacon,continuous,gateway_beacon|continuous|flood|100,2,14,0.7,0.2672639999999973,0.36293250165756086,100.14285714285714,375.4455040000097,0.7413759999999999,374.7041280000097,0.001974656753380594,0.097911227154047,0.7,0,1378,0.0,1406,1402,4,20,297,1532,0,0.72,1.0,0,0.0,gateway_beacon,0:1;12:1;13:0;2:1;25:1;26:1;39:1;47:0;52:1;57:1;59:0;62:1;7:1;75:0;78:0;81:0;86:1;87:1;9:1;99:1,SIM
flood,100,20,9,warm,240.0,60.0,gateway_beacon,continuous,gateway_beacon|continuous|flood|100,3,18,0.9,0.2672639999999973,0.2672640000000115,78.61111111111111,378.91993600000984,0.7413759999999999,378.17856000000984,0.0019565505257553425,0.0,0.9,0,1397,0.0,1419,1415,4,20,167,1395,0,0.85,1.0,0,0.0,gateway_beacon,1:1;15:0;2:1;21:1;25:1;30:1;38:1;4:0;5:1;55:1;6:1;61:1;64:1;65:1;67:1;68:1;73:1;84:1;88:1;95:1,SIM
flood,100,20,9,warm,240.0,60.0,gateway_beacon,continuous,gateway_beacon|continuous|flood|100,4,12,0.6,0.2672640000000044,0.2672640000000115,106.5,342.30476800000827,0.7413759999999999,341.56339200000826,0.0021658360306566985,0.041158536585365856,0.6,0,1257,0.0,1282,1278,4,20,259,1312,0,0.62,1.0,0,0.0,gateway_beacon,1:0;10:1;12:0;14:1;26:1;29:0;38:1;39:0;44:1;46:0;48:1;49:1;51:0;58:1;62:1;66:1;69:1;79:0;9:0;97:1,SIM
flood,100,20,9,warm,240.0,60.0,gateway_beacon,continuous,gateway_beacon|continuous|flood|100,5,18,0.9,0.2672639999999973,0.2672640000000115,77.5,373.5746560000096,0.7413759999999999,372.8332800000096,0.001984545761048578,0.06589673913043478,0.9,0,1375,0.0,1399,1395,4,20,151,1472,0,0.74,1.0,0,0.0,gateway_beacon,14:1;17:1;21:1;23:1;24:1;28:0;4:0;40:1;44:1;48:1;5:1;53:1;59:1;6:1;60:1;61:1;70:1;78:1;84:1;9:1,SIM
flood,100,20,9,warm,240.0,60.0,gateway_beacon,continuous,gateway_beacon|continuous|flood|100,6,11,0.55,0.2672639999999973,0.2672640000000115,119.63636363636364,352.4608000000087,0.7413759999999999,351.7194240000087,0.002103428239395648,0.0277569392348087,0.55,0,1297,0.0,1320,1316,4,20,124,1333,0,0.58,1.0,0,0.0,gateway_beacon,14:1;16:0;17:0;19:1;23:1;3:1;36:1;44:1;51:1;59:1;63:1;64:0;66:0;67:0;70:0;81:0;9:0;90:1;94:1;95:0,SIM
flood,100,20,9,warm,240.0,60.0,gateway_beacon,continuous,gateway_beacon|continuous|flood|100,7,14,0.7,0.2672639999999973,0.2672640000000115,93.64285714285714,351.12448000000865,0.7413759999999999,350.38310400000864,0.0021114335292144303,0.0,0.7,0,1293,0.0,1315,1311,4,20,131,1291,0,0.64,1.0,0,0.0,gateway_beacon,10:0;11:0;16:1;19:1;20:1;21:0;22:1;25:1;3:1;42:1;50:1;51:1;55:0;59:0;61:1;81:0;91:1;92:1;95:1;96:1,SIM
flood,100,20,9,warm,240.0,60.0,gateway_beacon,continuous,gateway_beacon|continuous|flood|100,8,17,0.85,0.2672640000000115,0.5361267584928726,85.23529411764706,388.00691200001023,0.7413759999999999,387.26553600001023,0.0019107288480468625,0.10238693467336683,0.85,0,1425,0.0,1453,1449,4,20,294,1592,0,0.66,1.0,0,0.0,gateway_beacon,10:1;13:1;14:1;21:1;25:1;29:1;31:0;46:1;47:1;49:1;52:1;58:0;63:0;64:1;67:1;76:1;80:1;83:1;95:1;99:1,SIM
flood,100,20,9,warm,240.0,60.0,gateway_beacon,continuous,gateway_beacon|continuous|flood|100,9,15,0.75,0.2672639999999973,0.2672640000000115,91.66666666666667,368.2293760000094,0.7413759999999999,367.4880000000094,0.002013353763497622,0.031451036454610434,0.75,0,1354,0.0,1379,1375,4,20,287,1399,0,0.72,1.0,0,0.0,gateway_beacon,1:0;10:1;17:0;19:1;3:1;41:1;42:1;45:1;49:0;57:1;59:0;60:0;61:1;68:1;70:1;75:1;79:1;9:1;90:1;99:1,SIM
flood,100,20,9,warm,240.0,60.0,gateway_beacon,continuous,gateway_beacon|continuous|flood|100,10,19,0.95,0.2672639999999973,0.2952572689187258,75.21052631578948,382.66163200001,0.7413759999999999,381.92025600001,0.001937419218449318,0.08506493506493507,0.95,0,1409,0.0,1433,1429,4,20,148,1540,0,0.73,1.0,0,0.0,gateway_beacon,12:1;21:1;23:1;24:1;28:1;30:1;36:1;39:1;47:1;53:1;56:1;6:1;71:1;72:1;73:1;75:1;77:1;78:0;9:1;95:1,SIM
flood,100,20,9,warm,240.0,60.0,gateway_beacon,continuous,gateway_beacon|continuous|flood|100,11,12,0.6,0.2672639999999973,0.3925686640169287,108.66666666666667,349.25363200000857,0.7413759999999999,348.51225600000856,0.0021227438516658913,0.03458646616541353,0.6,0,1285,0.0,1308,1304,4,20,141,1330,0,0.7,1.0,0,0.0,gateway_beacon,1:1;18:0;21:1;25:1;30:0;32:1;38:1;41:0;43:1;47:0;51:1;56:1;62:0;63:0;66:0;78:1;84:1;85:1;86:1;96:0,SIM
flood,100,20,9,warm,240.0,60.0,gateway_beacon,continuous,gateway_beacon|continuous|flood|100,12,11,0.55,0.2672639999999973,0.2672640000000115,127.27272727272727,374.91097600000967,0.7413759999999999,374.16960000000967,0.0019774721132730477,0.10505836575875487,0.55,0,1377,0.0,1404,1400,4,20,317,1542,0,0.77,1.0,0,0.0,gateway_beacon,13:1;2:1;29:1;39:1;44:0;50:0;52:0;56:0;6:1;66:0;68:1;70:1;73:0;84:1;86:0;87:1;89:1;93:0;97:0;98:1,SIM
flood,100,20,9,warm,240.0,60.0,gateway_beacon,continuous,gateway_beacon|continuous|flood|100,13,11,0.55,0.2672640000000115,0.4014294218008274,109.0,321.19091200000736,0.7413759999999999,320.44953600000736,0.002308209766532818,0.04765751211631664,0.55,0,1180,0.0,1203,1199,4,20,262,1238,0,0.0,1.0,0,0.0,gateway_beacon,12:1;14:1;19:1;20:1;34:0;37:0;38:1;39:1;49:0;5:0;51:0;54:0;57:1;60:1;79:1;80:0;86:0;89:1;91:1;97:0,SIM
flood,100,20,9,warm,240.0,60.0,gateway_beacon,continuous,gateway_beacon|continuous|flood|100,14,17,0.85,0.2672639999999973,0.2672640000000115,80.94117647058823,368.4966400000094,0.7413759999999999,367.7552640000094,0.002011893514144338,0.06932052161976665,0.85,0,1354,0.0,1380,1376,4,20,276,1457,0,0.69,1.0,0,0.0,gateway_beacon,15:1;25:1;3:1;31:0;32:1;43:1;48:0;49:1;53:1;54:0;56:1;60:1;66:1;73:1;76:1;8:1;82:1;87:1;91:1;97:1,SIM
flood,100,20,9,warm,240.0,60.0,gateway_beacon,continuous,gateway_beacon|continuous|flood|100,15,13,0.65,0.2672639999999973,0.2672640000000115,106.92307692307692,372.23833600000955,0.7413759999999999,371.49696000000955,0.001991670197021246,0.0,0.65,0,1370,0.0,1394,1390,4,20,233,1370,0,0.56,1.0,0,0.0,gateway_beacon,0:1;15:0;21:0;3:0;33:1;43:1;49:1;51:1;56:1;57:1;58:1;59:1;64:1;76:1;78:0;81:0;85:0;86:1;89:0;97:1,SIM
flood,100,20,9,warm,240.0,60.0,gateway_beacon,continuous,gateway_beacon|continuous|flood|100,16,16,0.8,0.2672639999999973,0.2672640000000115,79.125,339.09760000000813,0.7413759999999999,338.3562240000081,0.0021863203986108486,0.0,0.8,0,1248,0.0,1270,1266,4,20,145,1246,0,0.74,1.0,0,0.0,gateway_beacon,10:1;15:1;2:1;24:1;27:0;33:1;44:1;45:1;47:0;49:1;51:0;52:1;55:0;56:1;7:1;75:1;76:1;78:1;95:1;98:1,SIM
flood,100,20,9,warm,240.0,60.0,gateway_beacon,continuous,gateway_beacon|continuous|flood|100,17,15,0.75,0.2672640000000115,0.2672640000000115,96.6,388.00691200001023,0.7413759999999999,387.26553600001023,0.0019107288480468625,0.035111411208642807,0.75,0,1428,0.0,1453,1449,4,20,248,1481,0,0.62,1.0,0,0.0,gateway_beacon,10:1;16:0;19:1;25:1;27:1;37:1;39:0;46:0;49:0;55:0;56:1;61:1;64:1;66:1;67:1;73:1;77:1;87:1;97:1;99:1,SIM
flood,100,20,9,warm,240.0,60.0,gateway_beacon,continuous,gateway_beacon|continuous|flood|100,18,12,0.6,0.2672639999999973,0.2672640000000115,112.58333333333333,361.8150400000091,0.7413759999999999,361.0736640000091,0.0020490469384577856,0.0,0.6,0,1333,0.0,1355,1351,4,20,118,1331,0,0.59,1.0,0,0.0,gateway_beacon,1:1;2:1;21:1;24:0;27:1;36:0;37:0;38:1;44:1;58:1;64:1;66:0;7:0;72:1;78:1;79:0;81:0;84:0;88:1;90:1,SIM
flood,100,20,9,warm,240.0,60.0,gateway_beacon,continuous,gateway_beacon|continuous|flood|100,19,13,0.65,0.2672639999999973,0.2672640000000115,108.0,375.9800320000097,0.7413759999999999,375.2386560000097,0.0019718493986403533,0.0,0.65,0,1384,0.0,1408,1404,4,20,258,1384,0,0.74,1.0,0,0.0,gateway_beacon,0:1;10:0;17:1;2:0;20:1;30:1;31:1;33:0;34:0;50:1;54:1;56:1;59:0;62:1;66:0;73:0;75:1;8:1;86:1;94:1,SIM
gradient,25,20,9,warm,240.0,60.0,gateway_beacon,continuous,gateway_beacon|continuous|gradient|25,0,19,0.95,0.2672639999999973,0.4425191472754767,2.526315789473684,13.570048000000016,0.7413759999999999,12.828672000000015,0.05463326290371258,0.23173277661795408,0.95,0,20,0.0,52,48,4,20,77,479,0,0.76,1.0,0,0.0,gateway_beacon,1:1;10:1;12:1;13:1;15:0;16:1;17:1;18:1;2:1;20:1;21:1;22:1;23:1;24:1;3:1;4:1;6:1;7:1;8:1;9:1,SIM
gradient,25,20,9,warm,240.0,60.0,gateway_beacon,continuous,gateway_beacon|continuous|gradient|25,1,17,0.85,0.2672639999999973,0.2672640000000115,4.117647058823529,19.449856000000032,0.7413759999999999,18.708480000000034,0.03811730020006311,0.3236434108527132,0.85,0,37,0.0,74,70,4,20,77,516,0,0.72,1.0,0,0.0,gateway_beacon,1:1;10:0;11:0;12:1;13:1;14:1;15:0;16:1;18:1;19:1;20:1;21:1;22:1;23:1;24:1;5:1;6:1;7:1;8:1;9:1,SIM
gradient,25,20,9,warm,240.0,60.0,gateway_beacon,continuous,gateway_beacon|continuous|gradient|25,2,14,0.7,0.2672639999999973,0.2672640000000115,2.357142857142857,9.561088000000003,0.7413759999999999,8.819712000000003,0.07754096604905213,0.2297979797979798,0.7,0,11,0.0,37,33,4,20,34,396,0,0.8,1.0,0,0.0,gateway_beacon,10:0;11:1;12:1;13:1;14:0;15:0;16:1;17:0;18:1;19:1;2:1;20:0;21:1;22:0;23:1;24:1;4:1;5:1;7:1;9:1,SIM
gradient,25,20,9,warm,240.0,60.0,gateway_beacon,continuous,gateway_beacon|continuous|gradient|25,3,17,0.85,0.2672640000000115,1.065949875862568,6.235294117647059,29.071360000000062,0.7413759999999999,28.329984000000064,0.025501937301866798,0.4766355140186916,0.85,0,62,0.0,110,106,4,20,47,749,0,0.72,1.0,0,0.0,gateway_beacon,0:1;1:1;10:1;11:1;12:1;13:1;16:1;17:1;18:0;19:1;20:1;21:1;22:1;23:1;3:1;4:0;5:1;6:1;7:0;8:1,SIM
gradient,25,20,9,warm,240.0,60.0,gateway_beacon,continuous,gateway_beacon|continuous|gradient|25,4,16,0.8,0.2672639999999973,0.2672640000000115,1.9375,9.026560000000002,0.7413759999999999,8.285184000000001,0.08213272830402721,0.13766233766233765,0.8,0,7,0.0,35,31,4,20,77,385,0,0.76,1.0,0,0.0,gateway_beacon,0:0;10:1;11:1;13:1;14:1;15:1;16:1;17:1;18:1;19:0;2:1;21:1;22:1;24:1;3:1;4:1;5:1;6:0;8:1;9:0,SIM
gradient,25,20,9,warm,240.0,60.0,gateway_beacon,continuous,gateway_beacon|continuous|gradient|25,5,13,0.65,0.2672639999999973,0.7011556057574111,3.4615384615384617,12.768256000000013,0.7413759999999999,12.026880000000013,0.05806399871681764,0.23774509803921567,0.65,0,17,0.0,49,45,4,20,70,408,0,0.76,1.0,0,0.0,gateway_beacon,0:1;1:0;10:0;11:0;12:1;13:1;14:1;15:1;16:0;18:0;19:0;20:1;21:1;22:1;24:1;4:0;5:1;6:1;8:1;9:1,SIM
gradient,25,20,9,warm,240.0,60.0,gateway_beacon,continuous,gateway_beacon|continuous|gradient|25,6,17,0.85,0.2672639999999973,0.5062723963643967,3.5294117647058822,16.777216000000024,0.7413759999999999,16.035840000000025,0.04418945312499993,0.3036053130929791,0.85,0,29,0.0,64,60,4,20,78,527,0,0.68,1.0,0,0.0,gateway_beacon,0:1;10:1;12:1;13:1;14:0;15:1;17:1;19:1;2:1;20:1;21:1;23:1;24:1;3:0;4:1;5:1;6:1;7:1;8:0;9:1,SIM
gradient,25,20,9,warm,240.0,60.0,gateway_beacon,continuous,gateway_beacon|continuous|gradient|25,7,14,0.7,0.2672640000000044,3.0046087920121822,6.857142857142857,26.398720000000054,0.7413759999999999,25.657344000000055,0.02808378588052748,0.44395924308588064,0.7,0,55,0.0,100,96,4,20,54,687,0,0.6,1.0,0,0.0,gateway_beacon,1:1;10:1;11:1;12:0;13:1;14:0;15:1;16:1;17:0;18:1;19:0;2:1;23:1;24:1;3:0;4:1;5:0;7:1;8:1;9:1,SIM
gradient,25,20,9,warm,240.0,60.0,gateway_beacon,continuous,gateway_beacon|continuous|gradient|25,8,15,0.75,0.2672639999999973,1.847306140567256,4.066666666666666,17.044480000000025,0.7413759999999999,16.303104000000026,0.04349654550916184,0.4298780487804878,0.75,0,21,0.0,65,61,4,20,62,656,0,0.6,1.0,0,0.0,gateway_beacon,0:1;11:1;12:0;13:0;14:1;15:0;16:1;17:1;18:1;19:1;2:1;21:1;23:0;24:0;3:1;4:1;5:1;6:1;8:1;9:1,SIM
gradient,25,20,9,warm,240.0,60.0,gateway_beacon,continuous,gateway_beacon|continuous|gradient|25,9,14,0.7,0.2672639999999973,0.8756508660630752,3.5714285714285716,14.104576000000018,0.7413759999999999,13.363200000000017,0.052562799477275955,0.2838427947598253,0.7,0,21,0.0,54,50,4,20,74,458,0,0.76,1.0,0,0.0,gateway_beacon,0:1;10:0;11:1;12:1;13:0;15:1;17:0;18:1;19:1;2:1;20:1;21:0;22:1;23:0;24:1;4:1;5:1;6:1;7:1;9:0,SIM
gradient,25,20,9,warm,240.0,60.0,gateway_beacon,continuous,gateway_beacon|continuous|gradient|25,10,16,0.8,0.2672640000000044,0.5993935601668703,2.0,9.293824000000003,0.7413759999999999,8.552448000000002,0.0797708241516086,0.16091954022988506,0.8,0,12,0.0,36,32,4,20,45,348,0,0.92,1.0,0,0.0,gateway_beacon,1:1;10:1;11:1;12:1;13:1;14:1;17:1;18:1;19:0;2:1;22:1;23:1;24:1;3:1;4:1;5:0;6:0;7:0;8:1;9:1,SIM
gradient,25,20,9,warm,240.0,60.0,gateway_beacon,continuous,gateway_beacon|continuous|gradient|25,11,16,0.8,0.2672639999999973,1.1812049610613293,5.6875,25.06240000000005,0.7413759999999999,24.32102400000005,0.02958120531154233,0.48728246318607765,0.8,0,47,0.0,95,91,4,20,38,747,0,0.56,1.0,0,0.0,gateway_beacon,0:1;1:1;10:1;11:1;12:1;13:1;14:1;15:0;17:1;18:0;19:1;2:1;21:1;22:1;23:0;3:0;4:1;5:1;6:1;8:1,SIM
gradient,25,20,9,warm,240.0,60.0,gateway_beacon,continuous,gateway_beacon|continuous|gradient|25,12,16,0.8,0.2672639999999973,0.2672640000000115,3.1875,14.371840000000018,0.7413759999999999,13.630464000000018,0.05158532240826498,0.16666666666666666,0.8,0,26,0.0,55,51,4,20,80,372,0,0.84,1.0,0,0.0,gateway_beacon,0:1;10:1;11:1;12:1;13:1;14:0;16:0;17:1;18:1;19:1;21:1;22:1;23:0;24:0;3:1;5:1;6:1;7:1;8:1;9:1,SIM
gradient,25,20,9,warm,240.0,60.0,gateway_beacon,continuous,gateway_beacon|continuous|gradient|25,13,17,0.85,0.2672639999999973,0.2672640000000115,1.1764705882352942,6.086656,0.7413759999999999,5.34528,0.12180349932705249,0.0,0.85,0,0,0.0,24,20,4,20,85,333,0,0.92,1.0,0,0.0,gateway_beacon,0:1;1:1;10:1;11:1;12:1;13:1;14:1;15:1;17:1;18:1;19:1;2:1;20:1;21:0;22:0;24:1;3:1;4:0;6:1;7:1,SIM
gradient,25,20,9,warm,240.0,60.0,gateway_beacon,continuous,gateway_beacon|continuous|gradient|25,14,11,0.55,0.2672640000000115,0.402048419275026,5.363636363636363,16.509952000000023,0.7413759999999999,15.768576000000024,0.04490479439310295,0.294,0.55,0,28,0.0,63,59,4,20,58,500,0,0.76,1.0,0,0.0,gateway_beacon,1:0;10:0;11:0;12:1;13:1;14:0;15:0;16:1;18:1;19:1;2:1;21:1;23:1;24:0;3:1;4:1;5:0;6:1;7:0;9:0,SIM
gradient,25,20,9,warm,240.0,60.0,gateway_beacon,continuous,gateway_beacon|continuous|gradient|25,15,17,0.85,0.2672639999999973,0.2672640000000115,2.4705882352941178,11.96646400000001,0.7413759999999999,11.22508800000001,0.06195447544069821,0.28232189973614774,0.85,0,18,0.0,46,42,4,20,40,379,0,0.84,1.0,0,0.0,gateway_beacon,0:1;1:1;10:0;11:1;12:1;13:1;16:1;17:1;18:1;19:0;2:1;20:1;21:1;22:1;24:1;4:1;5:1;6:0;7:1;9:1,SIM
gradient,25,20,9,warm,240.0,60.0,gateway_beacon,continuous,gateway_beacon|continuous|gradient|25,16,16,0.8,0.2672639999999973,1.1997617897763249,3.5625,15.975424000000023,0.7413759999999999,15.234048000000023,0.04640728158451374,0.38666666666666666,0.8,0,21,0.0,61,57,4,20,56,600,0,0.84,1.0,0,0.0,gateway_beacon,0:1;1:1;10:1;11:1;12:1;13:1;15:1;16:0;17:1;19:0;20:1;22:1;23:1;24:1;3:1;4:0;5:1;7:1;8:1;9:0,SIM
gradient,25,20,9,warm,240.0,60.0,gateway_beacon,continuous,gateway_beacon|continuous|gradient|25,17,12,0.6,0.2672639999999973,0.2672640000000115,2.6666666666666665,9.293824000000003,0.7413759999999999,8.552448000000002,0.0797708241516086,0.14360313315926893,0.6,0,8,0.0,36,32,4,20,81,383,0,0.84,1.0,0,0.0,gateway_beacon,0:1;1:1;10:0;11:1;12:0;14:1;16:1;17:0;18:0;19:1;2:1;20:0;21:1;23:0;24:0;4:1;5:1;6:1;8:0;9:1,SIM
gradient,25,20,9,warm,240.0,60.0,gateway_beacon,continuous,gateway_beacon|continuous|gradient|25,18,17,0.85,0.2672639999999973,0.2672640000000115,3.764705882352941,17.846272000000027,0.7413759999999999,17.10489600000003,0.04154234565067701,0.36935483870967745,0.85,0,30,0.0,68,64,4,20,84,620,0,0.76,1.0,0,0.0,gateway_beacon,0:1;1:1;10:0;12:1;13:1;14:0;15:1;17:1;18:1;19:1;2:1;20:1;21:1;22:1;24:1;3:1;4:0;5:1;6:1;8:1,SIM
gradient,25,20,9,warm,240.0,60.0,gateway_beacon,continuous,gateway_beacon|continuous|gradient|25,19,12,0.6,0.2672640000000044,2.3398323240911365,6.333333333333333,21.053440000000037,0.7413759999999999,20.31206400000004,0.0352140077821011,0.385,0.6,0,40,0.0,80,76,4,20,48,600,0,0.56,1.0,0,0.0,gateway_beacon,0:1;10:1;11:1;12:0;13:1;14:0;15:1;16:1;19:0;2:1;21:0;23:0;24:0;3:1;4:1;5:0;6:1;7:1;8:1;9:0,SIM
gradient,50,20,9,warm,240.0,60.0,gateway_beacon,continuous,gateway_beacon|continuous|gradient|50,0,18,0.9,0.2672639999999973,0.2672640000000115,10.11111111111111,49.383423999999906,0.7413759999999999,48.6420479999999,0.015012648778667136,0.28702851885924563,0.9,0,154,0.0,186,182,4,20,73,1087,0,0.76,1.0,0,0.0,gateway_beacon,1:0;10:1;12:1;14:1;17:1;19:1;2:1;21:0;23:1;27:1;3:1;34:1;4:1;45:1;46:1;47:1;49:1;6:1;7:1;9:1,SIM
gradient,50,20,9,warm,240.0,60.0,gateway_beacon,continuous,gateway_beacon|continuous|gradient|50,1,17,0.85,0.2672640000000115,2.3940982902847328,11.941176470588236,54.99596799999985,0.7413759999999999,54.254591999999846,0.013480551883367194,0.5740551583248212,0.85,0,147,0.0,207,203,4,20,55,1958,0,0.5,1.0,0,0.0,gateway_beacon,0:1;1:1;11:1;12:1;14:1;16:0;21:0;22:1;26:1;29:1;31:1;32:1;34:1;36:1;39:1;40:0;41:1;45:1;47:1;5:1,SIM
gradient,50,20,9,warm,240.0,60.0,gateway_beacon,continuous,gateway_beacon|continuous|gradient|50,2,10,0.5,0.2672639999999973,2.7417630385784273,14.1,38.42560000000002,0.7413759999999999,37.684224000000015,0.019293804130579604,0.24714434060228452,0.5,0,113,0.0,145,141,4,20,84,963,0,0.58,1.0,0,0.0,gateway_beacon,0:1;1:1;10:1;11:0;15:0;16:1;2:0;23:0;24:1;33:0;4:0;42:1;43:0;44:0;48:0;49:1;5:1;7:0;8:1;9:1,SIM
gradient,50,20,9,warm,240.0,60.0,gateway_beacon,continuous,gateway_beacon|continuous|gradient|50,3,17,0.85,0.2672639999999973,0.6154631795979286,6.0588235294117645,28.26956800000006,0.7413759999999999,27.52819200000006,0.02622523273082908,0.1814903846153846,0.85,0,79,0.0,107,103,4,20,122,832,0,0.8,1.0,0,0.0,gateway_beacon,0:1;1:1;15:1;16:1;17:1;19:1;20:1;21:1;24:1;26:1;27:1;32:0;33:0;35:1;39:1;40:1;43:1;45:1;46:0;8:1,SIM
gradient,50,20,9,warm,240.0,60.0,gateway_beacon,continuous,gateway_beacon|continuous|gradient|50,4,18,0.9,0.2672640000000044,0.7829345450459669,12.722222222222221,61.94483199999978,0.7413759999999999,61.203455999999775,0.011968326913857843,0.4194277108433735,0.9,0,188,0.0,233,229,4,20,137,1328,0,0.6,1.0,0,0.0,gateway_beacon,10:1;13:1;15:1;18:1;2:1;20:1;26:1;27:1;3:1;31:1;34:1;35:1;38:0;39:1;42:1;45:1;46:1;47:1;7:0;9:1,SIM
gradient,50,20,9,warm,240.0,60.0,gateway_beacon,continuous,gateway_beacon|continuous|gradient|50,5,13,0.65,0.2672639999999973,2.034120861684311,15.076923076923077,53.12511999999987,0.7413759999999999,52.383743999999865,0.013955281418658476,0.3803680981595092,0.65,0,157,0.0,200,196,4,20,112,1141,0,0.56,1.0,0,0.0,gateway_beacon,10:1;13:1;15:1;16:1;2:1;21:1;22:1;26:1;29:0;3:1;31:0;35:1;36:0;38:1;41:0;42:0;47:0;6:1;8:1;9:0,SIM
gradient,50,20,9,warm,240.0,60.0,gateway_beacon,continuous,gateway_beacon|continuous|gradient|50,6,15,0.75,0.2672640000000115,3.708777913920435,15.266666666666667,61.94483199999978,0.7413759999999999,61.203455999999775,0.011968326913857843,0.4037854889589905,0.75,0,191,0.0,233,229,4,20,103,1268,0,0.6,1.0,0,0.0,gateway_beacon,10:0;17:1;19:1;20:1;22:0;23:1;24:0;26:1;29:1;30:0;31:1;38:1;39:1;40:1;42:1;43:1;44:1;46:1;49:0;9:1,SIM
gradient,50,20,9,warm,240.0,60.0,gateway_beacon,continuous,gateway_beacon|continuous|gradient|50,7,15,0.75,0.2672639999999973,3.1076872241562556,8.666666666666666,35.48569600000005,0.7413759999999999,34.744320000000045,0.020892249091013993,0.30009233610341646,0.75,0,99,0.0,134,130,4,20,66,1083,0,0.64,1.0,0,0.0,gateway_beacon,0:1;11:1;12:1;16:1;18:0;20:1;23:1;25:1;26:1;29:1;3:1;31:0;32:1;34:1;35:0;36:1;37:1;39:1;8:0;9:0,SIM
gradient,50,20,9,warm,240.0,60.0,gateway_beacon,continuous,gateway_beacon|continuous|gradient|50,8,15,0.75,0.2672639999999973,2.2000428722228444,8.266666666666667,33.88211200000006,0.7413759999999999,33.14073600000006,0.021881044487427424,0.37542087542087543,0.75,0,88,0.0,128,124,4,20,120,1188,0,0.54,1.0,0,0.0,gateway_beacon,0:1;11:1;13:1;19:1;2:1;20:1;21:0;22:1;23:0;27:1;28:0;3:1;31:1;36:0;37:1;41:1;47:1;48:0;49:1;7:1,SIM
gradient,50,20,9,warm,240.0,60.0,gateway_beacon,continuous,gateway_beacon|continuous|gradient|50,9,13,0.65,0.2672639999999973,3.12233103569364,10.76923076923077,38.15833600000002,0.7413759999999999,37.41696000000002,0.019428939458995265,0.28642220019821607,0.65,0,109,0.0,144,140,4,20,111,1009,0,0.56,1.0,0,0.0,gateway_beacon,0:0;10:1;14:1;15:1;16:1;18:0;22:1;23:0;25:1;27:0;31:0;32:1;35:0;36:1;37:1;4:1;41:1;45:0;6:1;8:1,SIM
gradient,50,20,9,warm,240.0,60.0,gateway_beacon,continuous,gateway_beacon|continuous|gradient|50,10,14,0.7,0.2672640000000115,2.5858442822995586,10.428571428571429,39.76192,0.7413759999999999,39.020544,0.01864537728560391,0.3339604891815616,0.7,0,118,0.0,150,146,4,20,68,1063,0,0.72,1.0,0,0.0,gateway_beacon,10:0;16:1;21:1;22:0;27:0;28:1;29:1;3:0;31:1;32:1;34:0;37:1;38:1;4:1;41:1;42:1;5:1;6:1;8:0;9:1,SIM
gradient,50,20,9,warm,240.0,60.0,gateway_beacon,continuous,gateway_beacon|continuous|gradient|50,11,18,0.9,0.2672640000000044,0.4402021001895894,3.3333333333333335,16.777216000000024,0.7413759999999999,16.035840000000025,0.04418945312499993,0.1794871794871795,0.9,0,34,0.0,64,60,4,20,155,858,0,0.78,1.0,0,0.0,gateway_beacon,1:1;10:0;11:0;12:1;14:1;15:1;19:1;24:1;26:1;30:1;35:1;36:1;38:1;39:1;40:1;46:1;49:1;5:1;8:1;9:1,SIM
gradient,50,20,9,warm,240.0,60.0,gateway_beacon,continuous,gateway_beacon|continuous|gradient|50,12,19,0.95,0.2672639999999973,1.2032895037262128,6.526315789473684,33.88211200000006,0.7413759999999999,33.14073600000006,0.021881044487427424,0.3440207972270364,0.95,0,90,0.0,128,124,4,20,127,1154,0,0.68,1.0,0,0.0,gateway_beacon,10:1;14:1;16:1;17:1;18:1;2:1;21:1;22:1;28:1;30:1;31:1;32:1;33:1;37:0;40:1;42:1;47:1;48:1;49:1;7:1,SIM
gradient,50,20,9,warm,240.0,60.0,gateway_beacon,continuous,gateway_beacon|continuous|gradient|50,13,16,0.8,0.2672640000000044,1.397584089806756,10.0,43.503615999999965,0.7413759999999999,42.76223999999996,0.017041709820167603,0.4235946159936659,0.8,0,126,0.0,164,160,4,20,63,1263,0,0.64,1.0,0,0.0,gateway_beacon,0:0;14:1;17:1;19:1;2:1;20:1;21:1;23:0;26:1;30:1;31:1;33:0;35:0;36:1;38:1;4:1;41:1;49:1;7:1;9:1,SIM
gradient,50,20,9,warm,240.0,60.0,gateway_beacon,continuous,gateway_beacon|continuous|gradient|50,14,18,0.9,0.2672640000000044,2.975559986731998,9.777777777777779,47.77983999999992,0.7413759999999999,47.03846399999992,0.015516502357479664,0.3546160483175151,0.9,0,142,0.0,180,176,4,20,105,1159,0,0.68,1.0,0,0.0,gateway_beacon,10:1;12:1;15:1;18:1;2:1;20:1;23:0;24:1;31:1;32:1;34:1;35:1;37:1;38:1;41:1;44:1;46:1;47:1;48:0;7:1,SIM
gradient,50,20,9,warm,240.0,60.0,gateway_beacon,continuous,gateway_beacon|continuous|gradient|50,15,18,0.9,0.2672640000000044,3.388044265596058,12.055555555555555,58.73766399999981,0.7413759999999999,57.99628799999981,0.012621816216593196,0.29935720844811753,0.9,0,184,0.0,221,217,4,20,131,1089,0,0.62,1.0,0,0.0,gateway_beacon,0:1;15:1;16:1;20:1;21:1;22:1;24:1;31:1;32:1;33:1;35:1;38:1;39:1;42:1;43:1;45:1;47:0;48:1;49:0;9:1,SIM
gradient,50,20,9,warm,240.0,60.0,gateway_beacon,continuous,gateway_beacon|continuous|gradient|50,16,16,0.8,0.2672639999999973,0.2672640000000115,3.3125,14.90636800000002,0.7413759999999999,14.16499200000002,0.04973552242907185,0.0,0.8,0,33,0.0,57,53,4,20,151,649,0,0.78,1.0,0,0.0,gateway_beacon,11:1;13:1;14:1;15:1;21:1;23:0;25:1;26:1;27:1;29:0;31:1;32:0;36:1;41:1;43:1;45:1;47:1;7:1;8:1;9:0,SIM
gradient,50,20,9,warm,240.0,60.0,gateway_beacon,continuous,gateway_beacon|continuous|gradient|50,17,15,0.75,0.2672639999999973,0.2672640000000115,1.3333333333333333,6.086656,0.7413759999999999,5.34528,0.12180349932705249,0.0,0.75,0,0,0.0,24,20,4,20,149,621,0,0.72,1.0,0,0.0,gateway_beacon,10:1;14:1;15:0;16:0;18:0;25:1;26:1;28:1;3:1;30:1;31:1;34:1;36:1;37:0;38:1;4:0;40:1;45:1;48:1;5:1,SIM
gradient,50,20,9,warm,240.0,60.0,gateway_beacon,continuous,gateway_beacon|continuous|gradient|50,18,17,0.85,0.2672639999999973,0.2672640000000115,2.7058823529411766,13.035520000000014,0.7413759999999999,12.294144000000014,0.05687352710133536,0.06361323155216285,0.85,0,24,0.0,50,46,4,20,168,786,0,0.86,1.0,0,0.0,gateway_beacon,11:1;13:1;14:1;16:1;19:1;22:1;23:1;26:1;3:1;30:0;31:0;33:1;34:1;40:1;44:1;45:0;47:1;49:1;5:1;9:1,SIM
gradient,50,20,9,warm,240.0,60.0,gateway_beacon,continuous,gateway_beacon|continuous|gradient|50,19,10,0.5,0.2672639999999973,0.2672640000000115,5.6,15.708160000000023,0.7413759999999999,14.966784000000022,0.04719687092568441,0.0,0.5,0,38,0.0,60,56,4,20,145,583,0,0.82,1.0,0,0.0,gateway_beacon,14:1;16:0;18:1;19:0;2:1;20:1;27:0;29:0;3:1;30:1;32:0;33:0;35:1;36:0;40:1;44:1;47:0;49:1;8:0;9:0,SIM
gradient,100,20,9,warm,240.0,60.0,gateway_beacon,continuous,gateway_beacon|continuous|gradient|100,0,16,0.8,0.2672639999999973,0.639391590026964,4.375,19.449856000000032,0.7413759999999999,18.708480000000034,0.03811730020006311,0.029681978798586573,0.8,0,49,0.0,74,70,4,20,316,1415,0,0.79,1.0,0,0.0,gateway_beacon,0:1;1:1;10:1;16:1;24:1;39:0;4:1;41:1;53:1;59:1;6:1;62:1;63:1;67:0;70:1;71:0;77:1;81:1;92:0;96:1,SIM
gradient,100,20,9,warm,240.0,60.0,gateway_beacon,continuous,gateway_beacon|continuous|gradient|100,1,14,0.7,0.2672639999999973,0.2672640000000115,5.214285714285714,20.251648000000035,0.7413759999999999,19.510272000000036,0.036608181220609735,0.0,0.7,0,55,0.0,77,73,4,20,279,1208,0,0.7,1.0,0,0.0,gateway_beacon,12:1;17:0;2:1;20:0;25:1;27:1;30:1;34:1;41:0;43:0;44:1;48:1;54:1;62:0;68:1;70:1;72:1;86:1;87:1;98:0,SIM
gradient,100,20,9,warm,240.0,60.0,gateway_beacon,continuous,gateway_beacon|continuous|gradient|100,2,17,0.85,0.2672640000000115,0.6449166222890252,12.823529411764707,59.00492799999981,0.7413759999999999,58.263551999999805,0.012564645447919237,0.21305075292805353,0.85,0,190,0.0,222,218,4,20,299,1793,0,0.72,1.0,0,0.0,gateway_beacon,0:1;12:1;13:1;2:1;25:0;26:1;39:1;47:1;52:0;57:1;59:0;62:1;7:1;75:1;78:1;81:1;86:1;87:1;9:1;99:1,SIM
gradient,100,20,9,warm,240.0,60.0,gateway_beacon,continuous,gateway_beacon|continuous|gradient|100,3,16,0.8,0.2672639999999973,0.2672640000000115,4.375,19.449856000000032,0.7413759999999999,18.708480000000034,0.03811730020006311,0.024104683195592287,0.8,0,49,0.0,74,70,4,20,331,1452,0,0.85,1.0,0,0.0,gateway_beacon,1:0;15:0;2:1;21:1;25:1;30:1;38:1;4:1;5:0;55:1;6:1;61:1;64:1;65:1;67:1;68:0;73:1;84:1;88:1;95:1,SIM
gradient,100,20,9,warm,240.0,60.0,gateway_beacon,continuous,gateway_beacon|continuous|gradient|100,4,16,0.8,0.2672640000000115,3.2866773542061516,19.625,84.66227199999955,0.7413759999999999,83.92089599999954,0.008756863978325598,0.08310626702997276,0.8,0,291,0.0,318,314,4,20,195,1468,0,0.62,1.0,0,0.0,gateway_beacon,1:1;10:1;12:0;14:1;26:1;29:1;38:0;39:1;44:1;46:0;48:1;49:1;51:1;58:1;62:1;66:1;69:1;79:1;9:0;97:1,SIM
gradient,100,20,9,warm,240.0,60.0,gateway_beacon,continuous,gateway_beacon|continuous|gradient|100,5,17,0.85,0.2672640000000115,1.0179407162872283,17.705882352941178,81.18783999999958,0.7413759999999999,80.44646399999958,0.009131613798322554,0.032005689900426744,0.85,0,281,0.0,305,301,4,20,225,1406,0,0.74,1.0,0,0.0,gateway_beacon,14:1;17:0;21:1;23:1;24:1;28:1;4:1;40:1;44:1;48:1;5:0;53:1;59:1;6:1;60:1;61:1;70:1;78:1;84:1;9:0,SIM
gradient,100,20,9,warm,240.0,60.0,gateway_beacon,continuous,gateway_beacon|continuous|gradient|100,6,16,0.8,0.2672639999999973,0.35436681676419823,9.0625,39.494656000000006,0.7413759999999999,38.753280000000004,0.018771552282921513,0.17226634086744044,0.8,0,120,0.0,149,145,4,20,252,1637,0,0.58,1.0,0,0.0,gateway_beacon,14:1;16:0;17:1;19:1;23:1;3:1;36:1;44:1;51:1;59:0;63:1;64:1;66:1;67:1;70:0;81:0;9:1;90:1;94:1;95:1,SIM
gradient,100,20,9,warm,240.0,60.0,gateway_beacon,continuous,gateway_beacon|continuous|gradient|100,7,15,0.75,0.2672639999999973,0.7465400764845238,10.533333333333333,42.96908799999997,0.7413759999999999,42.22771199999997,0.017253705733759124,0.2729064039408867,0.75,0,128,0.0,162,158,4,20,267,2030,0,0.64,1.0,0,0.0,gateway_beacon,10:1;11:1;16:1;19:1;20:0;21:1;22:1;25:1;3:1;42:1;50:0;51:1;55:0;59:0;61:1;81:1;91:1;92:1;95:0;96:1,SIM
gradient,100,20,9,warm,240.0,60.0,gateway_beacon,continuous,gateway_beacon|continuous|gradient|100,8,16,0.8,0.2672639999999973,0.2672640000000115,7.75,33.88211200000006,0.7413759999999999,33.14073600000006,0.021881044487427424,0.0,0.8,0,104,0.0,128,124,4,20,273,1328,0,0.66,1.0,0,0.0,gateway_beacon,10:1;13:1;14:1;21:1;25:1;29:1;31:1;46:1;47:1;49:1;52:1;58:0;63:0;64:1;67:0;76:1;80:1;83:1;95:1;99:0,SIM
gradient,100,20,9,warm,240.0,60.0,gateway_beacon,continuous,gateway_beacon|continuous|gradient|100,9,14,0.7,0.2672640000000115,1.1228599628204068,22.214285714285715,83.86047999999955,0.7413759999999999,83.11910399999955,0.008840588558520102,0.13607038123167156,0.7,0,286,0.0,315,311,4,20,218,1705,0,0.72,1.0,0,0.0,gateway_beacon,1:0;10:0;17:1;19:1;3:1;41:1;42:1;45:1;49:0;57:1;59:1;60:1;61:0;68:1;70:0;75:1;79:1;9:0;90:1;99:1,SIM
gradient,100,20,9,warm,240.0,60.0,gateway_beacon,continuous,gateway_beacon|continuous|gradient|100,10,19,0.95,0.2672640000000115,1.8187659146401831,18.31578947368421,93.74924799999945,0.7413759999999999,93.00787199999945,0.007908074099965093,0.2217125382262997,0.95,0,320,0.0,352,348,4,20,310,1962,0,0.73,1.0,0,0.0,gateway_beacon,12:1;21:1;23:1;24:1;28:0;30:1;36:1;39:1;47:1;53:1;56:1;6:1;71:1;72:1;73:1;75:1;77:1;78:1;9:1;95:1,SIM
gradient,100,20,9,warm,240.0,60.0,gateway_beacon,continuous,gateway_beacon|continuous|gradient|100,11,14,0.7,0.2672639999999973,0.9778853171246901,24.428571428571427,92.14566399999947,0.7413759999999999,91.40428799999947,0.008045695997155159,0.12575574365175332,0.7,0,317,0.0,346,342,4,20,292,1654,0,0.7,1.0,0,0.0,gateway_beacon,1:0;18:1;21:1;25:1;30:1;32:1;38:1;41:1;43:1;47:0;51:1;56:1;62:0;63:1;66:0;78:1;84:1;85:0;86:1;96:0,SIM
gradient,100,20,9,warm,240.0,60.0,gateway_beacon,continuous,gateway_beacon|continuous|gradient|100,12,19,0.95,0.2672639999999973,0.40467705315132313,9.31578947368421,48.04710399999992,0.7413759999999999,47.30572799999992,0.01543019117239618,0.11829944547134935,0.95,0,154,0.0,181,177,4,20,233,1623,0,0.77,1.0,0,0.0,gateway_beacon,13:1;2:1;29:1;39:1;44:1;50:1;52:1;56:1;6:1;66:1;68:1;70:1;73:1;84:1;86:1;87:0;89:1;93:1;97:1;98:1,SIM
gradient,100,20,9,warm,240.0,60.0,gateway_beacon,continuous,gateway_beacon|continuous|gradient|100,13,12,0.6,0.2672639999999973,0.2672640000000115,10.083333333333334,33.08032000000007,0.7413759999999999,32.33894400000007,0.022411391425475883,0.0,0.6,0,103,0.0,125,121,4,20,262,1181,0,0.0,1.0,0,0.0,gateway_beacon,12:1;14:1;19:1;20:1;34:1;37:1;38:1;39:1;49:0;5:0;51:0;54:1;57:1;60:0;79:1;80:0;86:0;89:1;91:0;97:0,SIM
gradient,100,20,9,warm,240.0,60.0,gateway_beacon,continuous,gateway_beacon|continuous|gradient|100,14,18,0.9,0.2672640000000044,2.2999491750913554,19.833333333333332,96.15462399999943,0.7413759999999999,95.41324799999943,0.007710248027177604,0.125,0.9,0,333,0.0,361,357,4,20,208,1624,0,0.69,1.0,0,0.0,gateway_beacon,15:1;25:1;3:1;31:1;32:1;43:1;48:1;49:1;53:1;54:0;56:1;60:1;66:1;73:1;76:1;8:1;82:0;87:1;91:1;97:1,SIM
gradient,100,20,9,warm,240.0,60.0,gateway_beacon,continuous,gateway_beacon|continuous|gradient|100,15,13,0.65,0.2672639999999973,1.0868997976153338,18.46153846153846,64.88473599999975,0.7413759999999999,64.14335999999975,0.011426046335458663,0.16042154566744732,0.65,0,217,0.0,244,240,4,20,124,1708,0,0.56,1.0,0,0.0,gateway_beacon,0:1;15:1;21:1;3:1;33:1;43:0;49:1;51:0;56:1;57:1;58:1;59:0;64:1;76:0;78:1;81:0;85:1;86:0;89:1;97:0,SIM
gradient,100,20,9,warm,240.0,60.0,gateway_beacon,continuous,gateway_beacon|continuous|gradient|100,16,15,0.75,0.2672639999999973,0.2672640000000115,16.666666666666668,67.55737599999972,0.7413759999999999,66.81599999999972,0.010974020068511883,0.08222066057624737,0.75,0,229,0.0,254,250,4,20,223,1423,0,0.74,1.0,0,0.0,gateway_beacon,10:1;15:1;2:1;24:1;27:0;33:0;44:0;45:1;47:1;49:0;51:1;52:1;55:1;56:1;7:1;75:0;76:1;78:1;95:1;98:1,SIM
gradient,100,20,9,warm,240.0,60.0,gateway_beacon,continuous,gateway_beacon|continuous|gradient|100,17,15,0.75,0.2672639999999973,0.2672640000000115,20.933333333333334,84.66227199999955,0.7413759999999999,83.92089599999954,0.008756863978325598,0.026822558459422285,0.75,0,293,0.0,318,314,4,20,248,1454,0,0.62,1.0,0,0.0,gateway_beacon,10:1;16:0;19:1;25:1;27:1;37:0;39:1;46:1;49:0;55:0;56:1;61:1;64:1;66:1;67:1;73:1;77:1;87:0;97:1;99:1,SIM
gradient,100,20,9,warm,240.0,60.0,gateway_beacon,continuous,gateway_beacon|continuous|gradient|100,18,17,0.85,0.2672639999999973,0.556448509924012,12.176470588235293,56.06502399999984,0.7413759999999999,55.323647999999835,0.013223502767072785,0.09397278029812055,0.85,0,184,0.0,211,207,4,20,237,1543,0,0.59,1.0,0,0.0,gateway_beacon,1:1;2:1;21:1;24:1;27:1;36:1;37:1;38:1;44:1;58:1;64:1;66:1;7:1;72:1;78:1;79:1;81:0;84:1;88:0;90:0,SIM
gradient,100,20,9,warm,240.0,60.0,gateway_beacon,continuous,gateway_beacon|continuous|gradient|100,19,10,0.5,0.2672639999999973,0.2672640000000115,13.5,36.82201600000003,0.7413759999999999,36.08064000000003,0.02013404154731776,0.0,0.5,0,115,0.0,139,135,4,20,271,1382,0,0.74,1.0,0,0.0,gateway_beacon,0:0;10:0;17:0;2:1;20:1;30:1;31:1;33:0;34:0;50:1;54:0;56:0;59:0;62:1;66:1;73:0;75:0;8:1;86:1;94:1,SIM
flood,25,20,9,warm,240.0,60.0,gateway_beacon,windowed,gateway_beacon|windowed|flood|25,0,2,0.1,0.2672639999999973,0.2672639999999973,10.0,6.086656,0.7413759999999999,5.34528,0.12180349932705249,0.0,0.1,0,0,0.0,24,20,4,20,75,0,498,0.76,0.01987179487179487,0,0.0,gateway_beacon,1:0;10:0;12:0;13:0;15:1;16:0;17:0;18:0;2:1;20:0;21:0;22:0;23:0;24:0;3:0;4:0;6:0;7:0;8:0;9:0,SIM
flood,25,20,9,warm,240.0,60.0,gateway_beacon,windowed,gateway_beacon|windowed|flood|25,1,2,0.1,0.2672640000000044,0.26726400000001077,10.0,6.086656,0.7413759999999999,5.34528,0.12180349932705249,0.0,0.1,0,0,0.0,24,20,4,20,72,0,498,0.72,0.01987179487179487,0,0.0,gateway_beacon,1:0;10:0;11:0;12:0;13:1;14:0;15:0;16:0;18:0;19:0;20:0;21:0;22:0;23:0;24:1;5:0;6:0;7:0;8:0;9:0,SIM
flood,25,20,9,warm,240.0,60.0,gateway_beacon,windowed,gateway_beacon|windowed|flood|25,2,0,0.0,0.0,0.0,0.0,6.086656,0.7413759999999999,5.34528,0.12180349932705249,0.0,1.0,0,4,0.0,24,20,4,20,38,0,450,0.8,0.01987179487179487,0,0.0,gateway_beacon,10:0;11:0;12:0;13:0;14:0;15:0;16:0;17:0;18:0;19:0;2:0;20:0;21:0;22:0;23:0;24:0;4:0;5:0;7:0;9:0,SIM
flood,25,20,9,warm,240.0,60.0,gateway_beacon,windowed,gateway_beacon|windowed|flood|25,3,1,0.05,0.2672639999999973,0.2672639999999973,20.0,6.086656,0.7413759999999999,5.34528,0.12180349932705249,0.0,0.05,0,0,0.0,24,20,4,20,72,0,498,0.72,0.01987179487179487,0,0.0,gateway_beacon,0:0;1:0;10:0;11:1;12:0;13:0;16:0;17:0;18:0;19:0;20:0;21:0;22:0;23:0;3:0;4:0;5:0;6:0;7:0;8:0,SIM
flood,25,20,9,warm,240.0,60.0,gateway_beacon,windowed,gateway_beacon|windowed|flood|25,4,2,0.1,0.2672640000000044,0.26726400000001077,10.0,6.086656,0.7413759999999999,5.34528,0.12180349932705249,0.0,0.1,0,0,0.0,24,20,4,20,74,0,498,0.76,0.01987179487179487,0,0.0,gateway_beacon,0:0;10:0;11:0;13:0;14:0;15:0;16:0;17:0;18:1;19:0;2:0;21:0;22:0;24:0;3:0;4:0;5:0;6:1;8:0;9:0,SIM
flood,25,20,9,warm,240.0,60.0,gateway_beacon,windowed,gateway_beacon|windowed|flood|25,5,0,0.0,0.0,0.0,0.0,6.086656,0.7413759999999999,5.34528,0.12180349932705249,0.0,1.0,0,0,0.0,24,20,4,20,71,0,500,0.76,0.01987179487179487,0,0.0,gateway_beacon,0:0;1:0;10:0;11:0;12:0;13:0;14:0;15:0;16:0;18:0;19:0;20:0;21:0;22:0;24:0;4:0;5:0;6:0;8:0;9:0,SIM
flood,25,20,9,warm,240.0,60.0,gateway_beacon,windowed,gateway_beacon|windowed|flood|25,6,0,0.0,0.0,0.0,0.0,6.086656,0.7413759999999999,5.34528,0.12180349932705249,0.0,1.0,0,0,0.0,24,20,4,20,72,0,500,0.68,0.01987179487179487,0,0.0,gateway_beacon,0:0;10:0;12:0;13:0;14:0;15:0;17:0;19:0;2:0;20:0;21:0;23:0;24:0;3:0;4:0;5:0;6:0;7:0;8:0;9:0,SIM
flood,25,20,9,warm,240.0,60.0,gateway_beacon,windowed,gateway_beacon|windowed|flood|25,7,0,0.0,0.0,0.0,0.0,6.086656,0.7413759999999999,5.34528,0.12180349932705249,0.0,1.0,0,0,0.0,24,20,4,20,52,0,500,0.6,0.01987179487179487,0,0.0,gateway_beacon,1:0;10:0;11:0;12:0;13:0;14:0;15:0;16:0;17:0;18:0;19:0;2:0;23:0;24:0;3:0;4:0;5:0;7:0;8:0;9:0,SIM
flood,25,20,9,warm,240.0,60.0,gateway_beacon,windowed,gateway_beacon|windowed|flood|25,8,0,0.0,0.0,0.0,0.0,6.086656,0.7413759999999999,5.34528,0.12180349932705249,0.0,1.0,0,0,0.0,24,20,4,20,56,0,500,0.6,0.01987179487179487,0,0.0,gateway_beacon,0:0;11:0;12:0;13:0;14:0;15:0;16:0;17:0;18:0;19:0;2:0;21:0;23:0;24:0;3:0;4:0;5:0;6:0;8:0;9:0,SIM
flood,25,20,9,warm,240.0,60.0,gateway_beacon,windowed,gateway_beacon|windowed|flood|25,9,0,0.0,0.0,0.0,0.0,6.086656,0.7413759999999999,5.34528,0.12180349932705249,0.0,1.0,0,0,0.0,24,20,4,20,74,0,500,0.76,0.01987179487179487,0,0.0,gateway_beacon,0:0;10:0;11:0;12:0;13:0;15:0;17:0;18:0;19:0;2:0;20:0;21:0;22:0;23:0;24:0;4:0;5:0;6:0;7:0;9:0,SIM
flood,25,20,9,warm,240.0,60.0,gateway_beacon,windowed,gateway_beacon|windowed|flood|25,10,0,0.0,0.0,0.0,0.0,6.086656,0.7413759999999999,5.34528,0.12180349932705249,0.0,1.0,0,4,0.0,24,20,4,20,39,0,450,0.92,0.01987179487179487,0,0.0,gateway_beacon,1:0;10:0;11:0;12:0;13:0;14:0;17:0;18:0;19:0;2:0;22:0;23:0;24:0;3:0;4:0;5:0;6:0;7:0;8:0;9:0,SIM
flood,25,20,9,warm,240.0,60.0,gateway_beacon,windowed,gateway_beacon|windowed|flood|25,11,0,0.0,0.0,0.0,0.0,6.086656,0.7413759999999999,5.34528,0.12180349932705249,0.0,1.0,0,0,0.0,24,20,4,20,60,0,500,0.56,0.01987179487179487,0,0.0,gateway_beacon,0:0;1:0;10:0;11:0;12:0;13:0;14:0;15:0;17:0;18:0;19:0;2:0;21:0;22:0;23:0;3:0;4:0;5:0;6:0;8:0,SIM
flood,25,20,9,warm,240.0,60.0,gateway_beacon,windowed,gateway_beacon|windowed|flood|25,12,2,0.1,0.2672640000000044,0.26726400000001077,10.0,6.086656,0.7413759999999999,5.34528,0.12180349932705249,0.0,0.1,0,0,0.0,24,20,4,20,84,0,498,0.84,0.01987179487179487,0,0.0,gateway_beacon,0:0;10:1;11:0;12:0;13:0;14:0;16:0;17:0;18:0;19:0;21:0;22:1;23:0;24:0;3:0;5:0;6:0;7:0;8:0;9:0,SIM
flood,25,20,9,warm,240.0,60.0,gateway_beacon,windowed,gateway_beacon|windowed|flood|25,13,0,0.0,0.0,0.0,0.0,6.086656,0.7413759999999999,5.34528,0.12180349932705249,0.0,1.0,0,0,0.0,24,20,4,20,87,0,500,0.92,0.01987179487179487,0,0.0,gateway_beacon,0:0;1:0;10:0;11:0;12:0;13:0;14:0;15:0;17:0;18:0;19:0;2:0;20:0;21:0;22:0;24:0;3:0;4:0;6:0;7:0,SIM
flood,25,20,9,warm,240.0,60.0,gateway_beacon,windowed,gateway_beacon|windowed|flood|25,14,0,0.0,0.0,0.0,0.0,6.086656,0.7413759999999999,5.34528,0.12180349932705249,0.0,1.0,0,0,0.0,24,20,4,20,68,0,500,0.76,0.01987179487179487,0,0.0,gateway_beacon,1:0;10:0;11:0;12:0;13:0;14:0;15:0;16:0;18:0;19:0;2:0;21:0;23:0;24:0;3:0;4:0;5:0;6:0;7:0;9:0,SIM
flood,25,20,9,warm,240.0,60.0,gateway_beacon,windowed,gateway_beacon|windowed|flood|25,15,0,0.0,0.0,0.0,0.0,6.086656,0.7413759999999999,5.34528,0.12180349932705249,0.0,1.0,0,4,0.0,24,20,4,20,41,0,450,0.84,0.01987179487179487,0,0.0,gateway_beacon,0:0;1:0;10:0;11:0;12:0;13:0;16:0;17:0;18:0;19:0;2:0;20:0;21:0;22:0;24:0;4:0;5:0;6:0;7:0;9:0,SIM
flood,25,20,9,warm,240.0,60.0,gateway_beacon,windowed,gateway_beacon|windowed|flood|25,16,0,0.0,0.0,0.0,0.0,6.086656,0.7413759999999999,5.34528,0.12180349932705249,0.0,1.0,0,0,0.0,24,20,4,20,77,0,500,0.84,0.01987179487179487,0,0.0,gateway_beacon,0:0;1:0;10:0;11:0;12:0;13:0;15:0;16:0;17:0;19:0;20:0;22:0;23:0;24:0;3:0;4:0;5:0;7:0;8:0;9:0,SIM
flood,25,20,9,warm,240.0,60.0,gateway_beacon,windowed,gateway_beacon|windowed|flood|25,17,1,0.05,0.2672639999999973,0.2672639999999973,20.0,6.086656,0.7413759999999999,5.34528,0.12180349932705249,0.0,0.05,0,0,0.0,24,20,4,20,80,0,498,0.84,0.01987179487179487,0,0.0,gateway_beacon,0:0;1:0;10:0;11:0;12:0;14:0;16:0;17:0;18:0;19:0;2:0;20:0;21:0;23:0;24:0;4:1;5:0;6:0;8:0;9:0,SIM
flood,25,20,9,warm,240.0,60.0,gateway_beacon,windowed,gateway_beacon|windowed|flood|25,18,0,0.0,0.0,0.0,0.0,6.086656,0.7413759999999999,5.34528,0.12180349932705249,0.0,1.0,0,0,0.0,24,20,4,20,82,0,500,0.76,0.01987179487179487,0,0.0,gateway_beacon,0:0;1:0;10:0;12:0;13:0;14:0;15:0;17:0;18:0;19:0;2:0;20:0;21:0;22:0;24:0;3:0;4:0;5:0;6:0;8:0,SIM
flood,25,20,9,warm,240.0,60.0,gateway_beacon,windowed,gateway_beacon|windowed|flood|25,19,2,0.1,0.2672640000000044,0.26726400000001077,10.0,6.086656,0.7413759999999999,5.34528,0.12180349932705249,0.0,0.1,0,0,0.0,24,20,4,20,58,0,498,0.56,0.01987179487179487,0,0.0,gateway_beacon,0:0;10:1;11:0;12:0;13:0;14:0;15:0;16:0;19:0;2:0;21:0;23:0;24:1;3:0;4:0;5:0;6:0;7:0;8:0;9:0,SIM
flood,50,20,9,warm,240.0,60.0,gateway_beacon,windowed,gateway_beacon|windowed|flood|50,0,0,0.0,0.0,0.0,0.0,6.086656,0.7413759999999999,5.34528,0.12180349932705249,0.0,1.0,0,0,0.0,24,20,4,20,160,0,1000,0.76,0.014215686274509804,0,0.0,gateway_beacon,1:0;10:0;12:0;14:0;17:0;19:0;2:0;21:0;23:0;27:0;3:0;34:0;4:0;45:0;46:0;47:0;49:0;6:0;7:0;9:0,SIM
flood,50,20,9,warm,240.0,60.0,gateway_beacon,windowed,gateway_beacon|windowed|flood|50,1,1,0.05,0.2672640000000115,0.2672640000000115,20.0,6.086656,0.7413759999999999,5.34528,0.12180349932705249,0.0,0.05,0,0,0.0,24,20,4,20,104,0,998,0.5,0.014215686274509804,0,0.0,gateway_beacon,0:0;1:0;11:0;12:0;14:0;16:0;21:0;22:0;26:0;29:0;31:0;32:0;34:0;36:0;39:0;40:1;41:0;45:0;47:0;5:0,SIM
flood,50,20,9,warm,240.0,60.0,gateway_beacon,windowed,gateway_beacon|windowed|flood|50,2,0,0.0,0.0,0.0,0.0,6.086656,0.7413759999999999,5.34528,0.12180349932705249,0.0,1.0,0,0,0.0,24,20,4,20,109,0,998,0.58,0.014215686274509804,0,0.0,gateway_beacon,0:0;1:0;10:0;11:0;15:0;16:0;2:0;23:0;24:0;33:0;4:0;42:0;43:0;44:0;48:0;49:0;5:0;7:0;8:0;9:0,SIM
flood,50,20,9,warm,240.0,60.0,gateway_beacon,windowed,gateway_beacon|windowed|flood|50,3,2,0.1,0.2672640000000044,0.26726400000001077,10.0,6.086656,0.7413759999999999,5.34528,0.12180349932705249,0.0,0.1,0,0,0.0,24,20,4,20,157,0,998,0.8,0.014215686274509804,0,0.0,gateway_beacon,0:0;1:0;15:0;16:0;17:0;19:1;20:0;21:0;24:0;26:0;27:0;32:0;33:0;35:0;39:0;40:1;43:0;45:0;46:0;8:0,SIM
flood,50,20,9,warm,240.0,60.0,gateway_beacon,windowed,gateway_beacon|windowed|flood|50,4,2,0.1,0.2672639999999973,0.2672639999999973,10.0,6.086656,0.7413759999999999,5.34528,0.12180349932705249,0.0,0.1,0,0,0.0,24,20,4,20,125,0,998,0.6,0.014215686274509804,0,0.0,gateway_beacon,10:0;13:0;15:0;18:0;2:1;20:0;26:0;27:1;3:0;31:0;34:0;35:0;38:0;39:0;42:0;45:0;46:0;47:0;7:0;9:0,SIM
flood,50,20,9,warm,240.0,60.0,gateway_beacon,windowed,gateway_beacon|windowed|flood|50,5,0,0.0,0.0,0.0,0.0,6.086656,0.7413759999999999,5.34528,0.12180349932705249,0.0,1.0,0,0,0.0,24,20,4,20,105,0,1000,0.56,0.014215686274509804,0,0.0,gateway_beacon,10:0;13:0;15:0;16:0;2:0;21:0;22:0;26:0;29:0;3:0;31:0;35:0;36:0;38:0;41:0;42:0;47:0;6:0;8:0;9:0,SIM
flood,50,20,9,warm,240.0,60.0,gateway_beacon,windowed,gateway_beacon|windowed|flood|50,6,1,0.05,0.2672640000000115,0.2672640000000115,20.0,6.086656,0.7413759999999999,5.34528,0.12180349932705249,0.0,0.05,0,0,0.0,24,20,4,20,133,0,998,0.6,0.014215686274509804,0,0.0,gateway_beacon,10:0;17:0;19:0;20:0;22:0;23:0;24:0;26:0;29:0;30:0;31:0;38:0;39:1;40:0;42:0;43:0;44:0;46:0;49:0;9:0,SIM
flood,50,20,9,warm,240.0,60.0,gateway_beacon,windowed,gateway_beacon|windowed|flood|50,7,0,0.0,0.0,0.0,0.0,6.086656,0.7413759999999999,5.34528,0.12180349932705249,0.0,1.0,0,0,0.0,24,20,4,20,134,0,1000,0.64,0.014215686274509804,0,0.0,gateway_beacon,0:0;11:0;12:0;16:0;18:0;20:0;23:0;25:0;26:0;29:0;3:0;31:0;32:0;34:0;35:0;36:0;37:0;39:0;8:0;9:0,SIM
flood,50,20,9,warm,240.0,60.0,gateway_beacon,windowed,gateway_beacon|windowed|flood|50,8,1,0.05,0.2672640000000115,0.2672640000000115,20.0,6.086656,0.7413759999999999,5.34528,0.12180349932705249,0.0,0.05,0,0,0.0,24,20,4,20,116,0,998,0.54,0.014215686274509804,0,0.0,gateway_beacon,0:0;11:0;13:0;19:0;2:0;20:0;21:0;22:0;23:0;27:0;28:0;3:0;31:0;36:1;37:0;41:0;47:0;48:0;49:0;7:0,SIM
flood,50,20,9,warm,240.0,60.0,gateway_beacon,windowed,gateway_beacon|windowed|flood|50,9,0,0.0,0.0,0.0,0.0,6.086656,0.7413759999999999,5.34528,0.12180349932705249,0.0,1.0,0,0,0.0,24,20,4,20,126,0,1000,0.56,0.014215686274509804,0,0.0,gateway_beacon,0:0;10:0;14:0;15:0;16:0;18:0;22:0;23:0;25:0;27:0;31:0;32:0;35:0;36:0;37:0;4:0;41:0;45:0;6:0;8:0,SIM
flood,50,20,9,warm,240.0,60.0,gateway_beacon,windowed,gateway_beacon|windowed|flood|50,10,0,0.0,0.0,0.0,0.0,6.086656,0.7413759999999999,5.34528,0.12180349932705249,0.0,1.0,0,4,0.0,24,20,4,20,69,0,900,0.72,0.014215686274509804,0,0.0,gateway_beacon,10:0;16:0;21:0;22:0;27:0;28:0;29:0;3:0;31:0;32:0;34:0;37:0;38:0;4:0;41:0;42:0;5:0;6:0;8:0;9:0,SIM
flood,50,20,9,warm,240.0,60.0,gateway_beacon,windowed,gateway_beacon|windowed|flood|50,11,1,0.05,0.2672639999999973,0.2672639999999973,20.0,6.086656,0.7413759999999999,5.34528,0.12180349932705249,0.0,0.05,0,0,0.0,24,20,4,20,168,0,998,0.78,0.014215686274509804,0,0.0,gateway_beacon,1:1;10:0;11:0;12:0;14:0;15:0;19:0;24:0;26:0;30:0;35:0;36:0;38:0;39:0;40:0;46:0;49:0;5:0;8:0;9:0,SIM
flood,50,20,9,warm,240.0,60.0,gateway_beacon,windowed,gateway_beacon|windowed|flood|50,12,0,0.0,0.0,0.0,0.0,6.086656,0.7413759999999999,5.34528,0.12180349932705249,0.0,1.0,0,0,0.0,24,20,4,20,121,0,1000,0.68,0.014215686274509804,0,0.0,gateway_beacon,10:0;14:0;16:0;17:0;18:0;2:0;21:0;22:0;28:0;30:0;31:0;32:0;33:0;37:0;40:0;42:0;47:0;48:0;49:0;7:0,SIM
flood,50,20,9,warm,240.0,60.0,gateway_beacon,windowed,gateway_beacon|windowed|flood|50,13,0,0.0,0.0,0.0,0.0,6.086656,0.7413759999999999,5.34528,0.12180349932705249,0.0,1.0,0,4,0.0,24,20,4,20,64,0,900,0.64,0.014215686274509804,0,0.0,gateway_beacon,0:0;14:0;17:0;19:0;2:0;20:0;21:0;23:0;26:0;30:0;31:0;33:0;35:0;36:0;38:0;4:0;41:0;49:0;7:0;9:0,SIM
flood,50,20,9,warm,240.0,60.0,gateway_beacon,windowed,gateway_beacon|windowed|flood|50,14,0,0.0,0.0,0.0,0.0,6.086656,0.7413759999999999,5.34528,0.12180349932705249,0.0,1.0,0,0,0.0,24,20,4,20,143,0,1000,0.68,0.014215686274509804,0,0.0,gateway_beacon,10:0;12:0;15:0;18:0;2:0;20:0;23:0;24:0;31:0;32:0;34:0;35:0;37:0;38:0;41:0;44:0;46:0;47:0;48:0;7:0,SIM
flood,50,20,9,warm,240.0,60.0,gateway_beacon,windowed,gateway_beacon|windowed|flood|50,15,1,0.05,0.2672639999999973,0.2672639999999973,20.0,6.086656,0.7413759999999999,5.34528,0.12180349932705249,0.0,0.05,0,0,0.0,24,20,4,20,129,0,998,0.62,0.014215686274509804,0,0.0,gateway_beacon,0:0;15:0;16:0;20:0;21:0;22:0;24:0;31:0;32:1;33:0;35:0;38:0;39:0;42:0;43:0;45:0;47:0;48:0;49:0;9:0,SIM
flood,50,20,9,warm,240.0,60.0,gateway_beacon,windowed,gateway_beacon|windowed|flood|50,16,0,0.0,0.0,0.0,0.0,6.086656,0.7413759999999999,5.34528,0.12180349932705249,0.0,1.0,0,0,0.0,24,20,4,20,149,0,1000,0.78,0.014215686274509804,0,0.0,gateway_beacon,11:0;13:0;14:0;15:0;21:0;23:0;25:0;26:0;27:0;29:0;31:0;32:0;36:0;41:0;43:0;45:0;47:0;7:0;8:0;9:0,SIM
flood,50,20,9,warm,240.0,60.0,gateway_beacon,windowed,gateway_beacon|windowed|flood|50,17,2,0.1,0.2672639999999973,0.2672639999999973,10.0,6.086656,0.7413759999999999,5.34528,0.12180349932705249,0.0,0.1,0,0,0.0,24,20,4,20,151,0,998,0.72,0.014215686274509804,0,0.0,gateway_beacon,10:0;14:0;15:0;16:0;18:0;25:0;26:0;28:0;3:0;30:1;31:0;34:0;36:0;37:0;38:0;4:1;40:0;45:0;48:0;5:0,SIM
flood,50,20,9,warm,240.0,60.0,gateway_beacon,windowed,gateway_beacon|windowed|flood|50,18,0,0.0,0.0,0.0,0.0,6.086656,0.7413759999999999,5.34528,0.12180349932705249,0.0,1.0,0,0,0.0,24,20,4,20,162,0,1000,0.86,0.014215686274509804,0,0.0,gateway_beacon,11:0;13:0;14:0;16:0;19:0;22:0;23:0;26:0;3:0;30:0;31:0;33:0;34:0;40:0;44:0;45:0;47:0;49:0;5:0;9:0,SIM
flood,50,20,9,warm,240.0,60.0,gateway_beacon,windowed,gateway_beacon|windowed|flood|50,19,0,0.0,0.0,0.0,0.0,6.086656,0.7413759999999999,5.34528,0.12180349932705249,0.0,1.0,0,2,0.0,24,20,4,20,151,0,900,0.82,0.014215686274509804,0,0.0,gateway_beacon,14:0;16:0;18:0;19:0;2:0;20:0;27:0;29:0;3:0;30:0;32:0;33:0;35:0;36:0;40:0;44:0;47:0;49:0;8:0;9:0,SIM
flood,100,20,9,warm,240.0,60.0,gateway_beacon,windowed,gateway_beacon|windowed|flood|100,0,2,0.1,0.2672640000000044,0.26726400000001077,10.0,6.086656,0.7413759999999999,5.34528,0.12180349932705249,0.0,0.1,0,0,0.0,24,20,4,20,307,0,1998,0.79,0.011303630363036304,0,0.0,gateway_beacon,0:0;1:0;10:0;16:0;24:0;39:0;4:1;41:0;53:0;59:0;6:0;62:0;63:1;67:0;70:0;71:0;77:0;81:0;92:0;96:0,SIM
flood,100,20,9,warm,240.0,60.0,gateway_beacon,windowed,gateway_beacon|windowed|flood|100,1,0,0.0,0.0,0.0,0.0,6.086656,0.7413759999999999,5.34528,0.12180349932705249,0.0,1.0,0,2,0.0,24,20,4,20,260,0,1800,0.7,0.011303630363036304,0,0.0,gateway_beacon,12:0;17:0;2:0;20:0;25:0;27:0;30:0;34:0;41:0;43:0;44:0;48:0;54:0;62:0;68:0;70:0;72:0;86:0;87:0;98:0,SIM
flood,100,20,9,warm,240.0,60.0,gateway_beacon,windowed,gateway_beacon|windowed|flood|100,2,0,0.0,0.0,0.0,0.0,6.086656,0.7413759999999999,5.34528,0.12180349932705249,0.0,1.0,0,0,0.0,24,20,4,20,295,0,1998,0.72,0.011303630363036304,0,0.0,gateway_beacon,0:0;12:0;13:0;2:0;25:0;26:0;39:0;47:0;52:0;57:0;59:0;62:0;7:0;75:0;78:0;81:0;86:0;87:0;9:0;99:0,SIM
flood,100,20,9,warm,240.0,60.0,gateway_beacon,windowed,gateway_beacon|windowed|flood|100,3,0,0.0,0.0,0.0,0.0,6.086656,0.7413759999999999,5.34528,0.12180349932705249,0.0,1.0,0,0,0.0,24,20,4,20,328,0,2000,0.85,0.011303630363036304,0,0.0,gateway_beacon,1:0;15:0;2:0;21:0;25:0;30:0;38:0;4:0;5:0;55:0;6:0;61:0;64:0;65:0;67:0;68:0;73:0;84:0;88:0;95:0,SIM
flood,100,20,9,warm,240.0,60.0,gateway_beacon,windowed,gateway_beacon|windowed|flood|100,4,1,0.05,0.2672639999999973,0.2672639999999973,20.0,6.086656,0.7413759999999999,5.34528,0.12180349932705249,0.0,0.05,0,0,0.0,24,20,4,20,247,0,1998,0.62,0.011303630363036304,0,0.0,gateway_beacon,1:0;10:0;12:0;14:0;26:0;29:0;38:0;39:1;44:0;46:0;48:0;49:0;51:0;58:0;62:0;66:0;69:0;79:0;9:0;97:0,SIM
flood,100,20,9,warm,240.0,60.0,gateway_beacon,windowed,gateway_beacon|windowed|flood|100,5,0,0.0,0.0,0.0,0.0,6.086656,0.7413759999999999,5.34528,0.12180349932705249,0.0,1.0,0,0,0.0,24,20,4,20,312,0,2000,0.74,0.011303630363036304,0,0.0,gateway_beacon,14:0;17:0;21:0;23:0;24:0;28:0;4:0;40:0;44:0;48:0;5:0;53:0;59:0;6:0;60:0;61:0;70:0;78:0;84:0;9:0,SIM
flood,100,20,9,warm,240.0,60.0,gateway_beacon,windowed,gateway_beacon|windowed|flood|100,6,0,0.0,0.0,0.0,0.0,6.086656,0.7413759999999999,5.34528,0.12180349932705249,0.0,1.0,0,0,0.0,24,20,4,20,245,0,2000,0.58,0.011303630363036304,0,0.0,gateway_beacon,14:0;16:0;17:0;19:0;23:0;3:0;36:0;44:0;51:0;59:0;63:0;64:0;66:0;67:0;70:0;81:0;9:0;90:0;94:0;95:0,SIM
flood,100,20,9,warm,240.0,60.0,gateway_beacon,windowed,gateway_beacon|windowed|flood|100,7,0,0.0,0.0,0.0,0.0,6.086656,0.7413759999999999,5.34528,0.12180349932705249,0.0,1.0,0,0,0.0,24,20,4,20,273,0,2000,0.64,0.011303630363036304,0,0.0,gateway_beacon,10:0;11:0;16:0;19:0;20:0;21:0;22:0;25:0;3:0;42:0;50:0;51:0;55:0;59:0;61:0;81:0;91:0;92:0;95:0;96:0,SIM
flood,100,20,9,warm,240.0,60.0,gateway_beacon,windowed,gateway_beacon|windowed|flood|100,8,2,0.1,0.2672640000000044,0.26726400000001077,10.0,6.086656,0.7413759999999999,5.34528,0.12180349932705249,0.0,0.1,0,0,0.0,24,20,4,20,274,0,1998,0.66,0.011303630363036304,0,0.0,gateway_beacon,10:0;13:0;14:0;21:1;25:0;29:0;31:0;46:0;47:0;49:0;52:0;58:0;63:0;64:1;67:0;76:0;80:0;83:0;95:0;99:0,SIM
flood,100,20,9,warm,240.0,60.0,gateway_beacon,windowed,gateway_beacon|windowed|flood|100,9,0,0.0,0.0,0.0,0.0,6.086656,0.7413759999999999,5.34528,0.12180349932705249,0.0,1.0,0,0,0.0,24,20,4,20,283,0,1998,0.72,0.011303630363036304,0,0.0,gateway_beacon,1:0;10:0;17:0;19:0;3:0;41:0;42:0;45:0;49:0;57:0;59:0;60:0;61:0;68:0;70:0;75:0;79:0;9:0;90:0;99:0,SIM
flood,100,20,9,warm,240.0,60.0,gateway_beacon,windowed,gateway_beacon|windowed|flood|100,10,0,0.0,0.0,0.0,0.0,6.086656,0.7413759999999999,5.34528,0.12180349932705249,0.0,1.0,0,0,0.0,24,20,4,20,302,0,2000,0.73,0.011303630363036304,0,0.0,gateway_beacon,12:0;21:0;23:0;24:0;28:0;30:0;36:0;39:0;47:0;53:0;56:0;6:0;71:0;72:0;73:0;75:0;77:0;78:0;9:0;95:0,SIM
flood,100,20,9,warm,240.0,60.0,gateway_beacon,windowed,gateway_beacon|windowed|flood|100,11,0,0.0,0.0,0.0,0.0,6.086656,0.7413759999999999,5.34528,0.12180349932705249,0.0,1.0,0,0,0.0,24,20,4,20,308,0,2000,0.7,0.011303630363036304,0,0.0,gateway_beacon,1:0;18:0;21:0;25:0;30:0;32:0;38:0;41:0;43:0;47:0;51:0;56:0;62:0;63:0;66:0;78:0;84:0;85:0;86:0;96:0,SIM
flood,100,20,9,warm,240.0,60.0,gateway_beacon,windowed,gateway_beacon|windowed|flood|100,12,2,0.1,0.2672640000000044,0.26726400000001077,10.0,6.086656,0.7413759999999999,5.34528,0.12180349932705249,0.0,0.1,0,0,0.0,24,20,4,20,309,0,1998,0.77,0.011303630363036304,0,0.0,gateway_beacon,13:0;2:0;29:0;39:0;44:0;50:0;52:0;56:0;6:0;66:1;68:0;70:0;73:0;84:0;86:0;87:0;89:0;93:0;97:0;98:1,SIM
flood,100,20,9,warm,240.0,60.0,gateway_beacon,windowed,gateway_beacon|windowed|flood|100,13,0,0.0,0.0,0.0,0.0,6.086656,0.7413759999999999,5.34528,0.12180349932705249,0.0,1.0,0,2,0.0,24,20,4,20,248,0,1800,0.0,0.011303630363036304,0,0.0,gateway_beacon,12:0;14:0;19:0;20:0;34:0;37:0;38:0;39:0;49:0;5:0;51:0;54:0;57:0;60:0;79:0;80:0;86:0;89:0;91:0;97:0,SIM
flood,100,20,9,warm,240.0,60.0,gateway_beacon,windowed,gateway_beacon|windowed|flood|100,14,0,0.0,0.0,0.0,0.0,6.086656,0.7413759999999999,5.34528,0.12180349932705249,0.0,1.0,0,0,0.0,24,20,4,20,270,0,2000,0.69,0.011303630363036304,0,0.0,gateway_beacon,15:0;25:0;3:0;31:0;32:0;43:0;48:0;49:0;53:0;54:0;56:0;60:0;66:0;73:0;76:0;8:0;82:0;87:0;91:0;97:0,SIM
flood,100,20,9,warm,240.0,60.0,gateway_beacon,windowed,gateway_beacon|windowed|flood|100,15,2,0.1,0.2672640000000044,0.26726400000001077,10.0,6.086656,0.7413759999999999,5.34528,0.12180349932705249,0.0,0.1,0,0,0.0,24,20,4,20,241,0,1998,0.56,0.011303630363036304,0,0.0,gateway_beacon,0:0;15:0;21:0;3:0;33:0;43:0;49:0;51:1;56:0;57:0;58:0;59:0;64:0;76:0;78:0;81:0;85:0;86:1;89:0;97:0,SIM
flood,100,20,9,warm,240.0,60.0,gateway_beacon,windowed,gateway_beacon|windowed|flood|100,16,0,0.0,0.0,0.0,0.0,6.086656,0.7413759999999999,5.34528,0.12180349932705249,0.0,1.0,0,0,0.0,24,20,4,20,297,0,2000,0.74,0.011303630363036304,0,0.0,gateway_beacon,10:0;15:0;2:0;24:0;27:0;33:0;44:0;45:0;47:0;49:0;51:0;52:0;55:0;56:0;7:0;75:0;76:0;78:0;95:0;98:0,SIM
flood,100,20,9,warm,240.0,60.0,gateway_beacon,windowed,gateway_beacon|windowed|flood|100,17,1,0.05,0.2672640000000115,0.2672640000000115,20.0,6.086656,0.7413759999999999,5.34528,0.12180349932705249,0.0,0.05,0,0,0.0,24,20,4,20,240,0,1998,0.62,0.011303630363036304,0,0.0,gateway_beacon,10:0;16:0;19:0;25:0;27:0;37:0;39:0;46:0;49:0;55:0;56:0;61:0;64:0;66:0;67:0;73:0;77:0;87:1;97:0;99:0,SIM
flood,100,20,9,warm,240.0,60.0,gateway_beacon,windowed,gateway_beacon|windowed|flood|100,18,0,0.0,0.0,0.0,0.0,6.086656,0.7413759999999999,5.34528,0.12180349932705249,0.0,1.0,0,0,0.0,24,20,4,20,232,0,2000,0.59,0.011303630363036304,0,0.0,gateway_beacon,1:0;2:0;21:0;24:0;27:0;36:0;37:0;38:0;44:0;58:0;64:0;66:0;7:0;72:0;78:0;79:0;81:0;84:0;88:0;90:0,SIM
flood,100,20,9,warm,240.0,60.0,gateway_beacon,windowed,gateway_beacon|windowed|flood|100,19,2,0.1,0.2672640000000044,0.26726400000001077,10.0,6.086656,0.7413759999999999,5.34528,0.12180349932705249,0.0,0.1,0,0,0.0,24,20,4,20,272,0,1998,0.74,0.011303630363036304,0,0.0,gateway_beacon,0:0;10:0;17:0;2:0;20:0;30:0;31:0;33:1;34:0;50:0;54:0;56:0;59:0;62:0;66:0;73:0;75:0;8:0;86:1;94:0,SIM
gradient,25,20,9,warm,240.0,60.0,gateway_beacon,windowed,gateway_beacon|windowed|gradient|25,0,2,0.1,0.2672639999999973,0.2672639999999973,10.0,6.086656,0.7413759999999999,5.34528,0.12180349932705249,0.0,0.1,0,0,0.0,24,20,4,20,75,0,498,0.76,0.01987179487179487,0,0.0,gateway_beacon,1:0;10:0;12:0;13:0;15:1;16:0;17:0;18:0;2:1;20:0;21:0;22:0;23:0;24:0;3:0;4:0;6:0;7:0;8:0;9:0,SIM
gradient,25,20,9,warm,240.0,60.0,gateway_beacon,windowed,gateway_beacon|windowed|gradient|25,1,2,0.1,0.2672640000000044,0.26726400000001077,10.0,6.086656,0.7413759999999999,5.34528,0.12180349932705249,0.0,0.1,0,0,0.0,24,20,4,20,72,0,498,0.72,0.01987179487179487,0,0.0,gateway_beacon,1:0;10:0;11:0;12:0;13:1;14:0;15:0;16:0;18:0;19:0;20:0;21:0;22:0;23:0;24:1;5:0;6:0;7:0;8:0;9:0,SIM
gradient,25,20,9,warm,240.0,60.0,gateway_beacon,windowed,gateway_beacon|windowed|gradient|25,2,0,0.0,0.0,0.0,0.0,6.086656,0.7413759999999999,5.34528,0.12180349932705249,0.0,1.0,0,4,0.0,24,20,4,20,38,0,450,0.8,0.01987179487179487,0,0.0,gateway_beacon,10:0;11:0;12:0;13:0;14:0;15:0;16:0;17:0;18:0;19:0;2:0;20:0;21:0;22:0;23:0;24:0;4:0;5:0;7:0;9:0,SIM
gradient,25,20,9,warm,240.0,60.0,gateway_beacon,windowed,gateway_beacon|windowed|gradient|25,3,1,0.05,0.2672639999999973,0.2672639999999973,20.0,6.086656,0.7413759999999999,5.34528,0.12180349932705249,0.0,0.05,0,0,0.0,24,20,4,20,72,0,498,0.72,0.01987179487179487,0,0.0,gateway_beacon,0:0;1:0;10:0;11:1;12:0;13:0;16:0;17:0;18:0;19:0;20:0;21:0;22:0;23:0;3:0;4:0;5:0;6:0;7:0;8:0,SIM
gradient,25,20,9,warm,240.0,60.0,gateway_beacon,windowed,gateway_beacon|windowed|gradient|25,4,2,0.1,0.2672640000000044,0.26726400000001077,10.0,6.086656,0.7413759999999999,5.34528,0.12180349932705249,0.0,0.1,0,0,0.0,24,20,4,20,74,0,498,0.76,0.01987179487179487,0,0.0,gateway_beacon,0:0;10:0;11:0;13:0;14:0;15:0;16:0;17:0;18:1;19:0;2:0;21:0;22:0;24:0;3:0;4:0;5:0;6:1;8:0;9:0,SIM
gradient,25,20,9,warm,240.0,60.0,gateway_beacon,windowed,gateway_beacon|windowed|gradient|25,5,0,0.0,0.0,0.0,0.0,6.086656,0.7413759999999999,5.34528,0.12180349932705249,0.0,1.0,0,0,0.0,24,20,4,20,71,0,500,0.76,0.01987179487179487,0,0.0,gateway_beacon,0:0;1:0;10:0;11:0;12:0;13:0;14:0;15:0;16:0;18:0;19:0;20:0;21:0;22:0;24:0;4:0;5:0;6:0;8:0;9:0,SIM
gradient,25,20,9,warm,240.0,60.0,gateway_beacon,windowed,gateway_beacon|windowed|gradient|25,6,0,0.0,0.0,0.0,0.0,6.086656,0.7413759999999999,5.34528,0.12180349932705249,0.0,1.0,0,0,0.0,24,20,4,20,72,0,500,0.68,0.01987179487179487,0,0.0,gateway_beacon,0:0;10:0;12:0;13:0;14:0;15:0;17:0;19:0;2:0;20:0;21:0;23:0;24:0;3:0;4:0;5:0;6:0;7:0;8:0;9:0,SIM
gradient,25,20,9,warm,240.0,60.0,gateway_beacon,windowed,gateway_beacon|windowed|gradient|25,7,0,0.0,0.0,0.0,0.0,6.086656,0.7413759999999999,5.34528,0.12180349932705249,0.0,1.0,0,0,0.0,24,20,4,20,52,0,500,0.6,0.01987179487179487,0,0.0,gateway_beacon,1:0;10:0;11:0;12:0;13:0;14:0;15:0;16:0;17:0;18:0;19:0;2:0;23:0;24:0;3:0;4:0;5:0;7:0;8:0;9:0,SIM
gradient,25,20,9,warm,240.0,60.0,gateway_beacon,windowed,gateway_beacon|windowed|gradient|25,8,0,0.0,0.0,0.0,0.0,6.086656,0.7413759999999999,5.34528,0.12180349932705249,0.0,1.0,0,0,0.0,24,20,4,20,56,0,500,0.6,0.01987179487179487,0,0.0,gateway_beacon,0:0;11:0;12:0;13:0;14:0;15:0;16:0;17:0;18:0;19:0;2:0;21:0;23:0;24:0;3:0;4:0;5:0;6:0;8:0;9:0,SIM
gradient,25,20,9,warm,240.0,60.0,gateway_beacon,windowed,gateway_beacon|windowed|gradient|25,9,0,0.0,0.0,0.0,0.0,6.086656,0.7413759999999999,5.34528,0.12180349932705249,0.0,1.0,0,0,0.0,24,20,4,20,74,0,500,0.76,0.01987179487179487,0,0.0,gateway_beacon,0:0;10:0;11:0;12:0;13:0;15:0;17:0;18:0;19:0;2:0;20:0;21:0;22:0;23:0;24:0;4:0;5:0;6:0;7:0;9:0,SIM
gradient,25,20,9,warm,240.0,60.0,gateway_beacon,windowed,gateway_beacon|windowed|gradient|25,10,0,0.0,0.0,0.0,0.0,6.086656,0.7413759999999999,5.34528,0.12180349932705249,0.0,1.0,0,4,0.0,24,20,4,20,39,0,450,0.92,0.01987179487179487,0,0.0,gateway_beacon,1:0;10:0;11:0;12:0;13:0;14:0;17:0;18:0;19:0;2:0;22:0;23:0;24:0;3:0;4:0;5:0;6:0;7:0;8:0;9:0,SIM
gradient,25,20,9,warm,240.0,60.0,gateway_beacon,windowed,gateway_beacon|windowed|gradient|25,11,0,0.0,0.0,0.0,0.0,6.086656,0.7413759999999999,5.34528,0.12180349932705249,0.0,1.0,0,0,0.0,24,20,4,20,60,0,500,0.56,0.01987179487179487,0,0.0,gateway_beacon,0:0;1:0;10:0;11:0;12:0;13:0;14:0;15:0;17:0;18:0;19:0;2:0;21:0;22:0;23:0;3:0;4:0;5:0;6:0;8:0,SIM
gradient,25,20,9,warm,240.0,60.0,gateway_beacon,windowed,gateway_beacon|windowed|gradient|25,12,2,0.1,0.2672640000000044,0.26726400000001077,10.0,6.086656,0.7413759999999999,5.34528,0.12180349932705249,0.0,0.1,0,0,0.0,24,20,4,20,84,0,498,0.84,0.01987179487179487,0,0.0,gateway_beacon,0:0;10:1;11:0;12:0;13:0;14:0;16:0;17:0;18:0;19:0;21:0;22:1;23:0;24:0;3:0;5:0;6:0;7:0;8:0;9:0,SIM
gradient,25,20,9,warm,240.0,60.0,gateway_beacon,windowed,gateway_beacon|windowed|gradient|25,13,0,0.0,0.0,0.0,0.0,6.086656,0.7413759999999999,5.34528,0.12180349932705249,0.0,1.0,0,0,0.0,24,20,4,20,87,0,500,0.92,0.01987179487179487,0,0.0,gateway_beacon,0:0;1:0;10:0;11:0;12:0;13:0;14:0;15:0;17:0;18:0;19:0;2:0;20:0;21:0;22:0;24:0;3:0;4:0;6:0;7:0,SIM
gradient,25,20,9,warm,240.0,60.0,gateway_beacon,windowed,gateway_beacon|windowed|gradient|25,14,0,0.0,0.0,0.0,0.0,6.086656,0.7413759999999999,5.34528,0.12180349932705249,0.0,1.0,0,0,0.0,24,20,4,20,68,0,500,0.76,0.01987179487179487,0,0.0,gateway_beacon,1:0;10:0;11:0;12:0;13:0;14:0;15:0;16:0;18:0;19:0;2:0;21:0;23:0;24:0;3:0;4:0;5:0;6:0;7:0;9:0,SIM
gradient,25,20,9,warm,240.0,60.0,gateway_beacon,windowed,gateway_beacon|windowed|gradient|25,15,0,0.0,0.0,0.0,0.0,6.086656,0.7413759999999999,5.34528,0.12180349932705249,0.0,1.0,0,4,0.0,24,20,4,20,41,0,450,0.84,0.01987179487179487,0,0.0,gateway_beacon,0:0;1:0;10:0;11:0;12:0;13:0;16:0;17:0;18:0;19:0;2:0;20:0;21:0;22:0;24:0;4:0;5:0;6:0;7:0;9:0,SIM
gradient,25,20,9,warm,240.0,60.0,gateway_beacon,windowed,gateway_beacon|windowed|gradient|25,16,0,0.0,0.0,0.0,0.0,6.086656,0.7413759999999999,5.34528,0.12180349932705249,0.0,1.0,0,0,0.0,24,20,4,20,77,0,500,0.84,0.01987179487179487,0,0.0,gateway_beacon,0:0;1:0;10:0;11:0;12:0;13:0;15:0;16:0;17:0;19:0;20:0;22:0;23:0;24:0;3:0;4:0;5:0;7:0;8:0;9:0,SIM
gradient,25,20,9,warm,240.0,60.0,gateway_beacon,windowed,gateway_beacon|windowed|gradient|25,17,1,0.05,0.2672639999999973,0.2672639999999973,20.0,6.086656,0.7413759999999999,5.34528,0.12180349932705249,0.0,0.05,0,0,0.0,24,20,4,20,80,0,498,0.84,0.01987179487179487,0,0.0,gateway_beacon,0:0;1:0;10:0;11:0;12:0;14:0;16:0;17:0;18:0;19:0;2:0;20:0;21:0;23:0;24:0;4:1;5:0;6:0;8:0;9:0,SIM
gradient,25,20,9,warm,240.0,60.0,gateway_beacon,windowed,gateway_beacon|windowed|gradient|25,18,0,0.0,0.0,0.0,0.0,6.086656,0.7413759999999999,5.34528,0.12180349932705249,0.0,1.0,0,0,0.0,24,20,4,20,82,0,500,0.76,0.01987179487179487,0,0.0,gateway_beacon,0:0;1:0;10:0;12:0;13:0;14:0;15:0;17:0;18:0;19:0;2:0;20:0;21:0;22:0;24:0;3:0;4:0;5:0;6:0;8:0,SIM
gradient,25,20,9,warm,240.0,60.0,gateway_beacon,windowed,gateway_beacon|windowed|gradient|25,19,2,0.1,0.2672640000000044,0.26726400000001077,10.0,6.086656,0.7413759999999999,5.34528,0.12180349932705249,0.0,0.1,0,0,0.0,24,20,4,20,58,0,498,0.56,0.01987179487179487,0,0.0,gateway_beacon,0:0;10:1;11:0;12:0;13:0;14:0;15:0;16:0;19:0;2:0;21:0;23:0;24:1;3:0;4:0;5:0;6:0;7:0;8:0;9:0,SIM
gradient,50,20,9,warm,240.0,60.0,gateway_beacon,windowed,gateway_beacon|windowed|gradient|50,0,0,0.0,0.0,0.0,0.0,6.086656,0.7413759999999999,5.34528,0.12180349932705249,0.0,1.0,0,0,0.0,24,20,4,20,160,0,1000,0.76,0.014215686274509804,0,0.0,gateway_beacon,1:0;10:0;12:0;14:0;17:0;19:0;2:0;21:0;23:0;27:0;3:0;34:0;4:0;45:0;46:0;47:0;49:0;6:0;7:0;9:0,SIM
gradient,50,20,9,warm,240.0,60.0,gateway_beacon,windowed,gateway_beacon|windowed|gradient|50,1,1,0.05,0.2672640000000115,0.2672640000000115,20.0,6.086656,0.7413759999999999,5.34528,0.12180349932705249,0.0,0.05,0,0,0.0,24,20,4,20,104,0,998,0.5,0.014215686274509804,0,0.0,gateway_beacon,0:0;1:0;11:0;12:0;14:0;16:0;21:0;22:0;26:0;29:0;31:0;32:0;34:0;36:0;39:0;40:1;41:0;45:0;47:0;5:0,SIM
gradient,50,20,9,warm,240.0,60.0,gateway_beacon,windowed,gateway_beacon|windowed|gradient|50,2,0,0.0,0.0,0.0,0.0,6.086656,0.7413759999999999,5.34528,0.12180349932705249,0.0,1.0,0,0,0.0,24,20,4,20,109,0,998,0.58,0.014215686274509804,0,0.0,gateway_beacon,0:0;1:0;10:0;11:0;15:0;16:0;2:0;23:0;24:0;33:0;4:0;42:0;43:0;44:0;48:0;49:0;5:0;7:0;8:0;9:0,SIM
gradient,50,20,9,warm,240.0,60.0,gateway_beacon,windowed,gateway_beacon|windowed|gradient|50,3,2,0.1,0.2672640000000044,0.26726400000001077,10.0,6.086656,0.7413759999999999,5.34528,0.12180349932705249,0.0,0.1,0,0,0.0,24,20,4,20,157,0,998,0.8,0.014215686274509804,0,0.0,gateway_beacon,0:0;1:0;15:0;16:0;17:0;19:1;20:0;21:0;24:0;26:0;27:0;32:0;33:0;35:0;39:0;40:1;43:0;45:0;46:0;8:0,SIM
gradient,50,20,9,warm,240.0,60.0,gateway_beacon,windowed,gateway_beacon|windowed|gradient|50,4,2,0.1,0.2672639999999973,0.2672639999999973,10.0,6.086656,0.7413759999999999,5.34528,0.12180349932705249,0.0,0.1,0,0,0.0,24,20,4,20,125,0,998,0.6,0.014215686274509804,0,0.0,gateway_beacon,10:0;13:0;15:0;18:0;2:1;20:0;26:0;27:1;3:0;31:0;34:0;35:0;38:0;39:0;42:0;45:0;46:0;47:0;7:0;9:0,SIM
gradient,50,20,9,warm,240.0,60.0,gateway_beacon,windowed,gateway_beacon|windowed|gradient|50,5,0,0.0,0.0,0.0,0.0,6.086656,0.7413759999999999,5.34528,0.12180349932705249,0.0,1.0,0,0,0.0,24,20,4,20,105,0,1000,0.56,0.014215686274509804,0,0.0,gateway_beacon,10:0;13:0;15:0;16:0;2:0;21:0;22:0;26:0;29:0;3:0;31:0;35:0;36:0;38:0;41:0;42:0;47:0;6:0;8:0;9:0,SIM
gradient,50,20,9,warm,240.0,60.0,gateway_beacon,windowed,gateway_beacon|windowed|gradient|50,6,1,0.05,0.2672640000000115,0.2672640000000115,20.0,6.086656,0.7413759999999999,5.34528,0.12180349932705249,0.0,0.05,0,0,0.0,24,20,4,20,133,0,998,0.6,0.014215686274509804,0,0.0,gateway_beacon,10:0;17:0;19:0;20:0;22:0;23:0;24:0;26:0;29:0;30:0;31:0;38:0;39:1;40:0;42:0;43:0;44:0;46:0;49:0;9:0,SIM
gradient,50,20,9,warm,240.0,60.0,gateway_beacon,windowed,gateway_beacon|windowed|gradient|50,7,0,0.0,0.0,0.0,0.0,6.086656,0.7413759999999999,5.34528,0.12180349932705249,0.0,1.0,0,0,0.0,24,20,4,20,134,0,1000,0.64,0.014215686274509804,0,0.0,gateway_beacon,0:0;11:0;12:0;16:0;18:0;20:0;23:0;25:0;26:0;29:0;3:0;31:0;32:0;34:0;35:0;36:0;37:0;39:0;8:0;9:0,SIM
gradient,50,20,9,warm,240.0,60.0,gateway_beacon,windowed,gateway_beacon|windowed|gradient|50,8,1,0.05,0.2672640000000115,0.2672640000000115,20.0,6.086656,0.7413759999999999,5.34528,0.12180349932705249,0.0,0.05,0,0,0.0,24,20,4,20,116,0,998,0.54,0.014215686274509804,0,0.0,gateway_beacon,0:0;11:0;13:0;19:0;2:0;20:0;21:0;22:0;23:0;27:0;28:0;3:0;31:0;36:1;37:0;41:0;47:0;48:0;49:0;7:0,SIM
gradient,50,20,9,warm,240.0,60.0,gateway_beacon,windowed,gateway_beacon|windowed|gradient|50,9,0,0.0,0.0,0.0,0.0,6.086656,0.7413759999999999,5.34528,0.12180349932705249,0.0,1.0,0,0,0.0,24,20,4,20,126,0,1000,0.56,0.014215686274509804,0,0.0,gateway_beacon,0:0;10:0;14:0;15:0;16:0;18:0;22:0;23:0;25:0;27:0;31:0;32:0;35:0;36:0;37:0;4:0;41:0;45:0;6:0;8:0,SIM
gradient,50,20,9,warm,240.0,60.0,gateway_beacon,windowed,gateway_beacon|windowed|gradient|50,10,0,0.0,0.0,0.0,0.0,6.086656,0.7413759999999999,5.34528,0.12180349932705249,0.0,1.0,0,4,0.0,24,20,4,20,69,0,900,0.72,0.014215686274509804,0,0.0,gateway_beacon,10:0;16:0;21:0;22:0;27:0;28:0;29:0;3:0;31:0;32:0;34:0;37:0;38:0;4:0;41:0;42:0;5:0;6:0;8:0;9:0,SIM
gradient,50,20,9,warm,240.0,60.0,gateway_beacon,windowed,gateway_beacon|windowed|gradient|50,11,1,0.05,0.2672639999999973,0.2672639999999973,20.0,6.086656,0.7413759999999999,5.34528,0.12180349932705249,0.0,0.05,0,0,0.0,24,20,4,20,168,0,998,0.78,0.014215686274509804,0,0.0,gateway_beacon,1:1;10:0;11:0;12:0;14:0;15:0;19:0;24:0;26:0;30:0;35:0;36:0;38:0;39:0;40:0;46:0;49:0;5:0;8:0;9:0,SIM
gradient,50,20,9,warm,240.0,60.0,gateway_beacon,windowed,gateway_beacon|windowed|gradient|50,12,0,0.0,0.0,0.0,0.0,6.086656,0.7413759999999999,5.34528,0.12180349932705249,0.0,1.0,0,0,0.0,24,20,4,20,121,0,1000,0.68,0.014215686274509804,0,0.0,gateway_beacon,10:0;14:0;16:0;17:0;18:0;2:0;21:0;22:0;28:0;30:0;31:0;32:0;33:0;37:0;40:0;42:0;47:0;48:0;49:0;7:0,SIM
gradient,50,20,9,warm,240.0,60.0,gateway_beacon,windowed,gateway_beacon|windowed|gradient|50,13,0,0.0,0.0,0.0,0.0,6.086656,0.7413759999999999,5.34528,0.12180349932705249,0.0,1.0,0,4,0.0,24,20,4,20,64,0,900,0.64,0.014215686274509804,0,0.0,gateway_beacon,0:0;14:0;17:0;19:0;2:0;20:0;21:0;23:0;26:0;30:0;31:0;33:0;35:0;36:0;38:0;4:0;41:0;49:0;7:0;9:0,SIM
gradient,50,20,9,warm,240.0,60.0,gateway_beacon,windowed,gateway_beacon|windowed|gradient|50,14,0,0.0,0.0,0.0,0.0,6.086656,0.7413759999999999,5.34528,0.12180349932705249,0.0,1.0,0,0,0.0,24,20,4,20,143,0,1000,0.68,0.014215686274509804,0,0.0,gateway_beacon,10:0;12:0;15:0;18:0;2:0;20:0;23:0;24:0;31:0;32:0;34:0;35:0;37:0;38:0;41:0;44:0;46:0;47:0;48:0;7:0,SIM
gradient,50,20,9,warm,240.0,60.0,gateway_beacon,windowed,gateway_beacon|windowed|gradient|50,15,1,0.05,0.2672639999999973,0.2672639999999973,20.0,6.086656,0.7413759999999999,5.34528,0.12180349932705249,0.0,0.05,0,0,0.0,24,20,4,20,129,0,998,0.62,0.014215686274509804,0,0.0,gateway_beacon,0:0;15:0;16:0;20:0;21:0;22:0;24:0;31:0;32:1;33:0;35:0;38:0;39:0;42:0;43:0;45:0;47:0;48:0;49:0;9:0,SIM
gradient,50,20,9,warm,240.0,60.0,gateway_beacon,windowed,gateway_beacon|windowed|gradient|50,16,0,0.0,0.0,0.0,0.0,6.086656,0.7413759999999999,5.34528,0.12180349932705249,0.0,1.0,0,0,0.0,24,20,4,20,149,0,1000,0.78,0.014215686274509804,0,0.0,gateway_beacon,11:0;13:0;14:0;15:0;21:0;23:0;25:0;26:0;27:0;29:0;31:0;32:0;36:0;41:0;43:0;45:0;47:0;7:0;8:0;9:0,SIM
gradient,50,20,9,warm,240.0,60.0,gateway_beacon,windowed,gateway_beacon|windowed|gradient|50,17,2,0.1,0.2672639999999973,0.2672639999999973,10.0,6.086656,0.7413759999999999,5.34528,0.12180349932705249,0.0,0.1,0,0,0.0,24,20,4,20,151,0,998,0.72,0.014215686274509804,0,0.0,gateway_beacon,10:0;14:0;15:0;16:0;18:0;25:0;26:0;28:0;3:0;30:1;31:0;34:0;36:0;37:0;38:0;4:1;40:0;45:0;48:0;5:0,SIM
gradient,50,20,9,warm,240.0,60.0,gateway_beacon,windowed,gateway_beacon|windowed|gradient|50,18,0,0.0,0.0,0.0,0.0,6.086656,0.7413759999999999,5.34528,0.12180349932705249,0.0,1.0,0,0,0.0,24,20,4,20,162,0,1000,0.86,0.014215686274509804,0,0.0,gateway_beacon,11:0;13:0;14:0;16:0;19:0;22:0;23:0;26:0;3:0;30:0;31:0;33:0;34:0;40:0;44:0;45:0;47:0;49:0;5:0;9:0,SIM
gradient,50,20,9,warm,240.0,60.0,gateway_beacon,windowed,gateway_beacon|windowed|gradient|50,19,0,0.0,0.0,0.0,0.0,6.086656,0.7413759999999999,5.34528,0.12180349932705249,0.0,1.0,0,2,0.0,24,20,4,20,151,0,900,0.82,0.014215686274509804,0,0.0,gateway_beacon,14:0;16:0;18:0;19:0;2:0;20:0;27:0;29:0;3:0;30:0;32:0;33:0;35:0;36:0;40:0;44:0;47:0;49:0;8:0;9:0,SIM
gradient,100,20,9,warm,240.0,60.0,gateway_beacon,windowed,gateway_beacon|windowed|gradient|100,0,2,0.1,0.2672640000000044,0.26726400000001077,10.0,6.086656,0.7413759999999999,5.34528,0.12180349932705249,0.0,0.1,0,0,0.0,24,20,4,20,307,0,1998,0.79,0.011303630363036304,0,0.0,gateway_beacon,0:0;1:0;10:0;16:0;24:0;39:0;4:1;41:0;53:0;59:0;6:0;62:0;63:1;67:0;70:0;71:0;77:0;81:0;92:0;96:0,SIM
gradient,100,20,9,warm,240.0,60.0,gateway_beacon,windowed,gateway_beacon|windowed|gradient|100,1,0,0.0,0.0,0.0,0.0,6.086656,0.7413759999999999,5.34528,0.12180349932705249,0.0,1.0,0,2,0.0,24,20,4,20,260,0,1800,0.7,0.011303630363036304,0,0.0,gateway_beacon,12:0;17:0;2:0;20:0;25:0;27:0;30:0;34:0;41:0;43:0;44:0;48:0;54:0;62:0;68:0;70:0;72:0;86:0;87:0;98:0,SIM
gradient,100,20,9,warm,240.0,60.0,gateway_beacon,windowed,gateway_beacon|windowed|gradient|100,2,0,0.0,0.0,0.0,0.0,6.086656,0.7413759999999999,5.34528,0.12180349932705249,0.0,1.0,0,0,0.0,24,20,4,20,295,0,1998,0.72,0.011303630363036304,0,0.0,gateway_beacon,0:0;12:0;13:0;2:0;25:0;26:0;39:0;47:0;52:0;57:0;59:0;62:0;7:0;75:0;78:0;81:0;86:0;87:0;9:0;99:0,SIM
gradient,100,20,9,warm,240.0,60.0,gateway_beacon,windowed,gateway_beacon|windowed|gradient|100,3,0,0.0,0.0,0.0,0.0,6.086656,0.7413759999999999,5.34528,0.12180349932705249,0.0,1.0,0,0,0.0,24,20,4,20,328,0,2000,0.85,0.011303630363036304,0,0.0,gateway_beacon,1:0;15:0;2:0;21:0;25:0;30:0;38:0;4:0;5:0;55:0;6:0;61:0;64:0;65:0;67:0;68:0;73:0;84:0;88:0;95:0,SIM
gradient,100,20,9,warm,240.0,60.0,gateway_beacon,windowed,gateway_beacon|windowed|gradient|100,4,1,0.05,0.2672639999999973,0.2672639999999973,20.0,6.086656,0.7413759999999999,5.34528,0.12180349932705249,0.0,0.05,0,0,0.0,24,20,4,20,247,0,1998,0.62,0.011303630363036304,0,0.0,gateway_beacon,1:0;10:0;12:0;14:0;26:0;29:0;38:0;39:1;44:0;46:0;48:0;49:0;51:0;58:0;62:0;66:0;69:0;79:0;9:0;97:0,SIM
gradient,100,20,9,warm,240.0,60.0,gateway_beacon,windowed,gateway_beacon|windowed|gradient|100,5,0,0.0,0.0,0.0,0.0,6.086656,0.7413759999999999,5.34528,0.12180349932705249,0.0,1.0,0,0,0.0,24,20,4,20,312,0,2000,0.74,0.011303630363036304,0,0.0,gateway_beacon,14:0;17:0;21:0;23:0;24:0;28:0;4:0;40:0;44:0;48:0;5:0;53:0;59:0;6:0;60:0;61:0;70:0;78:0;84:0;9:0,SIM
gradient,100,20,9,warm,240.0,60.0,gateway_beacon,windowed,gateway_beacon|windowed|gradient|100,6,0,0.0,0.0,0.0,0.0,6.086656,0.7413759999999999,5.34528,0.12180349932705249,0.0,1.0,0,0,0.0,24,20,4,20,245,0,2000,0.58,0.011303630363036304,0,0.0,gateway_beacon,14:0;16:0;17:0;19:0;23:0;3:0;36:0;44:0;51:0;59:0;63:0;64:0;66:0;67:0;70:0;81:0;9:0;90:0;94:0;95:0,SIM
gradient,100,20,9,warm,240.0,60.0,gateway_beacon,windowed,gateway_beacon|windowed|gradient|100,7,0,0.0,0.0,0.0,0.0,6.086656,0.7413759999999999,5.34528,0.12180349932705249,0.0,1.0,0,0,0.0,24,20,4,20,273,0,2000,0.64,0.011303630363036304,0,0.0,gateway_beacon,10:0;11:0;16:0;19:0;20:0;21:0;22:0;25:0;3:0;42:0;50:0;51:0;55:0;59:0;61:0;81:0;91:0;92:0;95:0;96:0,SIM
gradient,100,20,9,warm,240.0,60.0,gateway_beacon,windowed,gateway_beacon|windowed|gradient|100,8,2,0.1,0.2672640000000044,0.26726400000001077,10.0,6.086656,0.7413759999999999,5.34528,0.12180349932705249,0.0,0.1,0,0,0.0,24,20,4,20,274,0,1998,0.66,0.011303630363036304,0,0.0,gateway_beacon,10:0;13:0;14:0;21:1;25:0;29:0;31:0;46:0;47:0;49:0;52:0;58:0;63:0;64:1;67:0;76:0;80:0;83:0;95:0;99:0,SIM
gradient,100,20,9,warm,240.0,60.0,gateway_beacon,windowed,gateway_beacon|windowed|gradient|100,9,0,0.0,0.0,0.0,0.0,6.086656,0.7413759999999999,5.34528,0.12180349932705249,0.0,1.0,0,0,0.0,24,20,4,20,283,0,1998,0.72,0.011303630363036304,0,0.0,gateway_beacon,1:0;10:0;17:0;19:0;3:0;41:0;42:0;45:0;49:0;57:0;59:0;60:0;61:0;68:0;70:0;75:0;79:0;9:0;90:0;99:0,SIM
gradient,100,20,9,warm,240.0,60.0,gateway_beacon,windowed,gateway_beacon|windowed|gradient|100,10,0,0.0,0.0,0.0,0.0,6.086656,0.7413759999999999,5.34528,0.12180349932705249,0.0,1.0,0,0,0.0,24,20,4,20,302,0,2000,0.73,0.011303630363036304,0,0.0,gateway_beacon,12:0;21:0;23:0;24:0;28:0;30:0;36:0;39:0;47:0;53:0;56:0;6:0;71:0;72:0;73:0;75:0;77:0;78:0;9:0;95:0,SIM
gradient,100,20,9,warm,240.0,60.0,gateway_beacon,windowed,gateway_beacon|windowed|gradient|100,11,0,0.0,0.0,0.0,0.0,6.086656,0.7413759999999999,5.34528,0.12180349932705249,0.0,1.0,0,0,0.0,24,20,4,20,308,0,2000,0.7,0.011303630363036304,0,0.0,gateway_beacon,1:0;18:0;21:0;25:0;30:0;32:0;38:0;41:0;43:0;47:0;51:0;56:0;62:0;63:0;66:0;78:0;84:0;85:0;86:0;96:0,SIM
gradient,100,20,9,warm,240.0,60.0,gateway_beacon,windowed,gateway_beacon|windowed|gradient|100,12,2,0.1,0.2672640000000044,0.26726400000001077,10.0,6.086656,0.7413759999999999,5.34528,0.12180349932705249,0.0,0.1,0,0,0.0,24,20,4,20,309,0,1998,0.77,0.011303630363036304,0,0.0,gateway_beacon,13:0;2:0;29:0;39:0;44:0;50:0;52:0;56:0;6:0;66:1;68:0;70:0;73:0;84:0;86:0;87:0;89:0;93:0;97:0;98:1,SIM
gradient,100,20,9,warm,240.0,60.0,gateway_beacon,windowed,gateway_beacon|windowed|gradient|100,13,0,0.0,0.0,0.0,0.0,6.086656,0.7413759999999999,5.34528,0.12180349932705249,0.0,1.0,0,2,0.0,24,20,4,20,248,0,1800,0.0,0.011303630363036304,0,0.0,gateway_beacon,12:0;14:0;19:0;20:0;34:0;37:0;38:0;39:0;49:0;5:0;51:0;54:0;57:0;60:0;79:0;80:0;86:0;89:0;91:0;97:0,SIM
gradient,100,20,9,warm,240.0,60.0,gateway_beacon,windowed,gateway_beacon|windowed|gradient|100,14,0,0.0,0.0,0.0,0.0,6.086656,0.7413759999999999,5.34528,0.12180349932705249,0.0,1.0,0,0,0.0,24,20,4,20,270,0,2000,0.69,0.011303630363036304,0,0.0,gateway_beacon,15:0;25:0;3:0;31:0;32:0;43:0;48:0;49:0;53:0;54:0;56:0;60:0;66:0;73:0;76:0;8:0;82:0;87:0;91:0;97:0,SIM
gradient,100,20,9,warm,240.0,60.0,gateway_beacon,windowed,gateway_beacon|windowed|gradient|100,15,2,0.1,0.2672640000000044,0.26726400000001077,10.0,6.086656,0.7413759999999999,5.34528,0.12180349932705249,0.0,0.1,0,0,0.0,24,20,4,20,241,0,1998,0.56,0.011303630363036304,0,0.0,gateway_beacon,0:0;15:0;21:0;3:0;33:0;43:0;49:0;51:1;56:0;57:0;58:0;59:0;64:0;76:0;78:0;81:0;85:0;86:1;89:0;97:0,SIM
gradient,100,20,9,warm,240.0,60.0,gateway_beacon,windowed,gateway_beacon|windowed|gradient|100,16,0,0.0,0.0,0.0,0.0,6.086656,0.7413759999999999,5.34528,0.12180349932705249,0.0,1.0,0,0,0.0,24,20,4,20,297,0,2000,0.74,0.011303630363036304,0,0.0,gateway_beacon,10:0;15:0;2:0;24:0;27:0;33:0;44:0;45:0;47:0;49:0;51:0;52:0;55:0;56:0;7:0;75:0;76:0;78:0;95:0;98:0,SIM
gradient,100,20,9,warm,240.0,60.0,gateway_beacon,windowed,gateway_beacon|windowed|gradient|100,17,1,0.05,0.2672640000000115,0.2672640000000115,20.0,6.086656,0.7413759999999999,5.34528,0.12180349932705249,0.0,0.05,0,0,0.0,24,20,4,20,240,0,1998,0.62,0.011303630363036304,0,0.0,gateway_beacon,10:0;16:0;19:0;25:0;27:0;37:0;39:0;46:0;49:0;55:0;56:0;61:0;64:0;66:0;67:0;73:0;77:0;87:1;97:0;99:0,SIM
gradient,100,20,9,warm,240.0,60.0,gateway_beacon,windowed,gateway_beacon|windowed|gradient|100,18,0,0.0,0.0,0.0,0.0,6.086656,0.7413759999999999,5.34528,0.12180349932705249,0.0,1.0,0,0,0.0,24,20,4,20,232,0,2000,0.59,0.011303630363036304,0,0.0,gateway_beacon,1:0;2:0;21:0;24:0;27:0;36:0;37:0;38:0;44:0;58:0;64:0;66:0;7:0;72:0;78:0;79:0;81:0;84:0;88:0;90:0,SIM
gradient,100,20,9,warm,240.0,60.0,gateway_beacon,windowed,gateway_beacon|windowed|gradient|100,19,2,0.1,0.2672640000000044,0.26726400000001077,10.0,6.086656,0.7413759999999999,5.34528,0.12180349932705249,0.0,0.1,0,0,0.0,24,20,4,20,272,0,1998,0.74,0.011303630363036304,0,0.0,gateway_beacon,0:0;10:0;17:0;2:0;20:0;30:0;31:0;33:1;34:0;50:0;54:0;56:0;59:0;62:0;66:0;73:0;75:0;8:0;86:1;94:0,SIM
flood,25,20,9,warm,240.0,60.0,gateway_beacon,tx_only,gateway_beacon|tx_only|flood|25,0,0,0.0,0.0,0.0,0.0,6.086656,0.7413759999999999,5.34528,0.12180349932705249,0.0,1.0,0,0,0.0,24,20,4,20,0,0,600,0.0,0.0,0,0.0,gateway_beacon,1:0;10:0;12:0;13:0;15:0;16:0;17:0;18:0;2:0;20:0;21:0;22:0;23:0;24:0;3:0;4:0;6:0;7:0;8:0;9:0,SIM
flood,25,20,9,warm,240.0,60.0,gateway_beacon,tx_only,gateway_beacon|tx_only|flood|25,1,0,0.0,0.0,0.0,0.0,6.086656,0.7413759999999999,5.34528,0.12180349932705249,0.0,1.0,0,0,0.0,24,20,4,20,0,0,600,0.0,0.0,0,0.0,gateway_beacon,1:0;10:0;11:0;12:0;13:0;14:0;15:0;16:0;18:0;19:0;20:0;21:0;22:0;23:0;24:0;5:0;6:0;7:0;8:0;9:0,SIM
flood,25,20,9,warm,240.0,60.0,gateway_beacon,tx_only,gateway_beacon|tx_only|flood|25,2,0,0.0,0.0,0.0,0.0,6.086656,0.7413759999999999,5.34528,0.12180349932705249,0.0,1.0,0,4,0.0,24,20,4,20,0,0,500,0.0,0.0,0,0.0,gateway_beacon,10:0;11:0;12:0;13:0;14:0;15:0;16:0;17:0;18:0;19:0;2:0;20:0;21:0;22:0;23:0;24:0;4:0;5:0;7:0;9:0,SIM
flood,25,20,9,warm,240.0,60.0,gateway_beacon,tx_only,gateway_beacon|tx_only|flood|25,3,0,0.0,0.0,0.0,0.0,6.086656,0.7413759999999999,5.34528,0.12180349932705249,0.0,1.0,0,0,0.0,24,20,4,20,0,0,600,0.0,0.0,0,0.0,gateway_beacon,0:0;1:0;10:0;11:0;12:0;13:0;16:0;17:0;18:0;19:0;20:0;21:0;22:0;23:0;3:0;4:0;5:0;6:0;7:0;8:0,SIM
flood,25,20,9,warm,240.0,60.0,gateway_beacon,tx_only,gateway_beacon|tx_only|flood|25,4,0,0.0,0.0,0.0,0.0,6.086656,0.7413759999999999,5.34528,0.12180349932705249,0.0,1.0,0,0,0.0,24,20,4,20,0,0,600,0.0,0.0,0,0.0,gateway_beacon,0:0;10:0;11:0;13:0;14:0;15:0;16:0;17:0;18:0;19:0;2:0;21:0;22:0;24:0;3:0;4:0;5:0;6:0;8:0;9:0,SIM
flood,25,20,9,warm,240.0,60.0,gateway_beacon,tx_only,gateway_beacon|tx_only|flood|25,5,0,0.0,0.0,0.0,0.0,6.086656,0.7413759999999999,5.34528,0.12180349932705249,0.0,1.0,0,0,0.0,24,20,4,20,0,0,600,0.0,0.0,0,0.0,gateway_beacon,0:0;1:0;10:0;11:0;12:0;13:0;14:0;15:0;16:0;18:0;19:0;20:0;21:0;22:0;24:0;4:0;5:0;6:0;8:0;9:0,SIM
flood,25,20,9,warm,240.0,60.0,gateway_beacon,tx_only,gateway_beacon|tx_only|flood|25,6,0,0.0,0.0,0.0,0.0,6.086656,0.7413759999999999,5.34528,0.12180349932705249,0.0,1.0,0,0,0.0,24,20,4,20,0,0,600,0.0,0.0,0,0.0,gateway_beacon,0:0;10:0;12:0;13:0;14:0;15:0;17:0;19:0;2:0;20:0;21:0;23:0;24:0;3:0;4:0;5:0;6:0;7:0;8:0;9:0,SIM
flood,25,20,9,warm,240.0,60.0,gateway_beacon,tx_only,gateway_beacon|tx_only|flood|25,7,0,0.0,0.0,0.0,0.0,6.086656,0.7413759999999999,5.34528,0.12180349932705249,0.0,1.0,0,0,0.0,24,20,4,20,0,0,600,0.0,0.0,0,0.0,gateway_beacon,1:0;10:0;11:0;12:0;13:0;14:0;15:0;16:0;17:0;18:0;19:0;2:0;23:0;24:0;3:0;4:0;5:0;7:0;8:0;9:0,SIM
flood,25,20,9,warm,240.0,60.0,gateway_beacon,tx_only,gateway_beacon|tx_only|flood|25,8,0,0.0,0.0,0.0,0.0,6.086656,0.7413759999999999,5.34528,0.12180349932705249,0.0,1.0,0,0,0.0,24,20,4,20,0,0,600,0.0,0.0,0,0.0,gateway_beacon,0:0;11:0;12:0;13:0;14:0;15:0;16:0;17:0;18:0;19:0;2:0;21:0;23:0;24:0;3:0;4:0;5:0;6:0;8:0;9:0,SIM
flood,25,20,9,warm,240.0,60.0,gateway_beacon,tx_only,gateway_beacon|tx_only|flood|25,9,0,0.0,0.0,0.0,0.0,6.086656,0.7413759999999999,5.34528,0.12180349932705249,0.0,1.0,0,0,0.0,24,20,4,20,0,0,600,0.0,0.0,0,0.0,gateway_beacon,0:0;10:0;11:0;12:0;13:0;15:0;17:0;18:0;19:0;2:0;20:0;21:0;22:0;23:0;24:0;4:0;5:0;6:0;7:0;9:0,SIM
flood,25,20,9,warm,240.0,60.0,gateway_beacon,tx_only,gateway_beacon|tx_only|flood|25,10,0,0.0,0.0,0.0,0.0,6.086656,0.7413759999999999,5.34528,0.12180349932705249,0.0,1.0,0,4,0.0,24,20,4,20,0,0,500,0.0,0.0,0,0.0,gateway_beacon,1:0;10:0;11:0;12:0;13:0;14:0;17:0;18:0;19:0;2:0;22:0;23:0;24:0;3:0;4:0;5:0;6:0;7:0;8:0;9:0,SIM
flood,25,20,9,warm,240.0,60.0,gateway_beacon,tx_only,gateway_beacon|tx_only|flood|25,11,0,0.0,0.0,0.0,0.0,6.086656,0.7413759999999999,5.34528,0.12180349932705249,0.0,1.0,0,0,0.0,24,20,4,20,0,0,600,0.0,0.0,0,0.0,gateway_beacon,0:0;1:0;10:0;11:0;12:0;13:0;14:0;15:0;17:0;18:0;19:0;2:0;21:0;22:0;23:0;3:0;4:0;5:0;6:0;8:0,SIM
flood,25,20,9,warm,240.0,60.0,gateway_beacon,tx_only,gateway_beacon|tx_only|flood|25,12,0,0.0,0.0,0.0,0.0,6.086656,0.7413759999999999,5.34528,0.12180349932705249,0.0,1.0,0,0,0.0,24,20,4,20,0,0,600,0.0,0.0,0,0.0,gateway_beacon,0:0;10:0;11:0;12:0;13:0;14:0;16:0;17:0;18:0;19:0;21:0;22:0;23:0;24:0;3:0;5:0;6:0;7:0;8:0;9:0,SIM
flood,25,20,9,warm,240.0,60.0,gateway_beacon,tx_only,gateway_beacon|tx_only|flood|25,13,0,0.0,0.0,0.0,0.0,6.086656,0.7413759999999999,5.34528,0.12180349932705249,0.0,1.0,0,0,0.0,24,20,4,20,0,0,600,0.0,0.0,0,0.0,gateway_beacon,0:0;1:0;10:0;11:0;12:0;13:0;14:0;15:0;17:0;18:0;19:0;2:0;20:0;21:0;22:0;24:0;3:0;4:0;6:0;7:0,SIM
flood,25,20,9,warm,240.0,60.0,gateway_beacon,tx_only,gateway_beacon|tx_only|flood|25,14,0,0.0,0.0,0.0,0.0,6.086656,0.7413759999999999,5.34528,0.12180349932705249,0.0,1.0,0,0,0.0,24,20,4,20,0,0,600,0.0,0.0,0,0.0,gateway_beacon,1:0;10:0;11:0;12:0;13:0;14:0;15:0;16:0;18:0;19:0;2:0;21:0;23:0;24:0;3:0;4:0;5:0;6:0;7:0;9:0,SIM
flood,25,20,9,warm,240.0,60.0,gateway_beacon,tx_only,gateway_beacon|tx_only|flood|25,15,0,0.0,0.0,0.0,0.0,6.086656,0.7413759999999999,5.34528,0.12180349932705249,0.0,1.0,0,4,0.0,24,20,4,20,0,0,500,0.0,0.0,0,0.0,gateway_beacon,0:0;1:0;10:0;11:0;12:0;13:0;16:0;17:0;18:0;19:0;2:0;20:0;21:0;22:0;24:0;4:0;5:0;6:0;7:0;9:0,SIM
flood,25,20,9,warm,240.0,60.0,gateway_beacon,tx_only,gateway_beacon|tx_only|flood|25,16,0,0.0,0.0,0.0,0.0,6.086656,0.7413759999999999,5.34528,0.12180349932705249,0.0,1.0,0,0,0.0,24,20,4,20,0,0,600,0.0,0.0,0,0.0,gateway_beacon,0:0;1:0;10:0;11:0;12:0;13:0;15:0;16:0;17:0;19:0;20:0;22:0;23:0;24:0;3:0;4:0;5:0;7:0;8:0;9:0,SIM
flood,25,20,9,warm,240.0,60.0,gateway_beacon,tx_only,gateway_beacon|tx_only|flood|25,17,0,0.0,0.0,0.0,0.0,6.086656,0.7413759999999999,5.34528,0.12180349932705249,0.0,1.0,0,0,0.0,24,20,4,20,0,0,600,0.0,0.0,0,0.0,gateway_beacon,0:0;1:0;10:0;11:0;12:0;14:0;16:0;17:0;18:0;19:0;2:0;20:0;21:0;23:0;24:0;4:0;5:0;6:0;8:0;9:0,SIM
flood,25,20,9,warm,240.0,60.0,gateway_beacon,tx_only,gateway_beacon|tx_only|flood|25,18,0,0.0,0.0,0.0,0.0,6.086656,0.7413759999999999,5.34528,0.12180349932705249,0.0,1.0,0,0,0.0,24,20,4,20,0,0,600,0.0,0.0,0,0.0,gateway_beacon,0:0;1:0;10:0;12:0;13:0;14:0;15:0;17:0;18:0;19:0;2:0;20:0;21:0;22:0;24:0;3:0;4:0;5:0;6:0;8:0,SIM
flood,25,20,9,warm,240.0,60.0,gateway_beacon,tx_only,gateway_beacon|tx_only|flood|25,19,0,0.0,0.0,0.0,0.0,6.086656,0.7413759999999999,5.34528,0.12180349932705249,0.0,1.0,0,0,0.0,24,20,4,20,0,0,600,0.0,0.0,0,0.0,gateway_beacon,0:0;10:0;11:0;12:0;13:0;14:0;15:0;16:0;19:0;2:0;21:0;23:0;24:0;3:0;4:0;5:0;6:0;7:0;8:0;9:0,SIM
flood,50,20,9,warm,240.0,60.0,gateway_beacon,tx_only,gateway_beacon|tx_only|flood|50,0,0,0.0,0.0,0.0,0.0,6.086656,0.7413759999999999,5.34528,0.12180349932705249,0.0,1.0,0,0,0.0,24,20,4,20,0,0,1200,0.0,0.0,0,0.0,gateway_beacon,1:0;10:0;12:0;14:0;17:0;19:0;2:0;21:0;23:0;27:0;3:0;34:0;4:0;45:0;46:0;47:0;49:0;6:0;7:0;9:0,SIM
flood,50,20,9,warm,240.0,60.0,gateway_beacon,tx_only,gateway_beacon|tx_only|flood|50,1,0,0.0,0.0,0.0,0.0,6.086656,0.7413759999999999,5.34528,0.12180349932705249,0.0,1.0,0,0,0.0,24,20,4,20,0,0,1200,0.0,0.0,0,0.0,gateway_beacon,0:0;1:0;11:0;12:0;14:0;16:0;21:0;22:0;26:0;29:0;31:0;32:0;34:0;36:0;39:0;40:0;41:0;45:0;47:0;5:0,SIM
flood,50,20,9,warm,240.0,60.0,gateway_beacon,tx_only,gateway_beacon|tx_only|flood|50,2,0,0.0,0.0,0.0,0.0,6.086656,0.7413759999999999,5.34528,0.12180349932705249,0.0,1.0,0,0,0.0,24,20,4,20,0,0,1200,0.0,0.0,0,0.0,gateway_beacon,0:0;1:0;10:0;11:0;15:0;16:0;2:0;23:0;24:0;33:0;4:0;42:0;43:0;44:0;48:0;49:0;5:0;7:0;8:0;9:0,SIM
flood,50,20,9,warm,240.0,60.0,gateway_beacon,tx_only,gateway_beacon|tx_only|flood|50,3,0,0.0,0.0,0.0,0.0,6.086656,0.7413759999999999,5.34528,0.12180349932705249,0.0,1.0,0,0,0.0,24,20,4,20,0,0,1200,0.0,0.0,0,0.0,gateway_beacon,0:0;1:0;15:0;16:0;17:0;19:0;20:0;21:0;24:0;26:0;27:0;32:0;33:0;35:0;39:0;40:0;43:0;45:0;46:0;8:0,SIM
flood,50,20,9,warm,240.0,60.0,gateway_beacon,tx_only,gateway_beacon|tx_only|flood|50,4,0,0.0,0.0,0.0,0.0,6.086656,0.7413759999999999,5.34528,0.12180349932705249,0.0,1.0,0,0,0.0,24,20,4,20,0,0,1200,0.0,0.0,0,0.0,gateway_beacon,10:0;13:0;15:0;18:0;2:0;20:0;26:0;27:0;3:0;31:0;34:0;35:0;38:0;39:0;42:0;45:0;46:0;47:0;7:0;9:0,SIM
flood,50,20,9,warm,240.0,60.0,gateway_beacon,tx_only,gateway_beacon|tx_only|flood|50,5,0,0.0,0.0,0.0,0.0,6.086656,0.7413759999999999,5.34528,0.12180349932705249,0.0,1.0,0,0,0.0,24,20,4,20,0,0,1200,0.0,0.0,0,0.0,gateway_beacon,10:0;13:0;15:0;16:0;2:0;21:0;22:0;26:0;29:0;3:0;31:0;35:0;36:0;38:0;41:0;42:0;47:0;6:0;8:0;9:0,SIM
flood,50,20,9,warm,240.0,60.0,gateway_beacon,tx_only,gateway_beacon|tx_only|flood|50,6,0,0.0,0.0,0.0,0.0,6.086656,0.7413759999999999,5.34528,0.12180349932705249,0.0,1.0,0,0,0.0,24,20,4,20,0,0,1200,0.0,0.0,0,0.0,gateway_beacon,10:0;17:0;19:0;20:0;22:0;23:0;24:0;26:0;29:0;30:0;31:0;38:0;39:0;40:0;42:0;43:0;44:0;46:0;49:0;9:0,SIM
flood,50,20,9,warm,240.0,60.0,gateway_beacon,tx_only,gateway_beacon|tx_only|flood|50,7,0,0.0,0.0,0.0,0.0,6.086656,0.7413759999999999,5.34528,0.12180349932705249,0.0,1.0,0,0,0.0,24,20,4,20,0,0,1200,0.0,0.0,0,0.0,gateway_beacon,0:0;11:0;12:0;16:0;18:0;20:0;23:0;25:0;26:0;29:0;3:0;31:0;32:0;34:0;35:0;36:0;37:0;39:0;8:0;9:0,SIM
flood,50,20,9,warm,240.0,60.0,gateway_beacon,tx_only,gateway_beacon|tx_only|flood|50,8,0,0.0,0.0,0.0,0.0,6.086656,0.7413759999999999,5.34528,0.12180349932705249,0.0,1.0,0,0,0.0,24,20,4,20,0,0,1200,0.0,0.0,0,0.0,gateway_beacon,0:0;11:0;13:0;19:0;2:0;20:0;21:0;22:0;23:0;27:0;28:0;3:0;31:0;36:0;37:0;41:0;47:0;48:0;49:0;7:0,SIM
flood,50,20,9,warm,240.0,60.0,gateway_beacon,tx_only,gateway_beacon|tx_only|flood|50,9,0,0.0,0.0,0.0,0.0,6.086656,0.7413759999999999,5.34528,0.12180349932705249,0.0,1.0,0,0,0.0,24,20,4,20,0,0,1200,0.0,0.0,0,0.0,gateway_beacon,0:0;10:0;14:0;15:0;16:0;18:0;22:0;23:0;25:0;27:0;31:0;32:0;35:0;36:0;37:0;4:0;41:0;45:0;6:0;8:0,SIM
flood,50,20,9,warm,240.0,60.0,gateway_beacon,tx_only,gateway_beacon|tx_only|flood|50,10,0,0.0,0.0,0.0,0.0,6.086656,0.7413759999999999,5.34528,0.12180349932705249,0.0,1.0,0,4,0.0,24,20,4,20,0,0,1000,0.0,0.0,0,0.0,gateway_beacon,10:0;16:0;21:0;22:0;27:0;28:0;29:0;3:0;31:0;32:0;34:0;37:0;38:0;4:0;41:0;42:0;5:0;6:0;8:0;9:0,SIM
flood,50,20,9,warm,240.0,60.0,gateway_beacon,tx_only,gateway_beacon|tx_only|flood|50,11,0,0.0,0.0,0.0,0.0,6.086656,0.7413759999999999,5.34528,0.12180349932705249,0.0,1.0,0,0,0.0,24,20,4,20,0,0,1200,0.0,0.0,0,0.0,gateway_beacon,1:0;10:0;11:0;12:0;14:0;15:0;19:0;24:0;26:0;30:0;35:0;36:0;38:0;39:0;40:0;46:0;49:0;5:0;8:0;9:0,SIM
flood,50,20,9,warm,240.0,60.0,gateway_beacon,tx_only,gateway_beacon|tx_only|flood|50,12,0,0.0,0.0,0.0,0.0,6.086656,0.7413759999999999,5.34528,0.12180349932705249,0.0,1.0,0,0,0.0,24,20,4,20,0,0,1200,0.0,0.0,0,0.0,gateway_beacon,10:0;14:0;16:0;17:0;18:0;2:0;21:0;22:0;28:0;30:0;31:0;32:0;33:0;37:0;40:0;42:0;47:0;48:0;49:0;7:0,SIM
flood,50,20,9,warm,240.0,60.0,gateway_beacon,tx_only,gateway_beacon|tx_only|flood|50,13,0,0.0,0.0,0.0,0.0,6.086656,0.7413759999999999,5.34528,0.12180349932705249,0.0,1.0,0,4,0.0,24,20,4,20,0,0,1000,0.0,0.0,0,0.0,gateway_beacon,0:0;14:0;17:0;19:0;2:0;20:0;21:0;23:0;26:0;30:0;31:0;33:0;35:0;36:0;38:0;4:0;41:0;49:0;7:0;9:0,SIM
flood,50,20,9,warm,240.0,60.0,gateway_beacon,tx_only,gateway_beacon|tx_only|flood|50,14,0,0.0,0.0,0.0,0.0,6.086656,0.7413759999999999,5.34528,0.12180349932705249,0.0,1.0,0,0,0.0,24,20,4,20,0,0,1200,0.0,0.0,0,0.0,gateway_beacon,10:0;12:0;15:0;18:0;2:0;20:0;23:0;24:0;31:0;32:0;34:0;35:0;37:0;38:0;41:0;44:0;46:0;47:0;48:0;7:0,SIM
flood,50,20,9,warm,240.0,60.0,gateway_beacon,tx_only,gateway_beacon|tx_only|flood|50,15,0,0.0,0.0,0.0,0.0,6.086656,0.7413759999999999,5.34528,0.12180349932705249,0.0,1.0,0,0,0.0,24,20,4,20,0,0,1200,0.0,0.0,0,0.0,gateway_beacon,0:0;15:0;16:0;20:0;21:0;22:0;24:0;31:0;32:0;33:0;35:0;38:0;39:0;42:0;43:0;45:0;47:0;48:0;49:0;9:0,SIM
flood,50,20,9,warm,240.0,60.0,gateway_beacon,tx_only,gateway_beacon|tx_only|flood|50,16,0,0.0,0.0,0.0,0.0,6.086656,0.7413759999999999,5.34528,0.12180349932705249,0.0,1.0,0,0,0.0,24,20,4,20,0,0,1200,0.0,0.0,0,0.0,gateway_beacon,11:0;13:0;14:0;15:0;21:0;23:0;25:0;26:0;27:0;29:0;31:0;32:0;36:0;41:0;43:0;45:0;47:0;7:0;8:0;9:0,SIM
flood,50,20,9,warm,240.0,60.0,gateway_beacon,tx_only,gateway_beacon|tx_only|flood|50,17,0,0.0,0.0,0.0,0.0,6.086656,0.7413759999999999,5.34528,0.12180349932705249,0.0,1.0,0,0,0.0,24,20,4,20,0,0,1200,0.0,0.0,0,0.0,gateway_beacon,10:0;14:0;15:0;16:0;18:0;25:0;26:0;28:0;3:0;30:0;31:0;34:0;36:0;37:0;38:0;4:0;40:0;45:0;48:0;5:0,SIM
flood,50,20,9,warm,240.0,60.0,gateway_beacon,tx_only,gateway_beacon|tx_only|flood|50,18,0,0.0,0.0,0.0,0.0,6.086656,0.7413759999999999,5.34528,0.12180349932705249,0.0,1.0,0,0,0.0,24,20,4,20,0,0,1200,0.0,0.0,0,0.0,gateway_beacon,11:0;13:0;14:0;16:0;19:0;22:0;23:0;26:0;3:0;30:0;31:0;33:0;34:0;40:0;44:0;45:0;47:0;49:0;5:0;9:0,SIM
flood,50,20,9,warm,240.0,60.0,gateway_beacon,tx_only,gateway_beacon|tx_only|flood|50,19,0,0.0,0.0,0.0,0.0,6.086656,0.7413759999999999,5.34528,0.12180349932705249,0.0,1.0,0,2,0.0,24,20,4,20,0,0,1100,0.0,0.0,0,0.0,gateway_beacon,14:0;16:0;18:0;19:0;2:0;20:0;27:0;29:0;3:0;30:0;32:0;33:0;35:0;36:0;40:0;44:0;47:0;49:0;8:0;9:0,SIM
flood,100,20,9,warm,240.0,60.0,gateway_beacon,tx_only,gateway_beacon|tx_only|flood|100,0,0,0.0,0.0,0.0,0.0,6.086656,0.7413759999999999,5.34528,0.12180349932705249,0.0,1.0,0,0,0.0,24,20,4,20,0,0,2400,0.0,0.0,0,0.0,gateway_beacon,0:0;1:0;10:0;16:0;24:0;39:0;4:0;41:0;53:0;59:0;6:0;62:0;63:0;67:0;70:0;71:0;77:0;81:0;92:0;96:0,SIM
flood,100,20,9,warm,240.0,60.0,gateway_beacon,tx_only,gateway_beacon|tx_only|flood|100,1,0,0.0,0.0,0.0,0.0,6.086656,0.7413759999999999,5.34528,0.12180349932705249,0.0,1.0,0,2,0.0,24,20,4,20,0,0,2200,0.0,0.0,0,0.0,gateway_beacon,12:0;17:0;2:0;20:0;25:0;27:0;30:0;34:0;41:0;43:0;44:0;48:0;54:0;62:0;68:0;70:0;72:0;86:0;87:0;98:0,SIM
flood,100,20,9,warm,240.0,60.0,gateway_beacon,tx_only,gateway_beacon|tx_only|flood|100,2,0,0.0,0.0,0.0,0.0,6.086656,0.7413759999999999,5.34528,0.12180349932705249,0.0,1.0,0,0,0.0,24,20,4,20,0,0,2400,0.0,0.0,0,0.0,gateway_beacon,0:0;12:0;13:0;2:0;25:0;26:0;39:0;47:0;52:0;57:0;59:0;62:0;7:0;75:0;78:0;81:0;86:0;87:0;9:0;99:0,SIM
flood,100,20,9,warm,240.0,60.0,gateway_beacon,tx_only,gateway_beacon|tx_only|flood|100,3,0,0.0,0.0,0.0,0.0,6.086656,0.7413759999999999,5.34528,0.12180349932705249,0.0,1.0,0,0,0.0,24,20,4,20,0,0,2400,0.0,0.0,0,0.0,gateway_beacon,1:0;15:0;2:0;21:0;25:0;30:0;38:0;4:0;5:0;55:0;6:0;61:0;64:0;65:0;67:0;68:0;73:0;84:0;88:0;95:0,SIM
flood,100,20,9,warm,240.0,60.0,gateway_beacon,tx_only,gateway_beacon|tx_only|flood|100,4,0,0.0,0.0,0.0,0.0,6.086656,0.7413759999999999,5.34528,0.12180349932705249,0.0,1.0,0,0,0.0,24,20,4,20,0,0,2400,0.0,0.0,0,0.0,gateway_beacon,1:0;10:0;12:0;14:0;26:0;29:0;38:0;39:0;44:0;46:0;48:0;49:0;51:0;58:0;62:0;66:0;69:0;79:0;9:0;97:0,SIM
flood,100,20,9,warm,240.0,60.0,gateway_beacon,tx_only,gateway_beacon|tx_only|flood|100,5,0,0.0,0.0,0.0,0.0,6.086656,0.7413759999999999,5.34528,0.12180349932705249,0.0,1.0,0,0,0.0,24,20,4,20,0,0,2400,0.0,0.0,0,0.0,gateway_beacon,14:0;17:0;21:0;23:0;24:0;28:0;4:0;40:0;44:0;48:0;5:0;53:0;59:0;6:0;60:0;61:0;70:0;78:0;84:0;9:0,SIM
flood,100,20,9,warm,240.0,60.0,gateway_beacon,tx_only,gateway_beacon|tx_only|flood|100,6,0,0.0,0.0,0.0,0.0,6.086656,0.7413759999999999,5.34528,0.12180349932705249,0.0,1.0,0,0,0.0,24,20,4,20,0,0,2400,0.0,0.0,0,0.0,gateway_beacon,14:0;16:0;17:0;19:0;23:0;3:0;36:0;44:0;51:0;59:0;63:0;64:0;66:0;67:0;70:0;81:0;9:0;90:0;94:0;95:0,SIM
flood,100,20,9,warm,240.0,60.0,gateway_beacon,tx_only,gateway_beacon|tx_only|flood|100,7,0,0.0,0.0,0.0,0.0,6.086656,0.7413759999999999,5.34528,0.12180349932705249,0.0,1.0,0,0,0.0,24,20,4,20,0,0,2400,0.0,0.0,0,0.0,gateway_beacon,10:0;11:0;16:0;19:0;20:0;21:0;22:0;25:0;3:0;42:0;50:0;51:0;55:0;59:0;61:0;81:0;91:0;92:0;95:0;96:0,SIM
flood,100,20,9,warm,240.0,60.0,gateway_beacon,tx_only,gateway_beacon|tx_only|flood|100,8,0,0.0,0.0,0.0,0.0,6.086656,0.7413759999999999,5.34528,0.12180349932705249,0.0,1.0,0,0,0.0,24,20,4,20,0,0,2400,0.0,0.0,0,0.0,gateway_beacon,10:0;13:0;14:0;21:0;25:0;29:0;31:0;46:0;47:0;49:0;52:0;58:0;63:0;64:0;67:0;76:0;80:0;83:0;95:0;99:0,SIM
flood,100,20,9,warm,240.0,60.0,gateway_beacon,tx_only,gateway_beacon|tx_only|flood|100,9,0,0.0,0.0,0.0,0.0,6.086656,0.7413759999999999,5.34528,0.12180349932705249,0.0,1.0,0,0,0.0,24,20,4,20,0,0,2400,0.0,0.0,0,0.0,gateway_beacon,1:0;10:0;17:0;19:0;3:0;41:0;42:0;45:0;49:0;57:0;59:0;60:0;61:0;68:0;70:0;75:0;79:0;9:0;90:0;99:0,SIM
flood,100,20,9,warm,240.0,60.0,gateway_beacon,tx_only,gateway_beacon|tx_only|flood|100,10,0,0.0,0.0,0.0,0.0,6.086656,0.7413759999999999,5.34528,0.12180349932705249,0.0,1.0,0,0,0.0,24,20,4,20,0,0,2400,0.0,0.0,0,0.0,gateway_beacon,12:0;21:0;23:0;24:0;28:0;30:0;36:0;39:0;47:0;53:0;56:0;6:0;71:0;72:0;73:0;75:0;77:0;78:0;9:0;95:0,SIM
flood,100,20,9,warm,240.0,60.0,gateway_beacon,tx_only,gateway_beacon|tx_only|flood|100,11,0,0.0,0.0,0.0,0.0,6.086656,0.7413759999999999,5.34528,0.12180349932705249,0.0,1.0,0,0,0.0,24,20,4,20,0,0,2400,0.0,0.0,0,0.0,gateway_beacon,1:0;18:0;21:0;25:0;30:0;32:0;38:0;41:0;43:0;47:0;51:0;56:0;62:0;63:0;66:0;78:0;84:0;85:0;86:0;96:0,SIM
flood,100,20,9,warm,240.0,60.0,gateway_beacon,tx_only,gateway_beacon|tx_only|flood|100,12,0,0.0,0.0,0.0,0.0,6.086656,0.7413759999999999,5.34528,0.12180349932705249,0.0,1.0,0,0,0.0,24,20,4,20,0,0,2400,0.0,0.0,0,0.0,gateway_beacon,13:0;2:0;29:0;39:0;44:0;50:0;52:0;56:0;6:0;66:0;68:0;70:0;73:0;84:0;86:0;87:0;89:0;93:0;97:0;98:0,SIM
flood,100,20,9,warm,240.0,60.0,gateway_beacon,tx_only,gateway_beacon|tx_only|flood|100,13,0,0.0,0.0,0.0,0.0,6.086656,0.7413759999999999,5.34528,0.12180349932705249,0.0,1.0,0,2,0.0,24,20,4,20,0,0,2200,0.0,0.0,0,0.0,gateway_beacon,12:0;14:0;19:0;20:0;34:0;37:0;38:0;39:0;49:0;5:0;51:0;54:0;57:0;60:0;79:0;80:0;86:0;89:0;91:0;97:0,SIM
flood,100,20,9,warm,240.0,60.0,gateway_beacon,tx_only,gateway_beacon|tx_only|flood|100,14,0,0.0,0.0,0.0,0.0,6.086656,0.7413759999999999,5.34528,0.12180349932705249,0.0,1.0,0,0,0.0,24,20,4,20,0,0,2400,0.0,0.0,0,0.0,gateway_beacon,15:0;25:0;3:0;31:0;32:0;43:0;48:0;49:0;53:0;54:0;56:0;60:0;66:0;73:0;76:0;8:0;82:0;87:0;91:0;97:0,SIM
flood,100,20,9,warm,240.0,60.0,gateway_beacon,tx_only,gateway_beacon|tx_only|flood|100,15,0,0.0,0.0,0.0,0.0,6.086656,0.7413759999999999,5.34528,0.12180349932705249,0.0,1.0,0,0,0.0,24,20,4,20,0,0,2400,0.0,0.0,0,0.0,gateway_beacon,0:0;15:0;21:0;3:0;33:0;43:0;49:0;51:0;56:0;57:0;58:0;59:0;64:0;76:0;78:0;81:0;85:0;86:0;89:0;97:0,SIM
flood,100,20,9,warm,240.0,60.0,gateway_beacon,tx_only,gateway_beacon|tx_only|flood|100,16,0,0.0,0.0,0.0,0.0,6.086656,0.7413759999999999,5.34528,0.12180349932705249,0.0,1.0,0,0,0.0,24,20,4,20,0,0,2400,0.0,0.0,0,0.0,gateway_beacon,10:0;15:0;2:0;24:0;27:0;33:0;44:0;45:0;47:0;49:0;51:0;52:0;55:0;56:0;7:0;75:0;76:0;78:0;95:0;98:0,SIM
flood,100,20,9,warm,240.0,60.0,gateway_beacon,tx_only,gateway_beacon|tx_only|flood|100,17,0,0.0,0.0,0.0,0.0,6.086656,0.7413759999999999,5.34528,0.12180349932705249,0.0,1.0,0,0,0.0,24,20,4,20,0,0,2400,0.0,0.0,0,0.0,gateway_beacon,10:0;16:0;19:0;25:0;27:0;37:0;39:0;46:0;49:0;55:0;56:0;61:0;64:0;66:0;67:0;73:0;77:0;87:0;97:0;99:0,SIM
flood,100,20,9,warm,240.0,60.0,gateway_beacon,tx_only,gateway_beacon|tx_only|flood|100,18,0,0.0,0.0,0.0,0.0,6.086656,0.7413759999999999,5.34528,0.12180349932705249,0.0,1.0,0,0,0.0,24,20,4,20,0,0,2400,0.0,0.0,0,0.0,gateway_beacon,1:0;2:0;21:0;24:0;27:0;36:0;37:0;38:0;44:0;58:0;64:0;66:0;7:0;72:0;78:0;79:0;81:0;84:0;88:0;90:0,SIM
flood,100,20,9,warm,240.0,60.0,gateway_beacon,tx_only,gateway_beacon|tx_only|flood|100,19,0,0.0,0.0,0.0,0.0,6.086656,0.7413759999999999,5.34528,0.12180349932705249,0.0,1.0,0,0,0.0,24,20,4,20,0,0,2400,0.0,0.0,0,0.0,gateway_beacon,0:0;10:0;17:0;2:0;20:0;30:0;31:0;33:0;34:0;50:0;54:0;56:0;59:0;62:0;66:0;73:0;75:0;8:0;86:0;94:0,SIM
gradient,25,20,9,warm,240.0,60.0,gateway_beacon,tx_only,gateway_beacon|tx_only|gradient|25,0,0,0.0,0.0,0.0,0.0,6.086656,0.7413759999999999,5.34528,0.12180349932705249,0.0,1.0,0,0,0.0,24,20,4,20,0,0,600,0.0,0.0,0,0.0,gateway_beacon,1:0;10:0;12:0;13:0;15:0;16:0;17:0;18:0;2:0;20:0;21:0;22:0;23:0;24:0;3:0;4:0;6:0;7:0;8:0;9:0,SIM
gradient,25,20,9,warm,240.0,60.0,gateway_beacon,tx_only,gateway_beacon|tx_only|gradient|25,1,0,0.0,0.0,0.0,0.0,6.086656,0.7413759999999999,5.34528,0.12180349932705249,0.0,1.0,0,0,0.0,24,20,4,20,0,0,600,0.0,0.0,0,0.0,gateway_beacon,1:0;10:0;11:0;12:0;13:0;14:0;15:0;16:0;18:0;19:0;20:0;21:0;22:0;23:0;24:0;5:0;6:0;7:0;8:0;9:0,SIM
gradient,25,20,9,warm,240.0,60.0,gateway_beacon,tx_only,gateway_beacon|tx_only|gradient|25,2,0,0.0,0.0,0.0,0.0,6.086656,0.7413759999999999,5.34528,0.12180349932705249,0.0,1.0,0,4,0.0,24,20,4,20,0,0,500,0.0,0.0,0,0.0,gateway_beacon,10:0;11:0;12:0;13:0;14:0;15:0;16:0;17:0;18:0;19:0;2:0;20:0;21:0;22:0;23:0;24:0;4:0;5:0;7:0;9:0,SIM
gradient,25,20,9,warm,240.0,60.0,gateway_beacon,tx_only,gateway_beacon|tx_only|gradient|25,3,0,0.0,0.0,0.0,0.0,6.086656,0.7413759999999999,5.34528,0.12180349932705249,0.0,1.0,0,0,0.0,24,20,4,20,0,0,600,0.0,0.0,0,0.0,gateway_beacon,0:0;1:0;10:0;11:0;12:0;13:0;16:0;17:0;18:0;19:0;20:0;21:0;22:0;23:0;3:0;4:0;5:0;6:0;7:0;8:0,SIM
gradient,25,20,9,warm,240.0,60.0,gateway_beacon,tx_only,gateway_beacon|tx_only|gradient|25,4,0,0.0,0.0,0.0,0.0,6.086656,0.7413759999999999,5.34528,0.12180349932705249,0.0,1.0,0,0,0.0,24,20,4,20,0,0,600,0.0,0.0,0,0.0,gateway_beacon,0:0;10:0;11:0;13:0;14:0;15:0;16:0;17:0;18:0;19:0;2:0;21:0;22:0;24:0;3:0;4:0;5:0;6:0;8:0;9:0,SIM
gradient,25,20,9,warm,240.0,60.0,gateway_beacon,tx_only,gateway_beacon|tx_only|gradient|25,5,0,0.0,0.0,0.0,0.0,6.086656,0.7413759999999999,5.34528,0.12180349932705249,0.0,1.0,0,0,0.0,24,20,4,20,0,0,600,0.0,0.0,0,0.0,gateway_beacon,0:0;1:0;10:0;11:0;12:0;13:0;14:0;15:0;16:0;18:0;19:0;20:0;21:0;22:0;24:0;4:0;5:0;6:0;8:0;9:0,SIM
gradient,25,20,9,warm,240.0,60.0,gateway_beacon,tx_only,gateway_beacon|tx_only|gradient|25,6,0,0.0,0.0,0.0,0.0,6.086656,0.7413759999999999,5.34528,0.12180349932705249,0.0,1.0,0,0,0.0,24,20,4,20,0,0,600,0.0,0.0,0,0.0,gateway_beacon,0:0;10:0;12:0;13:0;14:0;15:0;17:0;19:0;2:0;20:0;21:0;23:0;24:0;3:0;4:0;5:0;6:0;7:0;8:0;9:0,SIM
gradient,25,20,9,warm,240.0,60.0,gateway_beacon,tx_only,gateway_beacon|tx_only|gradient|25,7,0,0.0,0.0,0.0,0.0,6.086656,0.7413759999999999,5.34528,0.12180349932705249,0.0,1.0,0,0,0.0,24,20,4,20,0,0,600,0.0,0.0,0,0.0,gateway_beacon,1:0;10:0;11:0;12:0;13:0;14:0;15:0;16:0;17:0;18:0;19:0;2:0;23:0;24:0;3:0;4:0;5:0;7:0;8:0;9:0,SIM
gradient,25,20,9,warm,240.0,60.0,gateway_beacon,tx_only,gateway_beacon|tx_only|gradient|25,8,0,0.0,0.0,0.0,0.0,6.086656,0.7413759999999999,5.34528,0.12180349932705249,0.0,1.0,0,0,0.0,24,20,4,20,0,0,600,0.0,0.0,0,0.0,gateway_beacon,0:0;11:0;12:0;13:0;14:0;15:0;16:0;17:0;18:0;19:0;2:0;21:0;23:0;24:0;3:0;4:0;5:0;6:0;8:0;9:0,SIM
gradient,25,20,9,warm,240.0,60.0,gateway_beacon,tx_only,gateway_beacon|tx_only|gradient|25,9,0,0.0,0.0,0.0,0.0,6.086656,0.7413759999999999,5.34528,0.12180349932705249,0.0,1.0,0,0,0.0,24,20,4,20,0,0,600,0.0,0.0,0,0.0,gateway_beacon,0:0;10:0;11:0;12:0;13:0;15:0;17:0;18:0;19:0;2:0;20:0;21:0;22:0;23:0;24:0;4:0;5:0;6:0;7:0;9:0,SIM
gradient,25,20,9,warm,240.0,60.0,gateway_beacon,tx_only,gateway_beacon|tx_only|gradient|25,10,0,0.0,0.0,0.0,0.0,6.086656,0.7413759999999999,5.34528,0.12180349932705249,0.0,1.0,0,4,0.0,24,20,4,20,0,0,500,0.0,0.0,0,0.0,gateway_beacon,1:0;10:0;11:0;12:0;13:0;14:0;17:0;18:0;19:0;2:0;22:0;23:0;24:0;3:0;4:0;5:0;6:0;7:0;8:0;9:0,SIM
gradient,25,20,9,warm,240.0,60.0,gateway_beacon,tx_only,gateway_beacon|tx_only|gradient|25,11,0,0.0,0.0,0.0,0.0,6.086656,0.7413759999999999,5.34528,0.12180349932705249,0.0,1.0,0,0,0.0,24,20,4,20,0,0,600,0.0,0.0,0,0.0,gateway_beacon,0:0;1:0;10:0;11:0;12:0;13:0;14:0;15:0;17:0;18:0;19:0;2:0;21:0;22:0;23:0;3:0;4:0;5:0;6:0;8:0,SIM
gradient,25,20,9,warm,240.0,60.0,gateway_beacon,tx_only,gateway_beacon|tx_only|gradient|25,12,0,0.0,0.0,0.0,0.0,6.086656,0.7413759999999999,5.34528,0.12180349932705249,0.0,1.0,0,0,0.0,24,20,4,20,0,0,600,0.0,0.0,0,0.0,gateway_beacon,0:0;10:0;11:0;12:0;13:0;14:0;16:0;17:0;18:0;19:0;21:0;22:0;23:0;24:0;3:0;5:0;6:0;7:0;8:0;9:0,SIM
gradient,25,20,9,warm,240.0,60.0,gateway_beacon,tx_only,gateway_beacon|tx_only|gradient|25,13,0,0.0,0.0,0.0,0.0,6.086656,0.7413759999999999,5.34528,0.12180349932705249,0.0,1.0,0,0,0.0,24,20,4,20,0,0,600,0.0,0.0,0,0.0,gateway_beacon,0:0;1:0;10:0;11:0;12:0;13:0;14:0;15:0;17:0;18:0;19:0;2:0;20:0;21:0;22:0;24:0;3:0;4:0;6:0;7:0,SIM
gradient,25,20,9,warm,240.0,60.0,gateway_beacon,tx_only,gateway_beacon|tx_only|gradient|25,14,0,0.0,0.0,0.0,0.0,6.086656,0.7413759999999999,5.34528,0.12180349932705249,0.0,1.0,0,0,0.0,24,20,4,20,0,0,600,0.0,0.0,0,0.0,gateway_beacon,1:0;10:0;11:0;12:0;13:0;14:0;15:0;16:0;18:0;19:0;2:0;21:0;23:0;24:0;3:0;4:0;5:0;6:0;7:0;9:0,SIM
gradient,25,20,9,warm,240.0,60.0,gateway_beacon,tx_only,gateway_beacon|tx_only|gradient|25,15,0,0.0,0.0,0.0,0.0,6.086656,0.7413759999999999,5.34528,0.12180349932705249,0.0,1.0,0,4,0.0,24,20,4,20,0,0,500,0.0,0.0,0,0.0,gateway_beacon,0:0;1:0;10:0;11:0;12:0;13:0;16:0;17:0;18:0;19:0;2:0;20:0;21:0;22:0;24:0;4:0;5:0;6:0;7:0;9:0,SIM
gradient,25,20,9,warm,240.0,60.0,gateway_beacon,tx_only,gateway_beacon|tx_only|gradient|25,16,0,0.0,0.0,0.0,0.0,6.086656,0.7413759999999999,5.34528,0.12180349932705249,0.0,1.0,0,0,0.0,24,20,4,20,0,0,600,0.0,0.0,0,0.0,gateway_beacon,0:0;1:0;10:0;11:0;12:0;13:0;15:0;16:0;17:0;19:0;20:0;22:0;23:0;24:0;3:0;4:0;5:0;7:0;8:0;9:0,SIM
gradient,25,20,9,warm,240.0,60.0,gateway_beacon,tx_only,gateway_beacon|tx_only|gradient|25,17,0,0.0,0.0,0.0,0.0,6.086656,0.7413759999999999,5.34528,0.12180349932705249,0.0,1.0,0,0,0.0,24,20,4,20,0,0,600,0.0,0.0,0,0.0,gateway_beacon,0:0;1:0;10:0;11:0;12:0;14:0;16:0;17:0;18:0;19:0;2:0;20:0;21:0;23:0;24:0;4:0;5:0;6:0;8:0;9:0,SIM
gradient,25,20,9,warm,240.0,60.0,gateway_beacon,tx_only,gateway_beacon|tx_only|gradient|25,18,0,0.0,0.0,0.0,0.0,6.086656,0.7413759999999999,5.34528,0.12180349932705249,0.0,1.0,0,0,0.0,24,20,4,20,0,0,600,0.0,0.0,0,0.0,gateway_beacon,0:0;1:0;10:0;12:0;13:0;14:0;15:0;17:0;18:0;19:0;2:0;20:0;21:0;22:0;24:0;3:0;4:0;5:0;6:0;8:0,SIM
gradient,25,20,9,warm,240.0,60.0,gateway_beacon,tx_only,gateway_beacon|tx_only|gradient|25,19,0,0.0,0.0,0.0,0.0,6.086656,0.7413759999999999,5.34528,0.12180349932705249,0.0,1.0,0,0,0.0,24,20,4,20,0,0,600,0.0,0.0,0,0.0,gateway_beacon,0:0;10:0;11:0;12:0;13:0;14:0;15:0;16:0;19:0;2:0;21:0;23:0;24:0;3:0;4:0;5:0;6:0;7:0;8:0;9:0,SIM
gradient,50,20,9,warm,240.0,60.0,gateway_beacon,tx_only,gateway_beacon|tx_only|gradient|50,0,0,0.0,0.0,0.0,0.0,6.086656,0.7413759999999999,5.34528,0.12180349932705249,0.0,1.0,0,0,0.0,24,20,4,20,0,0,1200,0.0,0.0,0,0.0,gateway_beacon,1:0;10:0;12:0;14:0;17:0;19:0;2:0;21:0;23:0;27:0;3:0;34:0;4:0;45:0;46:0;47:0;49:0;6:0;7:0;9:0,SIM
gradient,50,20,9,warm,240.0,60.0,gateway_beacon,tx_only,gateway_beacon|tx_only|gradient|50,1,0,0.0,0.0,0.0,0.0,6.086656,0.7413759999999999,5.34528,0.12180349932705249,0.0,1.0,0,0,0.0,24,20,4,20,0,0,1200,0.0,0.0,0,0.0,gateway_beacon,0:0;1:0;11:0;12:0;14:0;16:0;21:0;22:0;26:0;29:0;31:0;32:0;34:0;36:0;39:0;40:0;41:0;45:0;47:0;5:0,SIM
gradient,50,20,9,warm,240.0,60.0,gateway_beacon,tx_only,gateway_beacon|tx_only|gradient|50,2,0,0.0,0.0,0.0,0.0,6.086656,0.7413759999999999,5.34528,0.12180349932705249,0.0,1.0,0,0,0.0,24,20,4,20,0,0,1200,0.0,0.0,0,0.0,gateway_beacon,0:0;1:0;10:0;11:0;15:0;16:0;2:0;23:0;24:0;33:0;4:0;42:0;43:0;44:0;48:0;49:0;5:0;7:0;8:0;9:0,SIM
gradient,50,20,9,warm,240.0,60.0,gateway_beacon,tx_only,gateway_beacon|tx_only|gradient|50,3,0,0.0,0.0,0.0,0.0,6.086656,0.7413759999999999,5.34528,0.12180349932705249,0.0,1.0,0,0,0.0,24,20,4,20,0,0,1200,0.0,0.0,0,0.0,gateway_beacon,0:0;1:0;15:0;16:0;17:0;19:0;20:0;21:0;24:0;26:0;27:0;32:0;33:0;35:0;39:0;40:0;43:0;45:0;46:0;8:0,SIM
gradient,50,20,9,warm,240.0,60.0,gateway_beacon,tx_only,gateway_beacon|tx_only|gradient|50,4,0,0.0,0.0,0.0,0.0,6.086656,0.7413759999999999,5.34528,0.12180349932705249,0.0,1.0,0,0,0.0,24,20,4,20,0,0,1200,0.0,0.0,0,0.0,gateway_beacon,10:0;13:0;15:0;18:0;2:0;20:0;26:0;27:0;3:0;31:0;34:0;35:0;38:0;39:0;42:0;45:0;46:0;47:0;7:0;9:0,SIM
gradient,50,20,9,warm,240.0,60.0,gateway_beacon,tx_only,gateway_beacon|tx_only|gradient|50,5,0,0.0,0.0,0.0,0.0,6.086656,0.7413759999999999,5.34528,0.12180349932705249,0.0,1.0,0,0,0.0,24,20,4,20,0,0,1200,0.0,0.0,0,0.0,gateway_beacon,10:0;13:0;15:0;16:0;2:0;21:0;22:0;26:0;29:0;3:0;31:0;35:0;36:0;38:0;41:0;42:0;47:0;6:0;8:0;9:0,SIM
gradient,50,20,9,warm,240.0,60.0,gateway_beacon,tx_only,gateway_beacon|tx_only|gradient|50,6,0,0.0,0.0,0.0,0.0,6.086656,0.7413759999999999,5.34528,0.12180349932705249,0.0,1.0,0,0,0.0,24,20,4,20,0,0,1200,0.0,0.0,0,0.0,gateway_beacon,10:0;17:0;19:0;20:0;22:0;23:0;24:0;26:0;29:0;30:0;31:0;38:0;39:0;40:0;42:0;43:0;44:0;46:0;49:0;9:0,SIM
gradient,50,20,9,warm,240.0,60.0,gateway_beacon,tx_only,gateway_beacon|tx_only|gradient|50,7,0,0.0,0.0,0.0,0.0,6.086656,0.7413759999999999,5.34528,0.12180349932705249,0.0,1.0,0,0,0.0,24,20,4,20,0,0,1200,0.0,0.0,0,0.0,gateway_beacon,0:0;11:0;12:0;16:0;18:0;20:0;23:0;25:0;26:0;29:0;3:0;31:0;32:0;34:0;35:0;36:0;37:0;39:0;8:0;9:0,SIM
gradient,50,20,9,warm,240.0,60.0,gateway_beacon,tx_only,gateway_beacon|tx_only|gradient|50,8,0,0.0,0.0,0.0,0.0,6.086656,0.7413759999999999,5.34528,0.12180349932705249,0.0,1.0,0,0,0.0,24,20,4,20,0,0,1200,0.0,0.0,0,0.0,gateway_beacon,0:0;11:0;13:0;19:0;2:0;20:0;21:0;22:0;23:0;27:0;28:0;3:0;31:0;36:0;37:0;41:0;47:0;48:0;49:0;7:0,SIM
gradient,50,20,9,warm,240.0,60.0,gateway_beacon,tx_only,gateway_beacon|tx_only|gradient|50,9,0,0.0,0.0,0.0,0.0,6.086656,0.7413759999999999,5.34528,0.12180349932705249,0.0,1.0,0,0,0.0,24,20,4,20,0,0,1200,0.0,0.0,0,0.0,gateway_beacon,0:0;10:0;14:0;15:0;16:0;18:0;22:0;23:0;25:0;27:0;31:0;32:0;35:0;36:0;37:0;4:0;41:0;45:0;6:0;8:0,SIM
gradient,50,20,9,warm,240.0,60.0,gateway_beacon,tx_only,gateway_beacon|tx_only|gradient|50,10,0,0.0,0.0,0.0,0.0,6.086656,0.7413759999999999,5.34528,0.12180349932705249,0.0,1.0,0,4,0.0,24,20,4,20,0,0,1000,0.0,0.0,0,0.0,gateway_beacon,10:0;16:0;21:0;22:0;27:0;28:0;29:0;3:0;31:0;32:0;34:0;37:0;38:0;4:0;41:0;42:0;5:0;6:0;8:0;9:0,SIM
gradient,50,20,9,warm,240.0,60.0,gateway_beacon,tx_only,gateway_beacon|tx_only|gradient|50,11,0,0.0,0.0,0.0,0.0,6.086656,0.7413759999999999,5.34528,0.12180349932705249,0.0,1.0,0,0,0.0,24,20,4,20,0,0,1200,0.0,0.0,0,0.0,gateway_beacon,1:0;10:0;11:0;12:0;14:0;15:0;19:0;24:0;26:0;30:0;35:0;36:0;38:0;39:0;40:0;46:0;49:0;5:0;8:0;9:0,SIM
gradient,50,20,9,warm,240.0,60.0,gateway_beacon,tx_only,gateway_beacon|tx_only|gradient|50,12,0,0.0,0.0,0.0,0.0,6.086656,0.7413759999999999,5.34528,0.12180349932705249,0.0,1.0,0,0,0.0,24,20,4,20,0,0,1200,0.0,0.0,0,0.0,gateway_beacon,10:0;14:0;16:0;17:0;18:0;2:0;21:0;22:0;28:0;30:0;31:0;32:0;33:0;37:0;40:0;42:0;47:0;48:0;49:0;7:0,SIM
gradient,50,20,9,warm,240.0,60.0,gateway_beacon,tx_only,gateway_beacon|tx_only|gradient|50,13,0,0.0,0.0,0.0,0.0,6.086656,0.7413759999999999,5.34528,0.12180349932705249,0.0,1.0,0,4,0.0,24,20,4,20,0,0,1000,0.0,0.0,0,0.0,gateway_beacon,0:0;14:0;17:0;19:0;2:0;20:0;21:0;23:0;26:0;30:0;31:0;33:0;35:0;36:0;38:0;4:0;41:0;49:0;7:0;9:0,SIM
gradient,50,20,9,warm,240.0,60.0,gateway_beacon,tx_only,gateway_beacon|tx_only|gradient|50,14,0,0.0,0.0,0.0,0.0,6.086656,0.7413759999999999,5.34528,0.12180349932705249,0.0,1.0,0,0,0.0,24,20,4,20,0,0,1200,0.0,0.0,0,0.0,gateway_beacon,10:0;12:0;15:0;18:0;2:0;20:0;23:0;24:0;31:0;32:0;34:0;35:0;37:0;38:0;41:0;44:0;46:0;47:0;48:0;7:0,SIM
gradient,50,20,9,warm,240.0,60.0,gateway_beacon,tx_only,gateway_beacon|tx_only|gradient|50,15,0,0.0,0.0,0.0,0.0,6.086656,0.7413759999999999,5.34528,0.12180349932705249,0.0,1.0,0,0,0.0,24,20,4,20,0,0,1200,0.0,0.0,0,0.0,gateway_beacon,0:0;15:0;16:0;20:0;21:0;22:0;24:0;31:0;32:0;33:0;35:0;38:0;39:0;42:0;43:0;45:0;47:0;48:0;49:0;9:0,SIM
gradient,50,20,9,warm,240.0,60.0,gateway_beacon,tx_only,gateway_beacon|tx_only|gradient|50,16,0,0.0,0.0,0.0,0.0,6.086656,0.7413759999999999,5.34528,0.12180349932705249,0.0,1.0,0,0,0.0,24,20,4,20,0,0,1200,0.0,0.0,0,0.0,gateway_beacon,11:0;13:0;14:0;15:0;21:0;23:0;25:0;26:0;27:0;29:0;31:0;32:0;36:0;41:0;43:0;45:0;47:0;7:0;8:0;9:0,SIM
gradient,50,20,9,warm,240.0,60.0,gateway_beacon,tx_only,gateway_beacon|tx_only|gradient|50,17,0,0.0,0.0,0.0,0.0,6.086656,0.7413759999999999,5.34528,0.12180349932705249,0.0,1.0,0,0,0.0,24,20,4,20,0,0,1200,0.0,0.0,0,0.0,gateway_beacon,10:0;14:0;15:0;16:0;18:0;25:0;26:0;28:0;3:0;30:0;31:0;34:0;36:0;37:0;38:0;4:0;40:0;45:0;48:0;5:0,SIM
gradient,50,20,9,warm,240.0,60.0,gateway_beacon,tx_only,gateway_beacon|tx_only|gradient|50,18,0,0.0,0.0,0.0,0.0,6.086656,0.7413759999999999,5.34528,0.12180349932705249,0.0,1.0,0,0,0.0,24,20,4,20,0,0,1200,0.0,0.0,0,0.0,gateway_beacon,11:0;13:0;14:0;16:0;19:0;22:0;23:0;26:0;3:0;30:0;31:0;33:0;34:0;40:0;44:0;45:0;47:0;49:0;5:0;9:0,SIM
gradient,50,20,9,warm,240.0,60.0,gateway_beacon,tx_only,gateway_beacon|tx_only|gradient|50,19,0,0.0,0.0,0.0,0.0,6.086656,0.7413759999999999,5.34528,0.12180349932705249,0.0,1.0,0,2,0.0,24,20,4,20,0,0,1100,0.0,0.0,0,0.0,gateway_beacon,14:0;16:0;18:0;19:0;2:0;20:0;27:0;29:0;3:0;30:0;32:0;33:0;35:0;36:0;40:0;44:0;47:0;49:0;8:0;9:0,SIM
gradient,100,20,9,warm,240.0,60.0,gateway_beacon,tx_only,gateway_beacon|tx_only|gradient|100,0,0,0.0,0.0,0.0,0.0,6.086656,0.7413759999999999,5.34528,0.12180349932705249,0.0,1.0,0,0,0.0,24,20,4,20,0,0,2400,0.0,0.0,0,0.0,gateway_beacon,0:0;1:0;10:0;16:0;24:0;39:0;4:0;41:0;53:0;59:0;6:0;62:0;63:0;67:0;70:0;71:0;77:0;81:0;92:0;96:0,SIM
gradient,100,20,9,warm,240.0,60.0,gateway_beacon,tx_only,gateway_beacon|tx_only|gradient|100,1,0,0.0,0.0,0.0,0.0,6.086656,0.7413759999999999,5.34528,0.12180349932705249,0.0,1.0,0,2,0.0,24,20,4,20,0,0,2200,0.0,0.0,0,0.0,gateway_beacon,12:0;17:0;2:0;20:0;25:0;27:0;30:0;34:0;41:0;43:0;44:0;48:0;54:0;62:0;68:0;70:0;72:0;86:0;87:0;98:0,SIM
gradient,100,20,9,warm,240.0,60.0,gateway_beacon,tx_only,gateway_beacon|tx_only|gradient|100,2,0,0.0,0.0,0.0,0.0,6.086656,0.7413759999999999,5.34528,0.12180349932705249,0.0,1.0,0,0,0.0,24,20,4,20,0,0,2400,0.0,0.0,0,0.0,gateway_beacon,0:0;12:0;13:0;2:0;25:0;26:0;39:0;47:0;52:0;57:0;59:0;62:0;7:0;75:0;78:0;81:0;86:0;87:0;9:0;99:0,SIM
gradient,100,20,9,warm,240.0,60.0,gateway_beacon,tx_only,gateway_beacon|tx_only|gradient|100,3,0,0.0,0.0,0.0,0.0,6.086656,0.7413759999999999,5.34528,0.12180349932705249,0.0,1.0,0,0,0.0,24,20,4,20,0,0,2400,0.0,0.0,0,0.0,gateway_beacon,1:0;15:0;2:0;21:0;25:0;30:0;38:0;4:0;5:0;55:0;6:0;61:0;64:0;65:0;67:0;68:0;73:0;84:0;88:0;95:0,SIM
gradient,100,20,9,warm,240.0,60.0,gateway_beacon,tx_only,gateway_beacon|tx_only|gradient|100,4,0,0.0,0.0,0.0,0.0,6.086656,0.7413759999999999,5.34528,0.12180349932705249,0.0,1.0,0,0,0.0,24,20,4,20,0,0,2400,0.0,0.0,0,0.0,gateway_beacon,1:0;10:0;12:0;14:0;26:0;29:0;38:0;39:0;44:0;46:0;48:0;49:0;51:0;58:0;62:0;66:0;69:0;79:0;9:0;97:0,SIM
gradient,100,20,9,warm,240.0,60.0,gateway_beacon,tx_only,gateway_beacon|tx_only|gradient|100,5,0,0.0,0.0,0.0,0.0,6.086656,0.7413759999999999,5.34528,0.12180349932705249,0.0,1.0,0,0,0.0,24,20,4,20,0,0,2400,0.0,0.0,0,0.0,gateway_beacon,14:0;17:0;21:0;23:0;24:0;28:0;4:0;40:0;44:0;48:0;5:0;53:0;59:0;6:0;60:0;61:0;70:0;78:0;84:0;9:0,SIM
gradient,100,20,9,warm,240.0,60.0,gateway_beacon,tx_only,gateway_beacon|tx_only|gradient|100,6,0,0.0,0.0,0.0,0.0,6.086656,0.7413759999999999,5.34528,0.12180349932705249,0.0,1.0,0,0,0.0,24,20,4,20,0,0,2400,0.0,0.0,0,0.0,gateway_beacon,14:0;16:0;17:0;19:0;23:0;3:0;36:0;44:0;51:0;59:0;63:0;64:0;66:0;67:0;70:0;81:0;9:0;90:0;94:0;95:0,SIM
gradient,100,20,9,warm,240.0,60.0,gateway_beacon,tx_only,gateway_beacon|tx_only|gradient|100,7,0,0.0,0.0,0.0,0.0,6.086656,0.7413759999999999,5.34528,0.12180349932705249,0.0,1.0,0,0,0.0,24,20,4,20,0,0,2400,0.0,0.0,0,0.0,gateway_beacon,10:0;11:0;16:0;19:0;20:0;21:0;22:0;25:0;3:0;42:0;50:0;51:0;55:0;59:0;61:0;81:0;91:0;92:0;95:0;96:0,SIM
gradient,100,20,9,warm,240.0,60.0,gateway_beacon,tx_only,gateway_beacon|tx_only|gradient|100,8,0,0.0,0.0,0.0,0.0,6.086656,0.7413759999999999,5.34528,0.12180349932705249,0.0,1.0,0,0,0.0,24,20,4,20,0,0,2400,0.0,0.0,0,0.0,gateway_beacon,10:0;13:0;14:0;21:0;25:0;29:0;31:0;46:0;47:0;49:0;52:0;58:0;63:0;64:0;67:0;76:0;80:0;83:0;95:0;99:0,SIM
gradient,100,20,9,warm,240.0,60.0,gateway_beacon,tx_only,gateway_beacon|tx_only|gradient|100,9,0,0.0,0.0,0.0,0.0,6.086656,0.7413759999999999,5.34528,0.12180349932705249,0.0,1.0,0,0,0.0,24,20,4,20,0,0,2400,0.0,0.0,0,0.0,gateway_beacon,1:0;10:0;17:0;19:0;3:0;41:0;42:0;45:0;49:0;57:0;59:0;60:0;61:0;68:0;70:0;75:0;79:0;9:0;90:0;99:0,SIM
gradient,100,20,9,warm,240.0,60.0,gateway_beacon,tx_only,gateway_beacon|tx_only|gradient|100,10,0,0.0,0.0,0.0,0.0,6.086656,0.7413759999999999,5.34528,0.12180349932705249,0.0,1.0,0,0,0.0,24,20,4,20,0,0,2400,0.0,0.0,0,0.0,gateway_beacon,12:0;21:0;23:0;24:0;28:0;30:0;36:0;39:0;47:0;53:0;56:0;6:0;71:0;72:0;73:0;75:0;77:0;78:0;9:0;95:0,SIM
gradient,100,20,9,warm,240.0,60.0,gateway_beacon,tx_only,gateway_beacon|tx_only|gradient|100,11,0,0.0,0.0,0.0,0.0,6.086656,0.7413759999999999,5.34528,0.12180349932705249,0.0,1.0,0,0,0.0,24,20,4,20,0,0,2400,0.0,0.0,0,0.0,gateway_beacon,1:0;18:0;21:0;25:0;30:0;32:0;38:0;41:0;43:0;47:0;51:0;56:0;62:0;63:0;66:0;78:0;84:0;85:0;86:0;96:0,SIM
gradient,100,20,9,warm,240.0,60.0,gateway_beacon,tx_only,gateway_beacon|tx_only|gradient|100,12,0,0.0,0.0,0.0,0.0,6.086656,0.7413759999999999,5.34528,0.12180349932705249,0.0,1.0,0,0,0.0,24,20,4,20,0,0,2400,0.0,0.0,0,0.0,gateway_beacon,13:0;2:0;29:0;39:0;44:0;50:0;52:0;56:0;6:0;66:0;68:0;70:0;73:0;84:0;86:0;87:0;89:0;93:0;97:0;98:0,SIM
gradient,100,20,9,warm,240.0,60.0,gateway_beacon,tx_only,gateway_beacon|tx_only|gradient|100,13,0,0.0,0.0,0.0,0.0,6.086656,0.7413759999999999,5.34528,0.12180349932705249,0.0,1.0,0,2,0.0,24,20,4,20,0,0,2200,0.0,0.0,0,0.0,gateway_beacon,12:0;14:0;19:0;20:0;34:0;37:0;38:0;39:0;49:0;5:0;51:0;54:0;57:0;60:0;79:0;80:0;86:0;89:0;91:0;97:0,SIM
gradient,100,20,9,warm,240.0,60.0,gateway_beacon,tx_only,gateway_beacon|tx_only|gradient|100,14,0,0.0,0.0,0.0,0.0,6.086656,0.7413759999999999,5.34528,0.12180349932705249,0.0,1.0,0,0,0.0,24,20,4,20,0,0,2400,0.0,0.0,0,0.0,gateway_beacon,15:0;25:0;3:0;31:0;32:0;43:0;48:0;49:0;53:0;54:0;56:0;60:0;66:0;73:0;76:0;8:0;82:0;87:0;91:0;97:0,SIM
gradient,100,20,9,warm,240.0,60.0,gateway_beacon,tx_only,gateway_beacon|tx_only|gradient|100,15,0,0.0,0.0,0.0,0.0,6.086656,0.7413759999999999,5.34528,0.12180349932705249,0.0,1.0,0,0,0.0,24,20,4,20,0,0,2400,0.0,0.0,0,0.0,gateway_beacon,0:0;15:0;21:0;3:0;33:0;43:0;49:0;51:0;56:0;57:0;58:0;59:0;64:0;76:0;78:0;81:0;85:0;86:0;89:0;97:0,SIM
gradient,100,20,9,warm,240.0,60.0,gateway_beacon,tx_only,gateway_beacon|tx_only|gradient|100,16,0,0.0,0.0,0.0,0.0,6.086656,0.7413759999999999,5.34528,0.12180349932705249,0.0,1.0,0,0,0.0,24,20,4,20,0,0,2400,0.0,0.0,0,0.0,gateway_beacon,10:0;15:0;2:0;24:0;27:0;33:0;44:0;45:0;47:0;49:0;51:0;52:0;55:0;56:0;7:0;75:0;76:0;78:0;95:0;98:0,SIM
gradient,100,20,9,warm,240.0,60.0,gateway_beacon,tx_only,gateway_beacon|tx_only|gradient|100,17,0,0.0,0.0,0.0,0.0,6.086656,0.7413759999999999,5.34528,0.12180349932705249,0.0,1.0,0,0,0.0,24,20,4,20,0,0,2400,0.0,0.0,0,0.0,gateway_beacon,10:0;16:0;19:0;25:0;27:0;37:0;39:0;46:0;49:0;55:0;56:0;61:0;64:0;66:0;67:0;73:0;77:0;87:0;97:0;99:0,SIM
gradient,100,20,9,warm,240.0,60.0,gateway_beacon,tx_only,gateway_beacon|tx_only|gradient|100,18,0,0.0,0.0,0.0,0.0,6.086656,0.7413759999999999,5.34528,0.12180349932705249,0.0,1.0,0,0,0.0,24,20,4,20,0,0,2400,0.0,0.0,0,0.0,gateway_beacon,1:0;2:0;21:0;24:0;27:0;36:0;37:0;38:0;44:0;58:0;64:0;66:0;7:0;72:0;78:0;79:0;81:0;84:0;88:0;90:0,SIM
gradient,100,20,9,warm,240.0,60.0,gateway_beacon,tx_only,gateway_beacon|tx_only|gradient|100,19,0,0.0,0.0,0.0,0.0,6.086656,0.7413759999999999,5.34528,0.12180349932705249,0.0,1.0,0,0,0.0,24,20,4,20,0,0,2400,0.0,0.0,0,0.0,gateway_beacon,0:0;10:0;17:0;2:0;20:0;30:0;31:0;33:0;34:0;50:0;54:0;56:0;59:0;62:0;66:0;73:0;75:0;8:0;86:0;94:0,SIM
flood,25,20,9,warm,240.0,60.0,gateway_beacon_relay,continuous,gateway_beacon_relay|continuous|flood|25,0,18,0.9,0.2672640000000044,1.9594654456616745,24.666666666666668,133.3073919999992,14.642176000000017,118.66521599999919,0.10983769002097127,0.4988179669030733,0.9,0,449,0.0,523,444,79,20,416,846,0,1.0,1.0,0,0.0,gateway_beacon_relay,1:1;10:1;12:1;13:1;15:0;16:1;17:1;18:1;2:1;20:1;21:1;22:1;23:1;24:1;3:1;4:1;6:1;7:1;8:1;9:0,SIM
flood,25,20,9,warm,240.0,60.0,gateway_beacon_relay,continuous,gateway_beacon_relay|continuous|flood|25,1,15,0.75,0.2672640000000115,2.3557830709067504,24.8,118.14195199999942,18.71974400000003,99.42220799999939,0.15845128409593337,0.4416403785488959,0.75,0,410,0.0,473,372,101,20,386,634,0,1.0,1.0,0,0.0,gateway_beacon_relay,1:0;10:1;11:1;12:1;13:0;14:1;15:0;16:1;18:1;19:1;20:1;21:1;22:1;23:1;24:0;5:1;6:0;7:1;8:1;9:1,SIM
flood,25,20,9,warm,240.0,60.0,gateway_beacon_relay,continuous,gateway_beacon_relay|continuous|flood|25,2,16,0.8,0.2672639999999973,1.5791022342277294,24.5625,114.85798399999933,9.823232,105.03475199999933,0.08552502540876965,0.46494992846924177,0.8,0,388,0.0,446,393,53,20,224,699,0,1.0,1.0,0,0.0,gateway_beacon_relay,10:0;11:1;12:1;13:1;14:0;15:1;16:1;17:1;18:1;19:1;2:1;20:0;21:1;22:1;23:1;24:0;4:1;5:1;7:1;9:1,SIM
flood,25,20,9,warm,240.0,60.0,gateway_beacon_relay,continuous,gateway_beacon_relay|continuous|flood|25,3,14,0.7,0.2672640000000044,0.38880207248804466,27.285714285714285,121.3706239999994,19.275776000000032,102.09484799999936,0.15881747464691398,0.44894894894894893,0.7,0,420,0.0,486,382,104,20,416,666,0,1.0,1.0,0,0.0,gateway_beacon_relay,0:0;1:1;10:0;11:1;12:0;13:1;16:1;17:1;18:1;19:1;20:1;21:1;22:1;23:0;3:1;4:1;5:1;6:0;7:0;8:1,SIM
flood,25,20,9,warm,240.0,60.0,gateway_beacon_relay,continuous,gateway_beacon_relay|continuous|flood|25,4,14,0.7,0.2672639999999973,0.8741413295656181,26.142857142857142,117.09439999999944,19.275776000000032,97.8186239999994,0.16461740271097614,0.38256227758007116,0.7,0,410,0.0,470,366,104,20,414,562,0,1.0,1.0,0,0.0,gateway_beacon_relay,0:0;10:1;11:0;13:0;14:1;15:1;16:1;17:0;18:0;19:1;2:1;21:1;22:1;24:1;3:1;4:1;5:1;6:1;8:0;9:1,SIM
flood,25,20,9,warm,240.0,60.0,gateway_beacon_relay,continuous,gateway_beacon_relay|continuous|flood|25,5,17,0.85,0.2672639999999973,0.49638340532101133,22.352941176470587,116.20249599999939,14.642176000000017,101.56031999999936,0.12600569268322856,0.49727520435967304,0.85,0,385,0.0,459,380,79,20,338,734,0,1.0,1.0,0,0.0,gateway_beacon_relay,0:1;1:1;10:1;11:1;12:1;13:1;14:1;15:0;16:1;18:0;19:1;20:1;21:1;22:1;24:1;4:1;5:0;6:1;8:1;9:1,SIM
flood,25,20,9,warm,240.0,60.0,gateway_beacon_relay,continuous,gateway_beacon_relay|continuous|flood|25,6,17,0.85,0.2672640000000115,1.4716663786170434,23.529411764705884,116.91417599999932,10.008576000000001,106.90559999999931,0.08560618004099058,0.38704581358609796,0.85,0,399,0.0,454,400,54,20,270,633,0,1.0,1.0,0,0.0,gateway_beacon_relay,0:1;10:1;12:1;13:1;14:1;15:1;17:1;19:1;2:0;20:1;21:1;23:1;24:1;3:1;4:0;5:1;6:1;7:1;8:0;9:1,SIM
flood,25,20,9,warm,240.0,60.0,gateway_beacon_relay,continuous,gateway_beacon_relay|continuous|flood|25,7,17,0.85,0.2672639999999973,1.8957297346116089,26.764705882352942,131.61369599999915,10.008576000000001,121.60511999999916,0.07604509488131134,0.4901277584204414,0.85,0,437,0.0,509,455,54,20,369,861,0,1.0,1.0,0,0.0,gateway_beacon_relay,1:1;10:1;11:1;12:1;13:1;14:1;15:0;16:1;17:0;18:1;19:0;2:1;23:1;24:1;3:1;4:1;5:1;7:1;8:1;9:1,SIM
flood,25,20,9,warm,240.0,60.0,gateway_beacon_relay,continuous,gateway_beacon_relay|continuous|flood|25,8,17,0.85,0.2672640000000115,1.8430359603168252,23.647058823529413,117.44870399999931,10.008576000000001,107.4401279999993,0.08521657250470861,0.4052795031055901,0.85,0,404,0.0,456,402,54,20,193,644,0,1.0,1.0,0,0.0,gateway_beacon_relay,0:1;11:1;12:1;13:1;14:1;15:1;16:1;17:1;18:1;19:1;2:0;21:1;23:1;24:1;3:0;4:1;5:0;6:1;8:1;9:1,SIM
flood,25,20,9,warm,240.0,60.0,gateway_beacon_relay,continuous,gateway_beacon_relay|continuous|flood|25,9,16,0.8,0.2672639999999973,0.973597052510339,24.625,115.31059199999933,10.008576000000001,105.30201599999933,0.08679667519181637,0.3756260434056761,0.8,0,395,0.0,448,394,54,20,259,599,0,1.0,1.0,0,0.0,gateway_beacon_relay,0:0;10:1;11:1;12:1;13:1;15:1;17:1;18:0;19:1;2:1;20:1;21:1;22:1;23:0;24:0;4:1;5:1;6:1;7:1;9:1,SIM
flood,25,20,9,warm,240.0,60.0,gateway_beacon_relay,continuous,gateway_beacon_relay|continuous|flood|25,10,18,0.9,0.2672640000000044,1.6137667901834378,21.555555555555557,113.70700799999935,10.008576000000001,103.69843199999934,0.08802074890581994,0.3291139240506329,0.9,0,394,0.0,442,388,54,20,259,553,0,1.0,1.0,0,0.0,gateway_beacon_relay,1:1;10:1;11:1;12:1;13:1;14:1;17:1;18:1;19:0;2:1;22:1;23:1;24:1;3:1;4:1;5:1;6:1;7:0;8:1;9:1,SIM
flood,25,20,9,warm,240.0,60.0,gateway_beacon_relay,continuous,gateway_beacon_relay|continuous|flood|25,11,16,0.8,0.2672640000000044,1.2084481419696758,26.0625,121.27231999999927,9.823232,111.44908799999926,0.08100143544710005,0.3895705521472393,0.8,0,418,0.0,470,417,53,20,200,652,0,1.0,1.0,0,0.0,gateway_beacon_relay,0:1;1:1;10:0;11:1;12:1;13:1;14:0;15:0;17:1;18:1;19:0;2:1;21:1;22:1;23:1;3:1;4:1;5:1;6:1;8:1,SIM
flood,25,20,9,warm,240.0,60.0,gateway_beacon_relay,continuous,gateway_beacon_relay|continuous|flood|25,12,15,0.75,0.2672639999999973,0.2672640000000115,23.6,113.70188799999947,19.090432000000032,94.61145599999944,0.16789898862541422,0.4524959742351047,0.75,0,392,0.0,457,354,103,20,397,621,0,1.0,1.0,0,0.0,gateway_beacon_relay,0:1;10:0;11:1;12:1;13:1;14:1;16:1;17:1;18:1;19:1;21:1;22:0;23:0;24:0;3:1;5:1;6:1;7:1;8:0;9:1,SIM
flood,25,20,9,warm,240.0,60.0,gateway_beacon_relay,continuous,gateway_beacon_relay|continuous|flood|25,13,20,1.0,0.2672640000000044,0.5672408019721373,20.4,119.0522879999993,10.008576000000001,109.04371199999929,0.08406874129122206,0.24271844660194175,1.0,0,421,0.0,462,408,54,20,201,515,0,1.0,1.0,0,0.0,gateway_beacon_relay,0:1;1:1;10:1;11:1;12:1;13:1;14:1;15:1;17:1;18:1;19:1;2:1;20:1;21:1;22:1;24:1;3:1;4:1;6:1;7:1,SIM
flood,25,20,9,warm,240.0,60.0,gateway_beacon_relay,continuous,gateway_beacon_relay|continuous|flood|25,14,19,0.95,0.2672639999999973,1.4227769991566812,24.0,131.69561599999915,9.823232,121.87238399999916,0.07459042524240188,0.44962216624685136,0.95,0,449,0.0,509,456,53,20,200,794,0,1.0,1.0,0,0.0,gateway_beacon_relay,1:1;10:1;11:1;12:1;13:1;14:1;15:1;16:1;18:1;19:1;2:1;21:1;23:1;24:1;3:0;4:1;5:1;6:1;7:1;9:1,SIM
flood,25,20,9,warm,240.0,60.0,gateway_beacon_relay,continuous,gateway_beacon_relay|continuous|flood|25,15,18,0.9,0.2672640000000115,1.0700875071043043,21.77777777777778,114.77606399999934,10.008576000000001,104.76748799999933,0.08720089930945933,0.5046357615894039,0.9,0,379,0.0,446,392,54,20,294,755,0,1.0,1.0,0,0.0,gateway_beacon_relay,0:1;1:1;10:1;11:1;12:1;13:1;16:1;17:1;18:1;19:0;2:1;20:1;21:1;22:1;24:1;4:1;5:1;6:0;7:1;9:1,SIM
flood,25,20,9,warm,240.0,60.0,gateway_beacon_relay,continuous,gateway_beacon_relay|continuous|flood|25,16,15,0.75,0.2672640000000115,2.2288174683816386,27.333333333333332,119.40147199999929,9.823232,109.57823999999928,0.08227061053317718,0.36065573770491804,0.75,0,414,0.0,463,410,53,20,185,610,0,1.0,1.0,0,0.0,gateway_beacon_relay,0:1;1:1;10:0;11:1;12:1;13:0;15:1;16:1;17:1;19:0;20:1;22:1;23:1;24:1;3:0;4:1;5:1;7:1;8:0;9:1,SIM
flood,25,20,9,warm,240.0,60.0,gateway_beacon_relay,continuous,gateway_beacon_relay|continuous|flood|25,17,17,0.85,0.2672640000000115,2.8466364311988555,22.352941176470587,120.2800639999994,18.71974400000003,101.56031999999936,0.15563463617711515,0.4698972099853157,0.85,0,416,0.0,481,380,101,20,340,681,0,0.88,1.0,0,0.0,gateway_beacon_relay,0:1;1:0;10:1;11:1;12:1;14:1;16:1;17:0;18:1;19:1;2:1;20:1;21:1;23:1;24:1;4:0;5:1;6:1;8:1;9:1,SIM
flood,25,20,9,warm,240.0,60.0,gateway_beacon_relay,continuous,gateway_beacon_relay|continuous|flood|25,18,20,1.0,0.2672639999999973,1.6974338363296102,21.65,125.73388799999923,10.008576000000001,115.72531199999922,0.07960126071978355,0.32954545454545453,1.0,0,438,0.0,487,433,54,20,290,616,0,1.0,1.0,0,0.0,gateway_beacon_relay,0:1;1:1;10:1;12:1;13:1;14:1;15:1;17:1;18:1;19:1;2:1;20:1;21:1;22:1;24:1;3:1;4:1;5:1;6:1;8:1,SIM
flood,25,20,9,warm,240.0,60.0,gateway_beacon_relay,continuous,gateway_beacon_relay|continuous|flood|25,19,15,0.75,0.2672640000000115,1.0178185128425854,25.866666666666667,122.97420799999938,19.275776000000032,103.69843199999934,0.1567464943543294,0.3284671532846715,0.75,0,433,0.0,492,388,104,20,452,548,0,1.0,1.0,0,0.0,gateway_beacon_relay,0:1;10:1;11:1;12:0;13:1;14:1;15:1;16:1;19:1;2:1;21:1;23:1;24:0;3:0;4:1;5:0;6:0;7:1;8:1;9:1,SIM
flood,50,20,9,warm,240.0,60.0,gateway_beacon_relay,continuous,gateway_beacon_relay|continuous|flood|50,0,16,0.8,0.2672639999999973,0.5765401289738605,41.3125,212.80358400000128,36.142080000000085,176.6615040000012,0.16983774107864588,0.11095700416088766,0.8,0,812,0.0,856,661,195,20,797,721,0,1.0,1.0,0,0.0,gateway_beacon_relay,1:1;10:1;12:0;14:1;17:1;19:1;2:1;21:1;23:0;27:1;3:1;34:1;4:0;45:1;46:1;47:0;49:1;6:1;7:1;9:1,SIM
flood,50,20,9,warm,240.0,60.0,gateway_beacon_relay,continuous,gateway_beacon_relay|continuous|flood|50,1,9,0.45,0.2672639999999973,0.48917458657214175,72.77777777777777,212.31206400000121,37.25414400000009,175.05792000000113,0.1754688042597517,0.17101827676240208,0.45,0,803,0.0,856,655,201,20,1005,766,0,1.0,1.0,0,0.0,gateway_beacon_relay,0:1;1:0;11:0;12:1;14:1;16:0;21:1;22:0;26:1;29:0;31:0;32:1;34:0;36:1;39:1;40:0;41:0;45:1;47:0;5:0,SIM
flood,50,20,9,warm,240.0,60.0,gateway_beacon_relay,continuous,gateway_beacon_relay|continuous|flood|50,2,14,0.7,0.2672639999999973,0.36937873607301686,44.214285714285715,203.0612480000008,37.62483200000009,165.43641600000072,0.18528809593448348,0.07987711213517665,0.7,0,780,0.0,822,619,203,20,728,651,0,1.0,1.0,0,0.0,gateway_beacon_relay,0:1;1:1;10:1;11:1;15:1;16:1;2:0;23:0;24:1;33:1;4:0;42:1;43:0;44:1;48:1;49:1;5:0;7:0;8:1;9:1,SIM
flood,50,20,9,warm,240.0,60.0,gateway_beacon_relay,continuous,gateway_beacon_relay|continuous|flood|50,3,17,0.85,0.2672639999999973,0.2672640000000115,36.76470588235294,203.55276800000087,36.51276800000009,167.0400000000008,0.17937740841726077,0.04272151898734177,0.85,0,786,0.0,822,625,197,20,594,632,0,1.0,1.0,0,0.0,gateway_beacon_relay,0:1;1:1;15:1;16:1;17:1;19:0;20:1;21:1;24:1;26:1;27:1;32:0;33:1;35:1;39:1;40:0;43:1;45:1;46:1;8:1,SIM
flood,50,20,9,warm,240.0,60.0,gateway_beacon_relay,continuous,gateway_beacon_relay|continuous|flood|50,4,10,0.5,0.2672640000000115,0.6081106572138046,68.6,212.99814400000156,29.655040000000067,183.3431040000015,0.13922675307442983,0.1483375959079284,0.5,0,802,0.0,846,686,160,20,666,782,0,0.86,1.0,0,0.0,gateway_beacon_relay,10:0;13:0;15:1;18:1;2:0;20:1;26:0;27:0;3:1;31:1;34:0;35:1;38:0;39:1;42:0;45:1;46:0;47:1;7:0;9:1,SIM
flood,50,20,9,warm,240.0,60.0,gateway_beacon_relay,continuous,gateway_beacon_relay|continuous|flood|50,5,8,0.4,0.2672639999999973,0.48703776750420913,83.375,197.3555200000013,19.090432000000032,178.26508800000127,0.09673117833238162,0.07571428571428572,0.4,0,734,0.0,770,667,103,20,408,700,0,1.0,1.0,0,0.0,gateway_beacon_relay,10:1;13:0;15:1;16:0;2:0;21:1;22:0;26:1;29:0;3:1;31:0;35:1;36:1;38:0;41:0;42:0;47:0;6:0;8:0;9:1,SIM
flood,50,20,9,warm,240.0,60.0,gateway_beacon_relay,continuous,gateway_beacon_relay|continuous|flood|50,6,11,0.55,0.2672640000000115,1.139345669261914,60.45454545454545,214.05798400000134,36.327424000000086,177.73056000000125,0.16970833472859326,0.1307277628032345,0.55,0,820,0.0,861,665,196,20,599,742,0,1.0,1.0,0,0.0,gateway_beacon_relay,10:1;17:1;19:0;20:1;22:0;23:1;24:1;26:0;29:1;30:0;31:1;38:0;39:0;40:1;42:1;43:1;44:0;46:1;49:0;9:0,SIM
flood,50,20,9,warm,240.0,60.0,gateway_beacon_relay,continuous,gateway_beacon_relay|continuous|flood|50,7,17,0.85,0.2672639999999973,0.2672640000000115,42.411764705882355,211.97312000000193,19.275776000000032,192.6973440000019,0.09093500157000971,0.18959537572254334,0.85,0,785,0.0,825,721,104,20,458,865,0,1.0,1.0,0,0.0,gateway_beacon_relay,0:1;11:1;12:0;16:1;18:1;20:1;23:1;25:1;26:0;29:1;3:1;31:0;32:1;34:1;35:1;36:1;37:1;39:1;8:1;9:1,SIM
flood,50,20,9,warm,240.0,60.0,gateway_beacon_relay,continuous,gateway_beacon_relay|continuous|flood|50,8,7,0.35,0.2672639999999973,1.382484431249502,90.85714285714286,207.048704000001,37.06880000000009,169.97990400000091,0.17903420443529997,0.1085383502170767,0.35,0,787,0.0,836,636,200,20,906,691,0,1.0,1.0,0,0.0,gateway_beacon_relay,0:1;11:0;13:0;19:0;2:1;20:0;21:0;22:0;23:0;27:1;28:0;3:0;31:1;36:0;37:1;41:1;47:0;48:0;49:0;7:1,SIM
flood,50,20,9,warm,240.0,60.0,gateway_beacon_relay,continuous,gateway_beacon_relay|continuous|flood|50,9,12,0.6,0.2672639999999973,0.3886479963906735,56.75,210.36441600000148,28.357632000000063,182.00678400000143,0.13480241829492617,0.1492921492921493,0.6,0,787,0.0,834,681,153,20,721,777,0,1.0,1.0,0,0.0,gateway_beacon_relay,0:1;10:1;14:1;15:1;16:1;18:0;22:0;23:0;25:1;27:1;31:0;32:1;35:0;36:1;37:1;4:1;41:1;45:0;6:0;8:0,SIM
flood,50,20,9,warm,240.0,60.0,gateway_beacon_relay,continuous,gateway_beacon_relay|continuous|flood|50,10,13,0.65,0.2672639999999973,0.4140576031250811,50.38461538461539,194.33369600000117,19.275776000000032,175.05792000000113,0.09918905674495028,0.1168289290681502,0.65,0,727,0.0,759,655,104,20,373,719,0,1.0,1.0,0,0.0,gateway_beacon_relay,10:1;16:1;21:1;22:0;27:0;28:0;29:0;3:0;31:1;32:1;34:0;37:1;38:1;4:1;41:1;42:1;5:0;6:1;8:1;9:1,SIM
flood,50,20,9,warm,240.0,60.0,gateway_beacon_relay,continuous,gateway_beacon_relay|continuous|flood|50,11,17,0.85,0.2672639999999973,0.32884926122746927,40.411764705882355,206.03699200000153,22.426624000000043,183.6103680000015,0.10884756073317105,0.22415795586527293,0.85,0,775,0.0,808,687,121,20,228,861,0,1.0,1.0,0,0.0,gateway_beacon_relay,1:0;10:1;11:0;12:1;14:1;15:1;19:1;24:1;26:1;30:1;35:1;36:1;38:1;39:1;40:1;46:1;49:1;5:1;8:0;9:1,SIM
flood,50,20,9,warm,240.0,60.0,gateway_beacon_relay,continuous,gateway_beacon_relay|continuous|flood|50,12,10,0.5,0.2672639999999973,0.2672640000000115,69.2,204.2224640000016,19.275776000000032,184.94668800000156,0.09438616899656975,0.034482758620689655,0.5,0,763,0.0,796,692,104,20,354,696,0,1.0,1.0,0,0.0,gateway_beacon_relay,10:0;14:0;16:1;17:1;18:1;2:0;21:1;22:1;28:1;30:0;31:0;32:1;33:0;37:1;40:0;42:0;47:1;48:1;49:0;7:0,SIM
flood,50,20,9,warm,240.0,60.0,gateway_beacon_relay,continuous,gateway_beacon_relay|continuous|flood|50,13,12,0.6,0.2672640000000044,0.38883020613570646,58.083333333333336,205.55878400000165,19.275776000000032,186.28300800000162,0.09377257261844806,0.1823671497584541,0.6,0,764,0.0,801,697,104,20,451,828,0,1.0,1.0,0,0.0,gateway_beacon_relay,0:0;14:0;17:1;19:0;2:1;20:0;21:1;23:0;26:1;30:1;31:1;33:1;35:1;36:0;38:1;4:1;41:1;49:0;7:1;9:0,SIM
flood,50,20,9,warm,240.0,60.0,gateway_beacon_relay,continuous,gateway_beacon_relay|continuous|flood|50,14,17,0.85,0.2672639999999973,0.5673986960259867,41.529411764705884,207.59347200000175,18.90508800000003,188.68838400000172,0.09106783473422456,0.10793237971391417,0.85,0,775,0.0,808,706,102,20,357,769,0,1.0,1.0,0,0.0,gateway_beacon_relay,10:1;12:1;15:1;18:1;2:0;20:1;23:1;24:1;31:1;32:1;34:1;35:1;37:1;38:1;41:1;44:0;46:0;47:1;48:1;7:1,SIM
flood,50,20,9,warm,240.0,60.0,gateway_beacon_relay,continuous,gateway_beacon_relay|continuous|flood|50,15,14,0.7,0.2672639999999973,0.40956987662249117,48.285714285714285,217.92460800000146,37.25414400000009,180.67046400000137,0.1709496891695675,0.10626702997275204,0.7,0,831,0.0,877,676,201,20,770,734,0,1.0,1.0,0,0.0,gateway_beacon_relay,0:1;15:1;16:1;20:1;21:1;22:0;24:1;31:0;32:0;33:1;35:1;38:0;39:1;42:1;43:1;45:0;47:1;48:1;49:0;9:1,SIM
flood,50,20,9,warm,240.0,60.0,gateway_beacon_relay,continuous,gateway_beacon_relay|continuous|flood|50,16,14,0.7,0.2672639999999973,0.8104855747674401,52.0,213.843968000002,19.275776000000032,194.56819200000197,0.090139442231075,0.17865429234338748,0.7,0,791,0.0,832,728,104,20,518,862,0,1.0,1.0,0,0.0,gateway_beacon_relay,11:0;13:1;14:1;15:0;21:1;23:1;25:0;26:1;27:1;29:0;31:1;32:0;36:1;41:1;43:1;45:1;47:1;7:1;8:1;9:0,SIM
flood,50,20,9,warm,240.0,60.0,gateway_beacon_relay,continuous,gateway_beacon_relay|continuous|flood|50,17,15,0.75,0.2672639999999973,0.2672640000000115,41.0,201.62150400000075,37.25414400000009,164.36736000000067,0.18477267186738153,0.048,0.75,0,776,0.0,816,615,201,20,669,625,0,0.98,1.0,0,0.0,gateway_beacon_relay,10:1;14:1;15:0;16:1;18:0;25:1;26:1;28:1;3:1;30:0;31:1;34:1;36:1;37:0;38:1;4:0;40:1;45:1;48:1;5:1,SIM
flood,50,20,9,warm,240.0,60.0,gateway_beacon_relay,continuous,gateway_beacon_relay|continuous|flood|50,18,16,0.8,0.2672640000000044,0.2672640000000115,45.6875,213.53369600000204,18.16371200000003,195.369984000002,0.08506250929127296,0.0,0.8,0,800,0.0,829,731,98,20,307,711,0,1.0,1.0,0,0.0,gateway_beacon_relay,11:0;13:1;14:1;16:0;19:0;22:0;23:1;26:1;3:1;30:1;31:1;33:1;34:1;40:1;44:1;45:1;47:1;49:1;5:1;9:1,SIM
flood,50,20,9,warm,240.0,60.0,gateway_beacon_relay,continuous,gateway_beacon_relay|continuous|flood|50,19,12,0.6,0.2672639999999973,0.2672640000000115,47.25,189.1635200000002,37.62483200000009,151.53868800000012,0.19890109890109917,0.11201298701298701,0.6,0,728,0.0,770,567,203,20,805,616,0,1.0,1.0,0,0.0,gateway_beacon_relay,14:1;16:0;18:0;19:1;2:0;20:1;27:1;29:1;3:1;30:1;32:0;33:0;35:1;36:0;40:1;44:1;47:1;49:1;8:0;9:0,SIM
flood,100,20,9,warm,240.0,60.0,gateway_beacon_relay,continuous,gateway_beacon_relay|continuous|flood|100,0,15,0.75,0.2672639999999973,0.3528392987847195,85.46666666666667,411.02438400000847,68.39193600000019,342.6324480000083,0.16639386533330047,0.0672579453067258,0.75,0,1616,0.0,1651,1282,369,20,1019,1353,0,0.99,1.0,0,0.0,gateway_beacon_relay,0:1;1:1;10:0;16:1;24:1;39:0;4:0;41:1;53:1;59:1;6:1;62:1;63:0;67:0;70:1;71:1;77:1;81:1;92:1;96:1,SIM
flood,100,20,9,warm,240.0,60.0,gateway_beacon_relay,continuous,gateway_beacon_relay|continuous|flood|100,1,13,0.65,0.2672639999999973,0.2672640000000115,96.92307692307692,401.62304000000825,64.87040000000017,336.75264000000806,0.16152061395680598,0.0,0.65,0,1581,0.0,1610,1260,350,20,770,1240,0,0.65,1.0,0,0.0,gateway_beacon_relay,12:1;17:0;2:1;20:0;25:1;27:1;30:1;34:1;41:0;43:0;44:1;48:1;54:1;62:0;68:0;70:1;72:1;86:1;87:1;98:0,SIM
flood,100,20,9,warm,240.0,60.0,gateway_beacon_relay,continuous,gateway_beacon_relay|continuous|flood|100,2,14,0.7,0.2672639999999973,0.2672640000000115,86.14285714285714,374.03136000000757,51.71097600000014,322.32038400000744,0.1382530491560897,0.09327217125382263,0.7,0,1454,0.0,1485,1206,279,20,749,1308,0,0.71,1.0,0,0.0,gateway_beacon_relay,0:0;12:0;13:1;2:1;25:1;26:1;39:1;47:1;52:0;57:0;59:1;62:1;7:1;75:1;78:0;81:0;86:1;87:1;9:1;99:1,SIM
flood,100,20,9,warm,240.0,60.0,gateway_beacon_relay,continuous,gateway_beacon_relay|continuous|flood|100,3,17,0.85,0.2672639999999973,0.2672640000000115,83.6470588235294,410.26048000001,30.21107200000007,380.0494080000099,0.07363875750352394,0.03443526170798898,0.85,0,1562,0.0,1585,1422,163,20,159,1452,0,0.84,1.0,0,0.0,gateway_beacon_relay,1:1;15:1;2:1;21:1;25:1;30:1;38:1;4:1;5:0;55:0;6:1;61:1;64:1;65:1;67:1;68:1;73:1;84:1;88:1;95:0,SIM
flood,100,20,9,warm,240.0,60.0,gateway_beacon_relay,continuous,gateway_beacon_relay|continuous|flood|100,4,10,0.5,0.2672639999999973,0.2672640000000051,119.4,380.64742400000745,61.53420800000017,319.1132160000073,0.16165670413153502,0.0,0.5,0,1498,0.0,1526,1194,332,20,639,1174,0,0.98,1.0,0,0.0,gateway_beacon_relay,1:1;10:1;12:0;14:1;26:1;29:1;38:1;39:0;44:1;46:0;48:1;49:0;51:0;58:1;62:0;66:0;69:0;79:0;9:1;97:0,SIM
flood,100,20,9,warm,240.0,60.0,gateway_beacon_relay,continuous,gateway_beacon_relay|continuous|flood|100,5,15,0.75,0.2672639999999973,0.2672640000000115,89.73333333333333,395.69408000000914,35.956736000000085,359.73734400000905,0.09087003778272158,0.037037037037037035,0.75,0,1511,0.0,1540,1346,194,20,549,1377,0,0.9,1.0,0,0.0,gateway_beacon_relay,14:1;17:1;21:0;23:1;24:1;28:1;4:1;40:1;44:1;48:0;5:1;53:0;59:1;6:1;60:1;61:0;70:0;78:1;84:1;9:1,SIM
flood,100,20,9,warm,240.0,60.0,gateway_beacon_relay,continuous,gateway_beacon_relay|continuous|flood|100,6,13,0.65,0.2672639999999973,0.2672640000000115,98.92307692307692,374.6539520000084,30.95244800000007,343.70150400000836,0.08261609902889634,0.0,0.65,0,1429,0.0,1453,1286,167,20,267,1266,0,1.0,1.0,0,0.0,gateway_beacon_relay,14:1;16:1;17:0;19:0;23:1;3:1;36:1;44:1;51:1;59:1;63:1;64:0;66:1;67:1;70:1;81:0;9:1;90:0;94:0;95:0,SIM
flood,100,20,9,warm,240.0,60.0,gateway_beacon_relay,continuous,gateway_beacon_relay|continuous|flood|100,7,16,0.8,0.2672639999999973,0.33860926382555334,85.4375,390.3713280000093,25.02144000000005,365.3498880000093,0.06409651069455453,0.08054607508532423,0.8,0,1477,0.0,1502,1367,135,20,131,1465,0,0.65,1.0,0,0.0,gateway_beacon_relay,10:1;11:1;16:1;19:1;20:0;21:1;22:1;25:0;3:1;42:1;50:1;51:1;55:0;59:1;61:1;81:1;91:1;92:1;95:1;96:0,SIM
flood,100,20,9,warm,240.0,60.0,gateway_beacon_relay,continuous,gateway_beacon_relay|continuous|flood|100,8,13,0.65,0.2672639999999973,0.2672640000000115,87.76923076923077,374.08153600000685,69.13331200000019,304.9482240000067,0.18480813765691692,0.0475785896346644,0.65,0,1477,0.0,1514,1141,373,20,1322,1177,0,1.0,1.0,0,0.0,gateway_beacon_relay,10:1;13:0;14:1;21:0;25:1;29:0;31:1;46:0;47:1;49:0;52:1;58:1;63:1;64:0;67:0;76:1;80:1;83:1;95:1;99:1,SIM
flood,100,20,9,warm,240.0,60.0,gateway_beacon_relay,continuous,gateway_beacon_relay|continuous|flood|100,9,13,0.65,0.2672640000000115,0.37500368991744004,86.07692307692308,364.1241600000066,65.05574400000017,299.06841600000644,0.1786636294608932,0.042682926829268296,0.65,0,1435,0.0,1470,1119,351,20,1164,1148,0,0.72,1.0,0,0.0,gateway_beacon_relay,1:1;10:0;17:0;19:1;3:0;41:1;42:0;45:1;49:1;57:1;59:0;60:0;61:1;68:1;70:1;75:1;79:1;9:0;90:1;99:1,SIM
flood,100,20,9,warm,240.0,60.0,gateway_beacon_relay,continuous,gateway_beacon_relay|continuous|flood|100,10,14,0.7,0.2672639999999973,0.2672640000000115,98.78571428571429,399.83718400000953,30.21107200000007,369.62611200000947,0.07555843530550513,0.04484933426769446,0.7,0,1523,0.0,1546,1383,163,20,159,1427,0,0.78,1.0,0,0.0,gateway_beacon_relay,12:0;21:1;23:1;24:1;28:0;30:1;36:1;39:1;47:0;53:1;56:1;6:1;71:0;72:1;73:1;75:0;77:0;78:1;9:1;95:1,SIM
flood,100,20,9,warm,240.0,60.0,gateway_beacon_relay,continuous,gateway_beacon_relay|continuous|flood|100,11,14,0.7,0.2672639999999973,0.2672640000000115,92.85714285714286,379.1370240000086,31.693824000000074,347.4432000000085,0.08359464255329323,0.030303030303030304,0.7,0,1442,0.0,1471,1300,171,20,544,1320,0,1.0,1.0,0,0.0,gateway_beacon_relay,1:1;18:1;21:0;25:1;30:0;32:1;38:0;41:1;43:1;47:0;51:1;56:1;62:0;63:1;66:1;78:1;84:1;85:0;86:1;96:1,SIM
flood,100,20,9,warm,240.0,60.0,gateway_beacon_relay,continuous,gateway_beacon_relay|continuous|flood|100,12,16,0.8,0.2672639999999973,0.2672640000000115,77.625,394.58816000000803,62.646272000000174,331.94188800000785,0.15876368920952647,0.07773584905660377,0.8,0,1554,0.0,1580,1242,338,20,458,1325,0,0.87,1.0,0,0.0,gateway_beacon_relay,13:1;2:1;29:1;39:1;44:1;50:1;52:1;56:0;6:1;66:0;68:1;70:1;73:1;84:1;86:1;87:0;89:1;93:1;97:1;98:0,SIM
flood,100,20,9,warm,240.0,60.0,gateway_beacon_relay,continuous,gateway_beacon_relay|continuous|flood|100,13,15,0.75,0.2672639999999973,0.2672640000000115,84.06666666666666,381.50246400000816,44.48256000000011,337.01990400000807,0.11659835570550643,0.021293375394321766,0.75,0,1475,0.0,1501,1261,240,20,464,1268,0,0.0,1.0,0,0.0,gateway_beacon_relay,12:1;14:1;19:1;20:1;34:0;37:1;38:1;39:1;49:1;5:0;51:0;54:1;57:1;60:0;79:1;80:1;86:1;89:1;91:1;97:0,SIM
flood,100,20,9,warm,240.0,60.0,gateway_beacon_relay,continuous,gateway_beacon_relay|continuous|flood|100,14,13,0.65,0.2672639999999973,0.2672640000000115,91.61538461538461,374.6560000000074,56.34457600000015,318.31142400000726,0.15039016057396395,0.03462489694971146,0.65,0,1471,0.0,1495,1191,304,20,351,1213,0,0.91,1.0,0,0.0,gateway_beacon_relay,15:0;25:0;3:1;31:1;32:0;43:1;48:1;49:0;53:1;54:1;56:1;60:1;66:0;73:1;76:0;8:1;82:1;87:1;91:1;97:0,SIM
flood,100,20,9,warm,240.0,60.0,gateway_beacon_relay,continuous,gateway_beacon_relay|continuous|flood|100,15,11,0.55,0.2672639999999973,0.41539181812630943,113.45454545454545,393.9676160000081,60.422144000000166,333.5454720000079,0.15336830121590228,0.11908177905308465,0.55,0,1533,0.0,1574,1248,326,20,1297,1394,0,0.57,1.0,0,0.0,gateway_beacon_relay,0:1;15:1;21:1;3:0;33:1;43:0;49:1;51:0;56:0;57:0;58:1;59:1;64:1;76:1;78:1;81:0;85:0;86:0;89:0;97:1,SIM
flood,100,20,9,warm,240.0,60.0,gateway_beacon_relay,continuous,gateway_beacon_relay|continuous|flood|100,16,16,0.8,0.2672639999999973,0.2672640000000115,83.0,388.1031680000089,33.176576000000075,354.92659200000884,0.08548390926816478,0.038941954445260836,0.8,0,1478,0.0,1507,1328,179,20,532,1361,0,1.0,1.0,0,0.0,gateway_beacon_relay,10:1;15:1;2:1;24:0;27:1;33:1;44:0;45:1;47:1;49:0;51:1;52:1;55:1;56:1;7:1;75:0;76:1;78:1;95:1;98:1,SIM
flood,100,20,9,warm,240.0,60.0,gateway_beacon_relay,continuous,gateway_beacon_relay|continuous|flood|100,17,13,0.65,0.2672639999999973,0.2672640000000115,101.23076923076923,414.9217280000089,63.202304000000176,351.7194240000087,0.15232343773522225,0.06493506493506493,0.65,0,1626,0.0,1657,1316,341,20,716,1386,0,0.78,1.0,0,0.0,gateway_beacon_relay,10:1;16:1;19:1;25:0;27:1;37:0;39:1;46:0;49:1;55:1;56:1;61:1;64:1;66:0;67:0;73:1;77:0;87:0;97:1;99:1,SIM
flood,100,20,9,warm,240.0,60.0,gateway_beacon_relay,continuous,gateway_beacon_relay|continuous|flood|100,18,12,0.6,0.2672639999999973,0.38965509683425714,114.83333333333333,404.9879040000095,36.69811200000009,368.2897920000094,0.0906153286000345,0.07556160653505786,0.6,0,1541,0.0,1576,1378,198,20,796,1469,0,0.99,1.0,0,0.0,gateway_beacon_relay,1:1;2:1;21:1;24:0;27:0;36:0;37:1;38:1;44:1;58:0;64:1;66:1;7:1;72:1;78:1;79:0;81:0;84:0;88:1;90:0,SIM
flood,100,20,9,warm,240.0,60.0,gateway_beacon_relay,continuous,gateway_beacon_relay|continuous|flood|100,19,11,0.55,0.2672639999999973,0.4009941033762061,117.18181818181819,400.47718400000855,55.97388800000015,344.5032960000084,0.13976798238772814,0.03717754172989378,0.55,0,1566,0.0,1591,1289,302,20,397,1318,0,0.65,1.0,0,0.0,gateway_beacon_relay,0:0;10:1;17:1;2:1;20:1;30:0;31:0;33:0;34:1;50:1;54:1;56:1;59:1;62:0;66:1;73:0;75:0;8:1;86:0;94:0,SIM
gradient,25,20,9,warm,240.0,60.0,gateway_beacon_relay,continuous,gateway_beacon_relay|continuous|gradient|25,0,15,0.75,0.2672639999999973,0.7705330880333577,3.4,32.906240000000054,19.275776000000032,13.630464000000018,0.5857787459156683,0.23234624145785876,0.75,0,102,0.0,155,51,104,20,461,439,0,1.0,1.0,0,0.0,gateway_beacon_relay,1:1;10:1;12:1;13:1;15:0;16:0;17:0;18:1;2:1;20:1;21:1;22:1;23:0;24:0;3:1;4:1;6:1;7:1;8:1;9:1,SIM
gradient,25,20,9,warm,240.0,60.0,gateway_beacon_relay,continuous,gateway_beacon_relay|continuous|gradient|25,1,16,0.8,0.2672639999999973,1.216509873076559,3.5625,34.50982400000005,19.275776000000032,15.234048000000023,0.5585590932019823,0.42727272727272725,0.8,0,96,0.0,161,57,104,20,523,550,0,1.0,1.0,0,0.0,gateway_beacon_relay,1:1;10:1;11:1;12:1;13:0;14:1;15:1;16:1;18:0;19:1;20:1;21:1;22:1;23:0;24:0;5:1;6:1;7:1;8:1;9:1,SIM
gradient,25,20,9,warm,240.0,60.0,gateway_beacon_relay,continuous,gateway_beacon_relay|continuous|gradient|25,2,15,0.75,0.2672639999999973,1.0664355423008822,4.066666666666666,26.311680000000027,10.008576000000001,16.303104000000026,0.3803852889667247,0.39371534195933455,0.75,0,66,0.0,115,61,54,20,249,541,0,1.0,1.0,0,0.0,gateway_beacon_relay,10:0;11:1;12:1;13:1;14:1;15:1;16:1;17:0;18:1;19:1;2:1;20:0;21:1;22:0;23:1;24:1;4:1;5:0;7:1;9:1,SIM
gradient,25,20,9,warm,240.0,60.0,gateway_beacon_relay,continuous,gateway_beacon_relay|continuous|gradient|25,3,18,0.9,0.2672640000000115,1.3158736341709072,5.333333333333333,35.66592000000006,10.008576000000001,25.657344000000055,0.2806201550387593,0.6176194939081537,0.9,0,77,0.0,150,96,54,20,163,1067,0,1.0,1.0,0,0.0,gateway_beacon_relay,0:1;1:1;10:1;11:1;12:1;13:1;16:1;17:1;18:1;19:1;20:1;21:1;22:1;23:1;3:0;4:1;5:1;6:0;7:1;8:1,SIM
gradient,25,20,9,warm,240.0,60.0,gateway_beacon_relay,continuous,gateway_beacon_relay|continuous|gradient|25,4,16,0.8,0.2672639999999973,0.762657105083747,3.5625,34.50982400000005,19.275776000000032,15.234048000000023,0.5585590932019823,0.3745247148288973,0.8,0,96,0.0,161,57,104,20,525,526,0,1.0,1.0,0,0.0,gateway_beacon_relay,0:1;10:1;11:1;13:1;14:1;15:0;16:0;17:1;18:0;19:0;2:1;21:1;22:1;24:1;3:1;4:1;5:1;6:1;8:1;9:1,SIM
gradient,25,20,9,warm,240.0,60.0,gateway_beacon_relay,continuous,gateway_beacon_relay|continuous|gradient|25,5,16,0.8,0.2672639999999973,0.6450306602785361,3.4375,33.97529600000006,19.275776000000032,14.699520000000021,0.5673468157569547,0.2916666666666667,0.8,0,95,0.0,159,55,104,20,493,456,0,1.0,1.0,0,0.0,gateway_beacon_relay,0:1;1:0;10:0;11:1;12:1;13:1;14:1;15:1;16:1;18:0;19:1;20:0;21:1;22:1;24:1;4:1;5:1;6:1;8:1;9:1,SIM
gradient,25,20,9,warm,240.0,60.0,gateway_beacon_relay,continuous,gateway_beacon_relay|continuous|gradient|25,6,17,0.85,0.2672639999999973,0.501802402248409,3.4705882352941178,35.04435200000006,19.275776000000032,15.768576000000024,0.5500394471554217,0.2975708502024291,0.85,0,107,0.0,163,59,104,20,445,494,0,1.0,1.0,0,0.0,gateway_beacon_relay,0:1;10:1;12:1;13:1;14:0;15:1;17:1;19:1;2:1;20:1;21:1;23:1;24:1;3:0;4:0;5:1;6:1;7:1;8:1;9:1,SIM
gradient,25,20,9,warm,240.0,60.0,gateway_beacon_relay,continuous,gateway_beacon_relay|continuous|gradient|25,7,14,0.7,0.2672640000000115,3.1608682880659114,6.357142857142857,37.50195200000006,13.715456000000014,23.78649600000005,0.36572645605220744,0.47132867132867134,0.7,0,99,0.0,163,89,74,20,358,715,0,1.0,1.0,0,0.0,gateway_beacon_relay,1:0;10:1;11:1;12:1;13:1;14:0;15:1;16:1;17:0;18:1;19:1;2:1;23:1;24:1;3:0;4:1;5:1;7:0;8:0;9:1,SIM
gradient,25,20,9,warm,240.0,60.0,gateway_beacon_relay,continuous,gateway_beacon_relay|continuous|gradient|25,8,14,0.7,0.2672639999999973,0.43203471851280695,2.2142857142857144,27.375616000000033,19.090432000000032,8.285184000000001,0.6973516869903497,0.16711590296495957,0.7,0,91,0.0,134,31,103,20,350,371,0,1.0,1.0,0,0.0,gateway_beacon_relay,0:1;11:1;12:0;13:1;14:1;15:1;16:1;17:0;18:1;19:1;2:1;21:0;23:0;24:0;3:1;4:1;5:1;6:1;8:0;9:1,SIM
gradient,25,20,9,warm,240.0,60.0,gateway_beacon_relay,continuous,gateway_beacon_relay|continuous|gradient|25,9,12,0.6,0.2672639999999973,0.2672640000000115,4.416666666666667,33.44076800000005,19.275776000000032,14.16499200000002,0.5764154698839454,0.27801724137931033,0.6,0,97,0.0,157,53,104,20,514,464,0,1.0,1.0,0,0.0,gateway_beacon_relay,0:1;10:0;11:0;12:1;13:0;15:1;17:0;18:1;19:0;2:1;20:1;21:0;22:0;23:1;24:1;4:0;5:1;6:1;7:1;9:1,SIM
gradient,25,20,9,warm,240.0,60.0,gateway_beacon_relay,continuous,gateway_beacon_relay|continuous|gradient|25,10,17,0.85,0.2672639999999973,0.9612866326450721,5.235294117647059,33.79507200000005,10.008576000000001,23.78649600000005,0.29615489500954423,0.40963855421686746,0.85,0,98,0.0,143,89,54,20,176,581,0,1.0,1.0,0,0.0,gateway_beacon_relay,1:1;10:1;11:1;12:1;13:1;14:1;17:1;18:1;19:0;2:1;22:1;23:1;24:1;3:1;4:1;5:0;6:1;7:0;8:1;9:1,SIM
gradient,25,20,9,warm,240.0,60.0,gateway_beacon_relay,continuous,gateway_beacon_relay|continuous|gradient|25,11,15,0.75,0.2672639999999973,2.1480187518984373,5.266666666666667,39.833600000000075,18.71974400000003,21.11385600000004,0.4699485861182518,0.1930232558139535,0.75,0,129,0.0,180,79,101,20,385,430,0,1.0,1.0,0,0.0,gateway_beacon_relay,0:1;1:1;10:1;11:0;12:1;13:1;14:0;15:0;17:1;18:0;19:1;2:0;21:1;22:1;23:1;3:1;4:1;5:1;6:1;8:1,SIM
gradient,25,20,9,warm,240.0,60.0,gateway_beacon_relay,continuous,gateway_beacon_relay|continuous|gradient|25,12,13,0.65,0.2672639999999973,0.7669260063497272,4.3076923076923075,34.242560000000054,19.275776000000032,14.966784000000022,0.5629186602870814,0.2665094339622642,0.65,0,105,0.0,160,56,104,20,468,424,0,1.0,1.0,0,0.0,gateway_beacon_relay,0:0;10:1;11:0;12:1;13:0;14:1;16:1;17:1;18:1;19:0;21:1;22:0;23:0;24:1;3:1;5:1;6:0;7:1;8:1;9:1,SIM
gradient,25,20,9,warm,240.0,60.0,gateway_beacon_relay,continuous,gateway_beacon_relay|continuous|gradient|25,13,15,0.75,0.2672640000000115,0.2672640000000115,1.3333333333333333,24.62105600000003,19.275776000000032,5.34528,0.7828980202961241,0.0,0.75,0,85,0.0,124,20,104,20,362,306,0,1.0,1.0,0,0.0,gateway_beacon_relay,0:1;1:0;10:1;11:1;12:0;13:0;14:1;15:1;17:1;18:1;19:1;2:0;20:1;21:1;22:1;24:1;3:0;4:1;6:1;7:1,SIM
gradient,25,20,9,warm,240.0,60.0,gateway_beacon_relay,continuous,gateway_beacon_relay|continuous|gradient|25,14,16,0.8,0.2672639999999973,0.7787618267808867,4.875,40.12236800000007,19.275776000000032,20.84659200000004,0.48042468480424677,0.3404255319148936,0.8,0,117,0.0,182,78,104,20,505,517,0,1.0,1.0,0,0.0,gateway_beacon_relay,1:1;10:0;11:1;12:1;13:1;14:1;15:1;16:1;18:0;19:1;2:1;21:1;23:0;24:1;3:1;4:0;5:1;6:1;7:1;9:1,SIM
gradient,25,20,9,warm,240.0,60.0,gateway_beacon_relay,continuous,gateway_beacon_relay|continuous|gradient|25,15,16,0.8,0.2672639999999973,1.9769960133664686,3.375,24.44083200000002,10.008576000000001,14.43225600000002,0.4095022624434386,0.34140969162995594,0.8,0,64,0.0,108,54,54,20,242,454,0,1.0,1.0,0,0.0,gateway_beacon_relay,0:1;1:1;10:1;11:1;12:1;13:1;16:1;17:1;18:1;19:0;2:1;20:1;21:0;22:1;24:1;4:0;5:1;6:0;7:1;9:1,SIM
gradient,25,20,9,warm,240.0,60.0,gateway_beacon_relay,continuous,gateway_beacon_relay|continuous|gradient|25,16,15,0.75,0.2672640000000115,0.7647293059709119,4.733333333333333,38.06617600000007,19.090432000000032,18.975744000000034,0.5015064292247269,0.39273356401384085,0.75,0,117,0.0,174,71,103,20,364,578,0,1.0,1.0,0,0.0,gateway_beacon_relay,0:0;1:1;10:1;11:1;12:0;13:1;15:1;16:0;17:1;19:1;20:0;22:1;23:1;24:1;3:1;4:1;5:1;7:1;8:1;9:0,SIM
gradient,25,20,9,warm,240.0,60.0,gateway_beacon_relay,continuous,gateway_beacon_relay|continuous|gradient|25,17,12,0.6,0.2672639999999973,0.2672640000000115,3.0833333333333335,28.423168000000036,18.53440000000003,9.888768000000006,0.6520877616457113,0.09615384615384616,0.6,0,100,0.0,137,37,100,20,290,312,0,0.88,1.0,0,0.0,gateway_beacon_relay,0:0;1:0;10:1;11:1;12:1;14:1;16:1;17:0;18:0;19:1;2:0;20:0;21:1;23:1;24:1;4:0;5:0;6:1;8:1;9:1,SIM
gradient,25,20,9,warm,240.0,60.0,gateway_beacon_relay,continuous,gateway_beacon_relay|continuous|gradient|25,18,14,0.7,0.2672639999999973,0.3895638855403702,5.0,37.984256000000066,19.275776000000032,18.708480000000034,0.5074675149619884,0.3161904761904762,0.7,0,118,0.0,174,70,104,20,509,525,0,1.0,1.0,0,0.0,gateway_beacon_relay,0:1;1:1;10:0;12:0;13:1;14:1;15:1;17:1;18:0;19:1;2:1;20:1;21:0;22:1;24:0;3:1;4:0;5:1;6:1;8:1,SIM
gradient,25,20,9,warm,240.0,60.0,gateway_beacon_relay,continuous,gateway_beacon_relay|continuous|gradient|25,19,9,0.45,0.2672640000000115,2.801579693057363,7.555555555555555,37.449728000000064,19.275776000000032,18.173952000000032,0.514710707645193,0.21951219512195122,0.45,0,121,0.0,172,68,104,20,420,451,0,1.0,1.0,0,0.0,gateway_beacon_relay,0:1;10:0;11:0;12:1;13:0;14:0;15:1;16:1;19:1;2:0;21:0;23:0;24:0;3:1;4:0;5:1;6:1;7:0;8:1;9:0,SIM
gradient,50,20,9,warm,240.0,60.0,gateway_beacon_relay,continuous,gateway_beacon_relay|continuous|gradient|50,0,15,0.75,0.2672639999999973,0.2672640000000115,7.8,67.41196800000016,36.142080000000085,31.269888000000073,0.5361374407582938,0.041916167664670656,0.75,0,274,0.0,312,117,195,20,669,668,0,1.0,1.0,0,0.0,gateway_beacon_relay,1:1;10:1;12:1;14:1;17:0;19:1;2:1;21:1;23:0;27:1;3:1;34:0;4:0;45:1;46:1;47:1;49:1;6:1;7:0;9:1,SIM
gradient,50,20,9,warm,240.0,60.0,gateway_beacon_relay,continuous,gateway_beacon_relay|continuous|gradient|50,1,14,0.7,0.2672640000000115,1.9728134773870138,11.214285714285714,78.65856000000005,36.69811200000009,41.96044799999997,0.4665495020503816,0.3690944881889764,0.7,0,295,0.0,355,157,198,20,982,1016,0,1.0,1.0,0,0.0,gateway_beacon_relay,0:1;1:1;11:0;12:1;14:1;16:0;21:1;22:1;26:0;29:1;31:1;32:1;34:1;36:1;39:1;40:0;41:0;45:0;47:1;5:1,SIM
gradient,50,20,9,warm,240.0,60.0,gateway_beacon_relay,continuous,gateway_beacon_relay|continuous|gradient|50,2,11,0.55,0.2672639999999973,1.6530551539378848,13.727272727272727,76.49894400000008,36.142080000000085,40.35686399999999,0.4724520118865961,0.32044198895027626,0.55,0,300,0.0,346,151,195,20,579,905,0,1.0,1.0,0,0.0,gateway_beacon_relay,0:0;1:1;10:1;11:1;15:1;16:0;2:0;23:0;24:1;33:1;4:0;42:1;43:0;44:0;48:1;49:1;5:1;7:0;8:1;9:0,SIM
gradient,50,20,9,warm,240.0,60.0,gateway_beacon_relay,continuous,gateway_beacon_relay|continuous|gradient|50,3,15,0.75,0.2672639999999973,0.2672640000000115,5.6,59.148288000000136,36.69811200000009,22.450176000000045,0.6204425054534123,0.09818731117824774,0.75,0,244,0.0,282,84,198,20,633,662,0,1.0,1.0,0,0.0,gateway_beacon_relay,0:0;1:1;15:1;16:1;17:0;19:0;20:1;21:1;24:1;26:1;27:1;32:1;33:1;35:1;39:1;40:0;43:1;45:1;46:0;8:1,SIM
gradient,50,20,9,warm,240.0,60.0,gateway_beacon_relay,continuous,gateway_beacon_relay|continuous|gradient|50,4,14,0.7,0.2672640000000044,1.6250781966510925,11.071428571428571,70.71027200000005,29.284352000000066,41.42591999999998,0.4141456562350665,0.25786924939467315,0.7,0,267,0.0,313,155,158,20,643,826,0,0.86,1.0,0,0.0,gateway_beacon_relay,10:1;13:1;15:1;18:0;2:0;20:1;26:1;27:0;3:1;31:0;34:0;35:1;38:1;39:1;42:1;45:1;46:0;47:1;7:1;9:1,SIM
gradient,50,20,9,warm,240.0,60.0,gateway_beacon_relay,continuous,gateway_beacon_relay|continuous|gradient|50,5,12,0.6,0.2672639999999973,2.28760684424785,13.5,71.65440000000002,28.357632000000063,43.29676799999996,0.39575562700964706,0.30153508771929827,0.6,0,255,0.0,315,162,153,20,837,912,0,1.0,1.0,0,0.0,gateway_beacon_relay,10:1;13:1;15:1;16:1;2:1;21:1;22:1;26:1;29:1;3:0;31:0;35:0;36:0;38:1;41:0;42:0;47:0;6:1;8:0;9:1,SIM
gradient,50,20,9,warm,240.0,60.0,gateway_beacon_relay,continuous,gateway_beacon_relay|continuous|gradient|50,6,15,0.75,0.2672639999999973,3.010569487985656,12.933333333333334,80.20684799999994,28.357632000000063,51.84921599999987,0.35355624497299887,0.45714285714285713,0.75,0,287,0.0,347,194,153,20,644,1365,0,1.0,1.0,0,0.0,gateway_beacon_relay,10:1;17:1;19:0;20:1;22:1;23:1;24:0;26:1;29:1;30:1;31:0;38:1;39:0;40:1;42:0;43:1;44:1;46:1;49:1;9:1,SIM
gradient,50,20,9,warm,240.0,60.0,gateway_beacon_relay,continuous,gateway_beacon_relay|continuous|gradient|50,7,15,0.75,0.2672639999999973,2.959068898864855,7.6,57.52832000000013,27.06022400000006,30.46809600000007,0.47038091847632607,0.25103734439834025,0.75,0,218,0.0,260,114,146,20,450,964,0,1.0,1.0,0,0.0,gateway_beacon_relay,0:1;11:1;12:1;16:0;18:0;20:1;23:1;25:1;26:1;29:1;3:1;31:0;32:1;34:1;35:0;36:1;37:0;39:1;8:1;9:1,SIM
gradient,50,20,9,warm,240.0,60.0,gateway_beacon_relay,continuous,gateway_beacon_relay|continuous|gradient|50,8,11,0.55,0.2672639999999973,1.2800955392739937,9.181818181818182,63.69177600000015,36.69811200000009,26.99366400000006,0.5761828968311388,0.27728285077951004,0.55,0,250,0.0,299,101,198,20,662,898,0,1.0,1.0,0,0.0,gateway_beacon_relay,0:1;11:0;13:0;19:0;2:1;20:0;21:1;22:0;23:1;27:1;28:1;3:1;31:1;36:0;37:0;41:1;47:1;48:0;49:0;7:1,SIM
gradient,50,20,9,warm,240.0,60.0,gateway_beacon_relay,continuous,gateway_beacon_relay|continuous|gradient|50,9,13,0.65,0.2672639999999973,0.2672640000000115,10.923076923076923,75.02028800000011,37.06880000000009,37.95148800000001,0.49411700472277625,0.3256924546322827,0.65,0,286,0.0,342,142,200,20,738,1047,0,1.0,1.0,0,0.0,gateway_beacon_relay,0:0;10:0;14:1;15:1;16:1;18:0;22:0;23:0;25:1;27:0;31:1;32:1;35:0;36:1;37:1;4:1;41:1;45:1;6:1;8:1,SIM
gradient,50,20,9,warm,240.0,60.0,gateway_beacon_relay,continuous,gateway_beacon_relay|continuous|gradient|50,10,13,0.65,0.2672640000000115,3.157592072687018,11.538461538461538,58.624000000000024,18.53440000000003,40.08959999999999,0.31615720524017504,0.379746835443038,0.65,0,214,0.0,250,150,100,20,186,1106,0,1.0,1.0,0,0.0,gateway_beacon_relay,10:0;16:1;21:1;22:1;27:0;28:1;29:0;3:0;31:1;32:1;34:1;37:0;38:1;4:1;41:0;42:1;5:1;6:1;8:1;9:0,SIM
gradient,50,20,9,warm,240.0,60.0,gateway_beacon_relay,continuous,gateway_beacon_relay|continuous|gradient|50,11,18,0.9,0.2672639999999973,0.2672640000000115,8.666666666666666,65.78790400000003,24.09472000000005,41.693183999999974,0.3662484823957918,0.1890909090909091,0.9,0,255,0.0,286,156,130,20,215,825,0,1.0,1.0,0,0.0,gateway_beacon_relay,1:0;10:1;11:1;12:1;14:1;15:1;19:1;24:1;26:1;30:1;35:1;36:1;38:1;39:1;40:0;46:1;49:1;5:1;8:1;9:1,SIM
gradient,50,20,9,warm,240.0,60.0,gateway_beacon_relay,continuous,gateway_beacon_relay|continuous|gradient|50,12,11,0.55,0.2672639999999973,1.694370107265371,13.0,65.83500800000007,27.61625600000006,38.21875200000001,0.4194767622721338,0.21948356807511737,0.55,0,252,0.0,292,143,149,20,428,852,0,1.0,1.0,0,0.0,gateway_beacon_relay,10:1;14:0;16:0;17:1;18:1;2:1;21:0;22:1;28:1;30:0;31:1;32:1;33:1;37:0;40:0;42:1;47:1;48:0;49:0;7:0,SIM
gradient,50,20,9,warm,240.0,60.0,gateway_beacon_relay,continuous,gateway_beacon_relay|continuous|gradient|50,13,14,0.7,0.2672640000000115,2.468619840250949,13.285714285714286,68.43084799999993,18.71974400000003,49.71110399999989,0.27355709518607824,0.38310580204778155,0.7,0,241,0.0,287,186,101,20,450,1172,0,1.0,1.0,0,0.0,gateway_beacon_relay,0:0;14:0;17:1;19:1;2:1;20:1;21:1;23:0;26:1;30:1;31:1;33:1;35:0;36:1;38:1;4:1;41:1;49:1;7:0;9:0,SIM
gradient,50,20,9,warm,240.0,60.0,gateway_beacon_relay,continuous,gateway_beacon_relay|continuous|gradient|50,14,15,0.75,0.2672640000000115,1.3094410223326112,8.133333333333333,69.67500800000016,37.06880000000009,32.606208000000066,0.5320243379089387,0.2471131639722864,0.75,0,271,0.0,322,122,200,20,877,866,0,1.0,1.0,0,0.0,gateway_beacon_relay,10:0;12:1;15:1;18:1;2:0;20:1;23:1;24:1;31:1;32:0;34:0;35:1;37:1;38:1;41:1;44:1;46:1;47:1;48:1;7:0,SIM
gradient,50,20,9,warm,240.0,60.0,gateway_beacon_relay,continuous,gateway_beacon_relay|continuous|gradient|50,15,15,0.75,0.2672639999999973,0.371217224638519,6.2,58.58816000000013,33.73260800000008,24.855552000000053,0.5757581053919427,0.38672566371681416,0.75,0,225,0.0,275,93,182,20,513,1130,0,1.0,1.0,0,0.0,gateway_beacon_relay,0:1;15:1;16:1;20:1;21:1;22:1;24:1;31:1;32:1;33:0;35:1;38:0;39:1;42:0;43:1;45:1;47:0;48:1;49:0;9:1,SIM
gradient,50,20,9,warm,240.0,60.0,gateway_beacon_relay,continuous,gateway_beacon_relay|continuous|gradient|50,16,14,0.7,0.2672640000000115,1.078618883694991,10.0,75.0417920000001,37.62483200000009,37.41696000000002,0.5013850415512471,0.3438077634011091,0.7,0,286,0.0,343,140,203,20,806,1082,0,1.0,1.0,0,0.0,gateway_beacon_relay,11:0;13:0;14:1;15:1;21:1;23:0;25:1;26:1;27:1;29:1;31:1;32:1;36:1;41:0;43:1;45:0;47:1;7:1;8:0;9:1,SIM
gradient,50,20,9,warm,240.0,60.0,gateway_beacon_relay,continuous,gateway_beacon_relay|continuous|gradient|50,17,14,0.7,0.2672639999999973,1.6137784970052478,9.285714285714286,71.99846400000013,37.25414400000009,34.744320000000045,0.5174297051670439,0.23426573426573427,0.7,0,287,0.0,331,130,201,20,606,858,0,0.98,1.0,0,0.0,gateway_beacon_relay,10:1;14:1;15:0;16:0;18:1;25:1;26:1;28:1;3:1;30:0;31:1;34:1;36:1;37:0;38:0;4:0;40:1;45:1;48:1;5:1,SIM
gradient,50,20,9,warm,240.0,60.0,gateway_beacon_relay,continuous,gateway_beacon_relay|continuous|gradient|50,18,17,0.85,0.2672639999999973,0.2672640000000115,4.352941176470588,57.587712000000124,37.81017600000009,19.777536000000037,0.6565667342366374,0.19976076555023922,0.85,0,235,0.0,278,74,204,20,747,836,0,1.0,1.0,0,0.0,gateway_beacon_relay,11:1;13:1;14:1;16:0;19:0;22:1;23:1;26:1;3:1;30:1;31:1;33:1;34:1;40:1;44:1;45:0;47:1;49:1;5:1;9:1,SIM
gradient,50,20,9,warm,240.0,60.0,gateway_beacon_relay,continuous,gateway_beacon_relay|continuous|gradient|50,19,14,0.7,0.2672639999999973,0.7572092697461594,3.4285714285714284,46.7466240000001,33.91795200000008,12.828672000000015,0.7255700860879282,0.08095238095238096,0.7,0,197,0.0,231,48,183,20,506,630,0,1.0,1.0,0,0.0,gateway_beacon_relay,14:1;16:0;18:1;19:1;2:1;20:1;27:1;29:1;3:0;30:1;32:0;33:0;35:1;36:1;40:1;44:0;47:1;49:1;8:0;9:1,SIM
gradient,100,20,9,warm,240.0,60.0,gateway_beacon_relay,continuous,gateway_beacon_relay|continuous|gradient|100,0,14,0.7,0.2672639999999973,0.7063183753207422,9.142857142857142,95.92934400000021,61.71955200000017,34.20979200000005,0.6433855317513694,0.0421216848673947,0.7,0,434,0.0,461,128,333,20,581,1282,0,0.99,1.0,0,0.0,gateway_beacon_relay,0:1;1:1;10:1;16:1;24:0;39:0;4:0;41:1;53:1;59:1;6:1;62:1;63:0;67:1;70:1;71:1;77:0;81:0;92:1;96:1,SIM
gradient,100,20,9,warm,240.0,60.0,gateway_beacon_relay,continuous,gateway_beacon_relay|continuous|gradient|100,1,14,0.7,0.2672639999999973,0.2672640000000115,20.785714285714285,143.2002559999998,65.42643200000018,77.7738239999996,0.45688767483767817,0.02789171452009844,0.7,0,607,0.0,644,291,353,20,1246,1219,0,0.65,1.0,0,0.0,gateway_beacon_relay,12:0;17:1;2:1;20:1;25:1;27:1;30:1;34:1;41:1;43:0;44:0;48:1;54:1;62:0;68:0;70:1;72:1;86:1;87:1;98:0,SIM
gradient,100,20,9,warm,240.0,60.0,gateway_beacon_relay,continuous,gateway_beacon_relay|continuous|gradient|100,2,12,0.6,0.2672640000000044,2.126415283325977,20.0,114.74227199999987,50.598912000000134,64.14335999999975,0.440978822521487,0.10262172284644194,0.6,0,477,0.0,513,240,273,20,1022,1335,0,0.71,1.0,0,0.0,gateway_beacon_relay,0:0;12:0;13:1;2:0;25:1;26:0;39:1;47:1;52:0;57:0;59:1;62:0;7:1;75:0;78:1;81:1;86:1;87:1;9:1;99:1,SIM
gradient,100,20,9,warm,240.0,60.0,gateway_beacon_relay,continuous,gateway_beacon_relay|continuous|gradient|100,3,15,0.75,0.2672639999999973,0.9219564687989465,4.866666666666666,84.56601600000022,65.05574400000017,19.510272000000036,0.7692894507410637,0.08094327597195666,0.75,0,391,0.0,424,73,351,20,757,1569,0,0.84,1.0,0,0.0,gateway_beacon_relay,1:1;15:1;2:1;21:1;25:1;30:1;38:1;4:1;5:1;55:1;6:1;61:1;64:0;65:0;67:1;68:0;73:0;84:0;88:1;95:1,SIM
gradient,100,20,9,warm,240.0,60.0,gateway_beacon_relay,continuous,gateway_beacon_relay|continuous|gradient|100,4,18,0.9,0.2672640000000115,1.4010061974456596,25.61111111111111,157.86803199999923,34.65932800000008,123.20870399999914,0.21954620933008304,0.34085106382978725,0.9,0,605,0.0,648,461,187,20,453,2350,0,0.98,1.0,0,0.0,gateway_beacon_relay,1:1;10:1;12:1;14:1;26:0;29:1;38:1;39:1;44:1;46:1;48:1;49:1;51:1;58:0;62:1;66:1;69:1;79:1;9:1;97:1,SIM
gradient,100,20,9,warm,240.0,60.0,gateway_beacon_relay,continuous,gateway_beacon_relay|continuous|gradient|100,5,16,0.8,0.2672639999999973,0.2672640000000115,15.3125,125.3457919999999,59.866112000000165,65.47967999999973,0.4776076727011323,0.0,0.8,0,542,0.0,568,245,323,20,437,1313,0,0.9,1.0,0,0.0,gateway_beacon_relay,14:1;17:1;21:1;23:1;24:1;28:1;4:1;40:1;44:0;48:1;5:0;53:0;59:1;6:1;60:1;61:1;70:0;78:1;84:1;9:1,SIM
gradient,100,20,9,warm,240.0,60.0,gateway_beacon_relay,continuous,gateway_beacon_relay|continuous|gradient|100,6,15,0.75,0.2672639999999973,0.2672640000000115,5.866666666666666,85.98016000000023,62.46092800000017,23.51923200000005,0.7264574525099745,0.03233830845771144,0.75,0,390,0.0,425,88,337,20,1046,1206,0,1.0,1.0,0,0.0,gateway_beacon_relay,14:1;16:1;17:1;19:1;23:1;3:1;36:1;44:0;51:1;59:0;63:1;64:0;66:1;67:1;70:1;81:0;9:1;90:1;94:0;95:1,SIM
gradient,100,20,9,warm,240.0,60.0,gateway_beacon_relay,continuous,gateway_beacon_relay|continuous|gradient|100,7,15,0.75,0.2672640000000115,1.480337256958252,11.266666666666667,95.58118400000006,50.41356800000013,45.16761599999994,0.5274423886609324,0.14761904761904762,0.75,0,412,0.0,441,169,272,20,268,1680,0,0.65,1.0,0,0.0,gateway_beacon_relay,10:1;11:1;16:1;19:1;20:1;21:0;22:1;25:0;3:1;42:1;50:1;51:1;55:0;59:0;61:1;81:1;91:1;92:0;95:1;96:1,SIM
gradient,100,20,9,warm,240.0,60.0,gateway_beacon_relay,continuous,gateway_beacon_relay|continuous|gradient|100,8,12,0.6,0.2672639999999973,0.2672640000000115,19.916666666666668,128.9318399999999,65.05574400000017,63.87609599999975,0.5045746962115815,0.01987281399046105,0.6,0,555,0.0,590,239,351,20,1096,1258,0,1.0,1.0,0,0.0,gateway_beacon_relay,10:0;13:0;14:1;21:0;25:1;29:0;31:1;46:0;47:1;49:1;52:1;58:1;63:1;64:0;67:0;76:1;80:0;83:1;95:1;99:1,SIM
gradient,100,20,9,warm,240.0,60.0,gateway_beacon_relay,continuous,gateway_beacon_relay|continuous|gradient|100,9,11,0.55,0.2672640000000115,0.2672640000000115,6.818181818181818,81.57900800000021,61.53420800000017,20.044800000000038,0.7542897310053097,0.0,0.55,0,382,0.0,407,75,332,20,488,1208,0,0.72,1.0,0,0.0,gateway_beacon_relay,1:0;10:0;17:0;19:1;3:0;41:0;42:1;45:1;49:0;57:1;59:0;60:0;61:1;68:1;70:1;75:1;79:1;9:0;90:1;99:1,SIM
gradient,100,20,9,warm,240.0,60.0,gateway_beacon_relay,continuous,gateway_beacon_relay|continuous|gradient|100,10,14,0.7,0.2672639999999973,0.2672640000000115,14.285714285714286,116.65510400000002,63.202304000000176,53.452799999999854,0.5417877300936628,0.1322314049586777,0.7,0,514,0.0,541,200,341,20,445,1452,0,0.78,1.0,0,0.0,gateway_beacon_relay,12:1;21:1;23:1;24:1;28:1;30:1;36:0;39:0;47:1;53:1;56:1;6:1;71:0;72:1;73:1;75:0;77:1;78:0;9:1;95:0,SIM
gradient,100,20,9,warm,240.0,60.0,gateway_beacon_relay,continuous,gateway_beacon_relay|continuous|gradient|100,11,16,0.8,0.2672639999999973,0.2672640000000115,16.875,122.76019199999979,50.598912000000134,72.16127999999966,0.41217687245064116,0.0808720112517581,0.8,0,511,0.0,543,270,273,20,705,1422,0,1.0,1.0,0,0.0,gateway_beacon_relay,1:1;18:0;21:1;25:0;30:1;32:1;38:1;41:1;43:1;47:0;51:1;56:1;62:1;63:1;66:1;78:0;84:1;85:1;86:1;96:1,SIM
gradient,100,20,9,warm,240.0,60.0,gateway_beacon_relay,continuous,gateway_beacon_relay|continuous|gradient|100,12,13,0.65,0.2672639999999973,0.2672640000000115,14.461538461538462,109.74105600000004,59.49542400000016,50.24563199999989,0.5421437169330696,0.035003977724741446,0.65,0,485,0.0,509,188,321,20,375,1257,0,0.87,1.0,0,0.0,gateway_beacon_relay,13:1;2:1;29:1;39:1;44:0;50:1;52:1;56:0;6:1;66:0;68:1;70:0;73:1;84:1;86:1;87:0;89:1;93:0;97:1;98:0,SIM
gradient,100,20,9,warm,240.0,60.0,gateway_beacon_relay,continuous,gateway_beacon_relay|continuous|gradient|100,13,13,0.65,0.2672640000000115,1.6043175682168702,11.076923076923077,87.04614400000014,48.56012800000013,38.486016000000006,0.557866503540927,0.1382751247327156,0.65,0,377,0.0,406,144,262,20,505,1403,0,0.0,1.0,0,0.0,gateway_beacon_relay,12:1;14:1;19:1;20:1;34:1;37:1;38:1;39:0;49:1;5:0;51:0;54:0;57:1;60:0;79:1;80:0;86:1;89:1;91:1;97:0,SIM
gradient,100,20,9,warm,240.0,60.0,gateway_beacon_relay,continuous,gateway_beacon_relay|continuous|gradient|100,14,15,0.75,0.2672640000000115,2.065970744644641,19.2,119.41580799999971,42.443776000000106,76.97203199999961,0.3554284538274883,0.09052631578947369,0.75,0,491,0.0,517,288,229,20,276,1425,0,0.91,1.0,0,0.0,gateway_beacon_relay,15:1;25:1;3:1;31:1;32:0;43:0;48:1;49:1;53:1;54:1;56:1;60:1;66:1;73:1;76:0;8:1;82:0;87:1;91:1;97:0,SIM
gradient,100,20,9,warm,240.0,60.0,gateway_beacon_relay,continuous,gateway_beacon_relay|continuous|gradient|100,15,11,0.55,0.2672639999999973,0.2672640000000115,15.363636363636363,110.03801600000011,64.87040000000017,45.16761599999994,0.5895271685014759,0.03897180762852405,0.55,0,481,0.0,519,169,350,20,1238,1206,0,0.57,1.0,0,0.0,gateway_beacon_relay,0:0;15:1;21:0;3:1;33:1;43:1;49:1;51:0;56:0;57:1;58:1;59:1;64:1;76:0;78:1;81:0;85:0;86:0;89:0;97:1,SIM
gradient,100,20,9,warm,240.0,60.0,gateway_beacon_relay,continuous,gateway_beacon_relay|continuous|gradient|100,16,15,0.75,0.2672639999999973,0.2672640000000115,5.133333333333334,79.1480320000002,58.56870400000016,20.57932800000004,0.7399893910185917,0.0,0.75,0,363,0.0,393,77,316,20,669,1270,0,1.0,1.0,0,0.0,gateway_beacon_relay,10:1;15:1;2:1;24:0;27:1;33:1;44:1;45:1;47:0;49:0;51:0;52:1;55:1;56:1;7:1;75:1;76:0;78:1;95:1;98:1,SIM
gradient,100,20,9,warm,240.0,60.0,gateway_beacon_relay,continuous,gateway_beacon_relay|continuous|gradient|100,17,14,0.7,0.2672640000000044,1.349860710934492,16.642857142857142,118.61708799999991,56.34457600000015,62.272511999999764,0.4750123017688665,0.12804453723034098,0.7,0,508,0.0,537,233,304,20,588,1437,0,0.78,1.0,0,0.0,gateway_beacon_relay,10:1;16:1;19:1;25:1;27:1;37:0;39:1;46:0;49:0;55:0;56:1;61:1;64:1;66:1;67:0;73:1;77:1;87:0;97:1;99:1,SIM
gradient,100,20,9,warm,240.0,60.0,gateway_beacon_relay,continuous,gateway_beacon_relay|continuous|gradient|100,18,13,0.65,0.2672639999999973,0.2672640000000115,8.76923076923077,92.55833600000024,62.09024000000017,30.46809600000007,0.670822777107834,0.05998536942209217,0.65,0,413,0.0,449,114,335,20,957,1367,0,0.99,1.0,0,0.0,gateway_beacon_relay,1:1;2:1;21:0;24:1;27:0;36:0;37:0;38:1;44:1;58:1;64:1;66:0;7:1;72:1;78:1;79:1;81:1;84:0;88:0;90:1,SIM
gradient,100,20,9,warm,240.0,60.0,gateway_beacon_relay,continuous,gateway_beacon_relay|continuous|gradient|100,19,16,0.8,0.2672639999999973,1.9974420942699354,16.625,113.16531199999977,42.073088000000105,71.09222399999967,0.37178431496747155,0.10164141414141414,0.8,0,466,0.0,493,266,227,20,274,1584,0,0.65,1.0,0,0.0,gateway_beacon_relay,0:1;10:1;17:1;2:0;20:1;30:1;31:1;33:1;34:1;50:1;54:1;56:0;59:1;62:1;66:1;73:1;75:0;8:1;86:0;94:1,SIM
flood,25,20,9,warm,240.0,60.0,gateway_beacon_relay,windowed,gateway_beacon_relay|windowed|flood|25,0,0,0.0,0.0,0.0,0.0,19.616768000000015,14.271488000000016,5.34528,0.7275147465678344,0.0,1.0,0,50,0.0,97,20,77,20,255,0,823,0.8,0.05496794871794872,0,0.0,gateway_beacon_relay,1:0;10:0;12:0;13:0;15:0;16:0;17:0;18:0;2:0;20:0;21:0;22:0;23:0;24:0;3:0;4:0;6:0;7:0;8:0;9:0,SIM
flood,25,20,9,warm,240.0,60.0,gateway_beacon_relay,windowed,gateway_beacon_relay|windowed|flood|25,1,0,0.0,0.0,0.0,0.0,20.336640000000017,14.456832000000016,5.879808,0.7108761329305138,0.3333333333333333,1.0,0,56,0.0,100,22,78,20,215,3,795,0.56,0.05641025641025641,0,0.0,gateway_beacon_relay,1:0;10:0;11:0;12:0;13:0;14:0;15:0;16:0;18:0;19:0;20:0;21:0;22:0;23:0;24:0;5:0;6:0;7:0;8:0;9:0,SIM
flood,25,20,9,warm,240.0,60.0,gateway_beacon_relay,windowed,gateway_beacon_relay|windowed|flood|25,2,0,0.0,0.0,0.0,0.0,12.017663999999996,6.672383999999997,5.34528,0.5552147239263803,0.0,1.0,0,26,0.0,56,20,36,20,106,0,608,0.68,0.035256410256410256,0,0.0,gateway_beacon_relay,10:0;11:0;12:0;13:0;14:0;15:0;16:0;17:0;18:0;19:0;2:0;20:0;21:0;22:0;23:0;24:0;4:0;5:0;7:0;9:0,SIM
flood,25,20,9,warm,240.0,60.0,gateway_beacon_relay,windowed,gateway_beacon_relay|windowed|flood|25,3,2,0.1,0.2672640000000044,0.26726400000001077,32.0,32.48844800000005,15.38355200000002,17.10489600000003,0.47350836826677584,0.6106194690265486,0.1,0,101,0.0,147,64,83,20,150,113,805,0.92,0.07900641025641025,0,0.0,gateway_beacon_relay,0:0;1:0;10:0;11:1;12:0;13:0;16:0;17:0;18:0;19:0;20:0;21:0;22:0;23:1;3:0;4:0;5:0;6:0;7:0;8:0,SIM
flood,25,20,9,warm,240.0,60.0,gateway_beacon_relay,windowed,gateway_beacon_relay|windowed|flood|25,4,0,0.0,0.0,0.0,0.0,19.246080000000013,13.900800000000014,5.34528,0.7222665602553873,0.0,1.0,0,62,0.0,95,20,75,20,153,0,619,0.76,0.05400641025641025,0,0.0,gateway_beacon_relay,0:0;10:0;11:0;13:0;14:0;15:0;16:0;17:0;18:0;19:0;2:0;21:0;22:0;24:0;3:0;4:0;5:0;6:0;8:0;9:0,SIM
flood,25,20,9,warm,240.0,60.0,gateway_beacon_relay,windowed,gateway_beacon_relay|windowed|flood|25,5,0,0.0,0.0,0.0,0.0,22.720512000000017,13.900800000000014,8.819712000000003,0.6118171984856681,0.4090909090909091,1.0,0,62,0.0,108,33,75,20,188,22,838,0.76,0.06025641025641026,0,0.0,gateway_beacon_relay,0:0;1:0;10:0;11:0;12:0;13:0;14:0;15:0;16:0;18:0;19:0;20:0;21:0;22:0;24:0;4:0;5:0;6:0;8:0;9:0,SIM
flood,25,20,9,warm,240.0,60.0,gateway_beacon_relay,windowed,gateway_beacon_relay|windowed|flood|25,6,0,0.0,0.0,0.0,0.0,25.436160000000026,15.012864000000018,10.423296000000008,0.5902173913043479,0.4722222222222222,1.0,0,70,0.0,120,39,81,20,240,36,869,0.72,0.06602564102564103,0,0.0,gateway_beacon_relay,0:0;10:0;12:0;13:0;14:0;15:0;17:0;19:0;2:0;20:0;21:0;23:0;24:0;3:0;4:0;5:0;6:0;7:0;8:0;9:0,SIM
flood,25,20,9,warm,240.0,60.0,gateway_beacon_relay,windowed,gateway_beacon_relay|windowed|flood|25,7,0,0.0,0.0,0.0,0.0,23.56121600000002,12.60339200000001,10.95782400000001,0.5349211178234604,0.5714285714285714,1.0,0,60,0.0,109,41,68,20,165,49,886,0.48,0.060737179487179487,0,0.0,gateway_beacon_relay,1:0;10:0;11:0;12:0;13:0;14:0;15:0;16:0;17:0;18:0;19:0;2:0;23:0;24:0;3:0;4:0;5:0;7:0;8:0;9:0,SIM
flood,25,20,9,warm,240.0,60.0,gateway_beacon_relay,windowed,gateway_beacon_relay|windowed|flood|25,8,0,0.0,0.0,0.0,0.0,19.246080000000013,13.900800000000014,5.34528,0.7222665602553873,0.0,1.0,0,53,0.0,95,20,75,20,184,0,781,1.0,0.05400641025641025,0,0.0,gateway_beacon_relay,0:0;11:0;12:0;13:0;14:0;15:0;16:0;17:0;18:0;19:0;2:0;21:0;23:0;24:0;3:0;4:0;5:0;6:0;8:0;9:0,SIM
flood,25,20,9,warm,240.0,60.0,gateway_beacon_relay,windowed,gateway_beacon_relay|windowed|flood|25,9,0,0.0,0.0,0.0,0.0,23.15161600000002,13.530112000000013,9.621504000000005,0.584413286744217,0.36,1.0,0,58,0.0,109,36,73,20,256,25,884,0.88,0.060737179487179487,0,0.0,gateway_beacon_relay,0:0;10:0;11:0;12:0;13:0;15:0;17:0;18:0;19:0;2:0;20:0;21:0;22:0;23:0;24:0;4:0;5:0;6:0;7:0;9:0,SIM
flood,25,20,9,warm,240.0,60.0,gateway_beacon_relay,windowed,gateway_beacon_relay|windowed|flood|25,10,0,0.0,0.0,0.0,0.0,12.759039999999995,7.413759999999996,5.34528,0.581059390048154,0.0,1.0,0,29,0.0,60,20,40,20,106,0,635,0.72,0.03717948717948718,0,0.0,gateway_beacon_relay,1:0;10:0;11:0;12:0;13:0;14:0;17:0;18:0;19:0;2:0;22:0;23:0;24:0;3:0;4:0;5:0;6:0;7:0;8:0;9:0,SIM
flood,25,20,9,warm,240.0,60.0,gateway_beacon_relay,windowed,gateway_beacon_relay|windowed|flood|25,11,0,0.0,0.0,0.0,0.0,23.52230400000002,13.900800000000014,9.621504000000005,0.5909625179574247,0.5555555555555556,1.0,0,59,0.0,111,36,75,20,219,36,948,0.92,0.061698717948717945,0,0.0,gateway_beacon_relay,0:0;1:0;10:0;11:0;12:0;13:0;14:0;15:0;17:0;18:0;19:0;2:0;21:0;22:0;23:0;3:0;4:0;5:0;6:0;8:0,SIM
flood,25,20,9,warm,240.0,60.0,gateway_beacon_relay,windowed,gateway_beacon_relay|windowed|flood|25,12,1,0.05,0.2672639999999973,0.2672639999999973,36.0,24.819712000000024,15.198208000000019,9.621504000000005,0.6123442528261409,0.6304347826086957,0.05,0,69,0.0,118,36,82,20,248,46,841,0.8,0.06506410256410257,0,0.0,gateway_beacon_relay,0:0;10:1;11:0;12:0;13:0;14:0;16:0;17:0;18:0;19:0;21:0;22:0;23:0;24:0;3:0;5:0;6:0;7:0;8:0;9:0,SIM
flood,25,20,9,warm,240.0,60.0,gateway_beacon_relay,windowed,gateway_beacon_relay|windowed|flood|25,13,0,0.0,0.0,0.0,0.0,22.026240000000023,16.680960000000024,5.34528,0.7573221757322178,0.0,1.0,0,71,0.0,110,20,90,20,222,0,667,0.88,0.061217948717948716,0,0.0,gateway_beacon_relay,0:0;1:0;10:0;11:0;12:0;13:0;14:0;15:0;17:0;18:0;19:0;2:0;20:0;21:0;22:0;24:0;3:0;4:0;6:0;7:0,SIM
flood,25,20,9,warm,240.0,60.0,gateway_beacon_relay,windowed,gateway_beacon_relay|windowed|flood|25,14,0,0.0,0.0,0.0,0.0,19.246080000000013,13.900800000000014,5.34528,0.7222665602553873,0.0,1.0,0,49,0.0,95,20,75,20,209,0,827,0.56,0.05400641025641025,0,0.0,gateway_beacon_relay,1:0;10:0;11:0;12:0;13:0;14:0;15:0;16:0;18:0;19:0;2:0;21:0;23:0;24:0;3:0;4:0;5:0;6:0;7:0;9:0,SIM
flood,25,20,9,warm,240.0,60.0,gateway_beacon_relay,windowed,gateway_beacon_relay|windowed|flood|25,15,0,0.0,0.0,0.0,0.0,13.129727999999997,7.784447999999996,5.34528,0.5928872250818903,0.0,1.0,0,34,0.0,62,20,42,20,89,0,577,0.8,0.038141025641025644,0,0.0,gateway_beacon_relay,0:0;1:0;10:0;11:0;12:0;13:0;16:0;17:0;18:0;19:0;2:0;20:0;21:0;22:0;24:0;4:0;5:0;6:0;7:0;9:0,SIM
flood,25,20,9,warm,240.0,60.0,gateway_beacon_relay,windowed,gateway_beacon_relay|windowed|flood|25,16,0,0.0,0.0,0.0,0.0,25.436160000000026,15.012864000000018,10.423296000000008,0.5902173913043479,0.5581395348837209,1.0,0,74,0.0,120,39,81,20,205,43,808,0.76,0.06602564102564103,0,0.0,gateway_beacon_relay,0:0;1:0;10:0;11:0;12:0;13:0;15:0;16:0;17:0;19:0;20:0;22:0;23:0;24:0;3:0;4:0;5:0;7:0;8:0;9:0,SIM
flood,25,20,9,warm,240.0,60.0,gateway_beacon_relay,windowed,gateway_beacon_relay|windowed|flood|25,17,0,0.0,0.0,0.0,0.0,19.987456000000016,14.642176000000017,5.34528,0.7325682668169479,0.0,1.0,0,65,0.0,99,20,79,20,137,0,648,0.84,0.055929487179487175,0,0.0,gateway_beacon_relay,0:0;1:0;10:0;11:0;12:0;14:0;16:0;17:0;18:0;19:0;2:0;20:0;21:0;23:0;24:0;4:0;5:0;6:0;8:0;9:0,SIM
flood,25,20,9,warm,240.0,60.0,gateway_beacon_relay,windowed,gateway_beacon_relay|windowed|flood|25,18,0,0.0,0.0,0.0,0.0,22.582272000000025,17.236992000000026,5.34528,0.7632975105427836,0.0,1.0,0,68,0.0,113,20,93,20,299,0,752,0.76,0.06266025641025641,0,0.0,gateway_beacon_relay,0:0;1:0;10:0;12:0;13:0;14:0;15:0;17:0;18:0;19:0;2:0;20:0;21:0;22:0;24:0;3:0;4:0;5:0;6:0;8:0,SIM
flood,25,20,9,warm,240.0,60.0,gateway_beacon_relay,windowed,gateway_beacon_relay|windowed|flood|25,19,1,0.05,0.2672639999999973,0.2672639999999973,24.0,18.83238400000001,12.41804800000001,6.414336,0.6593986188896745,0.3333333333333333,0.05,0,50,0.0,91,24,67,20,165,6,761,0.64,0.05208333333333333,0,0.0,gateway_beacon_relay,0:0;10:1;11:0;12:0;13:0;14:0;15:0;16:0;19:0;2:0;21:0;23:0;24:0;3:0;4:0;5:0;6:0;7:0;8:0;9:0,SIM
flood,50,20,9,warm,240.0,60.0,gateway_beacon_relay,windowed,gateway_beacon_relay|windowed|flood|50,0,0,0.0,0.0,0.0,0.0,35.37100800000007,30.02572800000007,5.34528,0.848879624804586,0.0,1.0,0,151,0.0,182,20,162,20,346,0,1080,0.7,0.052941176470588235,0,0.0,gateway_beacon_relay,1:0;10:0;12:0;14:0;17:0;19:0;2:0;21:0;23:0;27:0;3:0;34:0;4:0;45:0;46:0;47:0;49:0;6:0;7:0;9:0,SIM
flood,50,20,9,warm,240.0,60.0,gateway_beacon_relay,windowed,gateway_beacon_relay|windowed|flood|50,1,0,0.0,0.0,0.0,0.0,27.40121600000004,22.05593600000004,5.34528,0.8049254456444564,0.0,1.0,0,97,0.0,139,20,119,20,330,0,1575,0.86,0.04240196078431372,0,0.0,gateway_beacon_relay,0:0;1:0;11:0;12:0;14:0;16:0;21:0;22:0;26:0;29:0;31:0;32:0;34:0;36:0;39:0;40:0;41:0;45:0;47:0;5:0,SIM
flood,50,20,9,warm,240.0,60.0,gateway_beacon_relay,windowed,gateway_beacon_relay|windowed|flood|50,2,0,0.0,0.0,0.0,0.0,30.922752000000052,25.577472000000053,5.34528,0.8271408702563087,0.0,1.0,0,120,0.0,158,20,138,20,295,0,1443,0.58,0.047058823529411764,0,0.0,gateway_beacon_relay,0:0;1:0;10:0;11:0;15:0;16:0;2:0;23:0;24:0;33:0;4:0;42:0;43:0;44:0;48:0;49:0;5:0;7:0;8:0;9:0,SIM
flood,50,20,9,warm,240.0,60.0,gateway_beacon_relay,windowed,gateway_beacon_relay|windowed|flood|50,3,0,0.0,0.0,0.0,0.0,38.33651200000008,32.991232000000075,5.34528,0.8605694748651105,0.0,1.0,0,165,0.0,198,20,178,20,322,0,1222,0.88,0.056862745098039215,0,0.0,gateway_beacon_relay,0:0;1:0;15:0;16:0;17:0;19:0;20:0;21:0;24:0;26:0;27:0;32:0;33:0;35:0;39:0;40:0;43:0;45:0;46:0;8:0,SIM
flood,50,20,9,warm,240.0,60.0,gateway_beacon_relay,windowed,gateway_beacon_relay|windowed|flood|50,4,0,0.0,0.0,0.0,0.0,25.733120000000035,20.387840000000036,5.34528,0.7922801432550739,0.0,1.0,0,97,0.0,130,20,110,20,249,0,1298,0.68,0.040196078431372545,0,0.0,gateway_beacon_relay,10:0;13:0;15:0;18:0;2:0;20:0;26:0;27:0;3:0;31:0;34:0;35:0;38:0;39:0;42:0;45:0;46:0;47:0;7:0;9:0,SIM
flood,50,20,9,warm,240.0,60.0,gateway_beacon_relay,windowed,gateway_beacon_relay|windowed|flood|50,5,0,0.0,0.0,0.0,0.0,33.405952000000056,22.982656000000045,10.423296000000008,0.6879808723906449,0.5869565217391305,1.0,0,116,0.0,163,39,124,20,245,46,1894,0.64,0.04828431372549019,0,0.0,gateway_beacon_relay,10:0;13:0;15:0;16:0;2:0;21:0;22:0;26:0;29:0;3:0;31:0;35:0;36:0;38:0;41:0;42:0;47:0;6:0;8:0;9:0,SIM
flood,50,20,9,warm,240.0,60.0,gateway_beacon_relay,windowed,gateway_beacon_relay|windowed|flood|50,6,0,0.0,0.0,0.0,0.0,31.849472000000056,26.504192000000057,5.34528,0.8321705301739385,0.0,1.0,0,126,0.0,163,20,143,20,312,0,1411,0.6,0.04828431372549019,0,0.0,gateway_beacon_relay,10:0;17:0;19:0;20:0;22:0;23:0;24:0;26:0;29:0;30:0;31:0;38:0;39:0;40:0;42:0;43:0;44:0;46:0;49:0;9:0,SIM
flood,50,20,9,warm,240.0,60.0,gateway_beacon_relay,windowed,gateway_beacon_relay|windowed|flood|50,7,0,0.0,0.0,0.0,0.0,34.444288000000064,29.099008000000065,5.34528,0.8448137467669534,0.0,1.0,0,148,0.0,177,20,157,20,250,0,1091,0.76,0.0517156862745098,0,0.0,gateway_beacon_relay,0:0;11:0;12:0;16:0;18:0;20:0;23:0;25:0;26:0;29:0;3:0;31:0;32:0;34:0;35:0;36:0;37:0;39:0;8:0;9:0,SIM
flood,50,20,9,warm,240.0,60.0,gateway_beacon_relay,windowed,gateway_beacon_relay|windowed|flood|50,8,0,0.0,0.0,0.0,0.0,32.793600000000055,25.577472000000053,7.216127999999999,0.7799531615925062,0.125,1.0,0,129,0.0,165,27,138,20,291,8,1361,0.58,0.04877450980392157,0,0.0,gateway_beacon_relay,0:0;11:0;13:0;19:0;2:0;20:0;21:0;22:0;23:0;27:0;28:0;3:0;31:0;36:0;37:0;41:0;47:0;48:0;49:0;7:0,SIM
flood,50,20,9,warm,240.0,60.0,gateway_beacon_relay,windowed,gateway_beacon_relay|windowed|flood|50,9,0,0.0,0.0,0.0,0.0,37.875712000000064,27.98694400000006,9.888768000000006,0.7389153238888292,0.34615384615384615,1.0,0,143,0.0,188,37,151,20,404,26,1615,0.82,0.054411764705882354,0,0.0,gateway_beacon_relay,0:0;10:0;14:0;15:0;16:0;18:0;22:0;23:0;25:0;27:0;31:0;32:0;35:0;36:0;37:0;4:0;41:0;45:0;6:0;8:0,SIM
flood,50,20,9,warm,240.0,60.0,gateway_beacon_relay,windowed,gateway_beacon_relay|windowed|flood|50,10,0,0.0,0.0,0.0,0.0,18.31936000000001,12.974080000000011,5.34528,0.7082168809390723,0.0,1.0,0,63,0.0,90,20,70,20,176,0,1117,0.66,0.0303921568627451,0,0.0,gateway_beacon_relay,10:0;16:0;21:0;22:0;27:0;28:0;29:0;3:0;31:0;32:0;34:0;37:0;38:0;4:0;41:0;42:0;5:0;6:0;8:0;9:0,SIM
flood,50,20,9,warm,240.0,60.0,gateway_beacon_relay,windowed,gateway_beacon_relay|windowed|flood|50,11,0,0.0,0.0,0.0,0.0,34.608128000000065,28.728320000000064,5.879808,0.8301032636032787,0.3333333333333333,1.0,0,144,0.0,177,22,155,20,290,3,1278,0.92,0.0517156862745098,0,0.0,gateway_beacon_relay,1:0;10:0;11:0;12:0;14:0;15:0;19:0;24:0;26:0;30:0;35:0;36:0;38:0;39:0;40:0;46:0;49:0;5:0;8:0;9:0,SIM
flood,50,20,9,warm,240.0,60.0,gateway_beacon_relay,windowed,gateway_beacon_relay|windowed|flood|50,12,0,0.0,0.0,0.0,0.0,38.074368000000064,23.909376000000048,14.16499200000002,0.6279651444247218,0.21428571428571427,1.0,0,144,0.0,182,53,129,20,277,42,1439,0.66,0.052941176470588235,0,0.0,gateway_beacon_relay,10:0;14:0;16:0;17:0;18:0;2:0;21:0;22:0;28:0;30:0;31:0;32:0;33:0;37:0;40:0;42:0;47:0;48:0;49:0;7:0,SIM
flood,50,20,9,warm,240.0,60.0,gateway_beacon_relay,windowed,gateway_beacon_relay|windowed|flood|50,13,0,0.0,0.0,0.0,0.0,18.31936000000001,12.974080000000011,5.34528,0.7082168809390723,0.0,1.0,0,64,0.0,90,20,70,20,159,0,1088,0.64,0.0303921568627451,0,0.0,gateway_beacon_relay,0:0;14:0;17:0;19:0;2:0;20:0;21:0;23:0;26:0;30:0;31:0;33:0;35:0;36:0;38:0;4:0;41:0;49:0;7:0;9:0,SIM
flood,50,20,9,warm,240.0,60.0,gateway_beacon_relay,windowed,gateway_beacon_relay|windowed|flood|50,14,0,0.0,0.0,0.0,0.0,42.04851200000008,27.61625600000006,14.43225600000002,0.6567713026325405,0.4603174603174603,1.0,0,161,0.0,203,54,149,20,308,63,1602,0.72,0.05808823529411764,0,0.0,gateway_beacon_relay,10:0;12:0;15:0;18:0;2:0;20:0;23:0;24:0;31:0;32:0;34:0;35:0;37:0;38:0;41:0;44:0;46:0;47:0;48:0;7:0,SIM
flood,50,20,9,warm,240.0,60.0,gateway_beacon_relay,windowed,gateway_beacon_relay|windowed|flood|50,15,0,0.0,0.0,0.0,0.0,30.444544000000043,22.426624000000043,8.01792,0.7366385254448222,0.5,1.0,0,102,0.0,151,30,121,20,299,20,1954,0.6,0.04534313725490196,0,0.0,gateway_beacon_relay,0:0;15:0;16:0;20:0;21:0;22:0;24:0;31:0;32:0;33:0;35:0;38:0;39:0;42:0;43:0;45:0;47:0;48:0;49:0;9:0,SIM
flood,50,20,9,warm,240.0,60.0,gateway_beacon_relay,windowed,gateway_beacon_relay|windowed|flood|50,16,0,0.0,0.0,0.0,0.0,39.336960000000076,28.913664000000065,10.423296000000008,0.7350253807106601,0.3870967741935484,1.0,0,159,0.0,195,39,156,20,273,31,1405,0.7,0.05612745098039215,0,0.0,gateway_beacon_relay,11:0;13:0;14:0;15:0;21:0;23:0;25:0;26:0;27:0;29:0;31:0;32:0;36:0;41:0;43:0;45:0;47:0;7:0;8:0;9:0,SIM
flood,50,20,9,warm,240.0,60.0,gateway_beacon_relay,windowed,gateway_beacon_relay|windowed|flood|50,17,0,0.0,0.0,0.0,0.0,35.92704000000007,30.58176000000007,5.34528,0.8512184694313812,0.0,1.0,0,152,0.0,185,20,165,20,321,0,1193,0.7,0.05367647058823529,0,0.0,gateway_beacon_relay,10:0;14:0;15:0;16:0;18:0;25:0;26:0;28:0;3:0;30:0;31:0;34:0;36:0;37:0;38:0;4:0;40:0;45:0;48:0;5:0,SIM
flood,50,20,9,warm,240.0,60.0,gateway_beacon_relay,windowed,gateway_beacon_relay|windowed|flood|50,18,0,0.0,0.0,0.0,0.0,48.820224000000096,32.24985600000007,16.570368000000027,0.6605839416058396,0.20754716981132076,1.0,0,202,0.0,236,62,174,20,340,53,1213,0.82,0.0661764705882353,0,0.0,gateway_beacon_relay,11:0;13:0;14:0;16:0;19:0;22:0;23:0;26:0;3:0;30:0;31:0;33:0;34:0;40:0;44:0;45:0;47:0;49:0;5:0;9:0,SIM
flood,50,20,9,warm,240.0,60.0,gateway_beacon_relay,windowed,gateway_beacon_relay|windowed|flood|50,19,0,0.0,0.0,0.0,0.0,35.05664000000006,26.504192000000057,8.552448000000002,0.756039141229736,0.4,1.0,0,138,0.0,175,32,143,20,270,20,1437,0.84,0.05122549019607843,0,0.0,gateway_beacon_relay,14:0;16:0;18:0;19:0;2:0;20:0;27:0;29:0;3:0;30:0;32:0;33:0;35:0;36:0;40:0;44:0;47:0;49:0;8:0;9:0,SIM
flood,100,20,9,warm,240.0,60.0,gateway_beacon_relay,windowed,gateway_beacon_relay|windowed|flood|100,0,0,0.0,0.0,0.0,0.0,64.47001600000016,59.12473600000016,5.34528,0.9170888991248275,0.0,1.0,0,313,0.0,339,20,319,20,459,0,2003,0.78,0.05028877887788779,0,0.0,gateway_beacon_relay,0:0;1:0;10:0;16:0;24:0;39:0;4:0;41:0;53:0;59:0;6:0;62:0;63:0;67:0;70:0;71:0;77:0;81:0;92:0;96:0,SIM
flood,100,20,9,warm,240.0,60.0,gateway_beacon_relay,windowed,gateway_beacon_relay|windowed|flood|100,1,0,0.0,0.0,0.0,0.0,62.93196800000015,49.30150400000013,13.630464000000018,0.783409538376426,0.4745762711864407,1.0,0,285,0.0,317,51,266,20,372,59,2561,0.65,0.047566006600660064,0,0.0,gateway_beacon_relay,12:0;17:0;2:0;20:0;25:0;27:0;30:0;34:0;41:0;43:0;44:0;48:0;54:0;62:0;68:0;70:0;72:0;86:0;87:0;98:0,SIM
flood,100,20,9,warm,240.0,60.0,gateway_beacon_relay,windowed,gateway_beacon_relay|windowed|flood|100,2,0,0.0,0.0,0.0,0.0,49.681408000000104,42.99980800000011,6.6815999999999995,0.8655110579796775,0.16666666666666666,1.0,0,232,0.0,257,25,232,20,289,6,2092,0.71,0.04014026402640264,0,0.0,gateway_beacon_relay,0:0;12:0;13:0;2:0;25:0;26:0;39:0;47:0;52:0;57:0;59:0;62:0;7:0;75:0;78:0;81:0;86:0;87:0;9:0;99:0,SIM
flood,100,20,9,warm,240.0,60.0,gateway_beacon_relay,windowed,gateway_beacon_relay|windowed|flood|100,3,0,0.0,0.0,0.0,0.0,75.69510400000019,59.12473600000016,16.570368000000027,0.7810906237740293,0.48148148148148145,1.0,0,351,0.0,381,62,319,20,389,81,2389,0.84,0.055486798679867985,0,0.0,gateway_beacon_relay,1:0;15:0;2:0;21:0;25:0;30:0;38:0;4:0;5:0;55:0;6:0;61:0;64:0;65:0;67:0;68:0;73:0;84:0;88:0;95:0,SIM
flood,100,20,9,warm,240.0,60.0,gateway_beacon_relay,windowed,gateway_beacon_relay|windowed|flood|100,4,0,0.0,0.0,0.0,0.0,54.27609600000013,48.93081600000013,5.34528,0.9015168666515737,0.0,1.0,0,259,0.0,284,20,264,20,341,0,1934,0.55,0.04348184818481848,0,0.0,gateway_beacon_relay,1:0;10:0;12:0;14:0;26:0;29:0;38:0;39:0;44:0;46:0;48:0;49:0;51:0;58:0;62:0;66:0;69:0;79:0;9:0;97:0,SIM
flood,100,20,9,warm,240.0,60.0,gateway_beacon_relay,windowed,gateway_beacon_relay|windowed|flood|100,5,0,0.0,0.0,0.0,0.0,69.10361600000017,63.75833600000018,5.34528,0.9226483314563455,0.0,1.0,0,339,0.0,364,20,344,20,497,0,1843,0.9,0.05338283828382838,0,0.0,gateway_beacon_relay,14:0;17:0;21:0;23:0;24:0;28:0;4:0;40:0;44:0;48:0;5:0;53:0;59:0;6:0;60:0;61:0;70:0;78:0;84:0;9:0,SIM
flood,100,20,9,warm,240.0,60.0,gateway_beacon_relay,windowed,gateway_beacon_relay|windowed|flood|100,6,0,0.0,0.0,0.0,0.0,57.79763200000014,52.45235200000014,5.34528,0.9075173183565723,0.0,1.0,0,278,0.0,303,20,283,20,336,0,1966,0.88,0.04583333333333333,0,0.0,gateway_beacon_relay,14:0;16:0;17:0;19:0;23:0;3:0;36:0;44:0;51:0;59:0;63:0;64:0;66:0;67:0;70:0;81:0;9:0;90:0;94:0;95:0,SIM
flood,100,20,9,warm,240.0,60.0,gateway_beacon_relay,windowed,gateway_beacon_relay|windowed|flood|100,7,0,0.0,0.0,0.0,0.0,66.47091200000015,50.969600000000135,15.501312000000024,0.7667955571303131,0.0,1.0,0,305,0.0,333,58,275,20,383,38,2188,0.65,0.049546204620462046,0,0.0,gateway_beacon_relay,10:0;11:0;16:0;19:0;20:0;21:0;22:0;25:0;3:0;42:0;50:0;51:0;55:0;59:0;61:0;81:0;91:0;92:0;95:0;96:0,SIM
flood,100,20,9,warm,240.0,60.0,gateway_beacon_relay,windowed,gateway_beacon_relay|windowed|flood|100,8,0,0.0,0.0,0.0,0.0,58.909696000000146,53.56441600000014,5.34528,0.9092631542352555,0.0,1.0,0,284,0.0,309,20,289,20,355,0,2002,0.72,0.04657590759075907,0,0.0,gateway_beacon_relay,10:0;13:0;14:0;21:0;25:0;29:0;31:0;46:0;47:0;49:0;52:0;58:0;63:0;64:0;67:0;76:0;80:0;83:0;95:0;99:0,SIM
flood,100,20,9,warm,240.0,60.0,gateway_beacon_relay,windowed,gateway_beacon_relay|windowed|flood|100,9,0,0.0,0.0,0.0,0.0,59.65107200000015,54.305792000000146,5.34528,0.9103908811563355,0.0,1.0,0,291,0.0,313,20,293,20,289,0,1800,0.72,0.04707095709570957,0,0.0,gateway_beacon_relay,1:0;10:0;17:0;19:0;3:0;41:0;42:0;45:0;49:0;57:0;59:0;60:0;61:0;68:0;70:0;75:0;79:0;9:0;90:0;99:0,SIM
flood,100,20,9,warm,240.0,60.0,gateway_beacon_relay,windowed,gateway_beacon_relay|windowed|flood|100,10,0,0.0,0.0,0.0,0.0,61.689856000000155,56.34457600000015,5.34528,0.9133523670407013,0.0,1.0,0,297,0.0,324,20,304,20,415,0,2130,0.78,0.04843234323432343,0,0.0,gateway_beacon_relay,12:0;21:0;23:0;24:0;28:0;30:0;36:0;39:0;47:0;53:0;56:0;6:0;71:0;72:0;73:0;75:0;77:0;78:0;9:0;95:0,SIM
flood,100,20,9,warm,240.0,60.0,gateway_beacon_relay,windowed,gateway_beacon_relay|windowed|flood|100,11,0,0.0,0.0,0.0,0.0,78.65651200000019,59.680768000000164,18.975744000000034,0.7587517737882913,0.0,1.0,0,367,0.0,393,71,322,20,428,51,1957,0.81,0.05697194719471947,0,0.0,gateway_beacon_relay,1:0;18:0;21:0;25:0;30:0;32:0;38:0;41:0;43:0;47:0;51:0;56:0;62:0;63:0;66:0;78:0;84:0;85:0;86:0;96:0,SIM
flood,100,20,9,warm,240.0,60.0,gateway_beacon_relay,windowed,gateway_beacon_relay|windowed|flood|100,12,0,0.0,0.0,0.0,0.0,69.10361600000017,63.75833600000018,5.34528,0.9226483314563455,0.0,1.0,0,339,0.0,364,20,344,20,456,0,1894,0.87,0.05338283828382838,0,0.0,gateway_beacon_relay,13:0;2:0;29:0;39:0;44:0;50:0;52:0;56:0;6:0;66:0;68:0;70:0;73:0;84:0;86:0;87:0;89:0;93:0;97:0;98:0,SIM
flood,100,20,9,warm,240.0,60.0,gateway_beacon_relay,windowed,gateway_beacon_relay|windowed|flood|100,13,0,0.0,0.0,0.0,0.0,47.056896000000094,35.03001600000008,12.026880000000013,0.7444183313748534,0.5967741935483871,1.0,0,200,0.0,234,45,189,20,335,62,2796,0.0,0.0372937293729373,0,0.0,gateway_beacon_relay,12:0;14:0;19:0;20:0;34:0;37:0;38:0;39:0;49:0;5:0;51:0;54:0;57:0;60:0;79:0;80:0;86:0;89:0;91:0;97:0,SIM
flood,100,20,9,warm,240.0,60.0,gateway_beacon_relay,windowed,gateway_beacon_relay|windowed|flood|100,14,0,0.0,0.0,0.0,0.0,60.57779200000015,55.23251200000015,5.34528,0.9117617228439097,0.0,1.0,0,294,0.0,318,20,298,20,345,0,1899,0.91,0.04768976897689769,0,0.0,gateway_beacon_relay,15:0;25:0;3:0;31:0;32:0;43:0;48:0;49:0;53:0;54:0;56:0;60:0;66:0;73:0;76:0;8:0;82:0;87:0;91:0;97:0,SIM
flood,100,20,9,warm,240.0,60.0,gateway_beacon_relay,windowed,gateway_beacon_relay|windowed|flood|100,15,0,0.0,0.0,0.0,0.0,56.87091200000014,51.52563200000014,5.34528,0.9060102992545647,0.0,1.0,0,271,0.0,298,20,278,20,443,0,2002,0.57,0.04521452145214521,0,0.0,gateway_beacon_relay,0:0;15:0;21:0;3:0;33:0;43:0;49:0;51:0;56:0;57:0;58:0;59:0;64:0;76:0;78:0;81:0;85:0;86:0;89:0;97:0,SIM
flood,100,20,9,warm,240.0,60.0,gateway_beacon_relay,windowed,gateway_beacon_relay|windowed|flood|100,16,0,0.0,0.0,0.0,0.0,73.88057600000019,55.97388800000015,17.90668800000003,0.7576265783309541,0.0,1.0,0,340,0.0,369,67,302,20,473,47,2168,0.7,0.0540016501650165,0,0.0,gateway_beacon_relay,10:0;15:0;2:0;24:0;27:0;33:0;44:0;45:0;47:0;49:0;51:0;52:0;55:0;56:0;7:0;75:0;76:0;78:0;95:0;98:0,SIM
flood,100,20,9,warm,240.0,60.0,gateway_beacon_relay,windowed,gateway_beacon_relay|windowed|flood|100,17,0,0.0,0.0,0.0,0.0,51.12524800000012,45.77996800000012,5.34528,0.8954473531355781,0.0,1.0,0,242,0.0,267,20,247,20,288,0,2035,0.64,0.04137788778877888,0,0.0,gateway_beacon_relay,10:0;16:0;19:0;25:0;27:0;37:0;39:0;46:0;49:0;55:0;56:0;61:0;64:0;66:0;67:0;73:0;77:0;87:0;97:0;99:0,SIM
flood,100,20,9,warm,240.0,60.0,gateway_beacon_relay,windowed,gateway_beacon_relay|windowed|flood|100,18,0,0.0,0.0,0.0,0.0,58.48371200000013,44.853248000000114,13.630464000000018,0.7669357239157462,0.0,1.0,0,268,0.0,293,51,242,20,269,31,2015,0.57,0.04459570957095709,0,0.0,gateway_beacon_relay,1:0;2:0;21:0;24:0;27:0;36:0;37:0;38:0;44:0;58:0;64:0;66:0;7:0;72:0;78:0;79:0;81:0;84:0;88:0;90:0,SIM
flood,100,20,9,warm,240.0,60.0,gateway_beacon_relay,windowed,gateway_beacon_relay|windowed|flood|100,19,0,0.0,0.0,0.0,0.0,57.42694400000014,52.08166400000014,5.34528,0.9069203473547193,0.0,1.0,0,278,0.0,301,20,281,20,322,0,1800,0.65,0.04558580858085808,0,0.0,gateway_beacon_relay,0:0;10:0;17:0;2:0;20:0;30:0;31:0;33:0;34:0;50:0;54:0;56:0;59:0;62:0;66:0;73:0;75:0;8:0;86:0;94:0,SIM
gradient,25,20,9,warm,240.0,60.0,gateway_beacon_relay,windowed,gateway_beacon_relay|windowed|gradient|25,0,0,0.0,0.0,0.0,0.0,19.616768000000015,14.271488000000016,5.34528,0.7275147465678344,0.0,1.0,0,50,0.0,97,20,77,20,255,0,823,0.8,0.05496794871794872,0,0.0,gateway_beacon_relay,1:0;10:0;12:0;13:0;15:0;16:0;17:0;18:0;2:0;20:0;21:0;22:0;23:0;24:0;3:0;4:0;6:0;7:0;8:0;9:0,SIM
gradient,25,20,9,warm,240.0,60.0,gateway_beacon_relay,windowed,gateway_beacon_relay|windowed|gradient|25,1,0,0.0,0.0,0.0,0.0,19.987456000000016,14.642176000000017,5.34528,0.7325682668169479,0.0,1.0,0,60,0.0,99,20,79,20,201,1,678,0.56,0.055929487179487175,0,0.0,gateway_beacon_relay,1:0;10:0;11:0;12:0;13:0;14:0;15:0;16:0;18:0;19:0;20:0;21:0;22:0;23:0;24:0;5:0;6:0;7:0;8:0;9:0,SIM
gradient,25,20,9,warm,240.0,60.0,gateway_beacon_relay,windowed,gateway_beacon_relay|windowed|gradient|25,2,0,0.0,0.0,0.0,0.0,12.017663999999996,6.672383999999997,5.34528,0.5552147239263803,0.0,1.0,0,26,0.0,56,20,36,20,106,0,608,0.68,0.035256410256410256,0,0.0,gateway_beacon_relay,10:0;11:0;12:0;13:0;14:0;15:0;16:0;17:0;18:0;19:0;2:0;20:0;21:0;22:0;23:0;24:0;4:0;5:0;7:0;9:0,SIM
gradient,25,20,9,warm,240.0,60.0,gateway_beacon_relay,windowed,gateway_beacon_relay|windowed|gradient|25,3,1,0.05,0.2672639999999973,0.2672639999999973,20.0,19.246080000000013,13.900800000000014,5.34528,0.7222665602553873,0.0,0.05,0,54,0.0,95,20,75,20,194,5,753,0.92,0.05400641025641025,0,0.0,gateway_beacon_relay,0:0;1:0;10:0;11:1;12:0;13:0;16:0;17:0;18:0;19:0;20:0;21:0;22:0;23:0;3:0;4:0;5:0;6:0;7:0;8:0,SIM
gradient,25,20,9,warm,240.0,60.0,gateway_beacon_relay,windowed,gateway_beacon_relay|windowed|gradient|25,4,0,0.0,0.0,0.0,0.0,19.246080000000013,13.900800000000014,5.34528,0.7222665602553873,0.0,1.0,0,62,0.0,95,20,75,20,153,0,619,0.76,0.05400641025641025,0,0.0,gateway_beacon_relay,0:0;10:0;11:0;13:0;14:0;15:0;16:0;17:0;18:0;19:0;2:0;21:0;22:0;24:0;3:0;4:0;5:0;6:0;8:0;9:0,SIM
gradient,25,20,9,warm,240.0,60.0,gateway_beacon_relay,windowed,gateway_beacon_relay|windowed|gradient|25,5,0,0.0,0.0,0.0,0.0,18.13401600000001,12.78873600000001,5.34528,0.7052346264611217,0.0,1.0,0,51,0.0,89,20,69,20,147,14,703,0.76,0.05112179487179487,0,0.0,gateway_beacon_relay,0:0;1:0;10:0;11:0;12:0;13:0;14:0;15:0;16:0;18:0;19:0;20:0;21:0;22:0;24:0;4:0;5:0;6:0;8:0;9:0,SIM
gradient,25,20,9,warm,240.0,60.0,gateway_beacon_relay,windowed,gateway_beacon_relay|windowed|gradient|25,6,0,0.0,0.0,0.0,0.0,19.616768000000015,14.271488000000016,5.34528,0.7275147465678344,0.0,1.0,0,52,0.0,97,20,77,20,192,14,839,0.72,0.05496794871794872,0,0.0,gateway_beacon_relay,0:0;10:0;12:0;13:0;14:0;15:0;17:0;19:0;2:0;20:0;21:0;23:0;24:0;3:0;4:0;5:0;6:0;7:0;8:0;9:0,SIM
gradient,25,20,9,warm,240.0,60.0,gateway_beacon_relay,windowed,gateway_beacon_relay|windowed|gradient|25,7,0,0.0,0.0,0.0,0.0,18.091008000000006,11.676672000000007,6.414336,0.6454406520631688,0.3684210526315789,1.0,0,36,0.0,87,24,63,20,178,19,964,0.48,0.050160256410256406,0,0.0,gateway_beacon_relay,1:0;10:0;11:0;12:0;13:0;14:0;15:0;16:0;17:0;18:0;19:0;2:0;23:0;24:0;3:0;4:0;5:0;7:0;8:0;9:0,SIM
gradient,25,20,9,warm,240.0,60.0,gateway_beacon_relay,windowed,gateway_beacon_relay|windowed|gradient|25,8,0,0.0,0.0,0.0,0.0,19.246080000000013,13.900800000000014,5.34528,0.7222665602553873,0.0,1.0,0,53,0.0,95,20,75,20,184,0,781,1.0,0.05400641025641025,0,0.0,gateway_beacon_relay,0:0;11:0;12:0;13:0;14:0;15:0;16:0;17:0;18:0;19:0;2:0;21:0;23:0;24:0;3:0;4:0;5:0;6:0;8:0;9:0,SIM
gradient,25,20,9,warm,240.0,60.0,gateway_beacon_relay,windowed,gateway_beacon_relay|windowed|gradient|25,9,0,0.0,0.0,0.0,0.0,18.69004800000001,13.344768000000013,5.34528,0.7140039447731757,0.0,1.0,0,44,0.0,92,20,72,20,222,14,858,0.88,0.052564102564102565,0,0.0,gateway_beacon_relay,0:0;10:0;11:0;12:0;13:0;15:0;17:0;18:0;19:0;2:0;20:0;21:0;22:0;23:0;24:0;4:0;5:0;6:0;7:0;9:0,SIM
gradient,25,20,9,warm,240.0,60.0,gateway_beacon_relay,windowed,gateway_beacon_relay|windowed|gradient|25,10,0,0.0,0.0,0.0,0.0,12.759039999999995,7.413759999999996,5.34528,0.581059390048154,0.0,1.0,0,29,0.0,60,20,40,20,106,0,635,0.72,0.03717948717948718,0,0.0,gateway_beacon_relay,1:0;10:0;11:0;12:0;13:0;14:0;17:0;18:0;19:0;2:0;22:0;23:0;24:0;3:0;4:0;5:0;6:0;7:0;8:0;9:0,SIM
gradient,25,20,9,warm,240.0,60.0,gateway_beacon_relay,windowed,gateway_beacon_relay|windowed|gradient|25,11,0,0.0,0.0,0.0,0.0,17.392640000000007,12.047360000000008,5.34528,0.6926700029437741,0.0,1.0,0,42,0.0,85,20,65,20,169,12,802,0.92,0.04919871794871795,0,0.0,gateway_beacon_relay,0:0;1:0;10:0;11:0;12:0;13:0;14:0;15:0;17:0;18:0;19:0;2:0;21:0;22:0;23:0;3:0;4:0;5:0;6:0;8:0,SIM
gradient,25,20,9,warm,240.0,60.0,gateway_beacon_relay,windowed,gateway_beacon_relay|windowed|gradient|25,12,1,0.05,0.2672639999999973,0.2672639999999973,20.0,20.543488000000018,15.198208000000019,5.34528,0.7398065995414219,0.0,0.05,0,61,0.0,102,20,82,20,228,2,716,0.8,0.05737179487179487,0,0.0,gateway_beacon_relay,0:0;10:1;11:0;12:0;13:0;14:0;16:0;17:0;18:0;19:0;21:0;22:0;23:0;24:0;3:0;5:0;6:0;7:0;8:0;9:0,SIM
gradient,25,20,9,warm,240.0,60.0,gateway_beacon_relay,windowed,gateway_beacon_relay|windowed|gradient|25,13,0,0.0,0.0,0.0,0.0,22.026240000000023,16.680960000000024,5.34528,0.7573221757322178,0.0,1.0,0,71,0.0,110,20,90,20,222,0,667,0.88,0.061217948717948716,0,0.0,gateway_beacon_relay,0:0;1:0;10:0;11:0;12:0;13:0;14:0;15:0;17:0;18:0;19:0;2:0;20:0;21:0;22:0;24:0;3:0;4:0;6:0;7:0,SIM
gradient,25,20,9,warm,240.0,60.0,gateway_beacon_relay,windowed,gateway_beacon_relay|windowed|gradient|25,14,0,0.0,0.0,0.0,0.0,19.246080000000013,13.900800000000014,5.34528,0.7222665602553873,0.0,1.0,0,49,0.0,95,20,75,20,209,0,827,0.56,0.05400641025641025,0,0.0,gateway_beacon_relay,1:0;10:0;11:0;12:0;13:0;14:0;15:0;16:0;18:0;19:0;2:0;21:0;23:0;24:0;3:0;4:0;5:0;6:0;7:0;9:0,SIM
gradient,25,20,9,warm,240.0,60.0,gateway_beacon_relay,windowed,gateway_beacon_relay|windowed|gradient|25,15,0,0.0,0.0,0.0,0.0,13.129727999999997,7.784447999999996,5.34528,0.5928872250818903,0.0,1.0,0,34,0.0,62,20,42,20,89,0,577,0.8,0.038141025641025644,0,0.0,gateway_beacon_relay,0:0;1:0;10:0;11:0;12:0;13:0;16:0;17:0;18:0;19:0;2:0;20:0;21:0;22:0;24:0;4:0;5:0;6:0;7:0;9:0,SIM
gradient,25,20,9,warm,240.0,60.0,gateway_beacon_relay,windowed,gateway_beacon_relay|windowed|gradient|25,16,0,0.0,0.0,0.0,0.0,21.65555200000002,16.310272000000023,5.34528,0.7531681482882545,0.0,1.0,0,71,0.0,108,20,88,20,178,17,650,0.76,0.06025641025641026,0,0.0,gateway_beacon_relay,0:0;1:0;10:0;11:0;12:0;13:0;15:0;16:0;17:0;19:0;20:0;22:0;23:0;24:0;3:0;4:0;5:0;7:0;8:0;9:0,SIM
gradient,25,20,9,warm,240.0,60.0,gateway_beacon_relay,windowed,gateway_beacon_relay|windowed|gradient|25,17,0,0.0,0.0,0.0,0.0,19.987456000000016,14.642176000000017,5.34528,0.7325682668169479,0.0,1.0,0,65,0.0,99,20,79,20,137,0,648,0.84,0.055929487179487175,0,0.0,gateway_beacon_relay,0:0;1:0;10:0;11:0;12:0;14:0;16:0;17:0;18:0;19:0;2:0;20:0;21:0;23:0;24:0;4:0;5:0;6:0;8:0;9:0,SIM
gradient,25,20,9,warm,240.0,60.0,gateway_beacon_relay,windowed,gateway_beacon_relay|windowed|gradient|25,18,0,0.0,0.0,0.0,0.0,22.582272000000025,17.236992000000026,5.34528,0.7632975105427836,0.0,1.0,0,68,0.0,113,20,93,20,299,0,752,0.76,0.06266025641025641,0,0.0,gateway_beacon_relay,0:0;1:0;10:0;12:0;13:0;14:0;15:0;17:0;18:0;19:0;2:0;20:0;21:0;22:0;24:0;3:0;4:0;5:0;6:0;8:0,SIM
gradient,25,20,9,warm,240.0,60.0,gateway_beacon_relay,windowed,gateway_beacon_relay|windowed|gradient|25,19,0,0.0,0.0,0.0,0.0,16.465920000000004,11.120640000000005,5.34528,0.6753731343283583,0.0,1.0,0,37,0.0,80,20,60,20,179,1,811,0.64,0.046794871794871795,0,0.0,gateway_beacon_relay,0:0;10:0;11:0;12:0;13:0;14:0;15:0;16:0;19:0;2:0;21:0;23:0;24:0;3:0;4:0;5:0;6:0;7:0;8:0;9:0,SIM
gradient,50,20,9,warm,240.0,60.0,gateway_beacon_relay,windowed,gateway_beacon_relay|windowed|gradient|50,0,0,0.0,0.0,0.0,0.0,35.37100800000007,30.02572800000007,5.34528,0.848879624804586,0.0,1.0,0,151,0.0,182,20,162,20,346,0,1080,0.7,0.052941176470588235,0,0.0,gateway_beacon_relay,1:0;10:0;12:0;14:0;17:0;19:0;2:0;21:0;23:0;27:0;3:0;34:0;4:0;45:0;46:0;47:0;49:0;6:0;7:0;9:0,SIM
gradient,50,20,9,warm,240.0,60.0,gateway_beacon_relay,windowed,gateway_beacon_relay|windowed|gradient|50,1,0,0.0,0.0,0.0,0.0,27.40121600000004,22.05593600000004,5.34528,0.8049254456444564,0.0,1.0,0,97,0.0,139,20,119,20,330,0,1575,0.86,0.04240196078431372,0,0.0,gateway_beacon_relay,0:0;1:0;11:0;12:0;14:0;16:0;21:0;22:0;26:0;29:0;31:0;32:0;34:0;36:0;39:0;40:0;41:0;45:0;47:0;5:0,SIM
gradient,50,20,9,warm,240.0,60.0,gateway_beacon_relay,windowed,gateway_beacon_relay|windowed|gradient|50,2,0,0.0,0.0,0.0,0.0,30.922752000000052,25.577472000000053,5.34528,0.8271408702563087,0.0,1.0,0,120,0.0,158,20,138,20,295,0,1443,0.58,0.047058823529411764,0,0.0,gateway_beacon_relay,0:0;1:0;10:0;11:0;15:0;16:0;2:0;23:0;24:0;33:0;4:0;42:0;43:0;44:0;48:0;49:0;5:0;7:0;8:0;9:0,SIM
gradient,50,20,9,warm,240.0,60.0,gateway_beacon_relay,windowed,gateway_beacon_relay|windowed|gradient|50,3,0,0.0,0.0,0.0,0.0,38.33651200000008,32.991232000000075,5.34528,0.8605694748651105,0.0,1.0,0,165,0.0,198,20,178,20,322,0,1222,0.88,0.056862745098039215,0,0.0,gateway_beacon_relay,0:0;1:0;15:0;16:0;17:0;19:0;20:0;21:0;24:0;26:0;27:0;32:0;33:0;35:0;39:0;40:0;43:0;45:0;46:0;8:0,SIM
gradient,50,20,9,warm,240.0,60.0,gateway_beacon_relay,windowed,gateway_beacon_relay|windowed|gradient|50,4,0,0.0,0.0,0.0,0.0,25.733120000000035,20.387840000000036,5.34528,0.7922801432550739,0.0,1.0,0,97,0.0,130,20,110,20,249,0,1298,0.68,0.040196078431372545,0,0.0,gateway_beacon_relay,10:0;13:0;15:0;18:0;2:0;20:0;26:0;27:0;3:0;31:0;34:0;35:0;38:0;39:0;42:0;45:0;46:0;47:0;7:0;9:0,SIM
gradient,50,20,9,warm,240.0,60.0,gateway_beacon_relay,windowed,gateway_beacon_relay|windowed|gradient|50,5,0,0.0,0.0,0.0,0.0,29.99603200000005,24.65075200000005,5.34528,0.8218004301368931,0.0,1.0,0,116,0.0,153,20,133,20,286,8,1385,0.64,0.04583333333333333,0,0.0,gateway_beacon_relay,10:0;13:0;15:0;16:0;2:0;21:0;22:0;26:0;29:0;3:0;31:0;35:0;36:0;38:0;41:0;42:0;47:0;6:0;8:0;9:0,SIM
gradient,50,20,9,warm,240.0,60.0,gateway_beacon_relay,windowed,gateway_beacon_relay|windowed|gradient|50,6,0,0.0,0.0,0.0,0.0,31.849472000000056,26.504192000000057,5.34528,0.8321705301739385,0.0,1.0,0,126,0.0,163,20,143,20,312,0,1411,0.6,0.04828431372549019,0,0.0,gateway_beacon_relay,10:0;17:0;19:0;20:0;22:0;23:0;24:0;26:0;29:0;30:0;31:0;38:0;39:0;40:0;42:0;43:0;44:0;46:0;49:0;9:0,SIM
gradient,50,20,9,warm,240.0,60.0,gateway_beacon_relay,windowed,gateway_beacon_relay|windowed|gradient|50,7,0,0.0,0.0,0.0,0.0,34.444288000000064,29.099008000000065,5.34528,0.8448137467669534,0.0,1.0,0,148,0.0,177,20,157,20,250,0,1091,0.76,0.0517156862745098,0,0.0,gateway_beacon_relay,0:0;11:0;12:0;16:0;18:0;20:0;23:0;25:0;26:0;29:0;3:0;31:0;32:0;34:0;35:0;36:0;37:0;39:0;8:0;9:0,SIM
gradient,50,20,9,warm,240.0,60.0,gateway_beacon_relay,windowed,gateway_beacon_relay|windowed|gradient|50,8,0,0.0,0.0,0.0,0.0,32.59084800000006,27.24556800000006,5.34528,0.8359883118107271,0.0,1.0,0,132,0.0,167,20,147,20,321,5,1247,0.58,0.04926470588235294,0,0.0,gateway_beacon_relay,0:0;11:0;13:0;19:0;2:0;20:0;21:0;22:0;23:0;27:0;28:0;3:0;31:0;36:0;37:0;41:0;47:0;48:0;49:0;7:0,SIM
gradient,50,20,9,warm,240.0,60.0,gateway_beacon_relay,windowed,gateway_beacon_relay|windowed|gradient|50,9,0,0.0,0.0,0.0,0.0,32.09523200000005,25.948160000000055,6.147072,0.8084739814312609,0.1111111111111111,1.0,0,118,0.0,163,23,140,20,380,18,1667,0.82,0.04828431372549019,0,0.0,gateway_beacon_relay,0:0;10:0;14:0;15:0;16:0;18:0;22:0;23:0;25:0;27:0;31:0;32:0;35:0;36:0;37:0;4:0;41:0;45:0;6:0;8:0,SIM
gradient,50,20,9,warm,240.0,60.0,gateway_beacon_relay,windowed,gateway_beacon_relay|windowed|gradient|50,10,0,0.0,0.0,0.0,0.0,18.31936000000001,12.974080000000011,5.34528,0.7082168809390723,0.0,1.0,0,63,0.0,90,20,70,20,176,0,1117,0.66,0.0303921568627451,0,0.0,gateway_beacon_relay,10:0;16:0;21:0;22:0;27:0;28:0;29:0;3:0;31:0;32:0;34:0;37:0;38:0;4:0;41:0;42:0;5:0;6:0;8:0;9:0,SIM
gradient,50,20,9,warm,240.0,60.0,gateway_beacon_relay,windowed,gateway_beacon_relay|windowed|gradient|50,11,0,0.0,0.0,0.0,0.0,34.52620800000007,28.913664000000065,5.612544,0.8374410534745086,0.0,1.0,0,142,0.0,177,21,156,20,326,2,1321,0.92,0.0517156862745098,0,0.0,gateway_beacon_relay,1:0;10:0;11:0;12:0;14:0;15:0;19:0;24:0;26:0;30:0;35:0;36:0;38:0;39:0;40:0;46:0;49:0;5:0;8:0;9:0,SIM
gradient,50,20,9,warm,240.0,60.0,gateway_beacon_relay,windowed,gateway_beacon_relay|windowed|gradient|50,12,0,0.0,0.0,0.0,0.0,31.108096000000053,25.762816000000054,5.34528,0.8281707758649071,0.0,1.0,0,121,0.0,159,20,139,20,345,38,1342,0.66,0.04730392156862745,0,0.0,gateway_beacon_relay,10:0;14:0;16:0;17:0;18:0;2:0;21:0;22:0;28:0;30:0;31:0;32:0;33:0;37:0;40:0;42:0;47:0;48:0;49:0;7:0,SIM
gradient,50,20,9,warm,240.0,60.0,gateway_beacon_relay,windowed,gateway_beacon_relay|windowed|gradient|50,13,0,0.0,0.0,0.0,0.0,18.31936000000001,12.974080000000011,5.34528,0.7082168809390723,0.0,1.0,0,64,0.0,90,20,70,20,159,0,1088,0.64,0.0303921568627451,0,0.0,gateway_beacon_relay,0:0;14:0;17:0;19:0;2:0;20:0;21:0;23:0;26:0;30:0;31:0;33:0;35:0;36:0;38:0;4:0;41:0;49:0;7:0;9:0,SIM
gradient,50,20,9,warm,240.0,60.0,gateway_beacon_relay,windowed,gateway_beacon_relay|windowed|gradient|50,14,0,0.0,0.0,0.0,0.0,37.89721600000007,28.542976000000063,9.354240000000004,0.7531681482882545,0.07142857142857142,1.0,0,155,0.0,189,35,154,20,261,42,1293,0.72,0.05465686274509804,0,0.0,gateway_beacon_relay,10:0;12:0;15:0;18:0;2:0;20:0;23:0;24:0;31:0;32:0;34:0;35:0;37:0;38:0;41:0;44:0;46:0;47:0;48:0;7:0,SIM
gradient,50,20,9,warm,240.0,60.0,gateway_beacon_relay,windowed,gateway_beacon_relay|windowed|gradient|50,15,0,0.0,0.0,0.0,0.0,29.108224000000043,22.426624000000043,6.6815999999999995,0.7704566242172662,0.2222222222222222,1.0,0,107,0.0,146,25,121,20,228,9,1551,0.6,0.044117647058823525,0,0.0,gateway_beacon_relay,0:0;15:0;16:0;20:0;21:0;22:0;24:0;31:0;32:0;33:0;35:0;38:0;39:0;42:0;43:0;45:0;47:0;48:0;49:0;9:0,SIM
gradient,50,20,9,warm,240.0,60.0,gateway_beacon_relay,windowed,gateway_beacon_relay|windowed|gradient|50,16,0,0.0,0.0,0.0,0.0,35.18566400000007,29.840384000000068,5.34528,0.8480835831320396,0.0,1.0,0,148,0.0,181,20,161,20,291,16,1248,0.7,0.05269607843137255,0,0.0,gateway_beacon_relay,11:0;13:0;14:0;15:0;21:0;23:0;25:0;26:0;27:0;29:0;31:0;32:0;36:0;41:0;43:0;45:0;47:0;7:0;8:0;9:0,SIM
gradient,50,20,9,warm,240.0,60.0,gateway_beacon_relay,windowed,gateway_beacon_relay|windowed|gradient|50,17,0,0.0,0.0,0.0,0.0,35.92704000000007,30.58176000000007,5.34528,0.8512184694313812,0.0,1.0,0,152,0.0,185,20,165,20,321,0,1193,0.7,0.05367647058823529,0,0.0,gateway_beacon_relay,10:0;14:0;15:0;16:0;18:0;25:0;26:0;28:0;3:0;30:0;31:0;34:0;36:0;37:0;38:0;4:0;40:0;45:0;48:0;5:0,SIM
gradient,50,20,9,warm,240.0,60.0,gateway_beacon_relay,windowed,gateway_beacon_relay|windowed|gradient|50,18,0,0.0,0.0,0.0,0.0,42.798080000000084,33.176576000000075,9.621504000000005,0.7751884196674246,0.2,1.0,0,178,0.0,215,36,179,20,371,60,1309,0.82,0.06102941176470588,0,0.0,gateway_beacon_relay,11:0;13:0;14:0;16:0;19:0;22:0;23:0;26:0;3:0;30:0;31:0;33:0;34:0;40:0;44:0;45:0;47:0;49:0;5:0;9:0,SIM
gradient,50,20,9,warm,240.0,60.0,gateway_beacon_relay,windowed,gateway_beacon_relay|windowed|gradient|50,19,0,0.0,0.0,0.0,0.0,34.258944000000064,28.913664000000065,5.34528,0.8439741750358684,0.0,1.0,0,149,0.0,176,20,156,20,256,11,968,0.84,0.051470588235294115,0,0.0,gateway_beacon_relay,14:0;16:0;18:0;19:0;2:0;20:0;27:0;29:0;3:0;30:0;32:0;33:0;35:0;36:0;40:0;44:0;47:0;49:0;8:0;9:0,SIM
gradient,100,20,9,warm,240.0,60.0,gateway_beacon_relay,windowed,gateway_beacon_relay|windowed|gradient|100,0,0,0.0,0.0,0.0,0.0,64.47001600000016,59.12473600000016,5.34528,0.9170888991248275,0.0,1.0,0,313,0.0,339,20,319,20,459,0,2003,0.78,0.05028877887788779,0,0.0,gateway_beacon_relay,0:0;1:0;10:0;16:0;24:0;39:0;4:0;41:0;53:0;59:0;6:0;62:0;63:0;67:0;70:0;71:0;77:0;81:0;92:0;96:0,SIM
gradient,100,20,9,warm,240.0,60.0,gateway_beacon_relay,windowed,gateway_beacon_relay|windowed|gradient|100,1,0,0.0,0.0,0.0,0.0,55.573504000000135,50.22822400000013,5.34528,0.9038160343461519,0.0,1.0,0,269,0.0,291,20,271,20,267,26,1767,0.65,0.044348184818481844,0,0.0,gateway_beacon_relay,12:0;17:0;2:0;20:0;25:0;27:0;30:0;34:0;41:0;43:0;44:0;48:0;54:0;62:0;68:0;70:0;72:0;86:0;87:0;98:0,SIM
gradient,100,20,9,warm,240.0,60.0,gateway_beacon_relay,windowed,gateway_beacon_relay|windowed|gradient|100,2,0,0.0,0.0,0.0,0.0,51.68128000000012,46.33600000000012,5.34528,0.8965722211214585,0.0,1.0,0,247,0.0,270,20,250,20,365,4,1794,0.71,0.04174917491749175,0,0.0,gateway_beacon_relay,0:0;12:0;13:0;2:0;25:0;26:0;39:0;47:0;52:0;57:0;59:0;62:0;7:0;75:0;78:0;81:0;86:0;87:0;9:0;99:0,SIM
gradient,100,20,9,warm,240.0,60.0,gateway_beacon_relay,windowed,gateway_beacon_relay|windowed|gradient|100,3,0,0.0,0.0,0.0,0.0,65.21139200000016,59.866112000000165,5.34528,0.91803149977231,0.0,1.0,0,317,0.0,343,20,323,20,368,41,2073,0.84,0.050783828382838285,0,0.0,gateway_beacon_relay,1:0;15:0;2:0;21:0;25:0;30:0;38:0;4:0;5:0;55:0;6:0;61:0;64:0;65:0;67:0;68:0;73:0;84:0;88:0;95:0,SIM
gradient,100,20,9,warm,240.0,60.0,gateway_beacon_relay,windowed,gateway_beacon_relay|windowed|gradient|100,4,0,0.0,0.0,0.0,0.0,54.27609600000013,48.93081600000013,5.34528,0.9015168666515737,0.0,1.0,0,259,0.0,284,20,264,20,341,0,1934,0.55,0.04348184818481848,0,0.0,gateway_beacon_relay,1:0;10:0;12:0;14:0;26:0;29:0;38:0;39:0;44:0;46:0;48:0;49:0;51:0;58:0;62:0;66:0;69:0;79:0;9:0;97:0,SIM
gradient,100,20,9,warm,240.0,60.0,gateway_beacon_relay,windowed,gateway_beacon_relay|windowed|gradient|100,5,0,0.0,0.0,0.0,0.0,69.10361600000017,63.75833600000018,5.34528,0.9226483314563455,0.0,1.0,0,339,0.0,364,20,344,20,497,0,1843,0.9,0.05338283828382838,0,0.0,gateway_beacon_relay,14:0;17:0;21:0;23:0;24:0;28:0;4:0;40:0;44:0;48:0;5:0;53:0;59:0;6:0;60:0;61:0;70:0;78:0;84:0;9:0,SIM
gradient,100,20,9,warm,240.0,60.0,gateway_beacon_relay,windowed,gateway_beacon_relay|windowed|gradient|100,6,0,0.0,0.0,0.0,0.0,57.79763200000014,52.45235200000014,5.34528,0.9075173183565723,0.0,1.0,0,278,0.0,303,20,283,20,336,0,1966,0.88,0.04583333333333333,0,0.0,gateway_beacon_relay,14:0;16:0;17:0;19:0;23:0;3:0;36:0;44:0;51:0;59:0;63:0;64:0;66:0;67:0;70:0;81:0;9:0;90:0;94:0;95:0,SIM
gradient,100,20,9,warm,240.0,60.0,gateway_beacon_relay,windowed,gateway_beacon_relay|windowed|gradient|100,7,0,0.0,0.0,0.0,0.0,55.944192000000136,50.598912000000134,5.34528,0.9044533523694472,0.0,1.0,0,269,0.0,293,20,273,20,269,43,1944,0.65,0.04459570957095709,0,0.0,gateway_beacon_relay,10:0;11:0;16:0;19:0;20:0;21:0;22:0;25:0;3:0;42:0;50:0;51:0;55:0;59:0;61:0;81:0;91:0;92:0;95:0;96:0,SIM
gradient,100,20,9,warm,240.0,60.0,gateway_beacon_relay,windowed,gateway_beacon_relay|windowed|gradient|100,8,0,0.0,0.0,0.0,0.0,58.909696000000146,53.56441600000014,5.34528,0.9092631542352555,0.0,1.0,0,284,0.0,309,20,289,20,355,0,2002,0.72,0.04657590759075907,0,0.0,gateway_beacon_relay,10:0;13:0;14:0;21:0;25:0;29:0;31:0;46:0;47:0;49:0;52:0;58:0;63:0;64:0;67:0;76:0;80:0;83:0;95:0;99:0,SIM
gradient,100,20,9,warm,240.0,60.0,gateway_beacon_relay,windowed,gateway_beacon_relay|windowed|gradient|100,9,0,0.0,0.0,0.0,0.0,59.65107200000015,54.305792000000146,5.34528,0.9103908811563355,0.0,1.0,0,291,0.0,313,20,293,20,289,0,1800,0.72,0.04707095709570957,0,0.0,gateway_beacon_relay,1:0;10:0;17:0;19:0;3:0;41:0;42:0;45:0;49:0;57:0;59:0;60:0;61:0;68:0;70:0;75:0;79:0;9:0;90:0;99:0,SIM
gradient,100,20,9,warm,240.0,60.0,gateway_beacon_relay,windowed,gateway_beacon_relay|windowed|gradient|100,10,0,0.0,0.0,0.0,0.0,61.689856000000155,56.34457600000015,5.34528,0.9133523670407013,0.0,1.0,0,297,0.0,324,20,304,20,415,0,2130,0.78,0.04843234323432343,0,0.0,gateway_beacon_relay,12:0;21:0;23:0;24:0;28:0;30:0;36:0;39:0;47:0;53:0;56:0;6:0;71:0;72:0;73:0;75:0;77:0;78:0;9:0;95:0,SIM
gradient,100,20,9,warm,240.0,60.0,gateway_beacon_relay,windowed,gateway_beacon_relay|windowed|gradient|100,11,0,0.0,0.0,0.0,0.0,68.17689600000017,62.831616000000174,5.34528,0.9215968999233995,0.0,1.0,0,331,0.0,359,20,339,20,499,45,2036,0.81,0.05276402640264026,0,0.0,gateway_beacon_relay,1:0;18:0;21:0;25:0;30:0;32:0;38:0;41:0;43:0;47:0;51:0;56:0;62:0;63:0;66:0;78:0;84:0;85:0;86:0;96:0,SIM
gradient,100,20,9,warm,240.0,60.0,gateway_beacon_relay,windowed,gateway_beacon_relay|windowed|gradient|100,12,0,0.0,0.0,0.0,0.0,69.10361600000017,63.75833600000018,5.34528,0.9226483314563455,0.0,1.0,0,339,0.0,364,20,344,20,456,0,1894,0.87,0.05338283828382838,0,0.0,gateway_beacon_relay,13:0;2:0;29:0;39:0;44:0;50:0;52:0;56:0;6:0;66:0;68:0;70:0;73:0;84:0;86:0;87:0;89:0;93:0;97:0;98:0,SIM
gradient,100,20,9,warm,240.0,60.0,gateway_beacon_relay,windowed,gateway_beacon_relay|windowed|gradient|100,13,0,0.0,0.0,0.0,0.0,41.67270400000009,36.327424000000086,5.34528,0.871731865539611,0.0,1.0,0,188,0.0,216,20,196,20,389,25,2169,0.0,0.03506600660066007,0,0.0,gateway_beacon_relay,12:0;14:0;19:0;20:0;34:0;37:0;38:0;39:0;49:0;5:0;51:0;54:0;57:0;60:0;79:0;80:0;86:0;89:0;91:0;97:0,SIM
gradient,100,20,9,warm,240.0,60.0,gateway_beacon_relay,windowed,gateway_beacon_relay|windowed|gradient|100,14,0,0.0,0.0,0.0,0.0,60.57779200000015,55.23251200000015,5.34528,0.9117617228439097,0.0,1.0,0,294,0.0,318,20,298,20,345,0,1899,0.91,0.04768976897689769,0,0.0,gateway_beacon_relay,15:0;25:0;3:0;31:0;32:0;43:0;48:0;49:0;53:0;54:0;56:0;60:0;66:0;73:0;76:0;8:0;82:0;87:0;91:0;97:0,SIM
gradient,100,20,9,warm,240.0,60.0,gateway_beacon_relay,windowed,gateway_beacon_relay|windowed|gradient|100,15,0,0.0,0.0,0.0,0.0,56.87091200000014,51.52563200000014,5.34528,0.9060102992545647,0.0,1.0,0,271,0.0,298,20,278,20,443,0,2002,0.57,0.04521452145214521,0,0.0,gateway_beacon_relay,0:0;15:0;21:0;3:0;33:0;43:0;49:0;51:0;56:0;57:0;58:0;59:0;64:0;76:0;78:0;81:0;85:0;86:0;89:0;97:0,SIM
gradient,100,20,9,warm,240.0,60.0,gateway_beacon_relay,windowed,gateway_beacon_relay|windowed|gradient|100,16,0,0.0,0.0,0.0,0.0,64.47001600000016,59.12473600000016,5.34528,0.9170888991248275,0.0,1.0,0,310,0.0,339,20,319,20,547,68,2041,0.7,0.05028877887788779,0,0.0,gateway_beacon_relay,10:0;15:0;2:0;24:0;27:0;33:0;44:0;45:0;47:0;49:0;51:0;52:0;55:0;56:0;7:0;75:0;76:0;78:0;95:0;98:0,SIM
gradient,100,20,9,warm,240.0,60.0,gateway_beacon_relay,windowed,gateway_beacon_relay|windowed|gradient|100,17,0,0.0,0.0,0.0,0.0,51.12524800000012,45.77996800000012,5.34528,0.8954473531355781,0.0,1.0,0,242,0.0,267,20,247,20,288,0,2035,0.64,0.04137788778877888,0,0.0,gateway_beacon_relay,10:0;16:0;19:0;25:0;27:0;37:0;39:0;46:0;49:0;55:0;56:0;61:0;64:0;66:0;67:0;73:0;77:0;87:0;97:0;99:0,SIM
gradient,100,20,9,warm,240.0,60.0,gateway_beacon_relay,windowed,gateway_beacon_relay|windowed|gradient|100,18,0,0.0,0.0,0.0,0.0,54.09075200000013,48.74547200000013,5.34528,0.9011794104840696,0.0,1.0,0,254,0.0,283,20,263,20,425,33,2187,0.57,0.04335808580858086,0,0.0,gateway_beacon_relay,1:0;2:0;21:0;24:0;27:0;36:0;37:0;38:0;44:0;58:0;64:0;66:0;7:0;72:0;78:0;79:0;81:0;84:0;88:0;90:0,SIM
gradient,100,20,9,warm,240.0,60.0,gateway_beacon_relay,windowed,gateway_beacon_relay|windowed|gradient|100,19,0,0.0,0.0,0.0,0.0,57.42694400000014,52.08166400000014,5.34528,0.9069203473547193,0.0,1.0,0,278,0.0,301,20,281,20,322,0,1800,0.65,0.04558580858085808,0,0.0,gateway_beacon_relay,0:0;10:0;17:0;2:0;20:0;30:0;31:0;33:0;34:0;50:0;54:0;56:0;59:0;62:0;66:0;73:0;75:0;8:0;86:0;94:0,SIM
flood,25,20,9,warm,240.0,60.0,gateway_beacon_relay,tx_only,gateway_beacon_relay|tx_only|flood|25,0,0,0.0,0.0,0.0,0.0,6.086656,0.7413759999999999,5.34528,0.12180349932705249,0.0,1.0,0,0,0.0,24,20,4,20,0,0,600,0.0,0.0,0,0.0,gateway_beacon_relay,1:0;10:0;12:0;13:0;15:0;16:0;17:0;18:0;2:0;20:0;21:0;22:0;23:0;24:0;3:0;4:0;6:0;7:0;8:0;9:0,SIM
flood,25,20,9,warm,240.0,60.0,gateway_beacon_relay,tx_only,gateway_beacon_relay|tx_only|flood|25,1,0,0.0,0.0,0.0,0.0,6.086656,0.7413759999999999,5.34528,0.12180349932705249,0.0,1.0,0,0,0.0,24,20,4,20,0,0,600,0.0,0.0,0,0.0,gateway_beacon_relay,1:0;10:0;11:0;12:0;13:0;14:0;15:0;16:0;18:0;19:0;20:0;21:0;22:0;23:0;24:0;5:0;6:0;7:0;8:0;9:0,SIM
flood,25,20,9,warm,240.0,60.0,gateway_beacon_relay,tx_only,gateway_beacon_relay|tx_only|flood|25,2,0,0.0,0.0,0.0,0.0,6.086656,0.7413759999999999,5.34528,0.12180349932705249,0.0,1.0,0,4,0.0,24,20,4,20,0,0,500,0.0,0.0,0,0.0,gateway_beacon_relay,10:0;11:0;12:0;13:0;14:0;15:0;16:0;17:0;18:0;19:0;2:0;20:0;21:0;22:0;23:0;24:0;4:0;5:0;7:0;9:0,SIM
flood,25,20,9,warm,240.0,60.0,gateway_beacon_relay,tx_only,gateway_beacon_relay|tx_only|flood|25,3,0,0.0,0.0,0.0,0.0,6.086656,0.7413759999999999,5.34528,0.12180349932705249,0.0,1.0,0,0,0.0,24,20,4,20,0,0,600,0.0,0.0,0,0.0,gateway_beacon_relay,0:0;1:0;10:0;11:0;12:0;13:0;16:0;17:0;18:0;19:0;20:0;21:0;22:0;23:0;3:0;4:0;5:0;6:0;7:0;8:0,SIM
flood,25,20,9,warm,240.0,60.0,gateway_beacon_relay,tx_only,gateway_beacon_relay|tx_only|flood|25,4,0,0.0,0.0,0.0,0.0,6.086656,0.7413759999999999,5.34528,0.12180349932705249,0.0,1.0,0,0,0.0,24,20,4,20,0,0,600,0.0,0.0,0,0.0,gateway_beacon_relay,0:0;10:0;11:0;13:0;14:0;15:0;16:0;17:0;18:0;19:0;2:0;21:0;22:0;24:0;3:0;4:0;5:0;6:0;8:0;9:0,SIM
flood,25,20,9,warm,240.0,60.0,gateway_beacon_relay,tx_only,gateway_beacon_relay|tx_only|flood|25,5,0,0.0,0.0,0.0,0.0,6.086656,0.7413759999999999,5.34528,0.12180349932705249,0.0,1.0,0,0,0.0,24,20,4,20,0,0,600,0.0,0.0,0,0.0,gateway_beacon_relay,0:0;1:0;10:0;11:0;12:0;13:0;14:0;15:0;16:0;18:0;19:0;20:0;21:0;22:0;24:0;4:0;5:0;6:0;8:0;9:0,SIM
flood,25,20,9,warm,240.0,60.0,gateway_beacon_relay,tx_only,gateway_beacon_relay|tx_only|flood|25,6,0,0.0,0.0,0.0,0.0,6.086656,0.7413759999999999,5.34528,0.12180349932705249,0.0,1.0,0,0,0.0,24,20,4,20,0,0,600,0.0,0.0,0,0.0,gateway_beacon_relay,0:0;10:0;12:0;13:0;14:0;15:0;17:0;19:0;2:0;20:0;21:0;23:0;24:0;3:0;4:0;5:0;6:0;7:0;8:0;9:0,SIM
flood,25,20,9,warm,240.0,60.0,gateway_beacon_relay,tx_only,gateway_beacon_relay|tx_only|flood|25,7,0,0.0,0.0,0.0,0.0,6.086656,0.7413759999999999,5.34528,0.12180349932705249,0.0,1.0,0,0,0.0,24,20,4,20,0,0,600,0.0,0.0,0,0.0,gateway_beacon_relay,1:0;10:0;11:0;12:0;13:0;14:0;15:0;16:0;17:0;18:0;19:0;2:0;23:0;24:0;3:0;4:0;5:0;7:0;8:0;9:0,SIM
flood,25,20,9,warm,240.0,60.0,gateway_beacon_relay,tx_only,gateway_beacon_relay|tx_only|flood|25,8,0,0.0,0.0,0.0,0.0,6.086656,0.7413759999999999,5.34528,0.12180349932705249,0.0,1.0,0,0,0.0,24,20,4,20,0,0,600,0.0,0.0,0,0.0,gateway_beacon_relay,0:0;11:0;12:0;13:0;14:0;15:0;16:0;17:0;18:0;19:0;2:0;21:0;23:0;24:0;3:0;4:0;5:0;6:0;8:0;9:0,SIM
flood,25,20,9,warm,240.0,60.0,gateway_beacon_relay,tx_only,gateway_beacon_relay|tx_only|flood|25,9,0,0.0,0.0,0.0,0.0,6.086656,0.7413759999999999,5.34528,0.12180349932705249,0.0,1.0,0,0,0.0,24,20,4,20,0,0,600,0.0,0.0,0,0.0,gateway_beacon_relay,0:0;10:0;11:0;12:0;13:0;15:0;17:0;18:0;19:0;2:0;20:0;21:0;22:0;23:0;24:0;4:0;5:0;6:0;7:0;9:0,SIM
flood,25,20,9,warm,240.0,60.0,gateway_beacon_relay,tx_only,gateway_beacon_relay|tx_only|flood|25,10,0,0.0,0.0,0.0,0.0,6.086656,0.7413759999999999,5.34528,0.12180349932705249,0.0,1.0,0,4,0.0,24,20,4,20,0,0,500,0.0,0.0,0,0.0,gateway_beacon_relay,1:0;10:0;11:0;12:0;13:0;14:0;17:0;18:0;19:0;2:0;22:0;23:0;24:0;3:0;4:0;5:0;6:0;7:0;8:0;9:0,SIM
flood,25,20,9,warm,240.0,60.0,gateway_beacon_relay,tx_only,gateway_beacon_relay|tx_only|flood|25,11,0,0.0,0.0,0.0,0.0,6.086656,0.7413759999999999,5.34528,0.12180349932705249,0.0,1.0,0,0,0.0,24,20,4,20,0,0,600,0.0,0.0,0,0.0,gateway_beacon_relay,0:0;1:0;10:0;11:0;12:0;13:0;14:0;15:0;17:0;18:0;19:0;2:0;21:0;22:0;23:0;3:0;4:0;5:0;6:0;8:0,SIM
flood,25,20,9,warm,240.0,60.0,gateway_beacon_relay,tx_only,gateway_beacon_relay|tx_only|flood|25,12,0,0.0,0.0,0.0,0.0,6.086656,0.7413759999999999,5.34528,0.12180349932705249,0.0,1.0,0,0,0.0,24,20,4,20,0,0,600,0.0,0.0,0,0.0,gateway_beacon_relay,0:0;10:0;11:0;12:0;13:0;14:0;16:0;17:0;18:0;19:0;21:0;22:0;23:0;24:0;3:0;5:0;6:0;7:0;8:0;9:0,SIM
flood,25,20,9,warm,240.0,60.0,gateway_beacon_relay,tx_only,gateway_beacon_relay|tx_only|flood|25,13,0,0.0,0.0,0.0,0.0,6.086656,0.7413759999999999,5.34528,0.12180349932705249,0.0,1.0,0,0,0.0,24,20,4,20,0,0,600,0.0,0.0,0,0.0,gateway_beacon_relay,0:0;1:0;10:0;11:0;12:0;13:0;14:0;15:0;17:0;18:0;19:0;2:0;20:0;21:0;22:0;24:0;3:0;4:0;6:0;7:0,SIM
flood,25,20,9,warm,240.0,60.0,gateway_beacon_relay,tx_only,gateway_beacon_relay|tx_only|flood|25,14,0,0.0,0.0,0.0,0.0,6.086656,0.7413759999999999,5.34528,0.12180349932705249,0.0,1.0,0,0,0.0,24,20,4,20,0,0,600,0.0,0.0,0,0.0,gateway_beacon_relay,1:0;10:0;11:0;12:0;13:0;14:0;15:0;16:0;18:0;19:0;2:0;21:0;23:0;24:0;3:0;4:0;5:0;6:0;7:0;9:0,SIM
flood,25,20,9,warm,240.0,60.0,gateway_beacon_relay,tx_only,gateway_beacon_relay|tx_only|flood|25,15,0,0.0,0.0,0.0,0.0,6.086656,0.7413759999999999,5.34528,0.12180349932705249,0.0,1.0,0,4,0.0,24,20,4,20,0,0,500,0.0,0.0,0,0.0,gateway_beacon_relay,0:0;1:0;10:0;11:0;12:0;13:0;16:0;17:0;18:0;19:0;2:0;20:0;21:0;22:0;24:0;4:0;5:0;6:0;7:0;9:0,SIM
flood,25,20,9,warm,240.0,60.0,gateway_beacon_relay,tx_only,gateway_beacon_relay|tx_only|flood|25,16,0,0.0,0.0,0.0,0.0,6.086656,0.7413759999999999,5.34528,0.12180349932705249,0.0,1.0,0,0,0.0,24,20,4,20,0,0,600,0.0,0.0,0,0.0,gateway_beacon_relay,0:0;1:0;10:0;11:0;12:0;13:0;15:0;16:0;17:0;19:0;20:0;22:0;23:0;24:0;3:0;4:0;5:0;7:0;8:0;9:0,SIM
flood,25,20,9,warm,240.0,60.0,gateway_beacon_relay,tx_only,gateway_beacon_relay|tx_only|flood|25,17,0,0.0,0.0,0.0,0.0,6.086656,0.7413759999999999,5.34528,0.12180349932705249,0.0,1.0,0,0,0.0,24,20,4,20,0,0,600,0.0,0.0,0,0.0,gateway_beacon_relay,0:0;1:0;10:0;11:0;12:0;14:0;16:0;17:0;18:0;19:0;2:0;20:0;21:0;23:0;24:0;4:0;5:0;6:0;8:0;9:0,SIM
flood,25,20,9,warm,240.0,60.0,gateway_beacon_relay,tx_only,gateway_beacon_relay|tx_only|flood|25,18,0,0.0,0.0,0.0,0.0,6.086656,0.7413759999999999,5.34528,0.12180349932705249,0.0,1.0,0,0,0.0,24,20,4,20,0,0,600,0.0,0.0,0,0.0,gateway_beacon_relay,0:0;1:0;10:0;12:0;13:0;14:0;15:0;17:0;18:0;19:0;2:0;20:0;21:0;22:0;24:0;3:0;4:0;5:0;6:0;8:0,SIM
flood,25,20,9,warm,240.0,60.0,gateway_beacon_relay,tx_only,gateway_beacon_relay|tx_only|flood|25,19,0,0.0,0.0,0.0,0.0,6.086656,0.7413759999999999,5.34528,0.12180349932705249,0.0,1.0,0,0,0.0,24,20,4,20,0,0,600,0.0,0.0,0,0.0,gateway_beacon_relay,0:0;10:0;11:0;12:0;13:0;14:0;15:0;16:0;19:0;2:0;21:0;23:0;24:0;3:0;4:0;5:0;6:0;7:0;8:0;9:0,SIM
flood,50,20,9,warm,240.0,60.0,gateway_beacon_relay,tx_only,gateway_beacon_relay|tx_only|flood|50,0,0,0.0,0.0,0.0,0.0,6.086656,0.7413759999999999,5.34528,0.12180349932705249,0.0,1.0,0,0,0.0,24,20,4,20,0,0,1200,0.0,0.0,0,0.0,gateway_beacon_relay,1:0;10:0;12:0;14:0;17:0;19:0;2:0;21:0;23:0;27:0;3:0;34:0;4:0;45:0;46:0;47:0;49:0;6:0;7:0;9:0,SIM
flood,50,20,9,warm,240.0,60.0,gateway_beacon_relay,tx_only,gateway_beacon_relay|tx_only|flood|50,1,0,0.0,0.0,0.0,0.0,6.086656,0.7413759999999999,5.34528,0.12180349932705249,0.0,1.0,0,0,0.0,24,20,4,20,0,0,1200,0.0,0.0,0,0.0,gateway_beacon_relay,0:0;1:0;11:0;12:0;14:0;16:0;21:0;22:0;26:0;29:0;31:0;32:0;34:0;36:0;39:0;40:0;41:0;45:0;47:0;5:0,SIM
flood,50,20,9,warm,240.0,60.0,gateway_beacon_relay,tx_only,gateway_beacon_relay|tx_only|flood|50,2,0,0.0,0.0,0.0,0.0,6.086656,0.7413759999999999,5.34528,0.12180349932705249,0.0,1.0,0,0,0.0,24,20,4,20,0,0,1200,0.0,0.0,0,0.0,gateway_beacon_relay,0:0;1:0;10:0;11:0;15:0;16:0;2:0;23:0;24:0;33:0;4:0;42:0;43:0;44:0;48:0;49:0;5:0;7:0;8:0;9:0,SIM
flood,50,20,9,warm,240.0,60.0,gateway_beacon_relay,tx_only,gateway_beacon_relay|tx_only|flood|50,3,0,0.0,0.0,0.0,0.0,6.086656,0.7413759999999999,5.34528,0.12180349932705249,0.0,1.0,0,0,0.0,24,20,4,20,0,0,1200,0.0,0.0,0,0.0,gateway_beacon_relay,0:0;1:0;15:0;16:0;17:0;19:0;20:0;21:0;24:0;26:0;27:0;32:0;33:0;35:0;39:0;40:0;43:0;45:0;46:0;8:0,SIM
flood,50,20,9,warm,240.0,60.0,gateway_beacon_relay,tx_only,gateway_beacon_relay|tx_only|flood|50,4,0,0.0,0.0,0.0,0.0,6.086656,0.7413759999999999,5.34528,0.12180349932705249,0.0,1.0,0,0,0.0,24,20,4,20,0,0,1200,0.0,0.0,0,0.0,gateway_beacon_relay,10:0;13:0;15:0;18:0;2:0;20:0;26:0;27:0;3:0;31:0;34:0;35:0;38:0;39:0;42:0;45:0;46:0;47:0;7:0;9:0,SIM
flood,50,20,9,warm,240.0,60.0,gateway_beacon_relay,tx_only,gateway_beacon_relay|tx_only|flood|50,5,0,0.0,0.0,0.0,0.0,6.086656,0.7413759999999999,5.34528,0.12180349932705249,0.0,1.0,0,0,0.0,24,20,4,20,0,0,1200,0.0,0.0,0,0.0,gateway_beacon_relay,10:0;13:0;15:0;16:0;2:0;21:0;22:0;26:0;29:0;3:0;31:0;35:0;36:0;38:0;41:0;42:0;47:0;6:0;8:0;9:0,SIM
flood,50,20,9,warm,240.0,60.0,gateway_beacon_relay,tx_only,gateway_beacon_relay|tx_only|flood|50,6,0,0.0,0.0,0.0,0.0,6.086656,0.7413759999999999,5.34528,0.12180349932705249,0.0,1.0,0,0,0.0,24,20,4,20,0,0,1200,0.0,0.0,0,0.0,gateway_beacon_relay,10:0;17:0;19:0;20:0;22:0;23:0;24:0;26:0;29:0;30:0;31:0;38:0;39:0;40:0;42:0;43:0;44:0;46:0;49:0;9:0,SIM
flood,50,20,9,warm,240.0,60.0,gateway_beacon_relay,tx_only,gateway_beacon_relay|tx_only|flood|50,7,0,0.0,0.0,0.0,0.0,6.086656,0.7413759999999999,5.34528,0.12180349932705249,0.0,1.0,0,0,0.0,24,20,4,20,0,0,1200,0.0,0.0,0,0.0,gateway_beacon_relay,0:0;11:0;12:0;16:0;18:0;20:0;23:0;25:0;26:0;29:0;3:0;31:0;32:0;34:0;35:0;36:0;37:0;39:0;8:0;9:0,SIM
flood,50,20,9,warm,240.0,60.0,gateway_beacon_relay,tx_only,gateway_beacon_relay|tx_only|flood|50,8,0,0.0,0.0,0.0,0.0,6.086656,0.7413759999999999,5.34528,0.12180349932705249,0.0,1.0,0,0,0.0,24,20,4,20,0,0,1200,0.0,0.0,0,0.0,gateway_beacon_relay,0:0;11:0;13:0;19:0;2:0;20:0;21:0;22:0;23:0;27:0;28:0;3:0;31:0;36:0;37:0;41:0;47:0;48:0;49:0;7:0,SIM
flood,50,20,9,warm,240.0,60.0,gateway_beacon_relay,tx_only,gateway_beacon_relay|tx_only|flood|50,9,0,0.0,0.0,0.0,0.0,6.086656,0.7413759999999999,5.34528,0.12180349932705249,0.0,1.0,0,0,0.0,24,20,4,20,0,0,1200,0.0,0.0,0,0.0,gateway_beacon_relay,0:0;10:0;14:0;15:0;16:0;18:0;22:0;23:0;25:0;27:0;31:0;32:0;35:0;36:0;37:0;4:0;41:0;45:0;6:0;8:0,SIM
flood,50,20,9,warm,240.0,60.0,gateway_beacon_relay,tx_only,gateway_beacon_relay|tx_only|flood|50,10,0,0.0,0.0,0.0,0.0,6.086656,0.7413759999999999,5.34528,0.12180349932705249,0.0,1.0,0,4,0.0,24,20,4,20,0,0,1000,0.0,0.0,0,0.0,gateway_beacon_relay,10:0;16:0;21:0;22:0;27:0;28:0;29:0;3:0;31:0;32:0;34:0;37:0;38:0;4:0;41:0;42:0;5:0;6:0;8:0;9:0,SIM
flood,50,20,9,warm,240.0,60.0,gateway_beacon_relay,tx_only,gateway_beacon_relay|tx_only|flood|50,11,0,0.0,0.0,0.0,0.0,6.086656,0.7413759999999999,5.34528,0.12180349932705249,0.0,1.0,0,0,0.0,24,20,4,20,0,0,1200,0.0,0.0,0,0.0,gateway_beacon_relay,1:0;10:0;11:0;12:0;14:0;15:0;19:0;24:0;26:0;30:0;35:0;36:0;38:0;39:0;40:0;46:0;49:0;5:0;8:0;9:0,SIM
flood,50,20,9,warm,240.0,60.0,gateway_beacon_relay,tx_only,gateway_beacon_relay|tx_only|flood|50,12,0,0.0,0.0,0.0,0.0,6.086656,0.7413759999999999,5.34528,0.12180349932705249,0.0,1.0,0,0,0.0,24,20,4,20,0,0,1200,0.0,0.0,0,0.0,gateway_beacon_relay,10:0;14:0;16:0;17:0;18:0;2:0;21:0;22:0;28:0;30:0;31:0;32:0;33:0;37:0;40:0;42:0;47:0;48:0;49:0;7:0,SIM
flood,50,20,9,warm,240.0,60.0,gateway_beacon_relay,tx_only,gateway_beacon_relay|tx_only|flood|50,13,0,0.0,0.0,0.0,0.0,6.086656,0.7413759999999999,5.34528,0.12180349932705249,0.0,1.0,0,4,0.0,24,20,4,20,0,0,1000,0.0,0.0,0,0.0,gateway_beacon_relay,0:0;14:0;17:0;19:0;2:0;20:0;21:0;23:0;26:0;30:0;31:0;33:0;35:0;36:0;38:0;4:0;41:0;49:0;7:0;9:0,SIM
flood,50,20,9,warm,240.0,60.0,gateway_beacon_relay,tx_only,gateway_beacon_relay|tx_only|flood|50,14,0,0.0,0.0,0.0,0.0,6.086656,0.7413759999999999,5.34528,0.12180349932705249,0.0,1.0,0,0,0.0,24,20,4,20,0,0,1200,0.0,0.0,0,0.0,gateway_beacon_relay,10:0;12:0;15:0;18:0;2:0;20:0;23:0;24:0;31:0;32:0;34:0;35:0;37:0;38:0;41:0;44:0;46:0;47:0;48:0;7:0,SIM
flood,50,20,9,warm,240.0,60.0,gateway_beacon_relay,tx_only,gateway_beacon_relay|tx_only|flood|50,15,0,0.0,0.0,0.0,0.0,6.086656,0.7413759999999999,5.34528,0.12180349932705249,0.0,1.0,0,0,0.0,24,20,4,20,0,0,1200,0.0,0.0,0,0.0,gateway_beacon_relay,0:0;15:0;16:0;20:0;21:0;22:0;24:0;31:0;32:0;33:0;35:0;38:0;39:0;42:0;43:0;45:0;47:0;48:0;49:0;9:0,SIM
flood,50,20,9,warm,240.0,60.0,gateway_beacon_relay,tx_only,gateway_beacon_relay|tx_only|flood|50,16,0,0.0,0.0,0.0,0.0,6.086656,0.7413759999999999,5.34528,0.12180349932705249,0.0,1.0,0,0,0.0,24,20,4,20,0,0,1200,0.0,0.0,0,0.0,gateway_beacon_relay,11:0;13:0;14:0;15:0;21:0;23:0;25:0;26:0;27:0;29:0;31:0;32:0;36:0;41:0;43:0;45:0;47:0;7:0;8:0;9:0,SIM
flood,50,20,9,warm,240.0,60.0,gateway_beacon_relay,tx_only,gateway_beacon_relay|tx_only|flood|50,17,0,0.0,0.0,0.0,0.0,6.086656,0.7413759999999999,5.34528,0.12180349932705249,0.0,1.0,0,0,0.0,24,20,4,20,0,0,1200,0.0,0.0,0,0.0,gateway_beacon_relay,10:0;14:0;15:0;16:0;18:0;25:0;26:0;28:0;3:0;30:0;31:0;34:0;36:0;37:0;38:0;4:0;40:0;45:0;48:0;5:0,SIM
flood,50,20,9,warm,240.0,60.0,gateway_beacon_relay,tx_only,gateway_beacon_relay|tx_only|flood|50,18,0,0.0,0.0,0.0,0.0,6.086656,0.7413759999999999,5.34528,0.12180349932705249,0.0,1.0,0,0,0.0,24,20,4,20,0,0,1200,0.0,0.0,0,0.0,gateway_beacon_relay,11:0;13:0;14:0;16:0;19:0;22:0;23:0;26:0;3:0;30:0;31:0;33:0;34:0;40:0;44:0;45:0;47:0;49:0;5:0;9:0,SIM
flood,50,20,9,warm,240.0,60.0,gateway_beacon_relay,tx_only,gateway_beacon_relay|tx_only|flood|50,19,0,0.0,0.0,0.0,0.0,6.086656,0.7413759999999999,5.34528,0.12180349932705249,0.0,1.0,0,2,0.0,24,20,4,20,0,0,1100,0.0,0.0,0,0.0,gateway_beacon_relay,14:0;16:0;18:0;19:0;2:0;20:0;27:0;29:0;3:0;30:0;32:0;33:0;35:0;36:0;40:0;44:0;47:0;49:0;8:0;9:0,SIM
flood,100,20,9,warm,240.0,60.0,gateway_beacon_relay,tx_only,gateway_beacon_relay|tx_only|flood|100,0,0,0.0,0.0,0.0,0.0,6.086656,0.7413759999999999,5.34528,0.12180349932705249,0.0,1.0,0,0,0.0,24,20,4,20,0,0,2400,0.0,0.0,0,0.0,gateway_beacon_relay,0:0;1:0;10:0;16:0;24:0;39:0;4:0;41:0;53:0;59:0;6:0;62:0;63:0;67:0;70:0;71:0;77:0;81:0;92:0;96:0,SIM
flood,100,20,9,warm,240.0,60.0,gateway_beacon_relay,tx_only,gateway_beacon_relay|tx_only|flood|100,1,0,0.0,0.0,0.0,0.0,6.086656,0.7413759999999999,5.34528,0.12180349932705249,0.0,1.0,0,2,0.0,24,20,4,20,0,0,2200,0.0,0.0,0,0.0,gateway_beacon_relay,12:0;17:0;2:0;20:0;25:0;27:0;30:0;34:0;41:0;43:0;44:0;48:0;54:0;62:0;68:0;70:0;72:0;86:0;87:0;98:0,SIM
flood,100,20,9,warm,240.0,60.0,gateway_beacon_relay,tx_only,gateway_beacon_relay|tx_only|flood|100,2,0,0.0,0.0,0.0,0.0,6.086656,0.7413759999999999,5.34528,0.12180349932705249,0.0,1.0,0,0,0.0,24,20,4,20,0,0,2400,0.0,0.0,0,0.0,gateway_beacon_relay,0:0;12:0;13:0;2:0;25:0;26:0;39:0;47:0;52:0;57:0;59:0;62:0;7:0;75:0;78:0;81:0;86:0;87:0;9:0;99:0,SIM
flood,100,20,9,warm,240.0,60.0,gateway_beacon_relay,tx_only,gateway_beacon_relay|tx_only|flood|100,3,0,0.0,0.0,0.0,0.0,6.086656,0.7413759999999999,5.34528,0.12180349932705249,0.0,1.0,0,0,0.0,24,20,4,20,0,0,2400,0.0,0.0,0,0.0,gateway_beacon_relay,1:0;15:0;2:0;21:0;25:0;30:0;38:0;4:0;5:0;55:0;6:0;61:0;64:0;65:0;67:0;68:0;73:0;84:0;88:0;95:0,SIM
flood,100,20,9,warm,240.0,60.0,gateway_beacon_relay,tx_only,gateway_beacon_relay|tx_only|flood|100,4,0,0.0,0.0,0.0,0.0,6.086656,0.7413759999999999,5.34528,0.12180349932705249,0.0,1.0,0,0,0.0,24,20,4,20,0,0,2400,0.0,0.0,0,0.0,gateway_beacon_relay,1:0;10:0;12:0;14:0;26:0;29:0;38:0;39:0;44:0;46:0;48:0;49:0;51:0;58:0;62:0;66:0;69:0;79:0;9:0;97:0,SIM
flood,100,20,9,warm,240.0,60.0,gateway_beacon_relay,tx_only,gateway_beacon_relay|tx_only|flood|100,5,0,0.0,0.0,0.0,0.0,6.086656,0.7413759999999999,5.34528,0.12180349932705249,0.0,1.0,0,0,0.0,24,20,4,20,0,0,2400,0.0,0.0,0,0.0,gateway_beacon_relay,14:0;17:0;21:0;23:0;24:0;28:0;4:0;40:0;44:0;48:0;5:0;53:0;59:0;6:0;60:0;61:0;70:0;78:0;84:0;9:0,SIM
flood,100,20,9,warm,240.0,60.0,gateway_beacon_relay,tx_only,gateway_beacon_relay|tx_only|flood|100,6,0,0.0,0.0,0.0,0.0,6.086656,0.7413759999999999,5.34528,0.12180349932705249,0.0,1.0,0,0,0.0,24,20,4,20,0,0,2400,0.0,0.0,0,0.0,gateway_beacon_relay,14:0;16:0;17:0;19:0;23:0;3:0;36:0;44:0;51:0;59:0;63:0;64:0;66:0;67:0;70:0;81:0;9:0;90:0;94:0;95:0,SIM
flood,100,20,9,warm,240.0,60.0,gateway_beacon_relay,tx_only,gateway_beacon_relay|tx_only|flood|100,7,0,0.0,0.0,0.0,0.0,6.086656,0.7413759999999999,5.34528,0.12180349932705249,0.0,1.0,0,0,0.0,24,20,4,20,0,0,2400,0.0,0.0,0,0.0,gateway_beacon_relay,10:0;11:0;16:0;19:0;20:0;21:0;22:0;25:0;3:0;42:0;50:0;51:0;55:0;59:0;61:0;81:0;91:0;92:0;95:0;96:0,SIM
flood,100,20,9,warm,240.0,60.0,gateway_beacon_relay,tx_only,gateway_beacon_relay|tx_only|flood|100,8,0,0.0,0.0,0.0,0.0,6.086656,0.7413759999999999,5.34528,0.12180349932705249,0.0,1.0,0,0,0.0,24,20,4,20,0,0,2400,0.0,0.0,0,0.0,gateway_beacon_relay,10:0;13:0;14:0;21:0;25:0;29:0;31:0;46:0;47:0;49:0;52:0;58:0;63:0;64:0;67:0;76:0;80:0;83:0;95:0;99:0,SIM
flood,100,20,9,warm,240.0,60.0,gateway_beacon_relay,tx_only,gateway_beacon_relay|tx_only|flood|100,9,0,0.0,0.0,0.0,0.0,6.086656,0.7413759999999999,5.34528,0.12180349932705249,0.0,1.0,0,0,0.0,24,20,4,20,0,0,2400,0.0,0.0,0,0.0,gateway_beacon_relay,1:0;10:0;17:0;19:0;3:0;41:0;42:0;45:0;49:0;57:0;59:0;60:0;61:0;68:0;70:0;75:0;79:0;9:0;90:0;99:0,SIM
flood,100,20,9,warm,240.0,60.0,gateway_beacon_relay,tx_only,gateway_beacon_relay|tx_only|flood|100,10,0,0.0,0.0,0.0,0.0,6.086656,0.7413759999999999,5.34528,0.12180349932705249,0.0,1.0,0,0,0.0,24,20,4,20,0,0,2400,0.0,0.0,0,0.0,gateway_beacon_relay,12:0;21:0;23:0;24:0;28:0;30:0;36:0;39:0;47:0;53:0;56:0;6:0;71:0;72:0;73:0;75:0;77:0;78:0;9:0;95:0,SIM
flood,100,20,9,warm,240.0,60.0,gateway_beacon_relay,tx_only,gateway_beacon_relay|tx_only|flood|100,11,0,0.0,0.0,0.0,0.0,6.086656,0.7413759999999999,5.34528,0.12180349932705249,0.0,1.0,0,0,0.0,24,20,4,20,0,0,2400,0.0,0.0,0,0.0,gateway_beacon_relay,1:0;18:0;21:0;25:0;30:0;32:0;38:0;41:0;43:0;47:0;51:0;56:0;62:0;63:0;66:0;78:0;84:0;85:0;86:0;96:0,SIM
flood,100,20,9,warm,240.0,60.0,gateway_beacon_relay,tx_only,gateway_beacon_relay|tx_only|flood|100,12,0,0.0,0.0,0.0,0.0,6.086656,0.7413759999999999,5.34528,0.12180349932705249,0.0,1.0,0,0,0.0,24,20,4,20,0,0,2400,0.0,0.0,0,0.0,gateway_beacon_relay,13:0;2:0;29:0;39:0;44:0;50:0;52:0;56:0;6:0;66:0;68:0;70:0;73:0;84:0;86:0;87:0;89:0;93:0;97:0;98:0,SIM
flood,100,20,9,warm,240.0,60.0,gateway_beacon_relay,tx_only,gateway_beacon_relay|tx_only|flood|100,13,0,0.0,0.0,0.0,0.0,6.086656,0.7413759999999999,5.34528,0.12180349932705249,0.0,1.0,0,2,0.0,24,20,4,20,0,0,2200,0.0,0.0,0,0.0,gateway_beacon_relay,12:0;14:0;19:0;20:0;34:0;37:0;38:0;39:0;49:0;5:0;51:0;54:0;57:0;60:0;79:0;80:0;86:0;89:0;91:0;97:0,SIM
flood,100,20,9,warm,240.0,60.0,gateway_beacon_relay,tx_only,gateway_beacon_relay|tx_only|flood|100,14,0,0.0,0.0,0.0,0.0,6.086656,0.7413759999999999,5.34528,0.12180349932705249,0.0,1.0,0,0,0.0,24,20,4,20,0,0,2400,0.0,0.0,0,0.0,gateway_beacon_relay,15:0;25:0;3:0;31:0;32:0;43:0;48:0;49:0;53:0;54:0;56:0;60:0;66:0;73:0;76:0;8:0;82:0;87:0;91:0;97:0,SIM
flood,100,20,9,warm,240.0,60.0,gateway_beacon_relay,tx_only,gateway_beacon_relay|tx_only|flood|100,15,0,0.0,0.0,0.0,0.0,6.086656,0.7413759999999999,5.34528,0.12180349932705249,0.0,1.0,0,0,0.0,24,20,4,20,0,0,2400,0.0,0.0,0,0.0,gateway_beacon_relay,0:0;15:0;21:0;3:0;33:0;43:0;49:0;51:0;56:0;57:0;58:0;59:0;64:0;76:0;78:0;81:0;85:0;86:0;89:0;97:0,SIM
flood,100,20,9,warm,240.0,60.0,gateway_beacon_relay,tx_only,gateway_beacon_relay|tx_only|flood|100,16,0,0.0,0.0,0.0,0.0,6.086656,0.7413759999999999,5.34528,0.12180349932705249,0.0,1.0,0,0,0.0,24,20,4,20,0,0,2400,0.0,0.0,0,0.0,gateway_beacon_relay,10:0;15:0;2:0;24:0;27:0;33:0;44:0;45:0;47:0;49:0;51:0;52:0;55:0;56:0;7:0;75:0;76:0;78:0;95:0;98:0,SIM
flood,100,20,9,warm,240.0,60.0,gateway_beacon_relay,tx_only,gateway_beacon_relay|tx_only|flood|100,17,0,0.0,0.0,0.0,0.0,6.086656,0.7413759999999999,5.34528,0.12180349932705249,0.0,1.0,0,0,0.0,24,20,4,20,0,0,2400,0.0,0.0,0,0.0,gateway_beacon_relay,10:0;16:0;19:0;25:0;27:0;37:0;39:0;46:0;49:0;55:0;56:0;61:0;64:0;66:0;67:0;73:0;77:0;87:0;97:0;99:0,SIM
flood,100,20,9,warm,240.0,60.0,gateway_beacon_relay,tx_only,gateway_beacon_relay|tx_only|flood|100,18,0,0.0,0.0,0.0,0.0,6.086656,0.7413759999999999,5.34528,0.12180349932705249,0.0,1.0,0,0,0.0,24,20,4,20,0,0,2400,0.0,0.0,0,0.0,gateway_beacon_relay,1:0;2:0;21:0;24:0;27:0;36:0;37:0;38:0;44:0;58:0;64:0;66:0;7:0;72:0;78:0;79:0;81:0;84:0;88:0;90:0,SIM
flood,100,20,9,warm,240.0,60.0,gateway_beacon_relay,tx_only,gateway_beacon_relay|tx_only|flood|100,19,0,0.0,0.0,0.0,0.0,6.086656,0.7413759999999999,5.34528,0.12180349932705249,0.0,1.0,0,0,0.0,24,20,4,20,0,0,2400,0.0,0.0,0,0.0,gateway_beacon_relay,0:0;10:0;17:0;2:0;20:0;30:0;31:0;33:0;34:0;50:0;54:0;56:0;59:0;62:0;66:0;73:0;75:0;8:0;86:0;94:0,SIM
gradient,25,20,9,warm,240.0,60.0,gateway_beacon_relay,tx_only,gateway_beacon_relay|tx_only|gradient|25,0,0,0.0,0.0,0.0,0.0,6.086656,0.7413759999999999,5.34528,0.12180349932705249,0.0,1.0,0,0,0.0,24,20,4,20,0,0,600,0.0,0.0,0,0.0,gateway_beacon_relay,1:0;10:0;12:0;13:0;15:0;16:0;17:0;18:0;2:0;20:0;21:0;22:0;23:0;24:0;3:0;4:0;6:0;7:0;8:0;9:0,SIM
gradient,25,20,9,warm,240.0,60.0,gateway_beacon_relay,tx_only,gateway_beacon_relay|tx_only|gradient|25,1,0,0.0,0.0,0.0,0.0,6.086656,0.7413759999999999,5.34528,0.12180349932705249,0.0,1.0,0,0,0.0,24,20,4,20,0,0,600,0.0,0.0,0,0.0,gateway_beacon_relay,1:0;10:0;11:0;12:0;13:0;14:0;15:0;16:0;18:0;19:0;20:0;21:0;22:0;23:0;24:0;5:0;6:0;7:0;8:0;9:0,SIM
gradient,25,20,9,warm,240.0,60.0,gateway_beacon_relay,tx_only,gateway_beacon_relay|tx_only|gradient|25,2,0,0.0,0.0,0.0,0.0,6.086656,0.7413759999999999,5.34528,0.12180349932705249,0.0,1.0,0,4,0.0,24,20,4,20,0,0,500,0.0,0.0,0,0.0,gateway_beacon_relay,10:0;11:0;12:0;13:0;14:0;15:0;16:0;17:0;18:0;19:0;2:0;20:0;21:0;22:0;23:0;24:0;4:0;5:0;7:0;9:0,SIM
gradient,25,20,9,warm,240.0,60.0,gateway_beacon_relay,tx_only,gateway_beacon_relay|tx_only|gradient|25,3,0,0.0,0.0,0.0,0.0,6.086656,0.7413759999999999,5.34528,0.12180349932705249,0.0,1.0,0,0,0.0,24,20,4,20,0,0,600,0.0,0.0,0,0.0,gateway_beacon_relay,0:0;1:0;10:0;11:0;12:0;13:0;16:0;17:0;18:0;19:0;20:0;21:0;22:0;23:0;3:0;4:0;5:0;6:0;7:0;8:0,SIM
gradient,25,20,9,warm,240.0,60.0,gateway_beacon_relay,tx_only,gateway_beacon_relay|tx_only|gradient|25,4,0,0.0,0.0,0.0,0.0,6.086656,0.7413759999999999,5.34528,0.12180349932705249,0.0,1.0,0,0,0.0,24,20,4,20,0,0,600,0.0,0.0,0,0.0,gateway_beacon_relay,0:0;10:0;11:0;13:0;14:0;15:0;16:0;17:0;18:0;19:0;2:0;21:0;22:0;24:0;3:0;4:0;5:0;6:0;8:0;9:0,SIM
gradient,25,20,9,warm,240.0,60.0,gateway_beacon_relay,tx_only,gateway_beacon_relay|tx_only|gradient|25,5,0,0.0,0.0,0.0,0.0,6.086656,0.7413759999999999,5.34528,0.12180349932705249,0.0,1.0,0,0,0.0,24,20,4,20,0,0,600,0.0,0.0,0,0.0,gateway_beacon_relay,0:0;1:0;10:0;11:0;12:0;13:0;14:0;15:0;16:0;18:0;19:0;20:0;21:0;22:0;24:0;4:0;5:0;6:0;8:0;9:0,SIM
gradient,25,20,9,warm,240.0,60.0,gateway_beacon_relay,tx_only,gateway_beacon_relay|tx_only|gradient|25,6,0,0.0,0.0,0.0,0.0,6.086656,0.7413759999999999,5.34528,0.12180349932705249,0.0,1.0,0,0,0.0,24,20,4,20,0,0,600,0.0,0.0,0,0.0,gateway_beacon_relay,0:0;10:0;12:0;13:0;14:0;15:0;17:0;19:0;2:0;20:0;21:0;23:0;24:0;3:0;4:0;5:0;6:0;7:0;8:0;9:0,SIM
gradient,25,20,9,warm,240.0,60.0,gateway_beacon_relay,tx_only,gateway_beacon_relay|tx_only|gradient|25,7,0,0.0,0.0,0.0,0.0,6.086656,0.7413759999999999,5.34528,0.12180349932705249,0.0,1.0,0,0,0.0,24,20,4,20,0,0,600,0.0,0.0,0,0.0,gateway_beacon_relay,1:0;10:0;11:0;12:0;13:0;14:0;15:0;16:0;17:0;18:0;19:0;2:0;23:0;24:0;3:0;4:0;5:0;7:0;8:0;9:0,SIM
gradient,25,20,9,warm,240.0,60.0,gateway_beacon_relay,tx_only,gateway_beacon_relay|tx_only|gradient|25,8,0,0.0,0.0,0.0,0.0,6.086656,0.7413759999999999,5.34528,0.12180349932705249,0.0,1.0,0,0,0.0,24,20,4,20,0,0,600,0.0,0.0,0,0.0,gateway_beacon_relay,0:0;11:0;12:0;13:0;14:0;15:0;16:0;17:0;18:0;19:0;2:0;21:0;23:0;24:0;3:0;4:0;5:0;6:0;8:0;9:0,SIM
gradient,25,20,9,warm,240.0,60.0,gateway_beacon_relay,tx_only,gateway_beacon_relay|tx_only|gradient|25,9,0,0.0,0.0,0.0,0.0,6.086656,0.7413759999999999,5.34528,0.12180349932705249,0.0,1.0,0,0,0.0,24,20,4,20,0,0,600,0.0,0.0,0,0.0,gateway_beacon_relay,0:0;10:0;11:0;12:0;13:0;15:0;17:0;18:0;19:0;2:0;20:0;21:0;22:0;23:0;24:0;4:0;5:0;6:0;7:0;9:0,SIM
gradient,25,20,9,warm,240.0,60.0,gateway_beacon_relay,tx_only,gateway_beacon_relay|tx_only|gradient|25,10,0,0.0,0.0,0.0,0.0,6.086656,0.7413759999999999,5.34528,0.12180349932705249,0.0,1.0,0,4,0.0,24,20,4,20,0,0,500,0.0,0.0,0,0.0,gateway_beacon_relay,1:0;10:0;11:0;12:0;13:0;14:0;17:0;18:0;19:0;2:0;22:0;23:0;24:0;3:0;4:0;5:0;6:0;7:0;8:0;9:0,SIM
gradient,25,20,9,warm,240.0,60.0,gateway_beacon_relay,tx_only,gateway_beacon_relay|tx_only|gradient|25,11,0,0.0,0.0,0.0,0.0,6.086656,0.7413759999999999,5.34528,0.12180349932705249,0.0,1.0,0,0,0.0,24,20,4,20,0,0,600,0.0,0.0,0,0.0,gateway_beacon_relay,0:0;1:0;10:0;11:0;12:0;13:0;14:0;15:0;17:0;18:0;19:0;2:0;21:0;22:0;23:0;3:0;4:0;5:0;6:0;8:0,SIM
gradient,25,20,9,warm,240.0,60.0,gateway_beacon_relay,tx_only,gateway_beacon_relay|tx_only|gradient|25,12,0,0.0,0.0,0.0,0.0,6.086656,0.7413759999999999,5.34528,0.12180349932705249,0.0,1.0,0,0,0.0,24,20,4,20,0,0,600,0.0,0.0,0,0.0,gateway_beacon_relay,0:0;10:0;11:0;12:0;13:0;14:0;16:0;17:0;18:0;19:0;21:0;22:0;23:0;24:0;3:0;5:0;6:0;7:0;8:0;9:0,SIM
gradient,25,20,9,warm,240.0,60.0,gateway_beacon_relay,tx_only,gateway_beacon_relay|tx_only|gradient|25,13,0,0.0,0.0,0.0,0.0,6.086656,0.7413759999999999,5.34528,0.12180349932705249,0.0,1.0,0,0,0.0,24,20,4,20,0,0,600,0.0,0.0,0,0.0,gateway_beacon_relay,0:0;1:0;10:0;11:0;12:0;13:0;14:0;15:0;17:0;18:0;19:0;2:0;20:0;21:0;22:0;24:0;3:0;4:0;6:0;7:0,SIM
gradient,25,20,9,warm,240.0,60.0,gateway_beacon_relay,tx_only,gateway_beacon_relay|tx_only|gradient|25,14,0,0.0,0.0,0.0,0.0,6.086656,0.7413759999999999,5.34528,0.12180349932705249,0.0,1.0,0,0,0.0,24,20,4,20,0,0,600,0.0,0.0,0,0.0,gateway_beacon_relay,1:0;10:0;11:0;12:0;13:0;14:0;15:0;16:0;18:0;19:0;2:0;21:0;23:0;24:0;3:0;4:0;5:0;6:0;7:0;9:0,SIM
gradient,25,20,9,warm,240.0,60.0,gateway_beacon_relay,tx_only,gateway_beacon_relay|tx_only|gradient|25,15,0,0.0,0.0,0.0,0.0,6.086656,0.7413759999999999,5.34528,0.12180349932705249,0.0,1.0,0,4,0.0,24,20,4,20,0,0,500,0.0,0.0,0,0.0,gateway_beacon_relay,0:0;1:0;10:0;11:0;12:0;13:0;16:0;17:0;18:0;19:0;2:0;20:0;21:0;22:0;24:0;4:0;5:0;6:0;7:0;9:0,SIM
gradient,25,20,9,warm,240.0,60.0,gateway_beacon_relay,tx_only,gateway_beacon_relay|tx_only|gradient|25,16,0,0.0,0.0,0.0,0.0,6.086656,0.7413759999999999,5.34528,0.12180349932705249,0.0,1.0,0,0,0.0,24,20,4,20,0,0,600,0.0,0.0,0,0.0,gateway_beacon_relay,0:0;1:0;10:0;11:0;12:0;13:0;15:0;16:0;17:0;19:0;20:0;22:0;23:0;24:0;3:0;4:0;5:0;7:0;8:0;9:0,SIM
gradient,25,20,9,warm,240.0,60.0,gateway_beacon_relay,tx_only,gateway_beacon_relay|tx_only|gradient|25,17,0,0.0,0.0,0.0,0.0,6.086656,0.7413759999999999,5.34528,0.12180349932705249,0.0,1.0,0,0,0.0,24,20,4,20,0,0,600,0.0,0.0,0,0.0,gateway_beacon_relay,0:0;1:0;10:0;11:0;12:0;14:0;16:0;17:0;18:0;19:0;2:0;20:0;21:0;23:0;24:0;4:0;5:0;6:0;8:0;9:0,SIM
gradient,25,20,9,warm,240.0,60.0,gateway_beacon_relay,tx_only,gateway_beacon_relay|tx_only|gradient|25,18,0,0.0,0.0,0.0,0.0,6.086656,0.7413759999999999,5.34528,0.12180349932705249,0.0,1.0,0,0,0.0,24,20,4,20,0,0,600,0.0,0.0,0,0.0,gateway_beacon_relay,0:0;1:0;10:0;12:0;13:0;14:0;15:0;17:0;18:0;19:0;2:0;20:0;21:0;22:0;24:0;3:0;4:0;5:0;6:0;8:0,SIM
gradient,25,20,9,warm,240.0,60.0,gateway_beacon_relay,tx_only,gateway_beacon_relay|tx_only|gradient|25,19,0,0.0,0.0,0.0,0.0,6.086656,0.7413759999999999,5.34528,0.12180349932705249,0.0,1.0,0,0,0.0,24,20,4,20,0,0,600,0.0,0.0,0,0.0,gateway_beacon_relay,0:0;10:0;11:0;12:0;13:0;14:0;15:0;16:0;19:0;2:0;21:0;23:0;24:0;3:0;4:0;5:0;6:0;7:0;8:0;9:0,SIM
gradient,50,20,9,warm,240.0,60.0,gateway_beacon_relay,tx_only,gateway_beacon_relay|tx_only|gradient|50,0,0,0.0,0.0,0.0,0.0,6.086656,0.7413759999999999,5.34528,0.12180349932705249,0.0,1.0,0,0,0.0,24,20,4,20,0,0,1200,0.0,0.0,0,0.0,gateway_beacon_relay,1:0;10:0;12:0;14:0;17:0;19:0;2:0;21:0;23:0;27:0;3:0;34:0;4:0;45:0;46:0;47:0;49:0;6:0;7:0;9:0,SIM
gradient,50,20,9,warm,240.0,60.0,gateway_beacon_relay,tx_only,gateway_beacon_relay|tx_only|gradient|50,1,0,0.0,0.0,0.0,0.0,6.086656,0.7413759999999999,5.34528,0.12180349932705249,0.0,1.0,0,0,0.0,24,20,4,20,0,0,1200,0.0,0.0,0,0.0,gateway_beacon_relay,0:0;1:0;11:0;12:0;14:0;16:0;21:0;22:0;26:0;29:0;31:0;32:0;34:0;36:0;39:0;40:0;41:0;45:0;47:0;5:0,SIM
gradient,50,20,9,warm,240.0,60.0,gateway_beacon_relay,tx_only,gateway_beacon_relay|tx_only|gradient|50,2,0,0.0,0.0,0.0,0.0,6.086656,0.7413759999999999,5.34528,0.12180349932705249,0.0,1.0,0,0,0.0,24,20,4,20,0,0,1200,0.0,0.0,0,0.0,gateway_beacon_relay,0:0;1:0;10:0;11:0;15:0;16:0;2:0;23:0;24:0;33:0;4:0;42:0;43:0;44:0;48:0;49:0;5:0;7:0;8:0;9:0,SIM
gradient,50,20,9,warm,240.0,60.0,gateway_beacon_relay,tx_only,gateway_beacon_relay|tx_only|gradient|50,3,0,0.0,0.0,0.0,0.0,6.086656,0.7413759999999999,5.34528,0.12180349932705249,0.0,1.0,0,0,0.0,24,20,4,20,0,0,1200,0.0,0.0,0,0.0,gateway_beacon_relay,0:0;1:0;15:0;16:0;17:0;19:0;20:0;21:0;24:0;26:0;27:0;32:0;33:0;35:0;39:0;40:0;43:0;45:0;46:0;8:0,SIM
gradient,50,20,9,warm,240.0,60.0,gateway_beacon_relay,tx_only,gateway_beacon_relay|tx_only|gradient|50,4,0,0.0,0.0,0.0,0.0,6.086656,0.7413759999999999,5.34528,0.12180349932705249,0.0,1.0,0,0,0.0,24,20,4,20,0,0,1200,0.0,0.0,0,0.0,gateway_beacon_relay,10:0;13:0;15:0;18:0;2:0;20:0;26:0;27:0;3:0;31:0;34:0;35:0;38:0;39:0;42:0;45:0;46:0;47:0;7:0;9:0,SIM
gradient,50,20,9,warm,240.0,60.0,gateway_beacon_relay,tx_only,gateway_beacon_relay|tx_only|gradient|50,5,0,0.0,0.0,0.0,0.0,6.086656,0.7413759999999999,5.34528,0.12180349932705249,0.0,1.0,0,0,0.0,24,20,4,20,0,0,1200,0.0,0.0,0,0.0,gateway_beacon_relay,10:0;13:0;15:0;16:0;2:0;21:0;22:0;26:0;29:0;3:0;31:0;35:0;36:0;38:0;41:0;42:0;47:0;6:0;8:0;9:0,SIM
gradient,50,20,9,warm,240.0,60.0,gateway_beacon_relay,tx_only,gateway_beacon_relay|tx_only|gradient|50,6,0,0.0,0.0,0.0,0.0,6.086656,0.7413759999999999,5.34528,0.12180349932705249,0.0,1.0,0,0,0.0,24,20,4,20,0,0,1200,0.0,0.0,0,0.0,gateway_beacon_relay,10:0;17:0;19:0;20:0;22:0;23:0;24:0;26:0;29:0;30:0;31:0;38:0;39:0;40:0;42:0;43:0;44:0;46:0;49:0;9:0,SIM
gradient,50,20,9,warm,240.0,60.0,gateway_beacon_relay,tx_only,gateway_beacon_relay|tx_only|gradient|50,7,0,0.0,0.0,0.0,0.0,6.086656,0.7413759999999999,5.34528,0.12180349932705249,0.0,1.0,0,0,0.0,24,20,4,20,0,0,1200,0.0,0.0,0,0.0,gateway_beacon_relay,0:0;11:0;12:0;16:0;18:0;20:0;23:0;25:0;26:0;29:0;3:0;31:0;32:0;34:0;35:0;36:0;37:0;39:0;8:0;9:0,SIM
gradient,50,20,9,warm,240.0,60.0,gateway_beacon_relay,tx_only,gateway_beacon_relay|tx_only|gradient|50,8,0,0.0,0.0,0.0,0.0,6.086656,0.7413759999999999,5.34528,0.12180349932705249,0.0,1.0,0,0,0.0,24,20,4,20,0,0,1200,0.0,0.0,0,0.0,gateway_beacon_relay,0:0;11:0;13:0;19:0;2:0;20:0;21:0;22:0;23:0;27:0;28:0;3:0;31:0;36:0;37:0;41:0;47:0;48:0;49:0;7:0,SIM
gradient,50,20,9,warm,240.0,60.0,gateway_beacon_relay,tx_only,gateway_beacon_relay|tx_only|gradient|50,9,0,0.0,0.0,0.0,0.0,6.086656,0.7413759999999999,5.34528,0.12180349932705249,0.0,1.0,0,0,0.0,24,20,4,20,0,0,1200,0.0,0.0,0,0.0,gateway_beacon_relay,0:0;10:0;14:0;15:0;16:0;18:0;22:0;23:0;25:0;27:0;31:0;32:0;35:0;36:0;37:0;4:0;41:0;45:0;6:0;8:0,SIM
gradient,50,20,9,warm,240.0,60.0,gateway_beacon_relay,tx_only,gateway_beacon_relay|tx_only|gradient|50,10,0,0.0,0.0,0.0,0.0,6.086656,0.7413759999999999,5.34528,0.12180349932705249,0.0,1.0,0,4,0.0,24,20,4,20,0,0,1000,0.0,0.0,0,0.0,gateway_beacon_relay,10:0;16:0;21:0;22:0;27:0;28:0;29:0;3:0;31:0;32:0;34:0;37:0;38:0;4:0;41:0;42:0;5:0;6:0;8:0;9:0,SIM
gradient,50,20,9,warm,240.0,60.0,gateway_beacon_relay,tx_only,gateway_beacon_relay|tx_only|gradient|50,11,0,0.0,0.0,0.0,0.0,6.086656,0.7413759999999999,5.34528,0.12180349932705249,0.0,1.0,0,0,0.0,24,20,4,20,0,0,1200,0.0,0.0,0,0.0,gateway_beacon_relay,1:0;10:0;11:0;12:0;14:0;15:0;19:0;24:0;26:0;30:0;35:0;36:0;38:0;39:0;40:0;46:0;49:0;5:0;8:0;9:0,SIM
gradient,50,20,9,warm,240.0,60.0,gateway_beacon_relay,tx_only,gateway_beacon_relay|tx_only|gradient|50,12,0,0.0,0.0,0.0,0.0,6.086656,0.7413759999999999,5.34528,0.12180349932705249,0.0,1.0,0,0,0.0,24,20,4,20,0,0,1200,0.0,0.0,0,0.0,gateway_beacon_relay,10:0;14:0;16:0;17:0;18:0;2:0;21:0;22:0;28:0;30:0;31:0;32:0;33:0;37:0;40:0;42:0;47:0;48:0;49:0;7:0,SIM
gradient,50,20,9,warm,240.0,60.0,gateway_beacon_relay,tx_only,gateway_beacon_relay|tx_only|gradient|50,13,0,0.0,0.0,0.0,0.0,6.086656,0.7413759999999999,5.34528,0.12180349932705249,0.0,1.0,0,4,0.0,24,20,4,20,0,0,1000,0.0,0.0,0,0.0,gateway_beacon_relay,0:0;14:0;17:0;19:0;2:0;20:0;21:0;23:0;26:0;30:0;31:0;33:0;35:0;36:0;38:0;4:0;41:0;49:0;7:0;9:0,SIM
gradient,50,20,9,warm,240.0,60.0,gateway_beacon_relay,tx_only,gateway_beacon_relay|tx_only|gradient|50,14,0,0.0,0.0,0.0,0.0,6.086656,0.7413759999999999,5.34528,0.12180349932705249,0.0,1.0,0,0,0.0,24,20,4,20,0,0,1200,0.0,0.0,0,0.0,gateway_beacon_relay,10:0;12:0;15:0;18:0;2:0;20:0;23:0;24:0;31:0;32:0;34:0;35:0;37:0;38:0;41:0;44:0;46:0;47:0;48:0;7:0,SIM
gradient,50,20,9,warm,240.0,60.0,gateway_beacon_relay,tx_only,gateway_beacon_relay|tx_only|gradient|50,15,0,0.0,0.0,0.0,0.0,6.086656,0.7413759999999999,5.34528,0.12180349932705249,0.0,1.0,0,0,0.0,24,20,4,20,0,0,1200,0.0,0.0,0,0.0,gateway_beacon_relay,0:0;15:0;16:0;20:0;21:0;22:0;24:0;31:0;32:0;33:0;35:0;38:0;39:0;42:0;43:0;45:0;47:0;48:0;49:0;9:0,SIM
gradient,50,20,9,warm,240.0,60.0,gateway_beacon_relay,tx_only,gateway_beacon_relay|tx_only|gradient|50,16,0,0.0,0.0,0.0,0.0,6.086656,0.7413759999999999,5.34528,0.12180349932705249,0.0,1.0,0,0,0.0,24,20,4,20,0,0,1200,0.0,0.0,0,0.0,gateway_beacon_relay,11:0;13:0;14:0;15:0;21:0;23:0;25:0;26:0;27:0;29:0;31:0;32:0;36:0;41:0;43:0;45:0;47:0;7:0;8:0;9:0,SIM
gradient,50,20,9,warm,240.0,60.0,gateway_beacon_relay,tx_only,gateway_beacon_relay|tx_only|gradient|50,17,0,0.0,0.0,0.0,0.0,6.086656,0.7413759999999999,5.34528,0.12180349932705249,0.0,1.0,0,0,0.0,24,20,4,20,0,0,1200,0.0,0.0,0,0.0,gateway_beacon_relay,10:0;14:0;15:0;16:0;18:0;25:0;26:0;28:0;3:0;30:0;31:0;34:0;36:0;37:0;38:0;4:0;40:0;45:0;48:0;5:0,SIM
gradient,50,20,9,warm,240.0,60.0,gateway_beacon_relay,tx_only,gateway_beacon_relay|tx_only|gradient|50,18,0,0.0,0.0,0.0,0.0,6.086656,0.7413759999999999,5.34528,0.12180349932705249,0.0,1.0,0,0,0.0,24,20,4,20,0,0,1200,0.0,0.0,0,0.0,gateway_beacon_relay,11:0;13:0;14:0;16:0;19:0;22:0;23:0;26:0;3:0;30:0;31:0;33:0;34:0;40:0;44:0;45:0;47:0;49:0;5:0;9:0,SIM
gradient,50,20,9,warm,240.0,60.0,gateway_beacon_relay,tx_only,gateway_beacon_relay|tx_only|gradient|50,19,0,0.0,0.0,0.0,0.0,6.086656,0.7413759999999999,5.34528,0.12180349932705249,0.0,1.0,0,2,0.0,24,20,4,20,0,0,1100,0.0,0.0,0,0.0,gateway_beacon_relay,14:0;16:0;18:0;19:0;2:0;20:0;27:0;29:0;3:0;30:0;32:0;33:0;35:0;36:0;40:0;44:0;47:0;49:0;8:0;9:0,SIM
gradient,100,20,9,warm,240.0,60.0,gateway_beacon_relay,tx_only,gateway_beacon_relay|tx_only|gradient|100,0,0,0.0,0.0,0.0,0.0,6.086656,0.7413759999999999,5.34528,0.12180349932705249,0.0,1.0,0,0,0.0,24,20,4,20,0,0,2400,0.0,0.0,0,0.0,gateway_beacon_relay,0:0;1:0;10:0;16:0;24:0;39:0;4:0;41:0;53:0;59:0;6:0;62:0;63:0;67:0;70:0;71:0;77:0;81:0;92:0;96:0,SIM
gradient,100,20,9,warm,240.0,60.0,gateway_beacon_relay,tx_only,gateway_beacon_relay|tx_only|gradient|100,1,0,0.0,0.0,0.0,0.0,6.086656,0.7413759999999999,5.34528,0.12180349932705249,0.0,1.0,0,2,0.0,24,20,4,20,0,0,2200,0.0,0.0,0,0.0,gateway_beacon_relay,12:0;17:0;2:0;20:0;25:0;27:0;30:0;34:0;41:0;43:0;44:0;48:0;54:0;62:0;68:0;70:0;72:0;86:0;87:0;98:0,SIM
gradient,100,20,9,warm,240.0,60.0,gateway_beacon_relay,tx_only,gateway_beacon_relay|tx_only|gradient|100,2,0,0.0,0.0,0.0,0.0,6.086656,0.7413759999999999,5.34528,0.12180349932705249,0.0,1.0,0,0,0.0,24,20,4,20,0,0,2400,0.0,0.0,0,0.0,gateway_beacon_relay,0:0;12:0;13:0;2:0;25:0;26:0;39:0;47:0;52:0;57:0;59:0;62:0;7:0;75:0;78:0;81:0;86:0;87:0;9:0;99:0,SIM
gradient,100,20,9,warm,240.0,60.0,gateway_beacon_relay,tx_only,gateway_beacon_relay|tx_only|gradient|100,3,0,0.0,0.0,0.0,0.0,6.086656,0.7413759999999999,5.34528,0.12180349932705249,0.0,1.0,0,0,0.0,24,20,4,20,0,0,2400,0.0,0.0,0,0.0,gateway_beacon_relay,1:0;15:0;2:0;21:0;25:0;30:0;38:0;4:0;5:0;55:0;6:0;61:0;64:0;65:0;67:0;68:0;73:0;84:0;88:0;95:0,SIM
gradient,100,20,9,warm,240.0,60.0,gateway_beacon_relay,tx_only,gateway_beacon_relay|tx_only|gradient|100,4,0,0.0,0.0,0.0,0.0,6.086656,0.7413759999999999,5.34528,0.12180349932705249,0.0,1.0,0,0,0.0,24,20,4,20,0,0,2400,0.0,0.0,0,0.0,gateway_beacon_relay,1:0;10:0;12:0;14:0;26:0;29:0;38:0;39:0;44:0;46:0;48:0;49:0;51:0;58:0;62:0;66:0;69:0;79:0;9:0;97:0,SIM
gradient,100,20,9,warm,240.0,60.0,gateway_beacon_relay,tx_only,gateway_beacon_relay|tx_only|gradient|100,5,0,0.0,0.0,0.0,0.0,6.086656,0.7413759999999999,5.34528,0.12180349932705249,0.0,1.0,0,0,0.0,24,20,4,20,0,0,2400,0.0,0.0,0,0.0,gateway_beacon_relay,14:0;17:0;21:0;23:0;24:0;28:0;4:0;40:0;44:0;48:0;5:0;53:0;59:0;6:0;60:0;61:0;70:0;78:0;84:0;9:0,SIM
gradient,100,20,9,warm,240.0,60.0,gateway_beacon_relay,tx_only,gateway_beacon_relay|tx_only|gradient|100,6,0,0.0,0.0,0.0,0.0,6.086656,0.7413759999999999,5.34528,0.12180349932705249,0.0,1.0,0,0,0.0,24,20,4,20,0,0,2400,0.0,0.0,0,0.0,gateway_beacon_relay,14:0;16:0;17:0;19:0;23:0;3:0;36:0;44:0;51:0;59:0;63:0;64:0;66:0;67:0;70:0;81:0;9:0;90:0;94:0;95:0,SIM
gradient,100,20,9,warm,240.0,60.0,gateway_beacon_relay,tx_only,gateway_beacon_relay|tx_only|gradient|100,7,0,0.0,0.0,0.0,0.0,6.086656,0.7413759999999999,5.34528,0.12180349932705249,0.0,1.0,0,0,0.0,24,20,4,20,0,0,2400,0.0,0.0,0,0.0,gateway_beacon_relay,10:0;11:0;16:0;19:0;20:0;21:0;22:0;25:0;3:0;42:0;50:0;51:0;55:0;59:0;61:0;81:0;91:0;92:0;95:0;96:0,SIM
gradient,100,20,9,warm,240.0,60.0,gateway_beacon_relay,tx_only,gateway_beacon_relay|tx_only|gradient|100,8,0,0.0,0.0,0.0,0.0,6.086656,0.7413759999999999,5.34528,0.12180349932705249,0.0,1.0,0,0,0.0,24,20,4,20,0,0,2400,0.0,0.0,0,0.0,gateway_beacon_relay,10:0;13:0;14:0;21:0;25:0;29:0;31:0;46:0;47:0;49:0;52:0;58:0;63:0;64:0;67:0;76:0;80:0;83:0;95:0;99:0,SIM
gradient,100,20,9,warm,240.0,60.0,gateway_beacon_relay,tx_only,gateway_beacon_relay|tx_only|gradient|100,9,0,0.0,0.0,0.0,0.0,6.086656,0.7413759999999999,5.34528,0.12180349932705249,0.0,1.0,0,0,0.0,24,20,4,20,0,0,2400,0.0,0.0,0,0.0,gateway_beacon_relay,1:0;10:0;17:0;19:0;3:0;41:0;42:0;45:0;49:0;57:0;59:0;60:0;61:0;68:0;70:0;75:0;79:0;9:0;90:0;99:0,SIM
gradient,100,20,9,warm,240.0,60.0,gateway_beacon_relay,tx_only,gateway_beacon_relay|tx_only|gradient|100,10,0,0.0,0.0,0.0,0.0,6.086656,0.7413759999999999,5.34528,0.12180349932705249,0.0,1.0,0,0,0.0,24,20,4,20,0,0,2400,0.0,0.0,0,0.0,gateway_beacon_relay,12:0;21:0;23:0;24:0;28:0;30:0;36:0;39:0;47:0;53:0;56:0;6:0;71:0;72:0;73:0;75:0;77:0;78:0;9:0;95:0,SIM
gradient,100,20,9,warm,240.0,60.0,gateway_beacon_relay,tx_only,gateway_beacon_relay|tx_only|gradient|100,11,0,0.0,0.0,0.0,0.0,6.086656,0.7413759999999999,5.34528,0.12180349932705249,0.0,1.0,0,0,0.0,24,20,4,20,0,0,2400,0.0,0.0,0,0.0,gateway_beacon_relay,1:0;18:0;21:0;25:0;30:0;32:0;38:0;41:0;43:0;47:0;51:0;56:0;62:0;63:0;66:0;78:0;84:0;85:0;86:0;96:0,SIM
gradient,100,20,9,warm,240.0,60.0,gateway_beacon_relay,tx_only,gateway_beacon_relay|tx_only|gradient|100,12,0,0.0,0.0,0.0,0.0,6.086656,0.7413759999999999,5.34528,0.12180349932705249,0.0,1.0,0,0,0.0,24,20,4,20,0,0,2400,0.0,0.0,0,0.0,gateway_beacon_relay,13:0;2:0;29:0;39:0;44:0;50:0;52:0;56:0;6:0;66:0;68:0;70:0;73:0;84:0;86:0;87:0;89:0;93:0;97:0;98:0,SIM
gradient,100,20,9,warm,240.0,60.0,gateway_beacon_relay,tx_only,gateway_beacon_relay|tx_only|gradient|100,13,0,0.0,0.0,0.0,0.0,6.086656,0.7413759999999999,5.34528,0.12180349932705249,0.0,1.0,0,2,0.0,24,20,4,20,0,0,2200,0.0,0.0,0,0.0,gateway_beacon_relay,12:0;14:0;19:0;20:0;34:0;37:0;38:0;39:0;49:0;5:0;51:0;54:0;57:0;60:0;79:0;80:0;86:0;89:0;91:0;97:0,SIM
gradient,100,20,9,warm,240.0,60.0,gateway_beacon_relay,tx_only,gateway_beacon_relay|tx_only|gradient|100,14,0,0.0,0.0,0.0,0.0,6.086656,0.7413759999999999,5.34528,0.12180349932705249,0.0,1.0,0,0,0.0,24,20,4,20,0,0,2400,0.0,0.0,0,0.0,gateway_beacon_relay,15:0;25:0;3:0;31:0;32:0;43:0;48:0;49:0;53:0;54:0;56:0;60:0;66:0;73:0;76:0;8:0;82:0;87:0;91:0;97:0,SIM
gradient,100,20,9,warm,240.0,60.0,gateway_beacon_relay,tx_only,gateway_beacon_relay|tx_only|gradient|100,15,0,0.0,0.0,0.0,0.0,6.086656,0.7413759999999999,5.34528,0.12180349932705249,0.0,1.0,0,0,0.0,24,20,4,20,0,0,2400,0.0,0.0,0,0.0,gateway_beacon_relay,0:0;15:0;21:0;3:0;33:0;43:0;49:0;51:0;56:0;57:0;58:0;59:0;64:0;76:0;78:0;81:0;85:0;86:0;89:0;97:0,SIM
gradient,100,20,9,warm,240.0,60.0,gateway_beacon_relay,tx_only,gateway_beacon_relay|tx_only|gradient|100,16,0,0.0,0.0,0.0,0.0,6.086656,0.7413759999999999,5.34528,0.12180349932705249,0.0,1.0,0,0,0.0,24,20,4,20,0,0,2400,0.0,0.0,0,0.0,gateway_beacon_relay,10:0;15:0;2:0;24:0;27:0;33:0;44:0;45:0;47:0;49:0;51:0;52:0;55:0;56:0;7:0;75:0;76:0;78:0;95:0;98:0,SIM
gradient,100,20,9,warm,240.0,60.0,gateway_beacon_relay,tx_only,gateway_beacon_relay|tx_only|gradient|100,17,0,0.0,0.0,0.0,0.0,6.086656,0.7413759999999999,5.34528,0.12180349932705249,0.0,1.0,0,0,0.0,24,20,4,20,0,0,2400,0.0,0.0,0,0.0,gateway_beacon_relay,10:0;16:0;19:0;25:0;27:0;37:0;39:0;46:0;49:0;55:0;56:0;61:0;64:0;66:0;67:0;73:0;77:0;87:0;97:0;99:0,SIM
gradient,100,20,9,warm,240.0,60.0,gateway_beacon_relay,tx_only,gateway_beacon_relay|tx_only|gradient|100,18,0,0.0,0.0,0.0,0.0,6.086656,0.7413759999999999,5.34528,0.12180349932705249,0.0,1.0,0,0,0.0,24,20,4,20,0,0,2400,0.0,0.0,0,0.0,gateway_beacon_relay,1:0;2:0;21:0;24:0;27:0;36:0;37:0;38:0;44:0;58:0;64:0;66:0;7:0;72:0;78:0;79:0;81:0;84:0;88:0;90:0,SIM
gradient,100,20,9,warm,240.0,60.0,gateway_beacon_relay,tx_only,gateway_beacon_relay|tx_only|gradient|100,19,0,0.0,0.0,0.0,0.0,6.086656,0.7413759999999999,5.34528,0.12180349932705249,0.0,1.0,0,0,0.0,24,20,4,20,0,0,2400,0.0,0.0,0,0.0,gateway_beacon_relay,0:0;10:0;17:0;2:0;20:0;30:0;31:0;33:0;34:0;50:0;54:0;56:0;59:0;62:0;66:0;73:0;75:0;8:0;86:0;94:0,SIM
