n_nodes,n_sos,mobility,station,link_pdr_nominal,strategy,warmup_s,n_seeds,pdr_mean,pdr_sd,pdr_min,pdr_max,latency_p95_mean,tx_per_delivered_mean,fairness_mean,collisions_mean,beacon_tx_mean
10,1,courier,down,0.7,flood,0.0,30,0.8,0.406838,0.0,1.0,0.293384,9.666667,1.0,0.83,3.07
10,1,courier,down,0.7,flood,10.0,30,0.0,0.0,0.0,0.0,,,1.0,0.03,3.13
10,1,courier,down,0.7,gradient,0.0,30,0.3,0.466092,0.0,1.0,0.0,3.777778,1.0,0.73,3.07
10,1,courier,down,0.7,gradient,10.0,30,0.0,0.0,0.0,0.0,,,1.0,0.0,3.13
10,1,courier,down,0.7,gradient_scf,0.0,30,0.8,0.406838,0.0,1.0,0.293384,9.666667,1.0,0.83,3.07
10,1,courier,down,0.7,gradient_scf,10.0,30,0.0,0.0,0.0,0.0,,,1.0,0.03,3.13
10,1,courier,down,0.7,managed,0.0,30,0.8,0.406838,0.0,1.0,0.293384,9.666667,1.0,0.83,3.07
10,1,courier,down,0.7,managed,10.0,30,0.0,0.0,0.0,0.0,,,1.0,0.03,3.13
10,1,courier,down,0.7,trickle,0.0,30,0.8,0.406838,0.0,1.0,0.293384,9.666667,1.0,0.83,3.07
10,1,courier,down,0.7,trickle,10.0,30,0.0,0.0,0.0,0.0,,,1.0,0.03,3.13
10,1,courier,down,0.85,flood,0.0,30,0.933333,0.253708,0.0,1.0,0.241527,10.464286,1.0,0.83,3.37
10,1,courier,down,0.85,flood,10.0,30,0.0,0.0,0.0,0.0,,,1.0,0.0,3.6
10,1,courier,down,0.85,gradient,0.0,30,0.4,0.498273,0.0,1.0,0.0,4.75,1.0,0.73,3.5
10,1,courier,down,0.85,gradient,10.0,30,0.0,0.0,0.0,0.0,,,1.0,0.0,3.6
10,1,courier,down,0.85,gradient_scf,0.0,30,0.933333,0.253708,0.0,1.0,0.241527,10.464286,1.0,0.83,3.37
10,1,courier,down,0.85,gradient_scf,10.0,30,0.0,0.0,0.0,0.0,,,1.0,0.0,3.6
10,1,courier,down,0.85,managed,0.0,30,0.933333,0.253708,0.0,1.0,0.241527,10.464286,1.0,0.83,3.37
10,1,courier,down,0.85,managed,10.0,30,0.0,0.0,0.0,0.0,,,1.0,0.0,3.6
10,1,courier,down,0.85,trickle,0.0,30,0.933333,0.253708,0.0,1.0,0.241527,10.464286,1.0,0.83,3.37
10,1,courier,down,0.85,trickle,10.0,30,0.0,0.0,0.0,0.0,,,1.0,0.0,3.6
10,1,courier,down,0.95,flood,0.0,30,0.966667,0.182574,0.0,1.0,0.139145,11.827586,1.0,0.8,4.17
10,1,courier,down,0.95,flood,10.0,30,0.0,0.0,0.0,0.0,,,1.0,0.03,3.73
10,1,courier,down,0.95,gradient,0.0,30,0.433333,0.504007,0.0,1.0,0.0,4.769231,1.0,0.73,3.67
10,1,courier,down,0.95,gradient,10.0,30,0.0,0.0,0.0,0.0,,,1.0,0.0,3.73
10,1,courier,down,0.95,gradient_scf,0.0,30,0.966667,0.182574,0.0,1.0,0.139145,11.827586,1.0,0.8,4.17
10,1,courier,down,0.95,gradient_scf,10.0,30,0.0,0.0,0.0,0.0,,,1.0,0.03,3.73
10,1,courier,down,0.95,managed,0.0,30,0.966667,0.182574,0.0,1.0,0.139145,11.827586,1.0,0.8,4.17
10,1,courier,down,0.95,managed,10.0,30,0.0,0.0,0.0,0.0,,,1.0,0.03,3.73
10,1,courier,down,0.95,trickle,0.0,30,0.966667,0.182574,0.0,1.0,0.139145,11.827586,1.0,0.8,4.17
10,1,courier,down,0.95,trickle,10.0,30,0.0,0.0,0.0,0.0,,,1.0,0.03,3.73
10,1,courier,recovered,0.7,flood,0.0,30,0.8,0.406838,0.0,1.0,0.293384,9.666667,1.0,0.83,3.07
10,1,courier,recovered,0.7,flood,10.0,30,0.0,0.0,0.0,0.0,,,1.0,0.03,3.13
10,1,courier,recovered,0.7,gradient,0.0,30,0.3,0.466092,0.0,1.0,0.0,3.777778,1.0,0.73,3.07
10,1,courier,recovered,0.7,gradient,10.0,30,0.0,0.0,0.0,0.0,,,1.0,0.0,3.13
10,1,courier,recovered,0.7,gradient_scf,0.0,30,0.8,0.406838,0.0,1.0,0.293384,9.666667,1.0,0.83,3.07
10,1,courier,recovered,0.7,gradient_scf,10.0,30,0.0,0.0,0.0,0.0,,,1.0,0.03,3.13
10,1,courier,recovered,0.7,managed,0.0,30,0.8,0.406838,0.0,1.0,0.293384,9.666667,1.0,0.83,3.07
10,1,courier,recovered,0.7,managed,10.0,30,0.0,0.0,0.0,0.0,,,1.0,0.03,3.13
10,1,courier,recovered,0.7,trickle,0.0,30,0.8,0.406838,0.0,1.0,0.293384,9.666667,1.0,0.83,3.07
10,1,courier,recovered,0.7,trickle,10.0,30,0.0,0.0,0.0,0.0,,,1.0,0.03,3.13
10,1,courier,recovered,0.85,flood,0.0,30,0.933333,0.253708,0.0,1.0,0.241527,10.464286,1.0,0.83,3.37
10,1,courier,recovered,0.85,flood,10.0,30,0.0,0.0,0.0,0.0,,,1.0,0.0,3.6
10,1,courier,recovered,0.85,gradient,0.0,30,0.4,0.498273,0.0,1.0,0.0,4.75,1.0,0.73,3.5
10,1,courier,recovered,0.85,gradient,10.0,30,0.0,0.0,0.0,0.0,,,1.0,0.0,3.6
10,1,courier,recovered,0.85,gradient_scf,0.0,30,0.933333,0.253708,0.0,1.0,0.241527,10.464286,1.0,0.83,3.37
10,1,courier,recovered,0.85,gradient_scf,10.0,30,0.0,0.0,0.0,0.0,,,1.0,0.0,3.6
10,1,courier,recovered,0.85,managed,0.0,30,0.933333,0.253708,0.0,1.0,0.241527,10.464286,1.0,0.83,3.37
10,1,courier,recovered,0.85,managed,10.0,30,0.0,0.0,0.0,0.0,,,1.0,0.0,3.6
10,1,courier,recovered,0.85,trickle,0.0,30,0.933333,0.253708,0.0,1.0,0.241527,10.464286,1.0,0.83,3.37
10,1,courier,recovered,0.85,trickle,10.0,30,0.0,0.0,0.0,0.0,,,1.0,0.0,3.6
10,1,courier,recovered,0.95,flood,0.0,30,0.966667,0.182574,0.0,1.0,0.139145,11.827586,1.0,0.8,4.17
10,1,courier,recovered,0.95,flood,10.0,30,0.0,0.0,0.0,0.0,,,1.0,0.03,3.73
10,1,courier,recovered,0.95,gradient,0.0,30,0.433333,0.504007,0.0,1.0,0.0,4.769231,1.0,0.73,3.67
10,1,courier,recovered,0.95,gradient,10.0,30,0.0,0.0,0.0,0.0,,,1.0,0.0,3.73
10,1,courier,recovered,0.95,gradient_scf,0.0,30,0.966667,0.182574,0.0,1.0,0.139145,11.827586,1.0,0.8,4.17
10,1,courier,recovered,0.95,gradient_scf,10.0,30,0.0,0.0,0.0,0.0,,,1.0,0.03,3.73
10,1,courier,recovered,0.95,managed,0.0,30,0.966667,0.182574,0.0,1.0,0.139145,11.827586,1.0,0.8,4.17
10,1,courier,recovered,0.95,managed,10.0,30,0.0,0.0,0.0,0.0,,,1.0,0.03,3.73
10,1,courier,recovered,0.95,trickle,0.0,30,0.966667,0.182574,0.0,1.0,0.139145,11.827586,1.0,0.8,4.17
10,1,courier,recovered,0.95,trickle,10.0,30,0.0,0.0,0.0,0.0,,,1.0,0.03,3.73
10,1,courier,up,0.7,flood,0.0,30,0.8,0.406838,0.0,1.0,0.293384,54.333333,1.0,0.9,47.07
10,1,courier,up,0.7,flood,10.0,30,0.733333,0.449776,0.0,1.0,10.238954,66.181818,1.0,0.8,60.93
10,1,courier,up,0.7,gradient,0.0,30,0.3,0.466092,0.0,1.0,0.0,48.111111,1.0,0.8,46.43
10,1,courier,up,0.7,gradient,10.0,30,0.633333,0.490133,0.0,1.0,10.156378,64.315789,1.0,0.8,61.53
10,1,courier,up,0.7,gradient_scf,0.0,30,0.8,0.406838,0.0,1.0,0.293384,54.333333,1.0,0.9,47.07
10,1,courier,up,0.7,gradient_scf,10.0,30,0.733333,0.449776,0.0,1.0,10.238954,66.181818,1.0,0.8,60.93
10,1,courier,up,0.7,managed,0.0,30,0.8,0.406838,0.0,1.0,0.293384,54.333333,1.0,0.9,47.07
10,1,courier,up,0.7,managed,10.0,30,0.733333,0.449776,0.0,1.0,10.238954,66.181818,1.0,0.8,60.93
10,1,courier,up,0.7,trickle,0.0,30,0.8,0.406838,0.0,1.0,0.293384,54.333333,1.0,0.9,47.07
10,1,courier,up,0.7,trickle,10.0,30,0.733333,0.449776,0.0,1.0,10.238954,66.181818,1.0,0.8,60.93
10,1,courier,up,0.85,flood,0.0,30,0.933333,0.253708,0.0,1.0,0.241527,60.928571,1.0,1.0,53.0
10,1,courier,up,0.85,flood,10.0,30,0.933333,0.253708,0.0,1.0,10.225975,79.071429,1.0,1.0,70.03
10,1,courier,up,0.85,gradient,0.0,30,0.4,0.498273,0.0,1.0,0.0,54.166667,1.0,0.83,52.2
10,1,courier,up,0.85,gradient,10.0,30,0.8,0.406838,0.0,1.0,10.091688,74.125,1.0,0.87,69.33
10,1,courier,up,0.85,gradient_scf,0.0,30,0.933333,0.253708,0.0,1.0,0.241527,60.928571,1.0,1.0,53.0
10,1,courier,up,0.85,gradient_scf,10.0,30,0.933333,0.253708,0.0,1.0,10.225975,79.071429,1.0,1.0,70.03
10,1,courier,up,0.85,managed,0.0,30,0.933333,0.253708,0.0,1.0,0.241527,60.928571,1.0,1.0,53.0
10,1,courier,up,0.85,managed,10.0,30,0.933333,0.253708,0.0,1.0,10.225975,79.071429,1.0,1.0,70.03
10,1,courier,up,0.85,trickle,0.0,30,0.933333,0.253708,0.0,1.0,0.241527,60.928571,1.0,1.0,53.0
10,1,courier,up,0.85,trickle,10.0,30,0.933333,0.253708,0.0,1.0,10.225975,79.071429,1.0,1.0,70.03
10,1,courier,up,0.95,flood,0.0,30,0.966667,0.182574,0.0,1.0,0.139145,64.827586,1.0,0.9,56.73
10,1,courier,up,0.95,flood,10.0,30,0.966667,0.182574,0.0,1.0,10.138189,82.275862,1.0,0.97,74.33
10,1,courier,up,0.95,gradient,0.0,30,0.433333,0.504007,0.0,1.0,0.0,59.615385,1.0,0.87,56.63
10,1,courier,up,0.95,gradient,10.0,30,0.933333,0.253708,0.0,1.0,10.128169,77.464286,1.0,0.9,74.67
10,1,courier,up,0.95,gradient_scf,0.0,30,0.966667,0.182574,0.0,1.0,0.139145,64.827586,1.0,0.9,56.73
10,1,courier,up,0.95,gradient_scf,10.0,30,0.966667,0.182574,0.0,1.0,10.138189,82.275862,1.0,0.97,74.33
10,1,courier,up,0.95,managed,0.0,30,0.966667,0.182574,0.0,1.0,0.139145,64.827586,1.0,0.9,56.73
10,1,courier,up,0.95,managed,10.0,30,0.966667,0.182574,0.0,1.0,10.138189,82.275862,1.0,0.97,74.33
10,1,courier,up,0.95,trickle,0.0,30,0.966667,0.182574,0.0,1.0,0.139145,64.827586,1.0,0.9,56.73
10,1,courier,up,0.95,trickle,10.0,30,0.966667,0.182574,0.0,1.0,10.138189,82.275862,1.0,0.97,74.33
10,1,static,down,0.7,flood,0.0,30,0.966667,0.182574,0.0,1.0,0.065772,11.068966,1.0,0.97,3.57
10,1,static,down,0.7,flood,10.0,30,0.0,0.0,0.0,0.0,,,1.0,0.1,3.67
10,1,static,down,0.7,gradient,0.0,30,0.433333,0.504007,0.0,1.0,0.0,4.615385,1.0,0.77,3.57
10,1,static,down,0.7,gradient,10.0,30,0.0,0.0,0.0,0.0,,,1.0,0.03,3.67
10,1,static,down,0.7,gradient_scf,0.0,30,0.966667,0.182574,0.0,1.0,0.065772,11.068966,1.0,0.97,3.57
10,1,static,down,0.7,gradient_scf,10.0,30,0.0,0.0,0.0,0.0,,,1.0,0.1,3.67
10,1,static,down,0.7,managed,0.0,30,0.966667,0.182574,0.0,1.0,0.065772,11.068966,1.0,0.97,3.57
10,1,static,down,0.7,managed,10.0,30,0.0,0.0,0.0,0.0,,,1.0,0.1,3.67
10,1,static,down,0.7,trickle,0.0,30,0.966667,0.182574,0.0,1.0,0.065772,11.068966,1.0,0.97,3.57
10,1,static,down,0.7,trickle,10.0,30,0.0,0.0,0.0,0.0,,,1.0,0.1,3.67
10,1,static,down,0.85,flood,0.0,30,0.966667,0.182574,0.0,1.0,0.046756,12.206897,1.0,1.07,4.0
10,1,static,down,0.85,flood,10.0,30,0.0,0.0,0.0,0.0,,,1.0,0.17,4.07
10,1,static,down,0.85,gradient,0.0,30,0.5,0.508548,0.0,1.0,0.0,5.0,1.0,0.77,4.0
10,1,static,down,0.85,gradient,10.0,30,0.0,0.0,0.0,0.0,,,1.0,0.07,4.07
10,1,static,down,0.85,gradient_scf,0.0,30,0.966667,0.182574,0.0,1.0,0.046756,12.206897,1.0,1.07,4.0
10,1,static,down,0.85,gradient_scf,10.0,30,0.0,0.0,0.0,0.0,,,1.0,0.17,4.07
10,1,static,down,0.85,managed,0.0,30,0.966667,0.182574,0.0,1.0,0.046756,12.206897,1.0,1.07,4.0
10,1,static,down,0.85,managed,10.0,30,0.0,0.0,0.0,0.0,,,1.0,0.17,4.07
10,1,static,down,0.85,trickle,0.0,30,0.966667,0.182574,0.0,1.0,0.046756,12.206897,1.0,1.07,4.0
10,1,static,down,0.85,trickle,10.0,30,0.0,0.0,0.0,0.0,,,1.0,0.17,4.07
10,1,static,down,0.95,flood,0.0,30,0.966667,0.182574,0.0,1.0,0.027661,12.586207,1.0,1.2,4.13
10,1,static,down,0.95,flood,10.0,30,0.0,0.0,0.0,0.0,,,1.0,0.3,4.17
10,1,static,down,0.95,gradient,0.0,30,0.7,0.466092,0.0,1.0,0.0,5.190476,1.0,0.77,4.1
10,1,static,down,0.95,gradient,10.0,30,0.0,0.0,0.0,0.0,,,1.0,0.07,4.17
10,1,static,down,0.95,gradient_scf,0.0,30,0.966667,0.182574,0.0,1.0,0.027661,12.586207,1.0,1.2,4.13
10,1,static,down,0.95,gradient_scf,10.0,30,0.0,0.0,0.0,0.0,,,1.0,0.3,4.17
10,1,static,down,0.95,managed,0.0,30,0.966667,0.182574,0.0,1.0,0.027661,12.586207,1.0,1.2,4.13
10,1,static,down,0.95,managed,10.0,30,0.0,0.0,0.0,0.0,,,1.0,0.3,4.17
10,1,static,down,0.95,trickle,0.0,30,0.966667,0.182574,0.0,1.0,0.027661,12.586207,1.0,1.2,4.13
10,1,static,down,0.95,trickle,10.0,30,0.0,0.0,0.0,0.0,,,1.0,0.3,4.17
10,1,static,recovered,0.7,flood,0.0,30,0.966667,0.182574,0.0,1.0,0.065772,11.068966,1.0,0.97,3.57
10,1,static,recovered,0.7,flood,10.0,30,0.0,0.0,0.0,0.0,,,1.0,0.1,3.67
10,1,static,recovered,0.7,gradient,0.0,30,0.433333,0.504007,0.0,1.0,0.0,4.615385,1.0,0.77,3.57
10,1,static,recovered,0.7,gradient,10.0,30,0.0,0.0,0.0,0.0,,,1.0,0.03,3.67
10,1,static,recovered,0.7,gradient_scf,0.0,30,0.966667,0.182574,0.0,1.0,0.065772,11.068966,1.0,0.97,3.57
10,1,static,recovered,0.7,gradient_scf,10.0,30,0.0,0.0,0.0,0.0,,,1.0,0.1,3.67
10,1,static,recovered,0.7,managed,0.0,30,0.966667,0.182574,0.0,1.0,0.065772,11.068966,1.0,0.97,3.57
10,1,static,recovered,0.7,managed,10.0,30,0.0,0.0,0.0,0.0,,,1.0,0.1,3.67
10,1,static,recovered,0.7,trickle,0.0,30,0.966667,0.182574,0.0,1.0,0.065772,11.068966,1.0,0.97,3.57
10,1,static,recovered,0.7,trickle,10.0,30,0.0,0.0,0.0,0.0,,,1.0,0.1,3.67
10,1,static,recovered,0.85,flood,0.0,30,0.966667,0.182574,0.0,1.0,0.046756,12.206897,1.0,1.07,4.0
10,1,static,recovered,0.85,flood,10.0,30,0.0,0.0,0.0,0.0,,,1.0,0.17,4.07
10,1,static,recovered,0.85,gradient,0.0,30,0.5,0.508548,0.0,1.0,0.0,5.0,1.0,0.77,4.0
10,1,static,recovered,0.85,gradient,10.0,30,0.0,0.0,0.0,0.0,,,1.0,0.07,4.07
10,1,static,recovered,0.85,gradient_scf,0.0,30,0.966667,0.182574,0.0,1.0,0.046756,12.206897,1.0,1.07,4.0
10,1,static,recovered,0.85,gradient_scf,10.0,30,0.0,0.0,0.0,0.0,,,1.0,0.17,4.07
10,1,static,recovered,0.85,managed,0.0,30,0.966667,0.182574,0.0,1.0,0.046756,12.206897,1.0,1.07,4.0
10,1,static,recovered,0.85,managed,10.0,30,0.0,0.0,0.0,0.0,,,1.0,0.17,4.07
10,1,static,recovered,0.85,trickle,0.0,30,0.966667,0.182574,0.0,1.0,0.046756,12.206897,1.0,1.07,4.0
10,1,static,recovered,0.85,trickle,10.0,30,0.0,0.0,0.0,0.0,,,1.0,0.17,4.07
10,1,static,recovered,0.95,flood,0.0,30,0.966667,0.182574,0.0,1.0,0.027661,12.586207,1.0,1.2,4.13
10,1,static,recovered,0.95,flood,10.0,30,0.0,0.0,0.0,0.0,,,1.0,0.3,4.17
10,1,static,recovered,0.95,gradient,0.0,30,0.7,0.466092,0.0,1.0,0.0,5.190476,1.0,0.77,4.1
10,1,static,recovered,0.95,gradient,10.0,30,0.0,0.0,0.0,0.0,,,1.0,0.07,4.17
10,1,static,recovered,0.95,gradient_scf,0.0,30,0.966667,0.182574,0.0,1.0,0.027661,12.586207,1.0,1.2,4.13
10,1,static,recovered,0.95,gradient_scf,10.0,30,0.0,0.0,0.0,0.0,,,1.0,0.3,4.17
10,1,static,recovered,0.95,managed,0.0,30,0.966667,0.182574,0.0,1.0,0.027661,12.586207,1.0,1.2,4.13
10,1,static,recovered,0.95,managed,10.0,30,0.0,0.0,0.0,0.0,,,1.0,0.3,4.17
10,1,static,recovered,0.95,trickle,0.0,30,0.966667,0.182574,0.0,1.0,0.027661,12.586207,1.0,1.2,4.13
10,1,static,recovered,0.95,trickle,10.0,30,0.0,0.0,0.0,0.0,,,1.0,0.3,4.17
10,1,static,up,0.7,flood,0.0,30,0.966667,0.182574,0.0,1.0,0.065772,63.344828,1.0,1.33,55.43
10,1,static,up,0.7,flood,10.0,30,0.933333,0.253708,0.0,1.0,10.063927,81.857143,1.0,1.5,73.33
10,1,static,up,0.7,gradient,0.0,30,0.433333,0.504007,0.0,1.0,0.0,58.384615,1.0,1.1,55.63
10,1,static,up,0.7,gradient,10.0,30,0.9,0.305129,0.0,1.0,10.0581,76.777778,1.0,1.4,73.17
10,1,static,up,0.7,gradient_scf,0.0,30,0.966667,0.182574,0.0,1.0,0.065772,63.344828,1.0,1.33,55.43
10,1,static,up,0.7,gradient_scf,10.0,30,0.933333,0.253708,0.0,1.0,10.063927,81.857143,1.0,1.5,73.33
10,1,static,up,0.7,managed,0.0,30,0.966667,0.182574,0.0,1.0,0.065772,63.344828,1.0,1.33,55.43
10,1,static,up,0.7,managed,10.0,30,0.933333,0.253708,0.0,1.0,10.063927,81.857143,1.0,1.5,73.33
10,1,static,up,0.7,trickle,0.0,30,0.966667,0.182574,0.0,1.0,0.065772,63.344828,1.0,1.33,55.43
10,1,static,up,0.7,trickle,10.0,30,0.933333,0.253708,0.0,1.0,10.063927,81.857143,1.0,1.5,73.33
10,1,static,up,0.85,flood,0.0,30,0.966667,0.182574,0.0,1.0,0.046756,68.793103,1.0,1.77,60.1
10,1,static,up,0.85,flood,10.0,30,0.966667,0.182574,0.0,1.0,10.049685,88.827586,1.0,2.17,80.2
10,1,static,up,0.85,gradient,0.0,30,0.5,0.508548,0.0,1.0,0.0,62.6,1.0,1.5,60.23
10,1,static,up,0.85,gradient,10.0,30,0.933333,0.253708,0.0,1.0,10.043763,84.25,1.0,2.07,80.17
10,1,static,up,0.85,gradient_scf,0.0,30,0.966667,0.182574,0.0,1.0,0.046756,68.793103,1.0,1.77,60.1
10,1,static,up,0.85,gradient_scf,10.0,30,0.966667,0.182574,0.0,1.0,10.049685,88.827586,1.0,2.17,80.2
10,1,static,up,0.85,managed,0.0,30,0.966667,0.182574,0.0,1.0,0.046756,68.793103,1.0,1.77,60.1
10,1,static,up,0.85,managed,10.0,30,0.966667,0.182574,0.0,1.0,10.049685,88.827586,1.0,2.17,80.2
10,1,static,up,0.85,trickle,0.0,30,0.966667,0.182574,0.0,1.0,0.046756,68.793103,1.0,1.77,60.1
10,1,static,up,0.85,trickle,10.0,30,0.966667,0.182574,0.0,1.0,10.049685,88.827586,1.0,2.17,80.2
10,1,static,up,0.95,flood,0.0,30,0.966667,0.182574,0.0,1.0,0.027661,72.0,1.0,2.0,62.97
10,1,static,up,0.95,flood,10.0,30,0.966667,0.182574,0.0,1.0,10.027661,93.137931,1.0,2.27,83.9
10,1,static,up,0.95,gradient,0.0,30,0.7,0.466092,0.0,1.0,0.0,66.190476,1.0,1.57,62.93
10,1,static,up,0.95,gradient,10.0,30,0.966667,0.182574,0.0,1.0,10.02717,89.206897,1.0,2.1,83.93
10,1,static,up,0.95,gradient_scf,0.0,30,0.966667,0.182574,0.0,1.0,0.027661,72.0,1.0,2.0,62.97
10,1,static,up,0.95,gradient_scf,10.0,30,0.966667,0.182574,0.0,1.0,10.027661,93.137931,1.0,2.27,83.9
10,1,static,up,0.95,managed,0.0,30,0.966667,0.182574,0.0,1.0,0.027661,72.0,1.0,2.0,62.97
10,1,static,up,0.95,managed,10.0,30,0.966667,0.182574,0.0,1.0,10.027661,93.137931,1.0,2.27,83.9
10,1,static,up,0.95,trickle,0.0,30,0.966667,0.182574,0.0,1.0,0.027661,72.0,1.0,2.0,62.97
10,1,static,up,0.95,trickle,10.0,30,0.966667,0.182574,0.0,1.0,10.027661,93.137931,1.0,2.27,83.9
10,1,walking,down,0.7,flood,0.0,30,0.9,0.305129,0.0,1.0,0.151406,10.407407,1.0,1.2,3.4
10,1,walking,down,0.7,flood,10.0,30,0.0,0.0,0.0,0.0,,,1.0,0.2,3.53
10,1,walking,down,0.7,gradient,0.0,30,0.4,0.498273,0.0,1.0,0.0,4.583333,1.0,0.77,3.43
10,1,walking,down,0.7,gradient,10.0,30,0.0,0.0,0.0,0.0,,,1.0,0.03,3.53
10,1,walking,down,0.7,gradient_scf,0.0,30,0.9,0.305129,0.0,1.0,0.151406,10.407407,1.0,1.2,3.4
10,1,walking,down,0.7,gradient_scf,10.0,30,0.0,0.0,0.0,0.0,,,1.0,0.2,3.53
10,1,walking,down,0.7,managed,0.0,30,0.9,0.305129,0.0,1.0,0.151406,10.407407,1.0,1.2,3.4
10,1,walking,down,0.7,managed,10.0,30,0.0,0.0,0.0,0.0,,,1.0,0.2,3.53
10,1,walking,down,0.7,trickle,0.0,30,0.9,0.305129,0.0,1.0,0.151406,10.407407,1.0,1.2,3.4
10,1,walking,down,0.7,trickle,10.0,30,0.0,0.0,0.0,0.0,,,1.0,0.2,3.53
10,1,walking,down,0.85,flood,0.0,30,0.966667,0.182574,0.0,1.0,0.075708,11.655172,1.0,1.2,3.7
10,1,walking,down,0.85,flood,10.0,30,0.0,0.0,0.0,0.0,,,1.0,0.27,3.9
10,1,walking,down,0.85,gradient,0.0,30,0.466667,0.507416,0.0,1.0,0.0,4.857143,1.0,0.77,3.77
10,1,walking,down,0.85,gradient,10.0,30,0.0,0.0,0.0,0.0,,,1.0,0.03,3.9
10,1,walking,down,0.85,gradient_scf,0.0,30,0.966667,0.182574,0.0,1.0,0.075708,11.655172,1.0,1.2,3.7
10,1,walking,down,0.85,gradient_scf,10.0,30,0.0,0.0,0.0,0.0,,,1.0,0.27,3.9
10,1,walking,down,0.85,managed,0.0,30,0.966667,0.182574,0.0,1.0,0.075708,11.655172,1.0,1.2,3.7
10,1,walking,down,0.85,managed,10.0,30,0.0,0.0,0.0,0.0,,,1.0,0.27,3.9
10,1,walking,down,0.85,trickle,0.0,30,0.966667,0.182574,0.0,1.0,0.075708,11.655172,1.0,1.2,3.7
10,1,walking,down,0.85,trickle,10.0,30,0.0,0.0,0.0,0.0,,,1.0,0.27,3.9
10,1,walking,down,0.95,flood,0.0,30,0.966667,0.182574,0.0,1.0,0.060967,12.172414,1.0,1.13,4.0
10,1,walking,down,0.95,flood,10.0,30,0.0,0.0,0.0,0.0,,,1.0,0.23,4.07
10,1,walking,down,0.95,gradient,0.0,30,0.5,0.508548,0.0,1.0,0.0,5.0,1.0,0.77,4.0
10,1,walking,down,0.95,gradient,10.0,30,0.0,0.0,0.0,0.0,,,1.0,0.07,4.07
10,1,walking,down,0.95,gradient_scf,0.0,30,0.966667,0.182574,0.0,1.0,0.060967,12.172414,1.0,1.13,4.0
10,1,walking,down,0.95,gradient_scf,10.0,30,0.0,0.0,0.0,0.0,,,1.0,0.23,4.07
10,1,walking,down,0.95,managed,0.0,30,0.966667,0.182574,0.0,1.0,0.060967,12.172414,1.0,1.13,4.0
10,1,walking,down,0.95,managed,10.0,30,0.0,0.0,0.0,0.0,,,1.0,0.23,4.07
10,1,walking,down,0.95,trickle,0.0,30,0.966667,0.182574,0.0,1.0,0.060967,12.172414,1.0,1.13,4.0
10,1,walking,down,0.95,trickle,10.0,30,0.0,0.0,0.0,0.0,,,1.0,0.23,4.07
10,1,walking,recovered,0.7,flood,0.0,30,0.9,0.305129,0.0,1.0,0.151406,10.407407,1.0,1.2,3.4
10,1,walking,recovered,0.7,flood,10.0,30,0.0,0.0,0.0,0.0,,,1.0,0.2,3.53
10,1,walking,recovered,0.7,gradient,0.0,30,0.4,0.498273,0.0,1.0,0.0,4.583333,1.0,0.77,3.43
10,1,walking,recovered,0.7,gradient,10.0,30,0.0,0.0,0.0,0.0,,,1.0,0.03,3.53
10,1,walking,recovered,0.7,gradient_scf,0.0,30,0.9,0.305129,0.0,1.0,0.151406,10.407407,1.0,1.2,3.4
10,1,walking,recovered,0.7,gradient_scf,10.0,30,0.0,0.0,0.0,0.0,,,1.0,0.2,3.53
10,1,walking,recovered,0.7,managed,0.0,30,0.9,0.305129,0.0,1.0,0.151406,10.407407,1.0,1.2,3.4
10,1,walking,recovered,0.7,managed,10.0,30,0.0,0.0,0.0,0.0,,,1.0,0.2,3.53
10,1,walking,recovered,0.7,trickle,0.0,30,0.9,0.305129,0.0,1.0,0.151406,10.407407,1.0,1.2,3.4
10,1,walking,recovered,0.7,trickle,10.0,30,0.0,0.0,0.0,0.0,,,1.0,0.2,3.53
10,1,walking,recovered,0.85,flood,0.0,30,0.966667,0.182574,0.0,1.0,0.075708,11.655172,1.0,1.2,3.7
10,1,walking,recovered,0.85,flood,10.0,30,0.0,0.0,0.0,0.0,,,1.0,0.27,3.9
10,1,walking,recovered,0.85,gradient,0.0,30,0.466667,0.507416,0.0,1.0,0.0,4.857143,1.0,0.77,3.77
10,1,walking,recovered,0.85,gradient,10.0,30,0.0,0.0,0.0,0.0,,,1.0,0.03,3.9
10,1,walking,recovered,0.85,gradient_scf,0.0,30,0.966667,0.182574,0.0,1.0,0.075708,11.655172,1.0,1.2,3.7
10,1,walking,recovered,0.85,gradient_scf,10.0,30,0.0,0.0,0.0,0.0,,,1.0,0.27,3.9
10,1,walking,recovered,0.85,managed,0.0,30,0.966667,0.182574,0.0,1.0,0.075708,11.655172,1.0,1.2,3.7
10,1,walking,recovered,0.85,managed,10.0,30,0.0,0.0,0.0,0.0,,,1.0,0.27,3.9
10,1,walking,recovered,0.85,trickle,0.0,30,0.966667,0.182574,0.0,1.0,0.075708,11.655172,1.0,1.2,3.7
10,1,walking,recovered,0.85,trickle,10.0,30,0.0,0.0,0.0,0.0,,,1.0,0.27,3.9
10,1,walking,recovered,0.95,flood,0.0,30,0.966667,0.182574,0.0,1.0,0.060967,12.172414,1.0,1.13,4.0
10,1,walking,recovered,0.95,flood,10.0,30,0.0,0.0,0.0,0.0,,,1.0,0.23,4.07
10,1,walking,recovered,0.95,gradient,0.0,30,0.5,0.508548,0.0,1.0,0.0,5.0,1.0,0.77,4.0
10,1,walking,recovered,0.95,gradient,10.0,30,0.0,0.0,0.0,0.0,,,1.0,0.07,4.07
10,1,walking,recovered,0.95,gradient_scf,0.0,30,0.966667,0.182574,0.0,1.0,0.060967,12.172414,1.0,1.13,4.0
10,1,walking,recovered,0.95,gradient_scf,10.0,30,0.0,0.0,0.0,0.0,,,1.0,0.23,4.07
10,1,walking,recovered,0.95,managed,0.0,30,0.966667,0.182574,0.0,1.0,0.060967,12.172414,1.0,1.13,4.0
10,1,walking,recovered,0.95,managed,10.0,30,0.0,0.0,0.0,0.0,,,1.0,0.23,4.07
10,1,walking,recovered,0.95,trickle,0.0,30,0.966667,0.182574,0.0,1.0,0.060967,12.172414,1.0,1.13,4.0
10,1,walking,recovered,0.95,trickle,10.0,30,0.0,0.0,0.0,0.0,,,1.0,0.23,4.07
10,1,walking,up,0.7,flood,0.0,30,0.9,0.305129,0.0,1.0,0.151406,59.185185,1.0,1.53,52.07
10,1,walking,up,0.7,flood,10.0,30,0.9,0.305129,0.0,1.0,10.146751,76.592593,1.0,1.57,68.6
10,1,walking,up,0.7,gradient,0.0,30,0.4,0.498273,0.0,1.0,0.0,53.166667,1.0,1.13,51.33
10,1,walking,up,0.7,gradient,10.0,30,0.766667,0.430183,0.0,1.0,10.066042,71.478261,1.0,1.37,68.23
10,1,walking,up,0.7,gradient_scf,0.0,30,0.9,0.305129,0.0,1.0,0.151406,59.185185,1.0,1.53,52.07
10,1,walking,up,0.7,gradient_scf,10.0,30,0.9,0.305129,0.0,1.0,10.146751,76.592593,1.0,1.57,68.6
10,1,walking,up,0.7,managed,0.0,30,0.9,0.305129,0.0,1.0,0.151406,59.185185,1.0,1.53,52.07
10,1,walking,up,0.7,managed,10.0,30,0.9,0.305129,0.0,1.0,10.146751,76.592593,1.0,1.57,68.6
10,1,walking,up,0.7,trickle,0.0,30,0.9,0.305129,0.0,1.0,0.151406,59.185185,1.0,1.53,52.07
10,1,walking,up,0.7,trickle,10.0,30,0.9,0.305129,0.0,1.0,10.146751,76.592593,1.0,1.57,68.6
10,1,walking,up,0.85,flood,0.0,30,0.966667,0.182574,0.0,1.0,0.075708,65.931034,1.0,1.8,57.5
10,1,walking,up,0.85,flood,10.0,30,0.966667,0.182574,0.0,1.0,10.07811,85.241379,1.0,2.03,76.77
10,1,walking,up,0.85,gradient,0.0,30,0.466667,0.507416,0.0,1.0,0.0,60.071429,1.0,1.37,57.67
10,1,walking,up,0.85,gradient,10.0,30,0.933333,0.253708,0.0,1.0,10.070118,80.892857,1.0,1.73,76.9
10,1,walking,up,0.85,gradient_scf,0.0,30,0.966667,0.182574,0.0,1.0,0.075708,65.931034,1.0,1.8,57.5
10,1,walking,up,0.85,gradient_scf,10.0,30,0.966667,0.182574,0.0,1.0,10.07811,85.241379,1.0,2.03,76.77
10,1,walking,up,0.85,managed,0.0,30,0.966667,0.182574,0.0,1.0,0.075708,65.931034,1.0,1.8,57.5
10,1,walking,up,0.85,managed,10.0,30,0.966667,0.182574,0.0,1.0,10.07811,85.241379,1.0,2.03,76.77
10,1,walking,up,0.85,trickle,0.0,30,0.966667,0.182574,0.0,1.0,0.075708,65.931034,1.0,1.8,57.5
10,1,walking,up,0.85,trickle,10.0,30,0.966667,0.182574,0.0,1.0,10.07811,85.241379,1.0,2.03,76.77
10,1,walking,up,0.95,flood,0.0,30,0.966667,0.182574,0.0,1.0,0.060967,68.793103,1.0,1.83,60.13
10,1,walking,up,0.95,flood,10.0,30,0.966667,0.182574,0.0,1.0,10.066942,88.862069,1.0,2.3,80.23
10,1,walking,up,0.95,gradient,0.0,30,0.5,0.508548,0.0,1.0,0.0,62.6,1.0,1.5,60.27
10,1,walking,up,0.95,gradient,10.0,30,0.933333,0.253708,0.0,1.0,10.059217,84.357143,1.0,2.07,80.23
10,1,walking,up,0.95,gradient_scf,0.0,30,0.966667,0.182574,0.0,1.0,0.060967,68.793103,1.0,1.83,60.13
10,1,walking,up,0.95,gradient_scf,10.0,30,0.966667,0.182574,0.0,1.0,10.066942,88.862069,1.0,2.3,80.23
10,1,walking,up,0.95,managed,0.0,30,0.966667,0.182574,0.0,1.0,0.060967,68.793103,1.0,1.83,60.13
10,1,walking,up,0.95,managed,10.0,30,0.966667,0.182574,0.0,1.0,10.066942,88.862069,1.0,2.3,80.23
10,1,walking,up,0.95,trickle,0.0,30,0.966667,0.182574,0.0,1.0,0.060967,68.793103,1.0,1.83,60.13
10,1,walking,up,0.95,trickle,10.0,30,0.966667,0.182574,0.0,1.0,10.066942,88.862069,1.0,2.3,80.23
10,5,courier,down,0.7,flood,0.0,30,0.7,0.233415,0.0,1.0,0.523497,6.917816,0.553,8.57,1.97
10,5,courier,down,0.7,flood,10.0,30,0.0,0.0,0.0,0.0,,,0.676,5.1,3.13
10,5,courier,down,0.7,gradient,0.0,30,0.44,0.199309,0.0,0.8,0.0,3.807471,1.0,8.03,2.1
10,5,courier,down,0.7,gradient,10.0,30,0.0,0.0,0.0,0.0,,,1.0,4.3,3.13
10,5,courier,down,0.7,gradient_scf,0.0,30,0.7,0.233415,0.0,1.0,0.523497,6.917816,0.553,8.57,1.97
10,5,courier,down,0.7,gradient_scf,10.0,30,0.0,0.0,0.0,0.0,,,0.676,5.1,3.13
10,5,courier,down,0.7,managed,0.0,30,0.7,0.233415,0.0,1.0,0.523497,6.917816,0.553,8.57,1.97
10,5,courier,down,0.7,managed,10.0,30,0.0,0.0,0.0,0.0,,,0.676,5.1,3.13
10,5,courier,down,0.7,trickle,0.0,30,0.7,0.233415,0.0,1.0,0.523497,6.917816,0.553,8.57,1.97
10,5,courier,down,0.7,trickle,10.0,30,0.0,0.0,0.0,0.0,,,0.676,5.1,3.13
10,5,courier,down,0.85,flood,0.0,30,0.793333,0.219613,0.0,1.0,0.559621,7.314368,0.6526,8.87,2.63
10,5,courier,down,0.85,flood,10.0,30,0.0,0.0,0.0,0.0,,,0.7545,5.37,3.6
10,5,courier,down,0.85,gradient,0.0,30,0.493333,0.201603,0.0,0.8,0.0,3.557471,1.0,8.03,2.83
10,5,courier,down,0.85,gradient,10.0,30,0.0,0.0,0.0,0.0,,,1.0,4.3,3.6
10,5,courier,down,0.85,gradient_scf,0.0,30,0.793333,0.219613,0.0,1.0,0.559621,7.314368,0.6526,8.87,2.63
10,5,courier,down,0.85,gradient_scf,10.0,30,0.0,0.0,0.0,0.0,,,0.7545,5.37,3.6
10,5,courier,down,0.85,managed,0.0,30,0.793333,0.219613,0.0,1.0,0.559621,7.314368,0.6526,8.87,2.63
10,5,courier,down,0.85,managed,10.0,30,0.0,0.0,0.0,0.0,,,0.7545,5.37,3.6
10,5,courier,down,0.85,trickle,0.0,30,0.793333,0.219613,0.0,1.0,0.559621,7.314368,0.6526,8.87,2.63
10,5,courier,down,0.85,trickle,10.0,30,0.0,0.0,0.0,0.0,,,0.7545,5.37,3.6
10,5,courier,down,0.95,flood,0.0,30,0.826667,0.18742,0.2,1.0,0.495797,7.588889,0.6879,9.0,2.83
10,5,courier,down,0.95,flood,10.0,30,0.0,0.0,0.0,0.0,,,0.7913,5.13,3.73
10,5,courier,down,0.95,gradient,0.0,30,0.526667,0.219613,0.0,1.0,0.0,3.445977,1.0,8.03,3.1
10,5,courier,down,0.95,gradient,10.0,30,0.0,0.0,0.0,0.0,,,1.0,4.3,3.73
10,5,courier,down,0.95,gradient_scf,0.0,30,0.826667,0.18742,0.2,1.0,0.495797,7.588889,0.6879,9.0,2.83
10,5,courier,down,0.95,gradient_scf,10.0,30,0.0,0.0,0.0,0.0,,,0.7913,5.13,3.73
10,5,courier,down,0.95,managed,0.0,30,0.826667,0.18742,0.2,1.0,0.495797,7.588889,0.6879,9.0,2.83
10,5,courier,down,0.95,managed,10.0,30,0.0,0.0,0.0,0.0,,,0.7913,5.13,3.73
10,5,courier,down,0.95,trickle,0.0,30,0.826667,0.18742,0.2,1.0,0.495797,7.588889,0.6879,9.0,2.83
10,5,courier,down,0.95,trickle,10.0,30,0.0,0.0,0.0,0.0,,,0.7913,5.13,3.73
10,5,courier,recovered,0.7,flood,0.0,30,0.7,0.233415,0.0,1.0,0.523497,6.917816,0.553,8.57,1.97
10,5,courier,recovered,0.7,flood,10.0,30,0.0,0.0,0.0,0.0,,,0.676,5.1,3.13
10,5,courier,recovered,0.7,gradient,0.0,30,0.44,0.199309,0.0,0.8,0.0,3.807471,1.0,8.03,2.1
10,5,courier,recovered,0.7,gradient,10.0,30,0.0,0.0,0.0,0.0,,,1.0,4.3,3.13
10,5,courier,recovered,0.7,gradient_scf,0.0,30,0.7,0.233415,0.0,1.0,0.523497,6.917816,0.553,8.57,1.97
10,5,courier,recovered,0.7,gradient_scf,10.0,30,0.0,0.0,0.0,0.0,,,0.676,5.1,3.13
10,5,courier,recovered,0.7,managed,0.0,30,0.7,0.233415,0.0,1.0,0.523497,6.917816,0.553,8.57,1.97
10,5,courier,recovered,0.7,managed,10.0,30,0.0,0.0,0.0,0.0,,,0.676,5.1,3.13
10,5,courier,recovered,0.7,trickle,0.0,30,0.7,0.233415,0.0,1.0,0.523497,6.917816,0.553,8.57,1.97
10,5,courier,recovered,0.7,trickle,10.0,30,0.0,0.0,0.0,0.0,,,0.676,5.1,3.13
10,5,courier,recovered,0.85,flood,0.0,30,0.793333,0.219613,0.0,1.0,0.559621,7.314368,0.6526,8.87,2.63
10,5,courier,recovered,0.85,flood,10.0,30,0.0,0.0,0.0,0.0,,,0.7545,5.37,3.6
10,5,courier,recovered,0.85,gradient,0.0,30,0.493333,0.201603,0.0,0.8,0.0,3.557471,1.0,8.03,2.83
10,5,courier,recovered,0.85,gradient,10.0,30,0.0,0.0,0.0,0.0,,,1.0,4.3,3.6
10,5,courier,recovered,0.85,gradient_scf,0.0,30,0.793333,0.219613,0.0,1.0,0.559621,7.314368,0.6526,8.87,2.63
10,5,courier,recovered,0.85,gradient_scf,10.0,30,0.0,0.0,0.0,0.0,,,0.7545,5.37,3.6
10,5,courier,recovered,0.85,managed,0.0,30,0.793333,0.219613,0.0,1.0,0.559621,7.314368,0.6526,8.87,2.63
10,5,courier,recovered,0.85,managed,10.0,30,0.0,0.0,0.0,0.0,,,0.7545,5.37,3.6
10,5,courier,recovered,0.85,trickle,0.0,30,0.793333,0.219613,0.0,1.0,0.559621,7.314368,0.6526,8.87,2.63
10,5,courier,recovered,0.85,trickle,10.0,30,0.0,0.0,0.0,0.0,,,0.7545,5.37,3.6
10,5,courier,recovered,0.95,flood,0.0,30,0.826667,0.18742,0.2,1.0,0.495797,7.588889,0.6879,9.0,2.83
10,5,courier,recovered,0.95,flood,10.0,30,0.0,0.0,0.0,0.0,,,0.7913,5.13,3.73
10,5,courier,recovered,0.95,gradient,0.0,30,0.526667,0.219613,0.0,1.0,0.0,3.445977,1.0,8.03,3.1
10,5,courier,recovered,0.95,gradient,10.0,30,0.0,0.0,0.0,0.0,,,1.0,4.3,3.73
10,5,courier,recovered,0.95,gradient_scf,0.0,30,0.826667,0.18742,0.2,1.0,0.495797,7.588889,0.6879,9.0,2.83
10,5,courier,recovered,0.95,gradient_scf,10.0,30,0.0,0.0,0.0,0.0,,,0.7913,5.13,3.73
10,5,courier,recovered,0.95,managed,0.0,30,0.826667,0.18742,0.2,1.0,0.495797,7.588889,0.6879,9.0,2.83
10,5,courier,recovered,0.95,managed,10.0,30,0.0,0.0,0.0,0.0,,,0.7913,5.13,3.73
10,5,courier,recovered,0.95,trickle,0.0,30,0.826667,0.18742,0.2,1.0,0.495797,7.588889,0.6879,9.0,2.83
10,5,courier,recovered,0.95,trickle,10.0,30,0.0,0.0,0.0,0.0,,,0.7913,5.13,3.73
10,5,courier,up,0.7,flood,0.0,30,0.7,0.233415,0.0,1.0,0.523497,20.123563,0.553,8.63,44.93
10,5,courier,up,0.7,flood,10.0,30,0.746667,0.222421,0.2,1.0,10.50368,25.637778,0.6717,8.87,60.3
10,5,courier,up,0.7,gradient,0.0,30,0.44,0.199309,0.0,0.8,0.0,27.660919,1.0,8.13,45.73
10,5,courier,up,0.7,gradient,10.0,30,0.64,0.237225,0.0,1.0,10.287477,24.836207,0.5846,8.37,60.5
10,5,courier,up,0.7,gradient_scf,0.0,30,0.7,0.233415,0.0,1.0,0.523497,20.123563,0.553,8.63,44.93
10,5,courier,up,0.7,gradient_scf,10.0,30,0.746667,0.222421,0.2,1.0,10.50368,25.637778,0.6717,8.87,60.3
10,5,courier,up,0.7,managed,0.0,30,0.7,0.233415,0.0,1.0,0.523497,20.123563,0.553,8.63,44.93
10,5,courier,up,0.7,managed,10.0,30,0.746667,0.222421,0.2,1.0,10.50368,25.637778,0.6717,8.87,60.3
10,5,courier,up,0.7,trickle,0.0,30,0.7,0.233415,0.0,1.0,0.523497,20.123563,0.553,8.63,44.93
10,5,courier,up,0.7,trickle,10.0,30,0.746667,0.222421,0.2,1.0,10.50368,25.637778,0.6717,8.87,60.3
10,5,courier,up,0.85,flood,0.0,30,0.793333,0.219613,0.0,1.0,0.559621,19.989655,0.6526,8.93,52.07
10,5,courier,up,0.85,flood,10.0,30,0.833333,0.174856,0.4,1.0,10.554657,24.502222,0.7626,9.23,68.4
10,5,courier,up,0.85,gradient,0.0,30,0.493333,0.201603,0.0,0.8,0.0,26.114943,1.0,8.2,51.83
10,5,courier,up,0.85,gradient,10.0,30,0.753333,0.220866,0.2,1.0,10.313322,24.928889,0.6752,8.53,68.7
10,5,courier,up,0.85,gradient_scf,0.0,30,0.793333,0.219613,0.0,1.0,0.559621,19.989655,0.6526,8.93,52.07
10,5,courier,up,0.85,gradient_scf,10.0,30,0.833333,0.174856,0.4,1.0,10.554657,24.502222,0.7626,9.23,68.4
10,5,courier,up,0.85,managed,0.0,30,0.793333,0.219613,0.0,1.0,0.559621,19.989655,0.6526,8.93,52.07
10,5,courier,up,0.85,managed,10.0,30,0.833333,0.174856,0.4,1.0,10.554657,24.502222,0.7626,9.23,68.4
10,5,courier,up,0.85,trickle,0.0,30,0.793333,0.219613,0.0,1.0,0.559621,19.989655,0.6526,8.93,52.07
10,5,courier,up,0.85,trickle,10.0,30,0.833333,0.174856,0.4,1.0,10.554657,24.502222,0.7626,9.23,68.4
10,5,courier,up,0.95,flood,0.0,30,0.826667,0.18742,0.2,1.0,0.495797,21.586667,0.6879,9.13,56.13
10,5,courier,up,0.95,flood,10.0,30,0.873333,0.143679,0.6,1.0,10.467911,24.556667,0.7886,9.1,73.5
10,5,courier,up,0.95,gradient,0.0,30,0.526667,0.219613,0.0,1.0,0.0,26.264943,1.0,8.13,56.1
10,5,courier,up,0.95,gradient,10.0,30,0.826667,0.155216,0.4,1.0,10.352194,22.079444,0.7133,8.5,73.67
10,5,courier,up,0.95,gradient_scf,0.0,30,0.826667,0.18742,0.2,1.0,0.495797,21.586667,0.6879,9.13,56.13
10,5,courier,up,0.95,gradient_scf,10.0,30,0.873333,0.143679,0.6,1.0,10.467911,24.556667,0.7886,9.1,73.5
10,5,courier,up,0.95,managed,0.0,30,0.826667,0.18742,0.2,1.0,0.495797,21.586667,0.6879,9.13,56.13
10,5,courier,up,0.95,managed,10.0,30,0.873333,0.143679,0.6,1.0,10.467911,24.556667,0.7886,9.1,73.5
10,5,courier,up,0.95,trickle,0.0,30,0.826667,0.18742,0.2,1.0,0.495797,21.586667,0.6879,9.13,56.13
10,5,courier,up,0.95,trickle,10.0,30,0.873333,0.143679,0.6,1.0,10.467911,24.556667,0.7886,9.1,73.5
10,5,static,down,0.7,flood,0.0,30,0.833333,0.174856,0.2,1.0,0.288712,7.41,0.6839,9.17,2.9
10,5,static,down,0.7,flood,10.0,30,0.0,0.0,0.0,0.0,,,0.7733,6.03,3.67
10,5,static,down,0.7,gradient,0.0,30,0.52,0.207448,0.0,0.8,0.0,3.304598,1.0,8.03,2.8
10,5,static,down,0.7,gradient,10.0,30,0.0,0.0,0.0,0.0,,,1.0,4.33,3.67
10,5,static,down,0.7,gradient_scf,0.0,30,0.833333,0.174856,0.2,1.0,0.288712,7.41,0.6839,9.17,2.9
10,5,static,down,0.7,gradient_scf,10.0,30,0.0,0.0,0.0,0.0,,,0.7733,6.03,3.67
10,5,static,down,0.7,managed,0.0,30,0.833333,0.174856,0.2,1.0,0.288712,7.41,0.6839,9.17,2.9
10,5,static,down,0.7,managed,10.0,30,0.0,0.0,0.0,0.0,,,0.7733,6.03,3.67
10,5,static,down,0.7,trickle,0.0,30,0.833333,0.174856,0.2,1.0,0.288712,7.41,0.6839,9.17,2.9
10,5,static,down,0.7,trickle,10.0,30,0.0,0.0,0.0,0.0,,,0.7733,6.03,3.67
10,5,static,down,0.85,flood,0.0,30,0.9,0.125945,0.6,1.0,0.248293,7.655,0.7553,9.9,3.17
10,5,static,down,0.85,flood,10.0,30,0.0,0.0,0.0,0.0,,,0.8368,5.87,4.07
10,5,static,down,0.85,gradient,0.0,30,0.613333,0.173669,0.2,1.0,0.0,2.958889,1.0,8.03,3.17
10,5,static,down,0.85,gradient,10.0,30,0.0,0.0,0.0,0.0,,,1.0,4.37,4.07
10,5,static,down,0.85,gradient_scf,0.0,30,0.9,0.125945,0.6,1.0,0.248293,7.655,0.7553,9.9,3.17
10,5,static,down,0.85,gradient_scf,10.0,30,0.0,0.0,0.0,0.0,,,0.8368,5.87,4.07
10,5,static,down,0.85,managed,0.0,30,0.9,0.125945,0.6,1.0,0.248293,7.655,0.7553,9.9,3.17
10,5,static,down,0.85,managed,10.0,30,0.0,0.0,0.0,0.0,,,0.8368,5.87,4.07
10,5,static,down,0.85,trickle,0.0,30,0.9,0.125945,0.6,1.0,0.248293,7.655,0.7553,9.9,3.17
10,5,static,down,0.85,trickle,10.0,30,0.0,0.0,0.0,0.0,,,0.8368,5.87,4.07
10,5,static,down,0.95,flood,0.0,30,0.913333,0.125212,0.6,1.0,0.172429,8.231667,0.8298,9.83,3.23
10,5,static,down,0.95,flood,10.0,30,0.0,0.0,0.0,0.0,,,0.8745,5.9,4.17
10,5,static,down,0.95,gradient,0.0,30,0.726667,0.185571,0.4,1.0,0.0,2.404444,1.0,8.07,3.2
10,5,static,down,0.95,gradient,10.0,30,0.0,0.0,0.0,0.0,,,1.0,4.37,4.17
10,5,static,down,0.95,gradient_scf,0.0,30,0.913333,0.125212,0.6,1.0,0.172429,8.231667,0.8298,9.83,3.23
10,5,static,down,0.95,gradient_scf,10.0,30,0.0,0.0,0.0,0.0,,,0.8745,5.9,4.17
10,5,static,down,0.95,managed,0.0,30,0.913333,0.125212,0.6,1.0,0.172429,8.231667,0.8298,9.83,3.23
10,5,static,down,0.95,managed,10.0,30,0.0,0.0,0.0,0.0,,,0.8745,5.9,4.17
10,5,static,down,0.95,trickle,0.0,30,0.913333,0.125212,0.6,1.0,0.172429,8.231667,0.8298,9.83,3.23
10,5,static,down,0.95,trickle,10.0,30,0.0,0.0,0.0,0.0,,,0.8745,5.9,4.17
10,5,static,recovered,0.7,flood,0.0,30,0.833333,0.174856,0.2,1.0,0.288712,7.41,0.6839,9.17,2.9
10,5,static,recovered,0.7,flood,10.0,30,0.0,0.0,0.0,0.0,,,0.7733,6.03,3.67
10,5,static,recovered,0.7,gradient,0.0,30,0.52,0.207448,0.0,0.8,0.0,3.304598,1.0,8.03,2.8
10,5,static,recovered,0.7,gradient,10.0,30,0.0,0.0,0.0,0.0,,,1.0,4.33,3.67
10,5,static,recovered,0.7,gradient_scf,0.0,30,0.833333,0.174856,0.2,1.0,0.288712,7.41,0.6839,9.17,2.9
10,5,static,recovered,0.7,gradient_scf,10.0,30,0.0,0.0,0.0,0.0,,,0.7733,6.03,3.67
10,5,static,recovered,0.7,managed,0.0,30,0.833333,0.174856,0.2,1.0,0.288712,7.41,0.6839,9.17,2.9
10,5,static,recovered,0.7,managed,10.0,30,0.0,0.0,0.0,0.0,,,0.7733,6.03,3.67
10,5,static,recovered,0.7,trickle,0.0,30,0.833333,0.174856,0.2,1.0,0.288712,7.41,0.6839,9.17,2.9
10,5,static,recovered,0.7,trickle,10.0,30,0.0,0.0,0.0,0.0,,,0.7733,6.03,3.67
10,5,static,recovered,0.85,flood,0.0,30,0.9,0.125945,0.6,1.0,0.248293,7.655,0.7553,9.9,3.17
10,5,static,recovered,0.85,flood,10.0,30,0.0,0.0,0.0,0.0,,,0.8368,5.87,4.07
10,5,static,recovered,0.85,gradient,0.0,30,0.613333,0.173669,0.2,1.0,0.0,2.958889,1.0,8.03,3.17
10,5,static,recovered,0.85,gradient,10.0,30,0.0,0.0,0.0,0.0,,,1.0,4.37,4.07
10,5,static,recovered,0.85,gradient_scf,0.0,30,0.9,0.125945,0.6,1.0,0.248293,7.655,0.7553,9.9,3.17
10,5,static,recovered,0.85,gradient_scf,10.0,30,0.0,0.0,0.0,0.0,,,0.8368,5.87,4.07
10,5,static,recovered,0.85,managed,0.0,30,0.9,0.125945,0.6,1.0,0.248293,7.655,0.7553,9.9,3.17
10,5,static,recovered,0.85,managed,10.0,30,0.0,0.0,0.0,0.0,,,0.8368,5.87,4.07
10,5,static,recovered,0.85,trickle,0.0,30,0.9,0.125945,0.6,1.0,0.248293,7.655,0.7553,9.9,3.17
10,5,static,recovered,0.85,trickle,10.0,30,0.0,0.0,0.0,0.0,,,0.8368,5.87,4.07
10,5,static,recovered,0.95,flood,0.0,30,0.913333,0.125212,0.6,1.0,0.172429,8.231667,0.8298,9.83,3.23
10,5,static,recovered,0.95,flood,10.0,30,0.0,0.0,0.0,0.0,,,0.8745,5.9,4.17
10,5,static,recovered,0.95,gradient,0.0,30,0.726667,0.185571,0.4,1.0,0.0,2.404444,1.0,8.07,3.2
10,5,static,recovered,0.95,gradient,10.0,30,0.0,0.0,0.0,0.0,,,1.0,4.37,4.17
10,5,static,recovered,0.95,gradient_scf,0.0,30,0.913333,0.125212,0.6,1.0,0.172429,8.231667,0.8298,9.83,3.23
10,5,static,recovered,0.95,gradient_scf,10.0,30,0.0,0.0,0.0,0.0,,,0.8745,5.9,4.17
10,5,static,recovered,0.95,managed,0.0,30,0.913333,0.125212,0.6,1.0,0.172429,8.231667,0.8298,9.83,3.23
10,5,static,recovered,0.95,managed,10.0,30,0.0,0.0,0.0,0.0,,,0.8745,5.9,4.17
10,5,static,recovered,0.95,trickle,0.0,30,0.913333,0.125212,0.6,1.0,0.172429,8.231667,0.8298,9.83,3.23
10,5,static,recovered,0.95,trickle,10.0,30,0.0,0.0,0.0,0.0,,,0.8745,5.9,4.17
10,5,static,up,0.7,flood,0.0,30,0.833333,0.174856,0.2,1.0,0.288712,20.731667,0.6839,9.53,54.5
10,5,static,up,0.7,flood,10.0,30,0.873333,0.133735,0.6,1.0,10.2886,23.927778,0.7842,10.07,72.33
10,5,static,up,0.7,gradient,0.0,30,0.52,0.207448,0.0,0.8,0.0,25.761494,1.0,8.4,54.63
10,5,static,up,0.7,gradient,10.0,30,0.806667,0.143679,0.4,1.0,10.181087,22.185,0.7138,9.2,72.23
10,5,static,up,0.7,gradient_scf,0.0,30,0.833333,0.174856,0.2,1.0,0.288712,20.731667,0.6839,9.53,54.5
10,5,static,up,0.7,gradient_scf,10.0,30,0.873333,0.133735,0.6,1.0,10.2886,23.927778,0.7842,10.07,72.33
10,5,static,up,0.7,managed,0.0,30,0.833333,0.174856,0.2,1.0,0.288712,20.731667,0.6839,9.53,54.5
10,5,static,up,0.7,managed,10.0,30,0.873333,0.133735,0.6,1.0,10.2886,23.927778,0.7842,10.07,72.33
10,5,static,up,0.7,trickle,0.0,30,0.833333,0.174856,0.2,1.0,0.288712,20.731667,0.6839,9.53,54.5
10,5,static,up,0.7,trickle,10.0,30,0.873333,0.133735,0.6,1.0,10.2886,23.927778,0.7842,10.07,72.33
10,5,static,up,0.85,flood,0.0,30,0.9,0.125945,0.6,1.0,0.248293,20.341667,0.7553,10.63,59.3
10,5,static,up,0.85,flood,10.0,30,0.913333,0.113664,0.6,1.0,10.268538,25.182222,0.84,10.83,79.27
10,5,static,up,0.85,gradient,0.0,30,0.613333,0.173669,0.2,1.0,0.0,22.997222,1.0,8.73,59.47
10,5,static,up,0.85,gradient,10.0,30,0.886667,0.125212,0.6,1.0,10.215199,22.015556,0.7341,9.87,79.43
10,5,static,up,0.85,gradient_scf,0.0,30,0.9,0.125945,0.6,1.0,0.248293,20.341667,0.7553,10.63,59.3
10,5,static,up,0.85,gradient_scf,10.0,30,0.913333,0.113664,0.6,1.0,10.268538,25.182222,0.84,10.83,79.27
10,5,static,up,0.85,managed,0.0,30,0.9,0.125945,0.6,1.0,0.248293,20.341667,0.7553,10.63,59.3
10,5,static,up,0.85,managed,10.0,30,0.913333,0.113664,0.6,1.0,10.268538,25.182222,0.84,10.83,79.27
10,5,static,up,0.85,trickle,0.0,30,0.9,0.125945,0.6,1.0,0.248293,20.341667,0.7553,10.63,59.3
10,5,static,up,0.85,trickle,10.0,30,0.913333,0.113664,0.6,1.0,10.268538,25.182222,0.84,10.83,79.27
10,5,static,up,0.95,flood,0.0,30,0.913333,0.125212,0.6,1.0,0.172429,21.361667,0.8298,10.63,62.03
10,5,static,up,0.95,flood,10.0,30,0.926667,0.111211,0.6,1.0,10.217967,26.142778,0.8832,10.93,82.9
10,5,static,up,0.95,gradient,0.0,30,0.726667,0.185571,0.4,1.0,0.0,19.666111,1.0,8.87,62.0
10,5,static,up,0.95,gradient,10.0,30,0.906667,0.114269,0.6,1.0,10.164388,22.411111,0.7449,10.0,82.8
10,5,static,up,0.95,gradient_scf,0.0,30,0.913333,0.125212,0.6,1.0,0.172429,21.361667,0.8298,10.63,62.03
10,5,static,up,0.95,gradient_scf,10.0,30,0.926667,0.111211,0.6,1.0,10.217967,26.142778,0.8832,10.93,82.9
10,5,static,up,0.95,managed,0.0,30,0.913333,0.125212,0.6,1.0,0.172429,21.361667,0.8298,10.63,62.03
10,5,static,up,0.95,managed,10.0,30,0.926667,0.111211,0.6,1.0,10.217967,26.142778,0.8832,10.93,82.9
10,5,static,up,0.95,trickle,0.0,30,0.913333,0.125212,0.6,1.0,0.172429,21.361667,0.8298,10.63,62.03
10,5,static,up,0.95,trickle,10.0,30,0.926667,0.111211,0.6,1.0,10.217967,26.142778,0.8832,10.93,82.9
10,5,walking,down,0.7,flood,0.0,30,0.793333,0.21324,0.0,1.0,0.390652,7.212644,0.6491,8.93,2.43
10,5,walking,down,0.7,flood,10.0,30,0.0,0.0,0.0,0.0,,,0.7451,5.83,3.53
10,5,walking,down,0.7,gradient,0.0,30,0.493333,0.201603,0.0,0.8,0.0,3.402299,1.0,8.03,2.53
10,5,walking,down,0.7,gradient,10.0,30,0.0,0.0,0.0,0.0,,,1.0,4.33,3.53
10,5,walking,down,0.7,gradient_scf,0.0,30,0.793333,0.21324,0.0,1.0,0.390652,7.212644,0.6491,8.93,2.43
10,5,walking,down,0.7,gradient_scf,10.0,30,0.0,0.0,0.0,0.0,,,0.7451,5.83,3.53
10,5,walking,down,0.7,managed,0.0,30,0.793333,0.21324,0.0,1.0,0.390652,7.212644,0.6491,8.93,2.43
10,5,walking,down,0.7,managed,10.0,30,0.0,0.0,0.0,0.0,,,0.7451,5.83,3.53
10,5,walking,down,0.7,trickle,0.0,30,0.793333,0.21324,0.0,1.0,0.390652,7.212644,0.6491,8.93,2.43
10,5,walking,down,0.7,trickle,10.0,30,0.0,0.0,0.0,0.0,,,0.7451,5.83,3.53
10,5,walking,down,0.85,flood,0.0,30,0.866667,0.176817,0.2,1.0,0.338284,7.631667,0.7147,9.73,2.9
10,5,walking,down,0.85,flood,10.0,30,0.0,0.0,0.0,0.0,,,0.7994,5.77,3.9
10,5,walking,down,0.85,gradient,0.0,30,0.546667,0.216131,0.0,1.0,0.0,3.247701,1.0,8.03,3.03
10,5,walking,down,0.85,gradient,10.0,30,0.0,0.0,0.0,0.0,,,1.0,4.33,3.9
10,5,walking,down,0.85,gradient_scf,0.0,30,0.866667,0.176817,0.2,1.0,0.338284,7.631667,0.7147,9.73,2.9
10,5,walking,down,0.85,gradient_scf,10.0,30,0.0,0.0,0.0,0.0,,,0.7994,5.77,3.9
10,5,walking,down,0.85,managed,0.0,30,0.866667,0.176817,0.2,1.0,0.338284,7.631667,0.7147,9.73,2.9
10,5,walking,down,0.85,managed,10.0,30,0.0,0.0,0.0,0.0,,,0.7994,5.77,3.9
10,5,walking,down,0.85,trickle,0.0,30,0.866667,0.176817,0.2,1.0,0.338284,7.631667,0.7147,9.73,2.9
10,5,walking,down,0.85,trickle,10.0,30,0.0,0.0,0.0,0.0,,,0.7994,5.77,3.9
10,5,walking,down,0.95,flood,0.0,30,0.893333,0.125762,0.6,1.0,0.307819,7.75,0.7598,9.83,2.97
10,5,walking,down,0.95,flood,10.0,30,0.0,0.0,0.0,0.0,,,0.8394,6.17,4.07
10,5,walking,down,0.95,gradient,0.0,30,0.626667,0.172073,0.2,1.0,0.0,2.886667,1.0,8.03,3.17
10,5,walking,down,0.95,gradient,10.0,30,0.0,0.0,0.0,0.0,,,1.0,4.37,4.07
10,5,walking,down,0.95,gradient_scf,0.0,30,0.893333,0.125762,0.6,1.0,0.307819,7.75,0.7598,9.83,2.97
10,5,walking,down,0.95,gradient_scf,10.0,30,0.0,0.0,0.0,0.0,,,0.8394,6.17,4.07
10,5,walking,down,0.95,managed,0.0,30,0.893333,0.125762,0.6,1.0,0.307819,7.75,0.7598,9.83,2.97
10,5,walking,down,0.95,managed,10.0,30,0.0,0.0,0.0,0.0,,,0.8394,6.17,4.07
10,5,walking,down,0.95,trickle,0.0,30,0.893333,0.125762,0.6,1.0,0.307819,7.75,0.7598,9.83,2.97
10,5,walking,down,0.95,trickle,10.0,30,0.0,0.0,0.0,0.0,,,0.8394,6.17,4.07
10,5,walking,recovered,0.7,flood,0.0,30,0.793333,0.21324,0.0,1.0,0.390652,7.212644,0.6491,8.93,2.43
10,5,walking,recovered,0.7,flood,10.0,30,0.0,0.0,0.0,0.0,,,0.7451,5.83,3.53
10,5,walking,recovered,0.7,gradient,0.0,30,0.493333,0.201603,0.0,0.8,0.0,3.402299,1.0,8.03,2.53
10,5,walking,recovered,0.7,gradient,10.0,30,0.0,0.0,0.0,0.0,,,1.0,4.33,3.53
10,5,walking,recovered,0.7,gradient_scf,0.0,30,0.793333,0.21324,0.0,1.0,0.390652,7.212644,0.6491,8.93,2.43
10,5,walking,recovered,0.7,gradient_scf,10.0,30,0.0,0.0,0.0,0.0,,,0.7451,5.83,3.53
10,5,walking,recovered,0.7,managed,0.0,30,0.793333,0.21324,0.0,1.0,0.390652,7.212644,0.6491,8.93,2.43
10,5,walking,recovered,0.7,managed,10.0,30,0.0,0.0,0.0,0.0,,,0.7451,5.83,3.53
10,5,walking,recovered,0.7,trickle,0.0,30,0.793333,0.21324,0.0,1.0,0.390652,7.212644,0.6491,8.93,2.43
10,5,walking,recovered,0.7,trickle,10.0,30,0.0,0.0,0.0,0.0,,,0.7451,5.83,3.53
10,5,walking,recovered,0.85,flood,0.0,30,0.866667,0.176817,0.2,1.0,0.338284,7.631667,0.7147,9.73,2.9
10,5,walking,recovered,0.85,flood,10.0,30,0.0,0.0,0.0,0.0,,,0.7994,5.77,3.9
10,5,walking,recovered,0.85,gradient,0.0,30,0.546667,0.216131,0.0,1.0,0.0,3.247701,1.0,8.03,3.03
10,5,walking,recovered,0.85,gradient,10.0,30,0.0,0.0,0.0,0.0,,,1.0,4.33,3.9
10,5,walking,recovered,0.85,gradient_scf,0.0,30,0.866667,0.176817,0.2,1.0,0.338284,7.631667,0.7147,9.73,2.9
10,5,walking,recovered,0.85,gradient_scf,10.0,30,0.0,0.0,0.0,0.0,,,0.7994,5.77,3.9
10,5,walking,recovered,0.85,managed,0.0,30,0.866667,0.176817,0.2,1.0,0.338284,7.631667,0.7147,9.73,2.9
10,5,walking,recovered,0.85,managed,10.0,30,0.0,0.0,0.0,0.0,,,0.7994,5.77,3.9
10,5,walking,recovered,0.85,trickle,0.0,30,0.866667,0.176817,0.2,1.0,0.338284,7.631667,0.7147,9.73,2.9
10,5,walking,recovered,0.85,trickle,10.0,30,0.0,0.0,0.0,0.0,,,0.7994,5.77,3.9
10,5,walking,recovered,0.95,flood,0.0,30,0.893333,0.125762,0.6,1.0,0.307819,7.75,0.7598,9.83,2.97
10,5,walking,recovered,0.95,flood,10.0,30,0.0,0.0,0.0,0.0,,,0.8394,6.17,4.07
10,5,walking,recovered,0.95,gradient,0.0,30,0.626667,0.172073,0.2,1.0,0.0,2.886667,1.0,8.03,3.17
10,5,walking,recovered,0.95,gradient,10.0,30,0.0,0.0,0.0,0.0,,,1.0,4.37,4.07
10,5,walking,recovered,0.95,gradient_scf,0.0,30,0.893333,0.125762,0.6,1.0,0.307819,7.75,0.7598,9.83,2.97
10,5,walking,recovered,0.95,gradient_scf,10.0,30,0.0,0.0,0.0,0.0,,,0.8394,6.17,4.07
10,5,walking,recovered,0.95,managed,0.0,30,0.893333,0.125762,0.6,1.0,0.307819,7.75,0.7598,9.83,2.97
10,5,walking,recovered,0.95,managed,10.0,30,0.0,0.0,0.0,0.0,,,0.8394,6.17,4.07
10,5,walking,recovered,0.95,trickle,0.0,30,0.893333,0.125762,0.6,1.0,0.307819,7.75,0.7598,9.83,2.97
10,5,walking,recovered,0.95,trickle,10.0,30,0.0,0.0,0.0,0.0,,,0.8394,6.17,4.07
10,5,walking,up,0.7,flood,0.0,30,0.793333,0.21324,0.0,1.0,0.390652,19.495402,0.6491,9.33,50.87
10,5,walking,up,0.7,flood,10.0,30,0.826667,0.194641,0.2,1.0,10.382915,25.103889,0.7546,9.9,67.13
10,5,walking,up,0.7,gradient,0.0,30,0.493333,0.201603,0.0,0.8,0.0,25.560345,1.0,8.43,50.77
10,5,walking,up,0.7,gradient,10.0,30,0.74,0.235767,0.0,1.0,10.240588,23.627011,0.6608,8.97,67.8
10,5,walking,up,0.7,gradient_scf,0.0,30,0.793333,0.21324,0.0,1.0,0.390652,19.495402,0.6491,9.33,50.87
10,5,walking,up,0.7,gradient_scf,10.0,30,0.826667,0.194641,0.2,1.0,10.382915,25.103889,0.7546,9.9,67.13
10,5,walking,up,0.7,managed,0.0,30,0.793333,0.21324,0.0,1.0,0.390652,19.495402,0.6491,9.33,50.87
10,5,walking,up,0.7,managed,10.0,30,0.826667,0.194641,0.2,1.0,10.382915,25.103889,0.7546,9.9,67.13
10,5,walking,up,0.7,trickle,0.0,30,0.793333,0.21324,0.0,1.0,0.390652,19.495402,0.6491,9.33,50.87
10,5,walking,up,0.7,trickle,10.0,30,0.826667,0.194641,0.2,1.0,10.382915,25.103889,0.7546,9.9,67.13
10,5,walking,up,0.85,flood,0.0,30,0.866667,0.176817,0.2,1.0,0.338284,21.122222,0.7147,10.37,57.1
10,5,walking,up,0.85,flood,10.0,30,0.88,0.134933,0.6,1.0,10.313286,24.624444,0.7858,10.23,75.33
10,5,walking,up,0.85,gradient,0.0,30,0.546667,0.216131,0.0,1.0,0.0,25.073563,1.0,8.63,56.9
10,5,walking,up,0.85,gradient,10.0,30,0.84,0.152225,0.6,1.0,10.259302,22.108333,0.7052,9.33,75.3
10,5,walking,up,0.85,gradient_scf,0.0,30,0.866667,0.176817,0.2,1.0,0.338284,21.122222,0.7147,10.37,57.1
10,5,walking,up,0.85,gradient_scf,10.0,30,0.88,0.134933,0.6,1.0,10.313286,24.624444,0.7858,10.23,75.33
10,5,walking,up,0.85,managed,0.0,30,0.866667,0.176817,0.2,1.0,0.338284,21.122222,0.7147,10.37,57.1
10,5,walking,up,0.85,managed,10.0,30,0.88,0.134933,0.6,1.0,10.313286,24.624444,0.7858,10.23,75.33
10,5,walking,up,0.85,trickle,0.0,30,0.866667,0.176817,0.2,1.0,0.338284,21.122222,0.7147,10.37,57.1
10,5,walking,up,0.85,trickle,10.0,30,0.88,0.134933,0.6,1.0,10.313286,24.624444,0.7858,10.23,75.33
10,5,walking,up,0.95,flood,0.0,30,0.893333,0.125762,0.6,1.0,0.307819,20.557778,0.7598,10.57,59.27
10,5,walking,up,0.95,flood,10.0,30,0.913333,0.113664,0.6,1.0,10.303354,25.228889,0.8418,11.27,79.2
10,5,walking,up,0.95,gradient,0.0,30,0.626667,0.172073,0.2,1.0,0.0,22.513889,1.0,8.73,59.5
10,5,walking,up,0.95,gradient,10.0,30,0.893333,0.125762,0.6,1.0,10.26868,21.882222,0.7316,9.97,79.37
10,5,walking,up,0.95,gradient_scf,0.0,30,0.893333,0.125762,0.6,1.0,0.307819,20.557778,0.7598,10.57,59.27
10,5,walking,up,0.95,gradient_scf,10.0,30,0.913333,0.113664,0.6,1.0,10.303354,25.228889,0.8418,11.27,79.2
10,5,walking,up,0.95,managed,0.0,30,0.893333,0.125762,0.6,1.0,0.307819,20.557778,0.7598,10.57,59.27
10,5,walking,up,0.95,managed,10.0,30,0.913333,0.113664,0.6,1.0,10.303354,25.228889,0.8418,11.27,79.2
10,5,walking,up,0.95,trickle,0.0,30,0.893333,0.125762,0.6,1.0,0.307819,20.557778,0.7598,10.57,59.27
10,5,walking,up,0.95,trickle,10.0,30,0.913333,0.113664,0.6,1.0,10.303354,25.228889,0.8418,11.27,79.2
100,1,courier,down,0.7,flood,0.0,30,0.766667,0.430183,0.0,1.0,0.8166,163.695652,1.0,3.1,73.83
100,1,courier,down,0.7,flood,10.0,30,0.0,0.0,0.0,0.0,,,1.0,3.17,139.53
100,1,courier,down,0.7,gradient,0.0,30,0.033333,0.182574,0.0,1.0,0.0,26.0,1.0,0.67,100.97
100,1,courier,down,0.7,gradient,10.0,30,0.0,0.0,0.0,0.0,,,1.0,0.87,160.2
100,1,courier,down,0.7,gradient_scf,0.0,30,0.766667,0.430183,0.0,1.0,0.8166,163.695652,1.0,3.1,73.83
100,1,courier,down,0.7,gradient_scf,10.0,30,0.0,0.0,0.0,0.0,,,1.0,3.17,139.53
100,1,courier,down,0.7,managed,0.0,30,0.766667,0.430183,0.0,1.0,0.8166,163.695652,1.0,3.1,73.83
100,1,courier,down,0.7,managed,10.0,30,0.0,0.0,0.0,0.0,,,1.0,3.17,139.53
100,1,courier,down,0.7,trickle,0.0,30,0.766667,0.430183,0.0,1.0,0.8166,163.695652,1.0,3.1,73.83
100,1,courier,down,0.7,trickle,10.0,30,0.0,0.0,0.0,0.0,,,1.0,3.17,139.53
100,1,courier,down,0.85,flood,0.0,30,0.933333,0.253708,0.0,1.0,0.84742,222.107143,1.0,3.9,119.17
100,1,courier,down,0.85,flood,10.0,30,0.0,0.0,0.0,0.0,,,1.0,4.37,213.37
100,1,courier,down,0.85,gradient,0.0,30,0.033333,0.182574,0.0,1.0,0.0,26.0,1.0,0.83,125.07
100,1,courier,down,0.85,gradient,10.0,30,0.0,0.0,0.0,0.0,,,1.0,1.7,211.5
100,1,courier,down,0.85,gradient_scf,0.0,30,0.933333,0.253708,0.0,1.0,0.84742,222.107143,1.0,3.9,119.17
100,1,courier,down,0.85,gradient_scf,10.0,30,0.0,0.0,0.0,0.0,,,1.0,4.37,213.37
100,1,courier,down,0.85,managed,0.0,30,0.933333,0.253708,0.0,1.0,0.84742,222.107143,1.0,3.9,119.17
100,1,courier,down,0.85,managed,10.0,30,0.0,0.0,0.0,0.0,,,1.0,4.37,213.37
100,1,courier,down,0.85,trickle,0.0,30,0.933333,0.253708,0.0,1.0,0.84742,222.107143,1.0,3.9,119.17
100,1,courier,down,0.85,trickle,10.0,30,0.0,0.0,0.0,0.0,,,1.0,4.37,213.37
100,1,courier,down,0.95,flood,0.0,30,0.966667,0.182574,0.0,1.0,0.779939,284.0,1.0,4.67,183.43
100,1,courier,down,0.95,flood,10.0,30,0.0,0.0,0.0,0.0,,,1.0,5.4,235.03
100,1,courier,down,0.95,gradient,0.0,30,0.1,0.305129,0.0,1.0,0.0,273.666667,1.0,2.17,220.6
100,1,courier,down,0.95,gradient,10.0,30,0.0,0.0,0.0,0.0,,,1.0,3.17,274.97
100,1,courier,down,0.95,gradient_scf,0.0,30,0.966667,0.182574,0.0,1.0,0.779939,284.0,1.0,4.67,183.43
100,1,courier,down,0.95,gradient_scf,10.0,30,0.0,0.0,0.0,0.0,,,1.0,5.4,235.03
100,1,courier,down,0.95,managed,0.0,30,0.966667,0.182574,0.0,1.0,0.779939,284.0,1.0,4.67,183.43
100,1,courier,down,0.95,managed,10.0,30,0.0,0.0,0.0,0.0,,,1.0,5.4,235.03
100,1,courier,down,0.95,trickle,0.0,30,0.966667,0.182574,0.0,1.0,0.779939,284.0,1.0,4.67,183.43
100,1,courier,down,0.95,trickle,10.0,30,0.0,0.0,0.0,0.0,,,1.0,5.4,235.03
100,1,courier,recovered,0.7,flood,0.0,30,0.766667,0.430183,0.0,1.0,0.8166,163.695652,1.0,3.1,73.83
100,1,courier,recovered,0.7,flood,10.0,30,0.0,0.0,0.0,0.0,,,1.0,3.17,139.53
100,1,courier,recovered,0.7,gradient,0.0,30,0.033333,0.182574,0.0,1.0,0.0,26.0,1.0,0.67,100.97
100,1,courier,recovered,0.7,gradient,10.0,30,0.0,0.0,0.0,0.0,,,1.0,0.87,160.2
100,1,courier,recovered,0.7,gradient_scf,0.0,30,0.766667,0.430183,0.0,1.0,0.8166,163.695652,1.0,3.1,73.83
100,1,courier,recovered,0.7,gradient_scf,10.0,30,0.0,0.0,0.0,0.0,,,1.0,3.17,139.53
100,1,courier,recovered,0.7,managed,0.0,30,0.766667,0.430183,0.0,1.0,0.8166,163.695652,1.0,3.1,73.83
100,1,courier,recovered,0.7,managed,10.0,30,0.0,0.0,0.0,0.0,,,1.0,3.17,139.53
100,1,courier,recovered,0.7,trickle,0.0,30,0.766667,0.430183,0.0,1.0,0.8166,163.695652,1.0,3.1,73.83
100,1,courier,recovered,0.7,trickle,10.0,30,0.0,0.0,0.0,0.0,,,1.0,3.17,139.53
100,1,courier,recovered,0.85,flood,0.0,30,0.933333,0.253708,0.0,1.0,0.84742,222.107143,1.0,3.9,119.17
100,1,courier,recovered,0.85,flood,10.0,30,0.0,0.0,0.0,0.0,,,1.0,4.37,213.37
100,1,courier,recovered,0.85,gradient,0.0,30,0.033333,0.182574,0.0,1.0,0.0,26.0,1.0,0.83,125.07
100,1,courier,recovered,0.85,gradient,10.0,30,0.0,0.0,0.0,0.0,,,1.0,1.7,211.5
100,1,courier,recovered,0.85,gradient_scf,0.0,30,0.933333,0.253708,0.0,1.0,0.84742,222.107143,1.0,3.9,119.17
100,1,courier,recovered,0.85,gradient_scf,10.0,30,0.0,0.0,0.0,0.0,,,1.0,4.37,213.37
100,1,courier,recovered,0.85,managed,0.0,30,0.933333,0.253708,0.0,1.0,0.84742,222.107143,1.0,3.9,119.17
100,1,courier,recovered,0.85,managed,10.0,30,0.0,0.0,0.0,0.0,,,1.0,4.37,213.37
100,1,courier,recovered,0.85,trickle,0.0,30,0.933333,0.253708,0.0,1.0,0.84742,222.107143,1.0,3.9,119.17
100,1,courier,recovered,0.85,trickle,10.0,30,0.0,0.0,0.0,0.0,,,1.0,4.37,213.37
100,1,courier,recovered,0.95,flood,0.0,30,0.966667,0.182574,0.0,1.0,0.779939,284.0,1.0,4.67,183.43
100,1,courier,recovered,0.95,flood,10.0,30,0.0,0.0,0.0,0.0,,,1.0,5.4,235.03
100,1,courier,recovered,0.95,gradient,0.0,30,0.1,0.305129,0.0,1.0,0.0,273.666667,1.0,2.17,220.6
100,1,courier,recovered,0.95,gradient,10.0,30,0.0,0.0,0.0,0.0,,,1.0,3.17,274.97
100,1,courier,recovered,0.95,gradient_scf,0.0,30,0.966667,0.182574,0.0,1.0,0.779939,284.0,1.0,4.67,183.43
100,1,courier,recovered,0.95,gradient_scf,10.0,30,0.0,0.0,0.0,0.0,,,1.0,5.4,235.03
100,1,courier,recovered,0.95,managed,0.0,30,0.966667,0.182574,0.0,1.0,0.779939,284.0,1.0,4.67,183.43
100,1,courier,recovered,0.95,managed,10.0,30,0.0,0.0,0.0,0.0,,,1.0,5.4,235.03
100,1,courier,recovered,0.95,trickle,0.0,30,0.966667,0.182574,0.0,1.0,0.779939,284.0,1.0,4.67,183.43
100,1,courier,recovered,0.95,trickle,10.0,30,0.0,0.0,0.0,0.0,,,1.0,5.4,235.03
100,1,courier,up,0.7,flood,0.0,30,0.866667,0.345746,0.0,1.0,1.004116,423.269231,1.0,5.4,332.23
100,1,courier,up,0.7,flood,10.0,30,0.9,0.305129,0.0,1.0,10.873599,526.851852,1.0,6.73,445.57
100,1,courier,up,0.7,gradient,0.0,30,0.033333,0.182574,0.0,1.0,0.0,628.0,1.0,3.17,333.9
100,1,courier,up,0.7,gradient,10.0,30,0.433333,0.504007,0.0,1.0,10.472626,561.846154,1.0,5.03,453.57
100,1,courier,up,0.7,gradient_scf,0.0,30,0.866667,0.345746,0.0,1.0,1.004116,423.269231,1.0,5.4,332.23
100,1,courier,up,0.7,gradient_scf,10.0,30,0.9,0.305129,0.0,1.0,10.873599,526.851852,1.0,6.73,445.57
100,1,courier,up,0.7,managed,0.0,30,0.866667,0.345746,0.0,1.0,1.004116,423.269231,1.0,5.4,332.23
100,1,courier,up,0.7,managed,10.0,30,0.9,0.305129,0.0,1.0,10.873599,526.851852,1.0,6.73,445.57
100,1,courier,up,0.7,trickle,0.0,30,0.866667,0.345746,0.0,1.0,1.004116,423.269231,1.0,5.4,332.23
100,1,courier,up,0.7,trickle,10.0,30,0.9,0.305129,0.0,1.0,10.873599,526.851852,1.0,6.73,445.57
100,1,courier,up,0.85,flood,0.0,30,0.966667,0.182574,0.0,1.0,0.894594,542.517241,1.0,8.03,444.47
100,1,courier,up,0.85,flood,10.0,30,0.966667,0.182574,0.0,1.0,10.7796,703.172414,1.0,9.87,604.13
100,1,courier,up,0.85,gradient,0.0,30,0.033333,0.182574,0.0,1.0,0.0,755.0,1.0,5.17,451.03
100,1,courier,up,0.85,gradient,10.0,30,0.466667,0.507416,0.0,1.0,10.433109,738.5,1.0,7.03,607.13
100,1,courier,up,0.85,gradient_scf,0.0,30,0.966667,0.182574,0.0,1.0,0.894594,542.517241,1.0,8.03,444.47
100,1,courier,up,0.85,gradient_scf,10.0,30,0.966667,0.182574,0.0,1.0,10.7796,703.172414,1.0,9.87,604.13
100,1,courier,up,0.85,managed,0.0,30,0.966667,0.182574,0.0,1.0,0.894594,542.517241,1.0,8.03,444.47
100,1,courier,up,0.85,managed,10.0,30,0.966667,0.182574,0.0,1.0,10.7796,703.172414,1.0,9.87,604.13
100,1,courier,up,0.85,trickle,0.0,30,0.966667,0.182574,0.0,1.0,0.894594,542.517241,1.0,8.03,444.47
100,1,courier,up,0.85,trickle,10.0,30,0.966667,0.182574,0.0,1.0,10.7796,703.172414,1.0,9.87,604.13
100,1,courier,up,0.95,flood,0.0,30,0.966667,0.182574,0.0,1.0,0.779939,634.310345,1.0,9.5,533.7
100,1,courier,up,0.95,flood,10.0,30,0.966667,0.182574,0.0,1.0,10.77502,833.586207,1.0,12.03,729.27
100,1,courier,up,0.95,gradient,0.0,30,0.1,0.305129,0.0,1.0,0.0,709.666667,1.0,6.33,528.8
100,1,courier,up,0.95,gradient,10.0,30,0.7,0.466092,0.0,1.0,10.614113,809.238095,1.0,8.47,726.57
100,1,courier,up,0.95,gradient_scf,0.0,30,0.966667,0.182574,0.0,1.0,0.779939,634.310345,1.0,9.5,533.7
100,1,courier,up,0.95,gradient_scf,10.0,30,0.966667,0.182574,0.0,1.0,10.77502,833.586207,1.0,12.03,729.27
100,1,courier,up,0.95,managed,0.0,30,0.966667,0.182574,0.0,1.0,0.779939,634.310345,1.0,9.5,533.7
100,1,courier,up,0.95,managed,10.0,30,0.966667,0.182574,0.0,1.0,10.77502,833.586207,1.0,12.03,729.27
100,1,courier,up,0.95,trickle,0.0,30,0.966667,0.182574,0.0,1.0,0.779939,634.310345,1.0,9.5,533.7
100,1,courier,up,0.95,trickle,10.0,30,0.966667,0.182574,0.0,1.0,10.77502,833.586207,1.0,12.03,729.27
100,1,static,down,0.7,flood,0.0,30,0.966667,0.182574,0.0,1.0,0.479101,120.068966,1.0,5.1,24.63
100,1,static,down,0.7,flood,10.0,30,0.0,0.0,0.0,0.0,,,1.0,4.5,25.3
100,1,static,down,0.7,gradient,0.0,30,0.1,0.305129,0.0,1.0,0.0,23.0,1.0,1.1,25.2
100,1,static,down,0.7,gradient,10.0,30,0.0,0.0,0.0,0.0,,,1.0,1.0,25.3
100,1,static,down,0.7,gradient_scf,0.0,30,0.966667,0.182574,0.0,1.0,0.479101,120.068966,1.0,5.1,24.63
100,1,static,down,0.7,gradient_scf,10.0,30,0.0,0.0,0.0,0.0,,,1.0,4.5,25.3
100,1,static,down,0.7,managed,0.0,30,0.966667,0.182574,0.0,1.0,0.479101,120.068966,1.0,5.1,24.63
100,1,static,down,0.7,managed,10.0,30,0.0,0.0,0.0,0.0,,,1.0,4.5,25.3
100,1,static,down,0.7,trickle,0.0,30,0.966667,0.182574,0.0,1.0,0.479101,120.068966,1.0,5.1,24.63
100,1,static,down,0.7,trickle,10.0,30,0.0,0.0,0.0,0.0,,,1.0,4.5,25.3
100,1,static,down,0.85,flood,0.0,30,1.0,0.0,1.0,1.0,0.446142,130.066667,1.0,5.67,32.73
100,1,static,down,0.85,flood,10.0,30,0.0,0.0,0.0,0.0,,,1.0,4.67,31.2
100,1,static,down,0.85,gradient,0.0,30,0.1,0.305129,0.0,1.0,0.0,30.333333,1.0,1.23,30.4
100,1,static,down,0.85,gradient,10.0,30,0.0,0.0,0.0,0.0,,,1.0,1.13,31.2
100,1,static,down,0.85,gradient_scf,0.0,30,1.0,0.0,1.0,1.0,0.446142,130.066667,1.0,5.67,32.73
100,1,static,down,0.85,gradient_scf,10.0,30,0.0,0.0,0.0,0.0,,,1.0,4.67,31.2
100,1,static,down,0.85,managed,0.0,30,1.0,0.0,1.0,1.0,0.446142,130.066667,1.0,5.67,32.73
100,1,static,down,0.85,managed,10.0,30,0.0,0.0,0.0,0.0,,,1.0,4.67,31.2
100,1,static,down,0.85,trickle,0.0,30,1.0,0.0,1.0,1.0,0.446142,130.066667,1.0,5.67,32.73
100,1,static,down,0.85,trickle,10.0,30,0.0,0.0,0.0,0.0,,,1.0,4.67,31.2
100,1,static,down,0.95,flood,0.0,30,1.0,0.0,1.0,1.0,0.44186,138.5,1.0,6.47,40.43
100,1,static,down,0.95,flood,10.0,30,0.0,0.0,0.0,0.0,,,1.0,5.37,32.97
100,1,static,down,0.95,gradient,0.0,30,0.1,0.305129,0.0,1.0,0.0,30.333333,1.0,1.63,32.07
100,1,static,down,0.95,gradient,10.0,30,0.0,0.0,0.0,0.0,,,1.0,1.5,32.97
100,1,static,down,0.95,gradient_scf,0.0,30,1.0,0.0,1.0,1.0,0.44186,138.5,1.0,6.47,40.43
100,1,static,down,0.95,gradient_scf,10.0,30,0.0,0.0,0.0,0.0,,,1.0,5.37,32.97
100,1,static,down,0.95,managed,0.0,30,1.0,0.0,1.0,1.0,0.44186,138.5,1.0,6.47,40.43
100,1,static,down,0.95,managed,10.0,30,0.0,0.0,0.0,0.0,,,1.0,5.37,32.97
100,1,static,down,0.95,trickle,0.0,30,1.0,0.0,1.0,1.0,0.44186,138.5,1.0,6.47,40.43
100,1,static,down,0.95,trickle,10.0,30,0.0,0.0,0.0,0.0,,,1.0,5.37,32.97
100,1,static,recovered,0.7,flood,0.0,30,0.966667,0.182574,0.0,1.0,0.479101,120.068966,1.0,5.1,24.63
100,1,static,recovered,0.7,flood,10.0,30,0.0,0.0,0.0,0.0,,,1.0,4.5,25.3
100,1,static,recovered,0.7,gradient,0.0,30,0.1,0.305129,0.0,1.0,0.0,23.0,1.0,1.1,25.2
100,1,static,recovered,0.7,gradient,10.0,30,0.0,0.0,0.0,0.0,,,1.0,1.0,25.3
100,1,static,recovered,0.7,gradient_scf,0.0,30,0.966667,0.182574,0.0,1.0,0.479101,120.068966,1.0,5.1,24.63
100,1,static,recovered,0.7,gradient_scf,10.0,30,0.0,0.0,0.0,0.0,,,1.0,4.5,25.3
100,1,static,recovered,0.7,managed,0.0,30,0.966667,0.182574,0.0,1.0,0.479101,120.068966,1.0,5.1,24.63
100,1,static,recovered,0.7,managed,10.0,30,0.0,0.0,0.0,0.0,,,1.0,4.5,25.3
100,1,static,recovered,0.7,trickle,0.0,30,0.966667,0.182574,0.0,1.0,0.479101,120.068966,1.0,5.1,24.63
100,1,static,recovered,0.7,trickle,10.0,30,0.0,0.0,0.0,0.0,,,1.0,4.5,25.3
100,1,static,recovered,0.85,flood,0.0,30,1.0,0.0,1.0,1.0,0.446142,130.066667,1.0,5.67,32.73
100,1,static,recovered,0.85,flood,10.0,30,0.0,0.0,0.0,0.0,,,1.0,4.67,31.2
100,1,static,recovered,0.85,gradient,0.0,30,0.1,0.305129,0.0,1.0,0.0,30.333333,1.0,1.23,30.4
100,1,static,recovered,0.85,gradient,10.0,30,0.0,0.0,0.0,0.0,,,1.0,1.13,31.2
100,1,static,recovered,0.85,gradient_scf,0.0,30,1.0,0.0,1.0,1.0,0.446142,130.066667,1.0,5.67,32.73
100,1,static,recovered,0.85,gradient_scf,10.0,30,0.0,0.0,0.0,0.0,,,1.0,4.67,31.2
100,1,static,recovered,0.85,managed,0.0,30,1.0,0.0,1.0,1.0,0.446142,130.066667,1.0,5.67,32.73
100,1,static,recovered,0.85,managed,10.0,30,0.0,0.0,0.0,0.0,,,1.0,4.67,31.2
100,1,static,recovered,0.85,trickle,0.0,30,1.0,0.0,1.0,1.0,0.446142,130.066667,1.0,5.67,32.73
100,1,static,recovered,0.85,trickle,10.0,30,0.0,0.0,0.0,0.0,,,1.0,4.67,31.2
100,1,static,recovered,0.95,flood,0.0,30,1.0,0.0,1.0,1.0,0.44186,138.5,1.0,6.47,40.43
100,1,static,recovered,0.95,flood,10.0,30,0.0,0.0,0.0,0.0,,,1.0,5.37,32.97
100,1,static,recovered,0.95,gradient,0.0,30,0.1,0.305129,0.0,1.0,0.0,30.333333,1.0,1.63,32.07
100,1,static,recovered,0.95,gradient,10.0,30,0.0,0.0,0.0,0.0,,,1.0,1.5,32.97
100,1,static,recovered,0.95,gradient_scf,0.0,30,1.0,0.0,1.0,1.0,0.44186,138.5,1.0,6.47,40.43
100,1,static,recovered,0.95,gradient_scf,10.0,30,0.0,0.0,0.0,0.0,,,1.0,5.37,32.97
100,1,static,recovered,0.95,managed,0.0,30,1.0,0.0,1.0,1.0,0.44186,138.5,1.0,6.47,40.43
100,1,static,recovered,0.95,managed,10.0,30,0.0,0.0,0.0,0.0,,,1.0,5.37,32.97
100,1,static,recovered,0.95,trickle,0.0,30,1.0,0.0,1.0,1.0,0.44186,138.5,1.0,6.47,40.43
100,1,static,recovered,0.95,trickle,10.0,30,0.0,0.0,0.0,0.0,,,1.0,5.37,32.97
100,1,static,up,0.7,flood,0.0,30,0.966667,0.182574,0.0,1.0,0.479101,460.482759,1.0,18.6,366.43
100,1,static,up,0.7,flood,10.0,30,0.966667,0.182574,0.0,1.0,10.489143,580.965517,1.0,22.33,485.57
100,1,static,up,0.7,gradient,0.0,30,0.1,0.305129,0.0,1.0,0.0,378.666667,1.0,14.43,367.13
100,1,static,up,0.7,gradient,10.0,30,0.633333,0.490133,0.0,1.0,10.29297,524.736842,1.0,19.77,485.07
100,1,static,up,0.7,gradient_scf,0.0,30,0.966667,0.182574,0.0,1.0,0.479101,460.482759,1.0,18.6,366.43
100,1,static,up,0.7,gradient_scf,10.0,30,0.966667,0.182574,0.0,1.0,10.489143,580.965517,1.0,22.33,485.57
100,1,static,up,0.7,managed,0.0,30,0.966667,0.182574,0.0,1.0,0.479101,460.482759,1.0,18.6,366.43
100,1,static,up,0.7,managed,10.0,30,0.966667,0.182574,0.0,1.0,10.489143,580.965517,1.0,22.33,485.57
100,1,static,up,0.7,trickle,0.0,30,0.966667,0.182574,0.0,1.0,0.479101,460.482759,1.0,18.6,366.43
100,1,static,up,0.7,trickle,10.0,30,0.966667,0.182574,0.0,1.0,10.489143,580.965517,1.0,22.33,485.57
100,1,static,up,0.85,flood,0.0,30,1.0,0.0,1.0,1.0,0.446142,559.4,1.0,22.9,462.07
100,1,static,up,0.85,flood,10.0,30,1.0,0.0,1.0,1.0,10.465797,708.7,1.0,28.6,610.87
100,1,static,up,0.85,gradient,0.0,30,0.1,0.305129,0.0,1.0,0.0,502.333333,1.0,18.73,461.63
100,1,static,up,0.85,gradient,10.0,30,0.733333,0.449776,0.0,1.0,10.31798,670.363636,1.0,25.3,608.97
100,1,static,up,0.85,gradient_scf,0.0,30,1.0,0.0,1.0,1.0,0.446142,559.4,1.0,22.9,462.07
100,1,static,up,0.85,gradient_scf,10.0,30,1.0,0.0,1.0,1.0,10.465797,708.7,1.0,28.6,610.87
100,1,static,up,0.85,managed,0.0,30,1.0,0.0,1.0,1.0,0.446142,559.4,1.0,22.9,462.07
100,1,static,up,0.85,managed,10.0,30,1.0,0.0,1.0,1.0,10.465797,708.7,1.0,28.6,610.87
100,1,static,up,0.85,trickle,0.0,30,1.0,0.0,1.0,1.0,0.446142,559.4,1.0,22.9,462.07
100,1,static,up,0.85,trickle,10.0,30,1.0,0.0,1.0,1.0,10.465797,708.7,1.0,28.6,610.87
100,1,static,up,0.95,flood,0.0,30,1.0,0.0,1.0,1.0,0.44186,593.933333,1.0,24.93,495.87
100,1,static,up,0.95,flood,10.0,30,1.0,0.0,1.0,1.0,10.442946,754.7,1.0,31.37,656.57
100,1,static,up,0.95,gradient,0.0,30,0.1,0.305129,0.0,1.0,0.0,550.666667,1.0,20.23,491.33
100,1,static,up,0.95,gradient,10.0,30,0.8,0.406838,0.0,1.0,10.305978,708.791667,1.0,28.03,656.03
100,1,static,up,0.95,gradient_scf,0.0,30,1.0,0.0,1.0,1.0,0.44186,593.933333,1.0,24.93,495.87
100,1,static,up,0.95,gradient_scf,10.0,30,1.0,0.0,1.0,1.0,10.442946,754.7,1.0,31.37,656.57
100,1,static,up,0.95,managed,0.0,30,1.0,0.0,1.0,1.0,0.44186,593.933333,1.0,24.93,495.87
100,1,static,up,0.95,managed,10.0,30,1.0,0.0,1.0,1.0,10.442946,754.7,1.0,31.37,656.57
100,1,static,up,0.95,trickle,0.0,30,1.0,0.0,1.0,1.0,0.44186,593.933333,1.0,24.93,495.87
100,1,static,up,0.95,trickle,10.0,30,1.0,0.0,1.0,1.0,10.442946,754.7,1.0,31.37,656.57
100,1,walking,down,0.7,flood,0.0,30,0.966667,0.182574,0.0,1.0,0.634053,121.310345,1.0,4.67,26.3
100,1,walking,down,0.7,flood,10.0,30,0.0,0.0,0.0,0.0,,,1.0,3.63,23.73
100,1,walking,down,0.7,gradient,0.0,30,0.033333,0.182574,0.0,1.0,0.0,26.0,1.0,0.63,23.7
100,1,walking,down,0.7,gradient,10.0,30,0.0,0.0,0.0,0.0,,,1.0,0.53,23.73
100,1,walking,down,0.7,gradient_scf,0.0,30,0.966667,0.182574,0.0,1.0,0.634053,121.310345,1.0,4.67,26.3
100,1,walking,down,0.7,gradient_scf,10.0,30,0.0,0.0,0.0,0.0,,,1.0,3.63,23.73
100,1,walking,down,0.7,managed,0.0,30,0.966667,0.182574,0.0,1.0,0.634053,121.310345,1.0,4.67,26.3
100,1,walking,down,0.7,managed,10.0,30,0.0,0.0,0.0,0.0,,,1.0,3.63,23.73
100,1,walking,down,0.7,trickle,0.0,30,0.966667,0.182574,0.0,1.0,0.634053,121.310345,1.0,4.67,26.3
100,1,walking,down,0.7,trickle,10.0,30,0.0,0.0,0.0,0.0,,,1.0,3.63,23.73
100,1,walking,down,0.85,flood,0.0,30,1.0,0.0,1.0,1.0,0.580509,128.333333,1.0,4.73,31.17
100,1,walking,down,0.85,flood,10.0,30,0.0,0.0,0.0,0.0,,,1.0,4.0,30.7
100,1,walking,down,0.85,gradient,0.0,30,0.1,0.305129,0.0,1.0,0.0,24.666667,1.0,0.83,29.9
100,1,walking,down,0.85,gradient,10.0,30,0.0,0.0,0.0,0.0,,,1.0,0.77,30.7
100,1,walking,down,0.85,gradient_scf,0.0,30,1.0,0.0,1.0,1.0,0.580509,128.333333,1.0,4.73,31.17
100,1,walking,down,0.85,gradient_scf,10.0,30,0.0,0.0,0.0,0.0,,,1.0,4.0,30.7
100,1,walking,down,0.85,managed,0.0,30,1.0,0.0,1.0,1.0,0.580509,128.333333,1.0,4.73,31.17
100,1,walking,down,0.85,managed,10.0,30,0.0,0.0,0.0,0.0,,,1.0,4.0,30.7
100,1,walking,down,0.85,trickle,0.0,30,1.0,0.0,1.0,1.0,0.580509,128.333333,1.0,4.73,31.17
100,1,walking,down,0.85,trickle,10.0,30,0.0,0.0,0.0,0.0,,,1.0,4.0,30.7
100,1,walking,down,0.95,flood,0.0,30,1.0,0.0,1.0,1.0,0.517675,131.233333,1.0,4.97,33.63
100,1,walking,down,0.95,flood,10.0,30,0.0,0.0,0.0,0.0,,,1.0,4.23,37.77
100,1,walking,down,0.95,gradient,0.0,30,0.1,0.305129,0.0,1.0,0.0,30.333333,1.0,0.87,36.97
100,1,walking,down,0.95,gradient,10.0,30,0.0,0.0,0.0,0.0,,,1.0,0.77,37.77
100,1,walking,down,0.95,gradient_scf,0.0,30,1.0,0.0,1.0,1.0,0.517675,131.233333,1.0,4.97,33.63
100,1,walking,down,0.95,gradient_scf,10.0,30,0.0,0.0,0.0,0.0,,,1.0,4.23,37.77
100,1,walking,down,0.95,managed,0.0,30,1.0,0.0,1.0,1.0,0.517675,131.233333,1.0,4.97,33.63
100,1,walking,down,0.95,managed,10.0,30,0.0,0.0,0.0,0.0,,,1.0,4.23,37.77
100,1,walking,down,0.95,trickle,0.0,30,1.0,0.0,1.0,1.0,0.517675,131.233333,1.0,4.97,33.63
100,1,walking,down,0.95,trickle,10.0,30,0.0,0.0,0.0,0.0,,,1.0,4.23,37.77
100,1,walking,recovered,0.7,flood,0.0,30,0.966667,0.182574,0.0,1.0,0.634053,121.310345,1.0,4.67,26.3
100,1,walking,recovered,0.7,flood,10.0,30,0.0,0.0,0.0,0.0,,,1.0,3.63,23.73
100,1,walking,recovered,0.7,gradient,0.0,30,0.033333,0.182574,0.0,1.0,0.0,26.0,1.0,0.63,23.7
100,1,walking,recovered,0.7,gradient,10.0,30,0.0,0.0,0.0,0.0,,,1.0,0.53,23.73
100,1,walking,recovered,0.7,gradient_scf,0.0,30,0.966667,0.182574,0.0,1.0,0.634053,121.310345,1.0,4.67,26.3
100,1,walking,recovered,0.7,gradient_scf,10.0,30,0.0,0.0,0.0,0.0,,,1.0,3.63,23.73
100,1,walking,recovered,0.7,managed,0.0,30,0.966667,0.182574,0.0,1.0,0.634053,121.310345,1.0,4.67,26.3
100,1,walking,recovered,0.7,managed,10.0,30,0.0,0.0,0.0,0.0,,,1.0,3.63,23.73
100,1,walking,recovered,0.7,trickle,0.0,30,0.966667,0.182574,0.0,1.0,0.634053,121.310345,1.0,4.67,26.3
100,1,walking,recovered,0.7,trickle,10.0,30,0.0,0.0,0.0,0.0,,,1.0,3.63,23.73
100,1,walking,recovered,0.85,flood,0.0,30,1.0,0.0,1.0,1.0,0.580509,128.333333,1.0,4.73,31.17
100,1,walking,recovered,0.85,flood,10.0,30,0.0,0.0,0.0,0.0,,,1.0,4.0,30.7
100,1,walking,recovered,0.85,gradient,0.0,30,0.1,0.305129,0.0,1.0,0.0,24.666667,1.0,0.83,29.9
100,1,walking,recovered,0.85,gradient,10.0,30,0.0,0.0,0.0,0.0,,,1.0,0.77,30.7
100,1,walking,recovered,0.85,gradient_scf,0.0,30,1.0,0.0,1.0,1.0,0.580509,128.333333,1.0,4.73,31.17
100,1,walking,recovered,0.85,gradient_scf,10.0,30,0.0,0.0,0.0,0.0,,,1.0,4.0,30.7
100,1,walking,recovered,0.85,managed,0.0,30,1.0,0.0,1.0,1.0,0.580509,128.333333,1.0,4.73,31.17
100,1,walking,recovered,0.85,managed,10.0,30,0.0,0.0,0.0,0.0,,,1.0,4.0,30.7
100,1,walking,recovered,0.85,trickle,0.0,30,1.0,0.0,1.0,1.0,0.580509,128.333333,1.0,4.73,31.17
100,1,walking,recovered,0.85,trickle,10.0,30,0.0,0.0,0.0,0.0,,,1.0,4.0,30.7
100,1,walking,recovered,0.95,flood,0.0,30,1.0,0.0,1.0,1.0,0.517675,131.233333,1.0,4.97,33.63
100,1,walking,recovered,0.95,flood,10.0,30,0.0,0.0,0.0,0.0,,,1.0,4.23,37.77
100,1,walking,recovered,0.95,gradient,0.0,30,0.1,0.305129,0.0,1.0,0.0,30.333333,1.0,0.87,36.97
100,1,walking,recovered,0.95,gradient,10.0,30,0.0,0.0,0.0,0.0,,,1.0,0.77,37.77
100,1,walking,recovered,0.95,gradient_scf,0.0,30,1.0,0.0,1.0,1.0,0.517675,131.233333,1.0,4.97,33.63
100,1,walking,recovered,0.95,gradient_scf,10.0,30,0.0,0.0,0.0,0.0,,,1.0,4.23,37.77
100,1,walking,recovered,0.95,managed,0.0,30,1.0,0.0,1.0,1.0,0.517675,131.233333,1.0,4.97,33.63
100,1,walking,recovered,0.95,managed,10.0,30,0.0,0.0,0.0,0.0,,,1.0,4.23,37.77
100,1,walking,recovered,0.95,trickle,0.0,30,1.0,0.0,1.0,1.0,0.517675,131.233333,1.0,4.97,33.63
100,1,walking,recovered,0.95,trickle,10.0,30,0.0,0.0,0.0,0.0,,,1.0,4.23,37.77
100,1,walking,up,0.7,flood,0.0,30,0.966667,0.182574,0.0,1.0,0.634053,417.62069,1.0,10.87,324.13
100,1,walking,up,0.7,flood,10.0,30,0.933333,0.253708,0.0,1.0,10.587165,516.821429,1.0,12.0,424.1
100,1,walking,up,0.7,gradient,0.0,30,0.033333,0.182574,0.0,1.0,0.0,504.0,1.0,7.2,322.97
100,1,walking,up,0.7,gradient,10.0,30,0.5,0.508548,0.0,1.0,10.294631,513.733333,1.0,9.57,430.87
100,1,walking,up,0.7,gradient_scf,0.0,30,0.966667,0.182574,0.0,1.0,0.634053,417.62069,1.0,10.87,324.13
100,1,walking,up,0.7,gradient_scf,10.0,30,0.933333,0.253708,0.0,1.0,10.587165,516.821429,1.0,12.0,424.1
100,1,walking,up,0.7,managed,0.0,30,0.966667,0.182574,0.0,1.0,0.634053,417.62069,1.0,10.87,324.13
100,1,walking,up,0.7,managed,10.0,30,0.933333,0.253708,0.0,1.0,10.587165,516.821429,1.0,12.0,424.1
100,1,walking,up,0.7,trickle,0.0,30,0.966667,0.182574,0.0,1.0,0.634053,417.62069,1.0,10.87,324.13
100,1,walking,up,0.7,trickle,10.0,30,0.933333,0.253708,0.0,1.0,10.587165,516.821429,1.0,12.0,424.1
100,1,walking,up,0.85,flood,0.0,30,1.0,0.0,1.0,1.0,0.580509,510.366667,1.0,13.23,413.2
100,1,walking,up,0.85,flood,10.0,30,1.0,0.0,1.0,1.0,10.574928,645.166667,1.0,16.8,547.9
100,1,walking,up,0.85,gradient,0.0,30,0.1,0.305129,0.0,1.0,0.0,437.666667,1.0,10.33,417.4
100,1,walking,up,0.85,gradient,10.0,30,0.733333,0.449776,0.0,1.0,10.428591,601.636364,1.0,13.43,556.73
100,1,walking,up,0.85,gradient_scf,0.0,30,1.0,0.0,1.0,1.0,0.580509,510.366667,1.0,13.23,413.2
100,1,walking,up,0.85,gradient_scf,10.0,30,1.0,0.0,1.0,1.0,10.574928,645.166667,1.0,16.8,547.9
100,1,walking,up,0.85,managed,0.0,30,1.0,0.0,1.0,1.0,0.580509,510.366667,1.0,13.23,413.2
100,1,walking,up,0.85,managed,10.0,30,1.0,0.0,1.0,1.0,10.574928,645.166667,1.0,16.8,547.9
100,1,walking,up,0.85,trickle,0.0,30,1.0,0.0,1.0,1.0,0.580509,510.366667,1.0,13.23,413.2
100,1,walking,up,0.85,trickle,10.0,30,1.0,0.0,1.0,1.0,10.574928,645.166667,1.0,16.8,547.9
100,1,walking,up,0.95,flood,0.0,30,1.0,0.0,1.0,1.0,0.517675,557.666667,1.0,14.87,460.07
100,1,walking,up,0.95,flood,10.0,30,1.0,0.0,1.0,1.0,10.538573,715.1,1.0,18.2,617.27
100,1,walking,up,0.95,gradient,0.0,30,0.1,0.305129,0.0,1.0,0.0,502.666667,1.0,11.2,465.1
100,1,walking,up,0.95,gradient,10.0,30,0.733333,0.449776,0.0,1.0,10.401284,675.772727,1.0,14.8,613.43
100,1,walking,up,0.95,gradient_scf,0.0,30,1.0,0.0,1.0,1.0,0.517675,557.666667,1.0,14.87,460.07
100,1,walking,up,0.95,gradient_scf,10.0,30,1.0,0.0,1.0,1.0,10.538573,715.1,1.0,18.2,617.27
100,1,walking,up,0.95,managed,0.0,30,1.0,0.0,1.0,1.0,0.517675,557.666667,1.0,14.87,460.07
100,1,walking,up,0.95,managed,10.0,30,1.0,0.0,1.0,1.0,10.538573,715.1,1.0,18.2,617.27
100,1,walking,up,0.95,trickle,0.0,30,1.0,0.0,1.0,1.0,0.517675,557.666667,1.0,14.87,460.07
100,1,walking,up,0.95,trickle,10.0,30,1.0,0.0,1.0,1.0,10.538573,715.1,1.0,18.2,617.27
100,20,courier,down,0.7,flood,0.0,30,0.146667,0.069398,0.0,0.3,1.302384,249.474138,0.3662,28.3,107.13
100,20,courier,down,0.7,flood,10.0,30,0.0,0.0,0.0,0.0,,,0.3321,25.2,133.7
100,20,courier,down,0.7,gradient,0.0,30,0.055,0.062076,0.0,0.25,0.0,94.351852,1.0,17.67,94.43
100,20,courier,down,0.7,gradient,10.0,30,0.0,0.0,0.0,0.0,,,0.734,16.97,104.83
100,20,courier,down,0.7,gradient_scf,0.0,30,0.146667,0.069398,0.0,0.3,1.302384,249.474138,0.3662,28.3,107.13
100,20,courier,down,0.7,gradient_scf,10.0,30,0.0,0.0,0.0,0.0,,,0.3321,25.2,133.7
100,20,courier,down,0.7,managed,0.0,30,0.146667,0.069398,0.0,0.3,1.302384,249.474138,0.3662,28.3,107.13
100,20,courier,down,0.7,managed,10.0,30,0.0,0.0,0.0,0.0,,,0.3321,25.2,133.7
100,20,courier,down,0.7,trickle,0.0,30,0.146667,0.069398,0.0,0.3,1.302384,249.474138,0.3662,28.3,107.13
100,20,courier,down,0.7,trickle,10.0,30,0.0,0.0,0.0,0.0,,,0.3321,25.2,133.7
100,20,courier,down,0.85,flood,0.0,30,0.171667,0.075067,0.0,0.3,1.354049,207.448276,0.3329,27.77,115.6
100,20,courier,down,0.85,flood,10.0,30,0.0,0.0,0.0,0.0,,,0.2973,26.87,229.93
100,20,courier,down,0.85,gradient,0.0,30,0.065,0.064527,0.0,0.25,0.0,78.185,1.0,18.2,150.93
100,20,courier,down,0.85,gradient,10.0,30,0.0,0.0,0.0,0.0,,,0.6812,18.43,244.53
100,20,courier,down,0.85,gradient_scf,0.0,30,0.171667,0.075067,0.0,0.3,1.354049,207.448276,0.3329,27.77,115.6
100,20,courier,down,0.85,gradient_scf,10.0,30,0.0,0.0,0.0,0.0,,,0.2973,26.87,229.93
100,20,courier,down,0.85,managed,0.0,30,0.171667,0.075067,0.0,0.3,1.354049,207.448276,0.3329,27.77,115.6
100,20,courier,down,0.85,managed,10.0,30,0.0,0.0,0.0,0.0,,,0.2973,26.87,229.93
100,20,courier,down,0.85,trickle,0.0,30,0.171667,0.075067,0.0,0.3,1.354049,207.448276,0.3329,27.77,115.6
100,20,courier,down,0.85,trickle,10.0,30,0.0,0.0,0.0,0.0,,,0.2973,26.87,229.93
100,20,courier,down,0.95,flood,0.0,30,0.176667,0.075124,0.0,0.35,1.364839,205.472332,0.3145,27.9,184.9
100,20,courier,down,0.95,flood,10.0,30,0.0,0.0,0.0,0.0,,,0.2815,28.67,241.17
100,20,courier,down,0.95,gradient,0.0,30,0.068333,0.062261,0.0,0.25,0.0,177.098485,1.0,19.97,252.27
100,20,courier,down,0.95,gradient,10.0,30,0.0,0.0,0.0,0.0,,,0.6825,18.6,276.1
100,20,courier,down,0.95,gradient_scf,0.0,30,0.176667,0.075124,0.0,0.35,1.364839,205.472332,0.3145,27.9,184.9
100,20,courier,down,0.95,gradient_scf,10.0,30,0.0,0.0,0.0,0.0,,,0.2815,28.67,241.17
100,20,courier,down,0.95,managed,0.0,30,0.176667,0.075124,0.0,0.35,1.364839,205.472332,0.3145,27.9,184.9
100,20,courier,down,0.95,managed,10.0,30,0.0,0.0,0.0,0.0,,,0.2815,28.67,241.17
100,20,courier,down,0.95,trickle,0.0,30,0.176667,0.075124,0.0,0.35,1.364839,205.472332,0.3145,27.9,184.9
100,20,courier,down,0.95,trickle,10.0,30,0.0,0.0,0.0,0.0,,,0.2815,28.67,241.17
100,20,courier,recovered,0.7,flood,0.0,30,0.146667,0.069398,0.0,0.3,1.302384,249.474138,0.3662,28.3,107.13
100,20,courier,recovered,0.7,flood,10.0,30,0.0,0.0,0.0,0.0,,,0.3321,25.2,133.7
100,20,courier,recovered,0.7,gradient,0.0,30,0.055,0.062076,0.0,0.25,0.0,94.351852,1.0,17.67,94.43
100,20,courier,recovered,0.7,gradient,10.0,30,0.0,0.0,0.0,0.0,,,0.734,16.97,104.83
100,20,courier,recovered,0.7,gradient_scf,0.0,30,0.146667,0.069398,0.0,0.3,1.302384,249.474138,0.3662,28.3,107.13
100,20,courier,recovered,0.7,gradient_scf,10.0,30,0.0,0.0,0.0,0.0,,,0.3321,25.2,133.7
100,20,courier,recovered,0.7,managed,0.0,30,0.146667,0.069398,0.0,0.3,1.302384,249.474138,0.3662,28.3,107.13
100,20,courier,recovered,0.7,managed,10.0,30,0.0,0.0,0.0,0.0,,,0.3321,25.2,133.7
100,20,courier,recovered,0.7,trickle,0.0,30,0.146667,0.069398,0.0,0.3,1.302384,249.474138,0.3662,28.3,107.13
100,20,courier,recovered,0.7,trickle,10.0,30,0.0,0.0,0.0,0.0,,,0.3321,25.2,133.7
100,20,courier,recovered,0.85,flood,0.0,30,0.171667,0.075067,0.0,0.3,1.354049,207.448276,0.3329,27.77,115.6
100,20,courier,recovered,0.85,flood,10.0,30,0.0,0.0,0.0,0.0,,,0.2973,26.87,229.93
100,20,courier,recovered,0.85,gradient,0.0,30,0.065,0.064527,0.0,0.25,0.0,78.185,1.0,18.2,150.93
100,20,courier,recovered,0.85,gradient,10.0,30,0.0,0.0,0.0,0.0,,,0.6812,18.43,244.53
100,20,courier,recovered,0.85,gradient_scf,0.0,30,0.171667,0.075067,0.0,0.3,1.354049,207.448276,0.3329,27.77,115.6
100,20,courier,recovered,0.85,gradient_scf,10.0,30,0.0,0.0,0.0,0.0,,,0.2973,26.87,229.93
100,20,courier,recovered,0.85,managed,0.0,30,0.171667,0.075067,0.0,0.3,1.354049,207.448276,0.3329,27.77,115.6
100,20,courier,recovered,0.85,managed,10.0,30,0.0,0.0,0.0,0.0,,,0.2973,26.87,229.93
100,20,courier,recovered,0.85,trickle,0.0,30,0.171667,0.075067,0.0,0.3,1.354049,207.448276,0.3329,27.77,115.6
100,20,courier,recovered,0.85,trickle,10.0,30,0.0,0.0,0.0,0.0,,,0.2973,26.87,229.93
100,20,courier,recovered,0.95,flood,0.0,30,0.176667,0.075124,0.0,0.35,1.364839,205.472332,0.3145,27.9,184.9
100,20,courier,recovered,0.95,flood,10.0,30,0.0,0.0,0.0,0.0,,,0.2815,28.67,241.17
100,20,courier,recovered,0.95,gradient,0.0,30,0.068333,0.062261,0.0,0.25,0.0,177.098485,1.0,19.97,252.27
100,20,courier,recovered,0.95,gradient,10.0,30,0.0,0.0,0.0,0.0,,,0.6825,18.6,276.1
100,20,courier,recovered,0.95,gradient_scf,0.0,30,0.176667,0.075124,0.0,0.35,1.364839,205.472332,0.3145,27.9,184.9
100,20,courier,recovered,0.95,gradient_scf,10.0,30,0.0,0.0,0.0,0.0,,,0.2815,28.67,241.17
100,20,courier,recovered,0.95,managed,0.0,30,0.176667,0.075124,0.0,0.35,1.364839,205.472332,0.3145,27.9,184.9
100,20,courier,recovered,0.95,managed,10.0,30,0.0,0.0,0.0,0.0,,,0.2815,28.67,241.17
100,20,courier,recovered,0.95,trickle,0.0,30,0.176667,0.075124,0.0,0.35,1.364839,205.472332,0.3145,27.9,184.9
100,20,courier,recovered,0.95,trickle,10.0,30,0.0,0.0,0.0,0.0,,,0.2815,28.67,241.17
100,20,courier,up,0.7,flood,0.0,30,0.363333,0.062881,0.25,0.5,6.243051,116.937103,0.364,32.87,338.97
100,20,courier,up,0.7,flood,10.0,30,0.335,0.061798,0.25,0.5,16.384812,141.682593,0.33,32.37,437.67
100,20,courier,up,0.7,gradient,0.0,30,0.055,0.062076,0.0,0.25,0.0,249.768518,1.0,20.2,337.3
100,20,courier,up,0.7,gradient,10.0,30,0.256667,0.088798,0.05,0.4,11.516594,112.925278,0.3155,23.5,449.47
100,20,courier,up,0.7,gradient_scf,0.0,30,0.363333,0.062881,0.25,0.5,6.243051,116.937103,0.364,32.87,338.97
100,20,courier,up,0.7,gradient_scf,10.0,30,0.335,0.061798,0.25,0.5,16.384812,141.682593,0.33,32.37,437.67
100,20,courier,up,0.7,managed,0.0,30,0.363333,0.062881,0.25,0.5,6.243051,116.937103,0.364,32.87,338.97
100,20,courier,up,0.7,managed,10.0,30,0.335,0.061798,0.25,0.5,16.384812,141.682593,0.33,32.37,437.67
100,20,courier,up,0.7,trickle,0.0,30,0.363333,0.062881,0.25,0.5,6.243051,116.937103,0.364,32.87,338.97
100,20,courier,up,0.7,trickle,10.0,30,0.335,0.061798,0.25,0.5,16.384812,141.682593,0.33,32.37,437.67
100,20,courier,up,0.85,flood,0.0,30,0.363333,0.060077,0.25,0.45,6.304549,130.62463,0.3344,34.17,450.07
100,20,courier,up,0.85,flood,10.0,30,0.336667,0.068145,0.25,0.5,15.233196,161.969762,0.3043,37.8,593.63
100,20,courier,up,0.85,gradient,0.0,30,0.065,0.064527,0.0,0.25,0.0,323.97,1.0,21.8,459.9
100,20,courier,up,0.85,gradient,10.0,30,0.295,0.091303,0.15,0.5,11.642509,129.39037,0.303,26.3,601.13
100,20,courier,up,0.85,gradient_scf,0.0,30,0.363333,0.060077,0.25,0.45,6.304549,130.62463,0.3344,34.17,450.07
100,20,courier,up,0.85,gradient_scf,10.0,30,0.336667,0.068145,0.25,0.5,15.233196,161.969762,0.3043,37.8,593.63
100,20,courier,up,0.85,managed,0.0,30,0.363333,0.060077,0.25,0.45,6.304549,130.62463,0.3344,34.17,450.07
100,20,courier,up,0.85,managed,10.0,30,0.336667,0.068145,0.25,0.5,15.233196,161.969762,0.3043,37.8,593.63
100,20,courier,up,0.85,trickle,0.0,30,0.363333,0.060077,0.25,0.45,6.304549,130.62463,0.3344,34.17,450.07
100,20,courier,up,0.85,trickle,10.0,30,0.336667,0.068145,0.25,0.5,15.233196,161.969762,0.3043,37.8,593.63
100,20,courier,up,0.95,flood,0.0,30,0.35,0.058722,0.25,0.5,5.146007,141.956587,0.312,34.97,536.3
100,20,courier,up,0.95,flood,10.0,30,0.325,0.059813,0.2,0.45,14.614919,180.820622,0.2827,38.4,715.6
100,20,courier,up,0.95,gradient,0.0,30,0.068333,0.062261,0.0,0.25,0.0,413.590909,1.0,23.27,529.5
100,20,courier,up,0.95,gradient,10.0,30,0.318333,0.082507,0.2,0.45,11.775616,134.775992,0.2852,28.2,704.93
100,20,courier,up,0.95,gradient_scf,0.0,30,0.35,0.058722,0.25,0.5,5.146007,141.956587,0.312,34.97,536.3
100,20,courier,up,0.95,gradient_scf,10.0,30,0.325,0.059813,0.2,0.45,14.614919,180.820622,0.2827,38.4,715.6
100,20,courier,up,0.95,managed,0.0,30,0.35,0.058722,0.25,0.5,5.146007,141.956587,0.312,34.97,536.3
100,20,courier,up,0.95,managed,10.0,30,0.325,0.059813,0.2,0.45,14.614919,180.820622,0.2827,38.4,715.6
100,20,courier,up,0.95,trickle,0.0,30,0.35,0.058722,0.25,0.5,5.146007,141.956587,0.312,34.97,536.3
100,20,courier,up,0.95,trickle,10.0,30,0.325,0.059813,0.2,0.45,14.614919,180.820622,0.2827,38.4,715.6
100,20,static,down,0.7,flood,0.0,30,0.186667,0.082976,0.05,0.4,1.336702,152.957778,0.3058,28.6,24.2
100,20,static,down,0.7,flood,10.0,30,0.0,0.0,0.0,0.0,,,0.2565,26.87,25.3
100,20,static,down,0.7,gradient,0.0,30,0.066667,0.063427,0.0,0.25,0.0,27.178571,1.0,18.0,23.7
100,20,static,down,0.7,gradient,10.0,30,0.0,0.0,0.0,0.0,,,1.0,16.3,25.3
100,20,static,down,0.7,gradient_scf,0.0,30,0.186667,0.082976,0.05,0.4,1.336702,152.957778,0.3058,28.6,24.2
100,20,static,down,0.7,gradient_scf,10.0,30,0.0,0.0,0.0,0.0,,,0.2565,26.87,25.3
100,20,static,down,0.7,managed,0.0,30,0.186667,0.082976,0.05,0.4,1.336702,152.957778,0.3058,28.6,24.2
100,20,static,down,0.7,managed,10.0,30,0.0,0.0,0.0,0.0,,,0.2565,26.87,25.3
100,20,static,down,0.7,trickle,0.0,30,0.186667,0.082976,0.05,0.4,1.336702,152.957778,0.3058,28.6,24.2
100,20,static,down,0.7,trickle,10.0,30,0.0,0.0,0.0,0.0,,,0.2565,26.87,25.3
100,20,static,down,0.85,flood,0.0,30,0.216667,0.069893,0.05,0.4,1.556003,109.623056,0.262,29.13,29.93
100,20,static,down,0.85,flood,10.0,30,0.0,0.0,0.0,0.0,,,0.2343,26.97,31.2
100,20,static,down,0.85,gradient,0.0,30,0.081667,0.064971,0.0,0.25,0.0,31.315278,1.0,18.3,30.3
100,20,static,down,0.85,gradient,10.0,30,0.0,0.0,0.0,0.0,,,1.0,16.43,31.2
100,20,static,down,0.85,gradient_scf,0.0,30,0.216667,0.069893,0.05,0.4,1.556003,109.623056,0.262,29.13,29.93
100,20,static,down,0.85,gradient_scf,10.0,30,0.0,0.0,0.0,0.0,,,0.2343,26.97,31.2
100,20,static,down,0.85,managed,0.0,30,0.216667,0.069893,0.05,0.4,1.556003,109.623056,0.262,29.13,29.93
100,20,static,down,0.85,managed,10.0,30,0.0,0.0,0.0,0.0,,,0.2343,26.97,31.2
100,20,static,down,0.85,trickle,0.0,30,0.216667,0.069893,0.05,0.4,1.556003,109.623056,0.262,29.13,29.93
100,20,static,down,0.85,trickle,10.0,30,0.0,0.0,0.0,0.0,,,0.2343,26.97,31.2
100,20,static,down,0.95,flood,0.0,30,0.216667,0.062053,0.1,0.3,1.4505,102.608889,0.2513,31.33,32.93
100,20,static,down,0.95,flood,10.0,30,0.0,0.0,0.0,0.0,,,0.2175,27.4,32.97
100,20,static,down,0.95,gradient,0.0,30,0.085,0.064527,0.0,0.25,0.0,31.297917,1.0,18.53,32.67
100,20,static,down,0.95,gradient,10.0,30,0.0,0.0,0.0,0.0,,,1.0,16.8,32.97
100,20,static,down,0.95,gradient_scf,0.0,30,0.216667,0.062053,0.1,0.3,1.4505,102.608889,0.2513,31.33,32.93
100,20,static,down,0.95,gradient_scf,10.0,30,0.0,0.0,0.0,0.0,,,0.2175,27.4,32.97
100,20,static,down,0.95,managed,0.0,30,0.216667,0.062053,0.1,0.3,1.4505,102.608889,0.2513,31.33,32.93
100,20,static,down,0.95,managed,10.0,30,0.0,0.0,0.0,0.0,,,0.2175,27.4,32.97
100,20,static,down,0.95,trickle,0.0,30,0.216667,0.062053,0.1,0.3,1.4505,102.608889,0.2513,31.33,32.93
100,20,static,down,0.95,trickle,10.0,30,0.0,0.0,0.0,0.0,,,0.2175,27.4,32.97
100,20,static,recovered,0.7,flood,0.0,30,0.186667,0.082976,0.05,0.4,1.336702,152.957778,0.3058,28.6,24.2
100,20,static,recovered,0.7,flood,10.0,30,0.0,0.0,0.0,0.0,,,0.2565,26.87,25.3
100,20,static,recovered,0.7,gradient,0.0,30,0.066667,0.063427,0.0,0.25,0.0,27.178571,1.0,18.0,23.7
100,20,static,recovered,0.7,gradient,10.0,30,0.0,0.0,0.0,0.0,,,1.0,16.3,25.3
100,20,static,recovered,0.7,gradient_scf,0.0,30,0.186667,0.082976,0.05,0.4,1.336702,152.957778,0.3058,28.6,24.2
100,20,static,recovered,0.7,gradient_scf,10.0,30,0.0,0.0,0.0,0.0,,,0.2565,26.87,25.3
100,20,static,recovered,0.7,managed,0.0,30,0.186667,0.082976,0.05,0.4,1.336702,152.957778,0.3058,28.6,24.2
100,20,static,recovered,0.7,managed,10.0,30,0.0,0.0,0.0,0.0,,,0.2565,26.87,25.3
100,20,static,recovered,0.7,trickle,0.0,30,0.186667,0.082976,0.05,0.4,1.336702,152.957778,0.3058,28.6,24.2
100,20,static,recovered,0.7,trickle,10.0,30,0.0,0.0,0.0,0.0,,,0.2565,26.87,25.3
100,20,static,recovered,0.85,flood,0.0,30,0.216667,0.069893,0.05,0.4,1.556003,109.623056,0.262,29.13,29.93
100,20,static,recovered,0.85,flood,10.0,30,0.0,0.0,0.0,0.0,,,0.2343,26.97,31.2
100,20,static,recovered,0.85,gradient,0.0,30,0.081667,0.064971,0.0,0.25,0.0,31.315278,1.0,18.3,30.3
100,20,static,recovered,0.85,gradient,10.0,30,0.0,0.0,0.0,0.0,,,1.0,16.43,31.2
100,20,static,recovered,0.85,gradient_scf,0.0,30,0.216667,0.069893,0.05,0.4,1.556003,109.623056,0.262,29.13,29.93
100,20,static,recovered,0.85,gradient_scf,10.0,30,0.0,0.0,0.0,0.0,,,0.2343,26.97,31.2
100,20,static,recovered,0.85,managed,0.0,30,0.216667,0.069893,0.05,0.4,1.556003,109.623056,0.262,29.13,29.93
100,20,static,recovered,0.85,managed,10.0,30,0.0,0.0,0.0,0.0,,,0.2343,26.97,31.2
100,20,static,recovered,0.85,trickle,0.0,30,0.216667,0.069893,0.05,0.4,1.556003,109.623056,0.262,29.13,29.93
100,20,static,recovered,0.85,trickle,10.0,30,0.0,0.0,0.0,0.0,,,0.2343,26.97,31.2
100,20,static,recovered,0.95,flood,0.0,30,0.216667,0.062053,0.1,0.3,1.4505,102.608889,0.2513,31.33,32.93
100,20,static,recovered,0.95,flood,10.0,30,0.0,0.0,0.0,0.0,,,0.2175,27.4,32.97
100,20,static,recovered,0.95,gradient,0.0,30,0.085,0.064527,0.0,0.25,0.0,31.297917,1.0,18.53,32.67
100,20,static,recovered,0.95,gradient,10.0,30,0.0,0.0,0.0,0.0,,,1.0,16.8,32.97
100,20,static,recovered,0.95,gradient_scf,0.0,30,0.216667,0.062053,0.1,0.3,1.4505,102.608889,0.2513,31.33,32.93
100,20,static,recovered,0.95,gradient_scf,10.0,30,0.0,0.0,0.0,0.0,,,0.2175,27.4,32.97
100,20,static,recovered,0.95,managed,0.0,30,0.216667,0.062053,0.1,0.3,1.4505,102.608889,0.2513,31.33,32.93
100,20,static,recovered,0.95,managed,10.0,30,0.0,0.0,0.0,0.0,,,0.2175,27.4,32.97
100,20,static,recovered,0.95,trickle,0.0,30,0.216667,0.062053,0.1,0.3,1.4505,102.608889,0.2513,31.33,32.93
100,20,static,recovered,0.95,trickle,10.0,30,0.0,0.0,0.0,0.0,,,0.2175,27.4,32.97
100,20,static,up,0.7,flood,0.0,30,0.341667,0.065763,0.25,0.5,4.579167,115.611997,0.3051,44.07,366.07
100,20,static,up,0.7,flood,10.0,30,0.308333,0.073207,0.15,0.45,14.315329,147.467646,0.2675,47.97,485.23
100,20,static,up,0.7,gradient,0.0,30,0.066667,0.063427,0.0,0.25,0.0,260.335714,1.0,31.03,369.57
100,20,static,up,0.7,gradient,10.0,30,0.315,0.077848,0.2,0.5,11.355925,95.238902,0.2825,37.67,483.87
100,20,static,up,0.7,gradient_scf,0.0,30,0.341667,0.065763,0.25,0.5,4.579167,115.611997,0.3051,44.07,366.07
100,20,static,up,0.7,gradient_scf,10.0,30,0.308333,0.073207,0.15,0.45,14.315329,147.467646,0.2675,47.97,485.23
100,20,static,up,0.7,managed,0.0,30,0.341667,0.065763,0.25,0.5,4.579167,115.611997,0.3051,44.07,366.07
100,20,static,up,0.7,managed,10.0,30,0.308333,0.073207,0.15,0.45,14.315329,147.467646,0.2675,47.97,485.23
100,20,static,up,0.7,trickle,0.0,30,0.341667,0.065763,0.25,0.5,4.579167,115.611997,0.3051,44.07,366.07
100,20,static,up,0.7,trickle,10.0,30,0.308333,0.073207,0.15,0.45,14.315329,147.467646,0.2675,47.97,485.23
100,20,static,up,0.85,flood,0.0,30,0.32,0.048423,0.25,0.45,4.153332,133.011812,0.2639,48.8,454.7
100,20,static,up,0.85,flood,10.0,30,0.303333,0.058624,0.2,0.4,13.663742,162.852262,0.2375,54.77,605.4
100,20,static,up,0.85,gradient,0.0,30,0.081667,0.064971,0.0,0.25,0.0,315.358333,1.0,35.57,458.73
100,20,static,up,0.85,gradient,10.0,30,0.33,0.079438,0.2,0.45,11.408197,112.35918,0.244,44.83,607.03
100,20,static,up,0.85,gradient_scf,0.0,30,0.32,0.048423,0.25,0.45,4.153332,133.011812,0.2639,48.8,454.7
100,20,static,up,0.85,gradient_scf,10.0,30,0.303333,0.058624,0.2,0.4,13.663742,162.852262,0.2375,54.77,605.4
100,20,static,up,0.85,managed,0.0,30,0.32,0.048423,0.25,0.45,4.153332,133.011812,0.2639,48.8,454.7
100,20,static,up,0.85,managed,10.0,30,0.303333,0.058624,0.2,0.4,13.663742,162.852262,0.2375,54.77,605.4
100,20,static,up,0.85,trickle,0.0,30,0.32,0.048423,0.25,0.45,4.153332,133.011812,0.2639,48.8,454.7
100,20,static,up,0.85,trickle,10.0,30,0.303333,0.058624,0.2,0.4,13.663742,162.852262,0.2375,54.77,605.4
100,20,static,up,0.95,flood,0.0,30,0.32,0.048423,0.25,0.4,3.725582,137.437619,0.2558,52.1,490.27
100,20,static,up,0.95,flood,10.0,30,0.288333,0.059717,0.2,0.45,13.270869,177.836852,0.2181,58.67,654.67
100,20,static,up,0.95,gradient,0.0,30,0.085,0.064527,0.0,0.25,0.0,312.478472,1.0,37.17,491.83
100,20,static,up,0.95,gradient,10.0,30,0.325,0.075144,0.2,0.45,11.294033,121.15459,0.2246,47.93,654.03
100,20,static,up,0.95,gradient_scf,0.0,30,0.32,0.048423,0.25,0.4,3.725582,137.437619,0.2558,52.1,490.27
100,20,static,up,0.95,gradient_scf,10.0,30,0.288333,0.059717,0.2,0.45,13.270869,177.836852,0.2181,58.67,654.67
100,20,static,up,0.95,managed,0.0,30,0.32,0.048423,0.25,0.4,3.725582,137.437619,0.2558,52.1,490.27
100,20,static,up,0.95,managed,10.0,30,0.288333,0.059717,0.2,0.45,13.270869,177.836852,0.2181,58.67,654.67
100,20,static,up,0.95,trickle,0.0,30,0.32,0.048423,0.25,0.4,3.725582,137.437619,0.2558,52.1,490.27
100,20,static,up,0.95,trickle,10.0,30,0.288333,0.059717,0.2,0.45,13.270869,177.836852,0.2181,58.67,654.67
100,20,walking,down,0.7,flood,0.0,30,0.18,0.067722,0.05,0.35,1.420142,153.81381,0.3193,27.67,19.2
100,20,walking,down,0.7,flood,10.0,30,0.0,0.0,0.0,0.0,,,0.2845,25.53,23.73
100,20,walking,down,0.7,gradient,0.0,30,0.063333,0.064237,0.0,0.25,0.0,24.59,1.0,17.47,20.2
100,20,walking,down,0.7,gradient,10.0,30,0.0,0.0,0.0,0.0,,,1.0,15.83,23.73
100,20,walking,down,0.7,gradient_scf,0.0,30,0.18,0.067722,0.05,0.35,1.420142,153.81381,0.3193,27.67,19.2
100,20,walking,down,0.7,gradient_scf,10.0,30,0.0,0.0,0.0,0.0,,,0.2845,25.53,23.73
100,20,walking,down,0.7,managed,0.0,30,0.18,0.067722,0.05,0.35,1.420142,153.81381,0.3193,27.67,19.2
100,20,walking,down,0.7,managed,10.0,30,0.0,0.0,0.0,0.0,,,0.2845,25.53,23.73
100,20,walking,down,0.7,trickle,0.0,30,0.18,0.067722,0.05,0.35,1.420142,153.81381,0.3193,27.67,19.2
100,20,walking,down,0.7,trickle,10.0,30,0.0,0.0,0.0,0.0,,,0.2845,25.53,23.73
100,20,walking,down,0.85,flood,0.0,30,0.198333,0.063631,0.1,0.4,1.441451,124.376389,0.2872,27.33,28.03
100,20,walking,down,0.85,flood,10.0,30,0.0,0.0,0.0,0.0,,,0.2609,26.4,30.7
100,20,walking,down,0.85,gradient,0.0,30,0.071667,0.062537,0.0,0.25,0.0,31.402174,1.0,17.7,27.2
100,20,walking,down,0.85,gradient,10.0,30,0.0,0.0,0.0,0.0,,,1.0,16.07,30.7
100,20,walking,down,0.85,gradient_scf,0.0,30,0.198333,0.063631,0.1,0.4,1.441451,124.376389,0.2872,27.33,28.03
100,20,walking,down,0.85,gradient_scf,10.0,30,0.0,0.0,0.0,0.0,,,0.2609,26.4,30.7
100,20,walking,down,0.85,managed,0.0,30,0.198333,0.063631,0.1,0.4,1.441451,124.376389,0.2872,27.33,28.03
100,20,walking,down,0.85,managed,10.0,30,0.0,0.0,0.0,0.0,,,0.2609,26.4,30.7
100,20,walking,down,0.85,trickle,0.0,30,0.198333,0.063631,0.1,0.4,1.441451,124.376389,0.2872,27.33,28.03
100,20,walking,down,0.85,trickle,10.0,30,0.0,0.0,0.0,0.0,,,0.2609,26.4,30.7
100,20,walking,down,0.95,flood,0.0,30,0.211667,0.072734,0.1,0.4,1.628039,113.575238,0.262,28.3,34.7
100,20,walking,down,0.95,flood,10.0,30,0.0,0.0,0.0,0.0,,,0.241,24.97,37.77
100,20,walking,down,0.95,gradient,0.0,30,0.083333,0.064772,0.0,0.25,0.0,33.6,1.0,17.87,36.0
100,20,walking,down,0.95,gradient,10.0,30,0.0,0.0,0.0,0.0,,,0.9455,16.27,37.77
100,20,walking,down,0.95,gradient_scf,0.0,30,0.211667,0.072734,0.1,0.4,1.628039,113.575238,0.262,28.3,34.7
100,20,walking,down,0.95,gradient_scf,10.0,30,0.0,0.0,0.0,0.0,,,0.241,24.97,37.77
100,20,walking,down,0.95,managed,0.0,30,0.211667,0.072734,0.1,0.4,1.628039,113.575238,0.262,28.3,34.7
100,20,walking,down,0.95,managed,10.0,30,0.0,0.0,0.0,0.0,,,0.241,24.97,37.77
100,20,walking,down,0.95,trickle,0.0,30,0.211667,0.072734,0.1,0.4,1.628039,113.575238,0.262,28.3,34.7
100,20,walking,down,0.95,trickle,10.0,30,0.0,0.0,0.0,0.0,,,0.241,24.97,37.77
100,20,walking,recovered,0.7,flood,0.0,30,0.18,0.067722,0.05,0.35,1.420142,153.81381,0.3193,27.67,19.2
100,20,walking,recovered,0.7,flood,10.0,30,0.0,0.0,0.0,0.0,,,0.2845,25.53,23.73
100,20,walking,recovered,0.7,gradient,0.0,30,0.063333,0.064237,0.0,0.25,0.0,24.59,1.0,17.47,20.2
100,20,walking,recovered,0.7,gradient,10.0,30,0.0,0.0,0.0,0.0,,,1.0,15.83,23.73
100,20,walking,recovered,0.7,gradient_scf,0.0,30,0.18,0.067722,0.05,0.35,1.420142,153.81381,0.3193,27.67,19.2
100,20,walking,recovered,0.7,gradient_scf,10.0,30,0.0,0.0,0.0,0.0,,,0.2845,25.53,23.73
100,20,walking,recovered,0.7,managed,0.0,30,0.18,0.067722,0.05,0.35,1.420142,153.81381,0.3193,27.67,19.2
100,20,walking,recovered,0.7,managed,10.0,30,0.0,0.0,0.0,0.0,,,0.2845,25.53,23.73
100,20,walking,recovered,0.7,trickle,0.0,30,0.18,0.067722,0.05,0.35,1.420142,153.81381,0.3193,27.67,19.2
100,20,walking,recovered,0.7,trickle,10.0,30,0.0,0.0,0.0,0.0,,,0.2845,25.53,23.73
100,20,walking,recovered,0.85,flood,0.0,30,0.198333,0.063631,0.1,0.4,1.441451,124.376389,0.2872,27.33,28.03
100,20,walking,recovered,0.85,flood,10.0,30,0.0,0.0,0.0,0.0,,,0.2609,26.4,30.7
100,20,walking,recovered,0.85,gradient,0.0,30,0.071667,0.062537,0.0,0.25,0.0,31.402174,1.0,17.7,27.2
100,20,walking,recovered,0.85,gradient,10.0,30,0.0,0.0,0.0,0.0,,,1.0,16.07,30.7
100,20,walking,recovered,0.85,gradient_scf,0.0,30,0.198333,0.063631,0.1,0.4,1.441451,124.376389,0.2872,27.33,28.03
100,20,walking,recovered,0.85,gradient_scf,10.0,30,0.0,0.0,0.0,0.0,,,0.2609,26.4,30.7
100,20,walking,recovered,0.85,managed,0.0,30,0.198333,0.063631,0.1,0.4,1.441451,124.376389,0.2872,27.33,28.03
100,20,walking,recovered,0.85,managed,10.0,30,0.0,0.0,0.0,0.0,,,0.2609,26.4,30.7
100,20,walking,recovered,0.85,trickle,0.0,30,0.198333,0.063631,0.1,0.4,1.441451,124.376389,0.2872,27.33,28.03
100,20,walking,recovered,0.85,trickle,10.0,30,0.0,0.0,0.0,0.0,,,0.2609,26.4,30.7
100,20,walking,recovered,0.95,flood,0.0,30,0.211667,0.072734,0.1,0.4,1.628039,113.575238,0.262,28.3,34.7
100,20,walking,recovered,0.95,flood,10.0,30,0.0,0.0,0.0,0.0,,,0.241,24.97,37.77
100,20,walking,recovered,0.95,gradient,0.0,30,0.083333,0.064772,0.0,0.25,0.0,33.6,1.0,17.87,36.0
100,20,walking,recovered,0.95,gradient,10.0,30,0.0,0.0,0.0,0.0,,,0.9455,16.27,37.77
100,20,walking,recovered,0.95,gradient_scf,0.0,30,0.211667,0.072734,0.1,0.4,1.628039,113.575238,0.262,28.3,34.7
100,20,walking,recovered,0.95,gradient_scf,10.0,30,0.0,0.0,0.0,0.0,,,0.241,24.97,37.77
100,20,walking,recovered,0.95,managed,0.0,30,0.211667,0.072734,0.1,0.4,1.628039,113.575238,0.262,28.3,34.7
100,20,walking,recovered,0.95,managed,10.0,30,0.0,0.0,0.0,0.0,,,0.241,24.97,37.77
100,20,walking,recovered,0.95,trickle,0.0,30,0.211667,0.072734,0.1,0.4,1.628039,113.575238,0.262,28.3,34.7
100,20,walking,recovered,0.95,trickle,10.0,30,0.0,0.0,0.0,0.0,,,0.241,24.97,37.77
100,20,walking,up,0.7,flood,0.0,30,0.348333,0.073676,0.25,0.5,5.176511,111.2175,0.3195,35.83,321.03
100,20,walking,up,0.7,flood,10.0,30,0.323333,0.056832,0.2,0.5,15.070535,130.951032,0.29,36.47,415.0
100,20,walking,up,0.7,gradient,0.0,30,0.063333,0.064237,0.0,0.25,0.0,230.276667,1.0,23.67,323.43
100,20,walking,up,0.7,gradient,10.0,30,0.31,0.074741,0.15,0.45,11.416416,85.621733,0.3019,28.47,421.6
100,20,walking,up,0.7,gradient_scf,0.0,30,0.348333,0.073676,0.25,0.5,5.176511,111.2175,0.3195,35.83,321.03
100,20,walking,up,0.7,gradient_scf,10.0,30,0.323333,0.056832,0.2,0.5,15.070535,130.951032,0.29,36.47,415.0
100,20,walking,up,0.7,managed,0.0,30,0.348333,0.073676,0.25,0.5,5.176511,111.2175,0.3195,35.83,321.03
100,20,walking,up,0.7,managed,10.0,30,0.323333,0.056832,0.2,0.5,15.070535,130.951032,0.29,36.47,415.0
100,20,walking,up,0.7,trickle,0.0,30,0.348333,0.073676,0.25,0.5,5.176511,111.2175,0.3195,35.83,321.03
100,20,walking,up,0.7,trickle,10.0,30,0.323333,0.056832,0.2,0.5,15.070535,130.951032,0.29,36.47,415.0
100,20,walking,up,0.85,flood,0.0,30,0.343333,0.055294,0.25,0.5,4.364746,122.691852,0.2914,38.7,409.97
100,20,walking,up,0.85,flood,10.0,30,0.316667,0.060648,0.2,0.5,14.617512,153.376151,0.2621,42.53,547.67
100,20,walking,up,0.85,gradient,0.0,30,0.071667,0.062537,0.0,0.25,0.0,306.213043,1.0,26.57,411.67
100,20,walking,up,0.85,gradient,10.0,30,0.341667,0.075525,0.2,0.5,11.509212,97.760688,0.2737,34.77,552.37
100,20,walking,up,0.85,gradient_scf,0.0,30,0.343333,0.055294,0.25,0.5,4.364746,122.691852,0.2914,38.7,409.97
100,20,walking,up,0.85,gradient_scf,10.0,30,0.316667,0.060648,0.2,0.5,14.617512,153.376151,0.2621,42.53,547.67
100,20,walking,up,0.85,managed,0.0,30,0.343333,0.055294,0.25,0.5,4.364746,122.691852,0.2914,38.7,409.97
100,20,walking,up,0.85,managed,10.0,30,0.316667,0.060648,0.2,0.5,14.617512,153.376151,0.2621,42.53,547.67
100,20,walking,up,0.85,trickle,0.0,30,0.343333,0.055294,0.25,0.5,4.364746,122.691852,0.2914,38.7,409.97
100,20,walking,up,0.85,trickle,10.0,30,0.316667,0.060648,0.2,0.5,14.617512,153.376151,0.2621,42.53,547.67
100,20,walking,up,0.95,flood,0.0,30,0.316667,0.054667,0.2,0.45,3.846782,136.854974,0.2593,40.23,467.2
100,20,walking,up,0.95,flood,10.0,30,0.303333,0.052413,0.2,0.4,13.694725,165.514683,0.2393,43.53,619.37
100,20,walking,up,0.95,gradient,0.0,30,0.083333,0.064772,0.0,0.25,0.0,306.350694,1.0,28.37,470.53
100,20,walking,up,0.95,gradient,10.0,30,0.328333,0.07391,0.2,0.45,11.465111,112.400899,0.2428,35.8,616.03
100,20,walking,up,0.95,gradient_scf,0.0,30,0.316667,0.054667,0.2,0.45,3.846782,136.854974,0.2593,40.23,467.2
100,20,walking,up,0.95,gradient_scf,10.0,30,0.303333,0.052413,0.2,0.4,13.694725,165.514683,0.2393,43.53,619.37
100,20,walking,up,0.95,managed,0.0,30,0.316667,0.054667,0.2,0.45,3.846782,136.854974,0.2593,40.23,467.2
100,20,walking,up,0.95,managed,10.0,30,0.303333,0.052413,0.2,0.4,13.694725,165.514683,0.2393,43.53,619.37
100,20,walking,up,0.95,trickle,0.0,30,0.316667,0.054667,0.2,0.45,3.846782,136.854974,0.2593,40.23,467.2
100,20,walking,up,0.95,trickle,10.0,30,0.303333,0.052413,0.2,0.4,13.694725,165.514683,0.2393,43.53,619.37
100,5,courier,down,0.7,flood,0.0,30,0.426667,0.194641,0.0,0.8,1.382854,247.132184,0.9079,10.63,75.1
100,5,courier,down,0.7,flood,10.0,30,0.0,0.0,0.0,0.0,,,0.9081,10.0,103.77
100,5,courier,down,0.7,gradient,0.0,30,0.046667,0.086037,0.0,0.2,0.0,44.0,1.0,1.73,76.5
100,5,courier,down,0.7,gradient,10.0,30,0.0,0.0,0.0,0.0,,,0.8941,2.27,133.2
100,5,courier,down,0.7,gradient_scf,0.0,30,0.426667,0.194641,0.0,0.8,1.382854,247.132184,0.9079,10.63,75.1
100,5,courier,down,0.7,gradient_scf,10.0,30,0.0,0.0,0.0,0.0,,,0.9081,10.0,103.77
100,5,courier,down,0.7,managed,0.0,30,0.426667,0.194641,0.0,0.8,1.382854,247.132184,0.9079,10.63,75.1
100,5,courier,down,0.7,managed,10.0,30,0.0,0.0,0.0,0.0,,,0.9081,10.0,103.77
100,5,courier,down,0.7,trickle,0.0,30,0.426667,0.194641,0.0,0.8,1.382854,247.132184,0.9079,10.63,75.1
100,5,courier,down,0.7,trickle,10.0,30,0.0,0.0,0.0,0.0,,,0.9081,10.0,103.77
100,5,courier,down,0.85,flood,0.0,30,0.48,0.178885,0.2,0.8,1.497086,264.188889,0.9528,12.83,167.4
100,5,courier,down,0.85,flood,10.0,30,0.0,0.0,0.0,0.0,,,0.9397,12.53,187.1
100,5,courier,down,0.85,gradient,0.0,30,0.053333,0.089955,0.0,0.2,0.0,41.75,1.0,2.0,127.23
100,5,courier,down,0.85,gradient,10.0,30,0.0,0.0,0.0,0.0,,,0.8712,3.0,198.3
100,5,courier,down,0.85,gradient_scf,0.0,30,0.48,0.178885,0.2,0.8,1.497086,264.188889,0.9528,12.83,167.4
100,5,courier,down,0.85,gradient_scf,10.0,30,0.0,0.0,0.0,0.0,,,0.9397,12.53,187.1
100,5,courier,down,0.85,managed,0.0,30,0.48,0.178885,0.2,0.8,1.497086,264.188889,0.9528,12.83,167.4
100,5,courier,down,0.85,managed,10.0,30,0.0,0.0,0.0,0.0,,,0.9397,12.53,187.1
100,5,courier,down,0.85,trickle,0.0,30,0.48,0.178885,0.2,0.8,1.497086,264.188889,0.9528,12.83,167.4
100,5,courier,down,0.85,trickle,10.0,30,0.0,0.0,0.0,0.0,,,0.9397,12.53,187.1
100,5,courier,down,0.95,flood,0.0,30,0.46,0.204434,0.2,1.0,1.407366,302.853333,0.9452,13.87,229.03
100,5,courier,down,0.95,flood,10.0,30,0.0,0.0,0.0,0.0,,,0.9305,13.13,225.5
100,5,courier,down,0.95,gradient,0.0,30,0.053333,0.089955,0.0,0.2,0.0,152.25,1.0,2.53,163.3
100,5,courier,down,0.95,gradient,10.0,30,0.0,0.0,0.0,0.0,,,0.9009,3.47,232.27
100,5,courier,down,0.95,gradient_scf,0.0,30,0.46,0.204434,0.2,1.0,1.407366,302.853333,0.9452,13.87,229.03
100,5,courier,down,0.95,gradient_scf,10.0,30,0.0,0.0,0.0,0.0,,,0.9305,13.13,225.5
100,5,courier,down,0.95,managed,0.0,30,0.46,0.204434,0.2,1.0,1.407366,302.853333,0.9452,13.87,229.03
100,5,courier,down,0.95,managed,10.0,30,0.0,0.0,0.0,0.0,,,0.9305,13.13,225.5
100,5,courier,down,0.95,trickle,0.0,30,0.46,0.204434,0.2,1.0,1.407366,302.853333,0.9452,13.87,229.03
100,5,courier,down,0.95,trickle,10.0,30,0.0,0.0,0.0,0.0,,,0.9305,13.13,225.5
100,5,courier,recovered,0.7,flood,0.0,30,0.426667,0.194641,0.0,0.8,1.382854,247.132184,0.9079,10.63,75.1
100,5,courier,recovered,0.7,flood,10.0,30,0.0,0.0,0.0,0.0,,,0.9081,10.0,103.77
100,5,courier,recovered,0.7,gradient,0.0,30,0.046667,0.086037,0.0,0.2,0.0,44.0,1.0,1.73,76.5
100,5,courier,recovered,0.7,gradient,10.0,30,0.0,0.0,0.0,0.0,,,0.8941,2.27,133.2
100,5,courier,recovered,0.7,gradient_scf,0.0,30,0.426667,0.194641,0.0,0.8,1.382854,247.132184,0.9079,10.63,75.1
100,5,courier,recovered,0.7,gradient_scf,10.0,30,0.0,0.0,0.0,0.0,,,0.9081,10.0,103.77
100,5,courier,recovered,0.7,managed,0.0,30,0.426667,0.194641,0.0,0.8,1.382854,247.132184,0.9079,10.63,75.1
100,5,courier,recovered,0.7,managed,10.0,30,0.0,0.0,0.0,0.0,,,0.9081,10.0,103.77
100,5,courier,recovered,0.7,trickle,0.0,30,0.426667,0.194641,0.0,0.8,1.382854,247.132184,0.9079,10.63,75.1
100,5,courier,recovered,0.7,trickle,10.0,30,0.0,0.0,0.0,0.0,,,0.9081,10.0,103.77
100,5,courier,recovered,0.85,flood,0.0,30,0.48,0.178885,0.2,0.8,1.497086,264.188889,0.9528,12.83,167.4
100,5,courier,recovered,0.85,flood,10.0,30,0.0,0.0,0.0,0.0,,,0.9397,12.53,187.1
100,5,courier,recovered,0.85,gradient,0.0,30,0.053333,0.089955,0.0,0.2,0.0,41.75,1.0,2.0,127.23
100,5,courier,recovered,0.85,gradient,10.0,30,0.0,0.0,0.0,0.0,,,0.8712,3.0,198.3
100,5,courier,recovered,0.85,gradient_scf,0.0,30,0.48,0.178885,0.2,0.8,1.497086,264.188889,0.9528,12.83,167.4
100,5,courier,recovered,0.85,gradient_scf,10.0,30,0.0,0.0,0.0,0.0,,,0.9397,12.53,187.1
100,5,courier,recovered,0.85,managed,0.0,30,0.48,0.178885,0.2,0.8,1.497086,264.188889,0.9528,12.83,167.4
100,5,courier,recovered,0.85,managed,10.0,30,0.0,0.0,0.0,0.0,,,0.9397,12.53,187.1
100,5,courier,recovered,0.85,trickle,0.0,30,0.48,0.178885,0.2,0.8,1.497086,264.188889,0.9528,12.83,167.4
100,5,courier,recovered,0.85,trickle,10.0,30,0.0,0.0,0.0,0.0,,,0.9397,12.53,187.1
100,5,courier,recovered,0.95,flood,0.0,30,0.46,0.204434,0.2,1.0,1.407366,302.853333,0.9452,13.87,229.03
100,5,courier,recovered,0.95,flood,10.0,30,0.0,0.0,0.0,0.0,,,0.9305,13.13,225.5
100,5,courier,recovered,0.95,gradient,0.0,30,0.053333,0.089955,0.0,0.2,0.0,152.25,1.0,2.53,163.3
100,5,courier,recovered,0.95,gradient,10.0,30,0.0,0.0,0.0,0.0,,,0.9009,3.47,232.27
100,5,courier,recovered,0.95,gradient_scf,0.0,30,0.46,0.204434,0.2,1.0,1.407366,302.853333,0.9452,13.87,229.03
100,5,courier,recovered,0.95,gradient_scf,10.0,30,0.0,0.0,0.0,0.0,,,0.9305,13.13,225.5
100,5,courier,recovered,0.95,managed,0.0,30,0.46,0.204434,0.2,1.0,1.407366,302.853333,0.9452,13.87,229.03
100,5,courier,recovered,0.95,managed,10.0,30,0.0,0.0,0.0,0.0,,,0.9305,13.13,225.5
100,5,courier,recovered,0.95,trickle,0.0,30,0.46,0.204434,0.2,1.0,1.407366,302.853333,0.9452,13.87,229.03
100,5,courier,recovered,0.95,trickle,10.0,30,0.0,0.0,0.0,0.0,,,0.9305,13.13,225.5
100,5,courier,up,0.7,flood,0.0,30,0.886667,0.125212,0.6,1.0,4.029758,162.323889,0.9042,14.37,338.67
100,5,courier,up,0.7,flood,10.0,30,0.906667,0.136289,0.6,1.0,14.009957,181.470556,0.9074,15.03,443.33
100,5,courier,up,0.7,gradient,0.0,30,0.046667,0.086037,0.0,0.2,0.0,434.285714,1.0,4.13,338.57
100,5,courier,up,0.7,gradient,10.0,30,0.42,0.279655,0.0,1.0,10.949304,259.741667,0.5224,6.37,445.07
100,5,courier,up,0.7,gradient_scf,0.0,30,0.886667,0.125212,0.6,1.0,4.029758,162.323889,0.9042,14.37,338.67
100,5,courier,up,0.7,gradient_scf,10.0,30,0.906667,0.136289,0.6,1.0,14.009957,181.470556,0.9074,15.03,443.33
100,5,courier,up,0.7,managed,0.0,30,0.886667,0.125212,0.6,1.0,4.029758,162.323889,0.9042,14.37,338.67
100,5,courier,up,0.7,managed,10.0,30,0.906667,0.136289,0.6,1.0,14.009957,181.470556,0.9074,15.03,443.33
100,5,courier,up,0.7,trickle,0.0,30,0.886667,0.125212,0.6,1.0,4.029758,162.323889,0.9042,14.37,338.67
100,5,courier,up,0.7,trickle,10.0,30,0.906667,0.136289,0.6,1.0,14.009957,181.470556,0.9074,15.03,443.33
100,5,courier,up,0.85,flood,0.0,30,0.966667,0.092227,0.6,1.0,4.577809,175.549444,0.9621,17.13,453.2
100,5,courier,up,0.85,flood,10.0,30,0.96,0.096847,0.6,1.0,14.137653,210.016111,0.954,19.27,613.67
100,5,courier,up,0.85,gradient,0.0,30,0.053333,0.089955,0.0,0.2,0.0,542.25,1.0,6.17,454.9
100,5,courier,up,0.85,gradient,10.0,30,0.553333,0.260944,0.0,1.0,11.148499,250.276437,0.5714,9.37,615.23
100,5,courier,up,0.85,gradient_scf,0.0,30,0.966667,0.092227,0.6,1.0,4.577809,175.549444,0.9621,17.13,453.2
100,5,courier,up,0.85,gradient_scf,10.0,30,0.96,0.096847,0.6,1.0,14.137653,210.016111,0.954,19.27,613.67
100,5,courier,up,0.85,managed,0.0,30,0.966667,0.092227,0.6,1.0,4.577809,175.549444,0.9621,17.13,453.2
100,5,courier,up,0.85,managed,10.0,30,0.96,0.096847,0.6,1.0,14.137653,210.016111,0.954,19.27,613.67
100,5,courier,up,0.85,trickle,0.0,30,0.966667,0.092227,0.6,1.0,4.577809,175.549444,0.9621,17.13,453.2
100,5,courier,up,0.85,trickle,10.0,30,0.96,0.096847,0.6,1.0,14.137653,210.016111,0.954,19.27,613.67
100,5,courier,up,0.95,flood,0.0,30,0.94,0.093218,0.8,1.0,4.070404,198.105,0.9437,18.1,545.3
100,5,courier,up,0.95,flood,10.0,30,0.946667,0.089955,0.8,1.0,14.007338,230.0,0.9428,22.27,701.1
100,5,courier,up,0.95,gradient,0.0,30,0.053333,0.089955,0.0,0.2,0.0,638.0,1.0,7.0,528.87
100,5,courier,up,0.95,gradient,10.0,30,0.633333,0.273336,0.0,1.0,11.199727,247.98046,0.6298,10.23,716.13
100,5,courier,up,0.95,gradient_scf,0.0,30,0.94,0.093218,0.8,1.0,4.070404,198.105,0.9437,18.1,545.3
100,5,courier,up,0.95,gradient_scf,10.0,30,0.946667,0.089955,0.8,1.0,14.007338,230.0,0.9428,22.27,701.1
100,5,courier,up,0.95,managed,0.0,30,0.94,0.093218,0.8,1.0,4.070404,198.105,0.9437,18.1,545.3
100,5,courier,up,0.95,managed,10.0,30,0.946667,0.089955,0.8,1.0,14.007338,230.0,0.9428,22.27,701.1
100,5,courier,up,0.95,trickle,0.0,30,0.94,0.093218,0.8,1.0,4.070404,198.105,0.9437,18.1,545.3
100,5,courier,up,0.95,trickle,10.0,30,0.946667,0.089955,0.8,1.0,14.007338,230.0,0.9428,22.27,701.1
100,5,static,down,0.7,flood,0.0,30,0.586667,0.222421,0.0,1.0,1.464842,139.516667,0.9077,12.5,24.93
100,5,static,down,0.7,flood,10.0,30,0.0,0.0,0.0,0.0,,,0.9209,10.73,25.3
100,5,static,down,0.7,gradient,0.0,30,0.053333,0.089955,0.0,0.2,0.0,33.5,1.0,2.37,24.77
100,5,static,down,0.7,gradient,10.0,30,0.0,0.0,0.0,0.0,,,1.0,1.9,25.3
100,5,static,down,0.7,gradient_scf,0.0,30,0.586667,0.222421,0.0,1.0,1.464842,139.516667,0.9077,12.5,24.93
100,5,static,down,0.7,gradient_scf,10.0,30,0.0,0.0,0.0,0.0,,,0.9209,10.73,25.3
100,5,static,down,0.7,managed,0.0,30,0.586667,0.222421,0.0,1.0,1.464842,139.516667,0.9077,12.5,24.93
100,5,static,down,0.7,managed,10.0,30,0.0,0.0,0.0,0.0,,,0.9209,10.73,25.3
100,5,static,down,0.7,trickle,0.0,30,0.586667,0.222421,0.0,1.0,1.464842,139.516667,0.9077,12.5,24.93
100,5,static,down,0.7,trickle,10.0,30,0.0,0.0,0.0,0.0,,,0.9209,10.73,25.3
100,5,static,down,0.85,flood,0.0,30,0.573333,0.18742,0.2,1.0,1.453475,143.832222,0.8919,12.07,30.53
100,5,static,down,0.85,flood,10.0,30,0.0,0.0,0.0,0.0,,,0.9262,12.2,31.2
100,5,static,down,0.85,gradient,0.0,30,0.066667,0.095893,0.0,0.2,0.0,42.9,1.0,2.47,30.7
100,5,static,down,0.85,gradient,10.0,30,0.0,0.0,0.0,0.0,,,1.0,2.03,31.2
100,5,static,down,0.85,gradient_scf,0.0,30,0.573333,0.18742,0.2,1.0,1.453475,143.832222,0.8919,12.07,30.53
100,5,static,down,0.85,gradient_scf,10.0,30,0.0,0.0,0.0,0.0,,,0.9262,12.2,31.2
100,5,static,down,0.85,managed,0.0,30,0.573333,0.18742,0.2,1.0,1.453475,143.832222,0.8919,12.07,30.53
100,5,static,down,0.85,managed,10.0,30,0.0,0.0,0.0,0.0,,,0.9262,12.2,31.2
100,5,static,down,0.85,trickle,0.0,30,0.573333,0.18742,0.2,1.0,1.453475,143.832222,0.8919,12.07,30.53
100,5,static,down,0.85,trickle,10.0,30,0.0,0.0,0.0,0.0,,,0.9262,12.2,31.2
100,5,static,down,0.95,flood,0.0,30,0.546667,0.147936,0.2,0.8,1.414677,147.513889,0.8957,14.03,37.67
100,5,static,down,0.95,flood,10.0,30,0.0,0.0,0.0,0.0,,,0.8661,13.47,32.97
100,5,static,down,0.95,gradient,0.0,30,0.073333,0.111211,0.0,0.4,0.0,40.8,1.0,2.87,32.37
100,5,static,down,0.95,gradient,10.0,30,0.0,0.0,0.0,0.0,,,1.0,2.4,32.97
100,5,static,down,0.95,gradient_scf,0.0,30,0.546667,0.147936,0.2,0.8,1.414677,147.513889,0.8957,14.03,37.67
100,5,static,down,0.95,gradient_scf,10.0,30,0.0,0.0,0.0,0.0,,,0.8661,13.47,32.97
100,5,static,down,0.95,managed,0.0,30,0.546667,0.147936,0.2,0.8,1.414677,147.513889,0.8957,14.03,37.67
100,5,static,down,0.95,managed,10.0,30,0.0,0.0,0.0,0.0,,,0.8661,13.47,32.97
100,5,static,down,0.95,trickle,0.0,30,0.546667,0.147936,0.2,0.8,1.414677,147.513889,0.8957,14.03,37.67
100,5,static,down,0.95,trickle,10.0,30,0.0,0.0,0.0,0.0,,,0.8661,13.47,32.97
100,5,static,recovered,0.7,flood,0.0,30,0.586667,0.222421,0.0,1.0,1.464842,139.516667,0.9077,12.5,24.93
100,5,static,recovered,0.7,flood,10.0,30,0.0,0.0,0.0,0.0,,,0.9209,10.73,25.3
100,5,static,recovered,0.7,gradient,0.0,30,0.053333,0.089955,0.0,0.2,0.0,33.5,1.0,2.37,24.77
100,5,static,recovered,0.7,gradient,10.0,30,0.0,0.0,0.0,0.0,,,1.0,1.9,25.3
100,5,static,recovered,0.7,gradient_scf,0.0,30,0.586667,0.222421,0.0,1.0,1.464842,139.516667,0.9077,12.5,24.93
100,5,static,recovered,0.7,gradient_scf,10.0,30,0.0,0.0,0.0,0.0,,,0.9209,10.73,25.3
100,5,static,recovered,0.7,managed,0.0,30,0.586667,0.222421,0.0,1.0,1.464842,139.516667,0.9077,12.5,24.93
100,5,static,recovered,0.7,managed,10.0,30,0.0,0.0,0.0,0.0,,,0.9209,10.73,25.3
100,5,static,recovered,0.7,trickle,0.0,30,0.586667,0.222421,0.0,1.0,1.464842,139.516667,0.9077,12.5,24.93
100,5,static,recovered,0.7,trickle,10.0,30,0.0,0.0,0.0,0.0,,,0.9209,10.73,25.3
100,5,static,recovered,0.85,flood,0.0,30,0.573333,0.18742,0.2,1.0,1.453475,143.832222,0.8919,12.07,30.53
100,5,static,recovered,0.85,flood,10.0,30,0.0,0.0,0.0,0.0,,,0.9262,12.2,31.2
100,5,static,recovered,0.85,gradient,0.0,30,0.066667,0.095893,0.0,0.2,0.0,42.9,1.0,2.47,30.7
100,5,static,recovered,0.85,gradient,10.0,30,0.0,0.0,0.0,0.0,,,1.0,2.03,31.2
100,5,static,recovered,0.85,gradient_scf,0.0,30,0.573333,0.18742,0.2,1.0,1.453475,143.832222,0.8919,12.07,30.53
100,5,static,recovered,0.85,gradient_scf,10.0,30,0.0,0.0,0.0,0.0,,,0.9262,12.2,31.2
100,5,static,recovered,0.85,managed,0.0,30,0.573333,0.18742,0.2,1.0,1.453475,143.832222,0.8919,12.07,30.53
100,5,static,recovered,0.85,managed,10.0,30,0.0,0.0,0.0,0.0,,,0.9262,12.2,31.2
100,5,static,recovered,0.85,trickle,0.0,30,0.573333,0.18742,0.2,1.0,1.453475,143.832222,0.8919,12.07,30.53
100,5,static,recovered,0.85,trickle,10.0,30,0.0,0.0,0.0,0.0,,,0.9262,12.2,31.2
100,5,static,recovered,0.95,flood,0.0,30,0.546667,0.147936,0.2,0.8,1.414677,147.513889,0.8957,14.03,37.67
100,5,static,recovered,0.95,flood,10.0,30,0.0,0.0,0.0,0.0,,,0.8661,13.47,32.97
100,5,static,recovered,0.95,gradient,0.0,30,0.073333,0.111211,0.0,0.4,0.0,40.8,1.0,2.87,32.37
100,5,static,recovered,0.95,gradient,10.0,30,0.0,0.0,0.0,0.0,,,1.0,2.4,32.97
100,5,static,recovered,0.95,gradient_scf,0.0,30,0.546667,0.147936,0.2,0.8,1.414677,147.513889,0.8957,14.03,37.67
100,5,static,recovered,0.95,gradient_scf,10.0,30,0.0,0.0,0.0,0.0,,,0.8661,13.47,32.97
100,5,static,recovered,0.95,managed,0.0,30,0.546667,0.147936,0.2,0.8,1.414677,147.513889,0.8957,14.03,37.67
100,5,static,recovered,0.95,managed,10.0,30,0.0,0.0,0.0,0.0,,,0.8661,13.47,32.97
100,5,static,recovered,0.95,trickle,0.0,30,0.546667,0.147936,0.2,0.8,1.414677,147.513889,0.8957,14.03,37.67
100,5,static,recovered,0.95,trickle,10.0,30,0.0,0.0,0.0,0.0,,,0.8661,13.47,32.97
100,5,static,up,0.7,flood,0.0,30,0.926667,0.111211,0.6,1.0,3.721252,154.903333,0.9076,27.73,368.0
100,5,static,up,0.7,flood,10.0,30,0.906667,0.136289,0.6,1.0,13.81602,184.062778,0.9103,30.4,478.0
100,5,static,up,0.7,gradient,0.0,30,0.053333,0.089955,0.0,0.2,0.0,449.625,1.0,15.33,366.17
100,5,static,up,0.7,gradient,10.0,30,0.606667,0.275347,0.2,1.0,10.783331,210.561667,0.6029,21.4,484.67
100,5,static,up,0.7,gradient_scf,0.0,30,0.926667,0.111211,0.6,1.0,3.721252,154.903333,0.9076,27.73,368.0
100,5,static,up,0.7,gradient_scf,10.0,30,0.906667,0.136289,0.6,1.0,13.81602,184.062778,0.9103,30.4,478.0
100,5,static,up,0.7,managed,0.0,30,0.926667,0.111211,0.6,1.0,3.721252,154.903333,0.9076,27.73,368.0
100,5,static,up,0.7,managed,10.0,30,0.906667,0.136289,0.6,1.0,13.81602,184.062778,0.9103,30.4,478.0
100,5,static,up,0.7,trickle,0.0,30,0.926667,0.111211,0.6,1.0,3.721252,154.903333,0.9076,27.73,368.0
100,5,static,up,0.7,trickle,10.0,30,0.906667,0.136289,0.6,1.0,13.81602,184.062778,0.9103,30.4,478.0
100,5,static,up,0.85,flood,0.0,30,0.9,0.136458,0.6,1.0,3.344469,181.482222,0.8964,30.5,459.2
100,5,static,up,0.85,flood,10.0,30,0.92,0.124291,0.6,1.0,13.615915,210.224444,0.9119,38.43,606.9
100,5,static,up,0.85,gradient,0.0,30,0.066667,0.095893,0.0,0.2,0.0,534.7,1.0,19.83,462.57
100,5,static,up,0.85,gradient,10.0,30,0.706667,0.244855,0.2,1.0,10.932086,201.31,0.6334,27.77,605.8
100,5,static,up,0.85,gradient_scf,0.0,30,0.9,0.136458,0.6,1.0,3.344469,181.482222,0.8964,30.5,459.2
100,5,static,up,0.85,gradient_scf,10.0,30,0.92,0.124291,0.6,1.0,13.615915,210.224444,0.9119,38.43,606.9
100,5,static,up,0.85,managed,0.0,30,0.9,0.136458,0.6,1.0,3.344469,181.482222,0.8964,30.5,459.2
100,5,static,up,0.85,managed,10.0,30,0.92,0.124291,0.6,1.0,13.615915,210.224444,0.9119,38.43,606.9
100,5,static,up,0.85,trickle,0.0,30,0.9,0.136458,0.6,1.0,3.344469,181.482222,0.8964,30.5,459.2
100,5,static,up,0.85,trickle,10.0,30,0.92,0.124291,0.6,1.0,13.615915,210.224444,0.9119,38.43,606.9
100,5,static,up,0.95,flood,0.0,30,0.9,0.125945,0.6,1.0,3.559503,188.044444,0.8919,34.37,492.43
100,5,static,up,0.95,flood,10.0,30,0.906667,0.125762,0.6,1.0,13.342405,224.022778,0.8844,41.33,656.47
100,5,static,up,0.95,gradient,0.0,30,0.073333,0.111211,0.0,0.4,0.0,523.75,1.0,21.47,491.67
100,5,static,up,0.95,gradient,10.0,30,0.726667,0.243443,0.2,1.0,10.94762,210.797222,0.6323,31.37,655.23
100,5,static,up,0.95,gradient_scf,0.0,30,0.9,0.125945,0.6,1.0,3.559503,188.044444,0.8919,34.37,492.43
100,5,static,up,0.95,gradient_scf,10.0,30,0.906667,0.125762,0.6,1.0,13.342405,224.022778,0.8844,41.33,656.47
100,5,static,up,0.95,managed,0.0,30,0.9,0.125945,0.6,1.0,3.559503,188.044444,0.8919,34.37,492.43
100,5,static,up,0.95,managed,10.0,30,0.906667,0.125762,0.6,1.0,13.342405,224.022778,0.8844,41.33,656.47
100,5,static,up,0.95,trickle,0.0,30,0.9,0.125945,0.6,1.0,3.559503,188.044444,0.8919,34.37,492.43
100,5,static,up,0.95,trickle,10.0,30,0.906667,0.125762,0.6,1.0,13.342405,224.022778,0.8844,41.33,656.47
100,5,walking,down,0.7,flood,0.0,30,0.52,0.200688,0.2,1.0,1.488437,173.467222,0.9073,11.9,28.37
100,5,walking,down,0.7,flood,10.0,30,0.0,0.0,0.0,0.0,,,0.92,10.5,23.73
100,5,walking,down,0.7,gradient,0.0,30,0.053333,0.089955,0.0,0.2,0.0,26.5,1.0,1.83,25.1
100,5,walking,down,0.7,gradient,10.0,30,0.0,0.0,0.0,0.0,,,1.0,1.43,23.73
100,5,walking,down,0.7,gradient_scf,0.0,30,0.52,0.200688,0.2,1.0,1.488437,173.467222,0.9073,11.9,28.37
100,5,walking,down,0.7,gradient_scf,10.0,30,0.0,0.0,0.0,0.0,,,0.92,10.5,23.73
100,5,walking,down,0.7,managed,0.0,30,0.52,0.200688,0.2,1.0,1.488437,173.467222,0.9073,11.9,28.37
100,5,walking,down,0.7,managed,10.0,30,0.0,0.0,0.0,0.0,,,0.92,10.5,23.73
100,5,walking,down,0.7,trickle,0.0,30,0.52,0.200688,0.2,1.0,1.488437,173.467222,0.9073,11.9,28.37
100,5,walking,down,0.7,trickle,10.0,30,0.0,0.0,0.0,0.0,,,0.92,10.5,23.73
100,5,walking,down,0.85,flood,0.0,30,0.533333,0.168836,0.2,0.8,1.325603,161.013889,0.8887,11.97,30.1
100,5,walking,down,0.85,flood,10.0,30,0.0,0.0,0.0,0.0,,,0.8874,10.87,30.7
100,5,walking,down,0.85,gradient,0.0,30,0.06,0.093218,0.0,0.2,0.0,54.222222,1.0,2.0,32.77
100,5,walking,down,0.85,gradient,10.0,30,0.0,0.0,0.0,0.0,,,1.0,1.67,30.7
100,5,walking,down,0.85,gradient_scf,0.0,30,0.533333,0.168836,0.2,0.8,1.325603,161.013889,0.8887,11.97,30.1
100,5,walking,down,0.85,gradient_scf,10.0,30,0.0,0.0,0.0,0.0,,,0.8874,10.87,30.7
100,5,walking,down,0.85,managed,0.0,30,0.533333,0.168836,0.2,0.8,1.325603,161.013889,0.8887,11.97,30.1
100,5,walking,down,0.85,managed,10.0,30,0.0,0.0,0.0,0.0,,,0.8874,10.87,30.7
100,5,walking,down,0.85,trickle,0.0,30,0.533333,0.168836,0.2,0.8,1.325603,161.013889,0.8887,11.97,30.1
100,5,walking,down,0.85,trickle,10.0,30,0.0,0.0,0.0,0.0,,,0.8874,10.87,30.7
100,5,walking,down,0.95,flood,0.0,30,0.526667,0.185571,0.2,1.0,1.4102,172.338333,0.9028,12.83,32.53
100,5,walking,down,0.95,flood,10.0,30,0.0,0.0,0.0,0.0,,,0.9114,11.2,37.77
100,5,walking,down,0.95,gradient,0.0,30,0.066667,0.095893,0.0,0.2,0.0,57.5,1.0,2.07,39.8
100,5,walking,down,0.95,gradient,10.0,30,0.0,0.0,0.0,0.0,,,0.9689,1.73,37.77
100,5,walking,down,0.95,gradient_scf,0.0,30,0.526667,0.185571,0.2,1.0,1.4102,172.338333,0.9028,12.83,32.53
100,5,walking,down,0.95,gradient_scf,10.0,30,0.0,0.0,0.0,0.0,,,0.9114,11.2,37.77
100,5,walking,down,0.95,managed,0.0,30,0.526667,0.185571,0.2,1.0,1.4102,172.338333,0.9028,12.83,32.53
100,5,walking,down,0.95,managed,10.0,30,0.0,0.0,0.0,0.0,,,0.9114,11.2,37.77
100,5,walking,down,0.95,trickle,0.0,30,0.526667,0.185571,0.2,1.0,1.4102,172.338333,0.9028,12.83,32.53
100,5,walking,down,0.95,trickle,10.0,30,0.0,0.0,0.0,0.0,,,0.9114,11.2,37.77
100,5,walking,recovered,0.7,flood,0.0,30,0.52,0.200688,0.2,1.0,1.488437,173.467222,0.9073,11.9,28.37
100,5,walking,recovered,0.7,flood,10.0,30,0.0,0.0,0.0,0.0,,,0.92,10.5,23.73
100,5,walking,recovered,0.7,gradient,0.0,30,0.053333,0.089955,0.0,0.2,0.0,26.5,1.0,1.83,25.1
100,5,walking,recovered,0.7,gradient,10.0,30,0.0,0.0,0.0,0.0,,,1.0,1.43,23.73
100,5,walking,recovered,0.7,gradient_scf,0.0,30,0.52,0.200688,0.2,1.0,1.488437,173.467222,0.9073,11.9,28.37
100,5,walking,recovered,0.7,gradient_scf,10.0,30,0.0,0.0,0.0,0.0,,,0.92,10.5,23.73
100,5,walking,recovered,0.7,managed,0.0,30,0.52,0.200688,0.2,1.0,1.488437,173.467222,0.9073,11.9,28.37
100,5,walking,recovered,0.7,managed,10.0,30,0.0,0.0,0.0,0.0,,,0.92,10.5,23.73
100,5,walking,recovered,0.7,trickle,0.0,30,0.52,0.200688,0.2,1.0,1.488437,173.467222,0.9073,11.9,28.37
100,5,walking,recovered,0.7,trickle,10.0,30,0.0,0.0,0.0,0.0,,,0.92,10.5,23.73
100,5,walking,recovered,0.85,flood,0.0,30,0.533333,0.168836,0.2,0.8,1.325603,161.013889,0.8887,11.97,30.1
100,5,walking,recovered,0.85,flood,10.0,30,0.0,0.0,0.0,0.0,,,0.8874,10.87,30.7
100,5,walking,recovered,0.85,gradient,0.0,30,0.06,0.093218,0.0,0.2,0.0,54.222222,1.0,2.0,32.77
100,5,walking,recovered,0.85,gradient,10.0,30,0.0,0.0,0.0,0.0,,,1.0,1.67,30.7
100,5,walking,recovered,0.85,gradient_scf,0.0,30,0.533333,0.168836,0.2,0.8,1.325603,161.013889,0.8887,11.97,30.1
100,5,walking,recovered,0.85,gradient_scf,10.0,30,0.0,0.0,0.0,0.0,,,0.8874,10.87,30.7
100,5,walking,recovered,0.85,managed,0.0,30,0.533333,0.168836,0.2,0.8,1.325603,161.013889,0.8887,11.97,30.1
100,5,walking,recovered,0.85,managed,10.0,30,0.0,0.0,0.0,0.0,,,0.8874,10.87,30.7
100,5,walking,recovered,0.85,trickle,0.0,30,0.533333,0.168836,0.2,0.8,1.325603,161.013889,0.8887,11.97,30.1
100,5,walking,recovered,0.85,trickle,10.0,30,0.0,0.0,0.0,0.0,,,0.8874,10.87,30.7
100,5,walking,recovered,0.95,flood,0.0,30,0.526667,0.185571,0.2,1.0,1.4102,172.338333,0.9028,12.83,32.53
100,5,walking,recovered,0.95,flood,10.0,30,0.0,0.0,0.0,0.0,,,0.9114,11.2,37.77
100,5,walking,recovered,0.95,gradient,0.0,30,0.066667,0.095893,0.0,0.2,0.0,57.5,1.0,2.07,39.8
100,5,walking,recovered,0.95,gradient,10.0,30,0.0,0.0,0.0,0.0,,,0.9689,1.73,37.77
100,5,walking,recovered,0.95,gradient_scf,0.0,30,0.526667,0.185571,0.2,1.0,1.4102,172.338333,0.9028,12.83,32.53
100,5,walking,recovered,0.95,gradient_scf,10.0,30,0.0,0.0,0.0,0.0,,,0.9114,11.2,37.77
100,5,walking,recovered,0.95,managed,0.0,30,0.526667,0.185571,0.2,1.0,1.4102,172.338333,0.9028,12.83,32.53
100,5,walking,recovered,0.95,managed,10.0,30,0.0,0.0,0.0,0.0,,,0.9114,11.2,37.77
100,5,walking,recovered,0.95,trickle,0.0,30,0.526667,0.185571,0.2,1.0,1.4102,172.338333,0.9028,12.83,32.53
100,5,walking,recovered,0.95,trickle,10.0,30,0.0,0.0,0.0,0.0,,,0.9114,11.2,37.77
100,5,walking,up,0.7,flood,0.0,30,0.9,0.11447,0.6,1.0,3.698475,152.214444,0.9072,19.53,328.53
100,5,walking,up,0.7,flood,10.0,30,0.9,0.125945,0.6,1.0,13.387414,175.765,0.9046,20.37,427.47
100,5,walking,up,0.7,gradient,0.0,30,0.053333,0.089955,0.0,0.2,0.0,404.625,1.0,8.17,321.8
100,5,walking,up,0.7,gradient,10.0,30,0.586667,0.262262,0.2,1.0,10.87513,185.376667,0.5712,11.97,425.6
100,5,walking,up,0.7,gradient_scf,0.0,30,0.9,0.11447,0.6,1.0,3.698475,152.214444,0.9072,19.53,328.53
100,5,walking,up,0.7,gradient_scf,10.0,30,0.9,0.125945,0.6,1.0,13.387414,175.765,0.9046,20.37,427.47
100,5,walking,up,0.7,managed,0.0,30,0.9,0.11447,0.6,1.0,3.698475,152.214444,0.9072,19.53,328.53
100,5,walking,up,0.7,managed,10.0,30,0.9,0.125945,0.6,1.0,13.387414,175.765,0.9046,20.37,427.47
100,5,walking,up,0.7,trickle,0.0,30,0.9,0.11447,0.6,1.0,3.698475,152.214444,0.9072,19.53,328.53
100,5,walking,up,0.7,trickle,10.0,30,0.9,0.125945,0.6,1.0,13.387414,175.765,0.9046,20.37,427.47
100,5,walking,up,0.85,flood,0.0,30,0.88,0.124291,0.6,1.0,3.270631,175.181111,0.8867,23.1,413.5
100,5,walking,up,0.85,flood,10.0,30,0.913333,0.100801,0.8,1.0,13.883572,200.598333,0.9039,26.13,554.57
100,5,walking,up,0.85,gradient,0.0,30,0.06,0.093218,0.0,0.2,0.0,485.777778,1.0,11.33,421.63
100,5,walking,up,0.85,gradient,10.0,30,0.68,0.260503,0.2,1.0,11.031025,196.536667,0.6302,16.27,555.5
100,5,walking,up,0.85,gradient_scf,0.0,30,0.88,0.124291,0.6,1.0,3.270631,175.181111,0.8867,23.1,413.5
100,5,walking,up,0.85,gradient_scf,10.0,30,0.913333,0.100801,0.8,1.0,13.883572,200.598333,0.9039,26.13,554.57
100,5,walking,up,0.85,managed,0.0,30,0.88,0.124291,0.6,1.0,3.270631,175.181111,0.8867,23.1,413.5
100,5,walking,up,0.85,managed,10.0,30,0.913333,0.100801,0.8,1.0,13.883572,200.598333,0.9039,26.13,554.57
100,5,walking,up,0.85,trickle,0.0,30,0.88,0.124291,0.6,1.0,3.270631,175.181111,0.8867,23.1,413.5
100,5,walking,up,0.85,trickle,10.0,30,0.913333,0.100801,0.8,1.0,13.883572,200.598333,0.9039,26.13,554.57
100,5,walking,up,0.95,flood,0.0,30,0.906667,0.125762,0.6,1.0,3.545827,181.318889,0.8986,24.53,463.5
100,5,walking,up,0.95,flood,10.0,30,0.92,0.112648,0.6,1.0,13.436944,214.091667,0.9063,27.5,620.97
100,5,walking,up,0.95,gradient,0.0,30,0.066667,0.095893,0.0,0.2,0.0,535.0,1.0,12.27,468.2
100,5,walking,up,0.95,gradient,10.0,30,0.713333,0.244573,0.2,1.0,11.05654,203.277222,0.6356,18.1,614.67
100,5,walking,up,0.95,gradient_scf,0.0,30,0.906667,0.125762,0.6,1.0,3.545827,181.318889,0.8986,24.53,463.5
100,5,walking,up,0.95,gradient_scf,10.0,30,0.92,0.112648,0.6,1.0,13.436944,214.091667,0.9063,27.5,620.97
100,5,walking,up,0.95,managed,0.0,30,0.906667,0.125762,0.6,1.0,3.545827,181.318889,0.8986,24.53,463.5
100,5,walking,up,0.95,managed,10.0,30,0.92,0.112648,0.6,1.0,13.436944,214.091667,0.9063,27.5,620.97
100,5,walking,up,0.95,trickle,0.0,30,0.906667,0.125762,0.6,1.0,3.545827,181.318889,0.8986,24.53,463.5
100,5,walking,up,0.95,trickle,10.0,30,0.92,0.112648,0.6,1.0,13.436944,214.091667,0.9063,27.5,620.97
100,50,courier,down,0.7,flood,0.0,30,0.084,0.032968,0.02,0.14,1.295177,202.018413,0.1716,115.37,98.2
100,50,courier,down,0.7,flood,10.0,30,0.0,0.0,0.0,0.0,,,0.1307,109.93,154.7
100,50,courier,down,0.7,gradient,0.0,30,0.041333,0.024598,0.0,0.1,0.0,68.673077,1.0,104.6,87.97
100,50,courier,down,0.7,gradient,10.0,30,0.0,0.0,0.0,0.0,,,0.6747,100.87,113.47
100,50,courier,down,0.7,gradient_scf,0.0,30,0.084,0.032968,0.02,0.14,1.295177,202.018413,0.1716,115.37,98.2
100,50,courier,down,0.7,gradient_scf,10.0,30,0.0,0.0,0.0,0.0,,,0.1307,109.93,154.7
100,50,courier,down,0.7,managed,0.0,30,0.084,0.032968,0.02,0.14,1.295177,202.018413,0.1716,115.37,98.2
100,50,courier,down,0.7,managed,10.0,30,0.0,0.0,0.0,0.0,,,0.1307,109.93,154.7
100,50,courier,down,0.7,trickle,0.0,30,0.084,0.032968,0.02,0.14,1.295177,202.018413,0.1716,115.37,98.2
100,50,courier,down,0.7,trickle,10.0,30,0.0,0.0,0.0,0.0,,,0.1307,109.93,154.7
100,50,courier,down,0.85,flood,0.0,30,0.094667,0.035597,0.0,0.14,1.391154,189.900328,0.166,118.27,185.83
100,50,courier,down,0.85,flood,10.0,30,0.0,0.0,0.0,0.0,,,0.118,111.33,343.97
100,50,courier,down,0.85,gradient,0.0,30,0.054667,0.032349,0.0,0.12,0.0,166.526543,1.0,105.57,240.27
100,50,courier,down,0.85,gradient,10.0,30,0.0,0.0,0.0,0.0,,,0.6201,102.83,312.53
100,50,courier,down,0.85,gradient_scf,0.0,30,0.094667,0.035597,0.0,0.14,1.391154,189.900328,0.166,118.27,185.83
100,50,courier,down,0.85,gradient_scf,10.0,30,0.0,0.0,0.0,0.0,,,0.118,111.33,343.97
100,50,courier,down,0.85,managed,0.0,30,0.094667,0.035597,0.0,0.14,1.391154,189.900328,0.166,118.27,185.83
100,50,courier,down,0.85,managed,10.0,30,0.0,0.0,0.0,0.0,,,0.118,111.33,343.97
100,50,courier,down,0.85,trickle,0.0,30,0.094667,0.035597,0.0,0.14,1.391154,189.900328,0.166,118.27,185.83
100,50,courier,down,0.85,trickle,10.0,30,0.0,0.0,0.0,0.0,,,0.118,111.33,343.97
100,50,courier,down,0.95,flood,0.0,30,0.103333,0.036797,0.04,0.18,1.331163,161.72955,0.1509,118.57,242.13
100,50,courier,down,0.95,flood,10.0,30,0.0,0.0,0.0,0.0,,,0.1054,111.2,314.37
100,50,courier,down,0.95,gradient,0.0,30,0.061333,0.033604,0.0,0.14,0.0,73.303146,1.0,106.43,206.83
100,50,courier,down,0.95,gradient,10.0,30,0.0,0.0,0.0,0.0,,,0.6116,103.53,390.4
100,50,courier,down,0.95,gradient_scf,0.0,30,0.103333,0.036797,0.04,0.18,1.331163,161.72955,0.1509,118.57,242.13
100,50,courier,down,0.95,gradient_scf,10.0,30,0.0,0.0,0.0,0.0,,,0.1054,111.2,314.37
100,50,courier,down,0.95,managed,0.0,30,0.103333,0.036797,0.04,0.18,1.331163,161.72955,0.1509,118.57,242.13
100,50,courier,down,0.95,managed,10.0,30,0.0,0.0,0.0,0.0,,,0.1054,111.2,314.37
100,50,courier,down,0.95,trickle,0.0,30,0.103333,0.036797,0.04,0.18,1.331163,161.72955,0.1509,118.57,242.13
100,50,courier,down,0.95,trickle,10.0,30,0.0,0.0,0.0,0.0,,,0.1054,111.2,314.37
100,50,courier,recovered,0.7,flood,0.0,30,0.084,0.032968,0.02,0.14,1.295177,202.018413,0.1716,115.37,98.2
100,50,courier,recovered,0.7,flood,10.0,30,0.0,0.0,0.0,0.0,,,0.1307,109.93,154.7
100,50,courier,recovered,0.7,gradient,0.0,30,0.041333,0.024598,0.0,0.1,0.0,68.673077,1.0,104.6,87.97
100,50,courier,recovered,0.7,gradient,10.0,30,0.0,0.0,0.0,0.0,,,0.6747,100.87,113.47
100,50,courier,recovered,0.7,gradient_scf,0.0,30,0.084,0.032968,0.02,0.14,1.295177,202.018413,0.1716,115.37,98.2
100,50,courier,recovered,0.7,gradient_scf,10.0,30,0.0,0.0,0.0,0.0,,,0.1307,109.93,154.7
100,50,courier,recovered,0.7,managed,0.0,30,0.084,0.032968,0.02,0.14,1.295177,202.018413,0.1716,115.37,98.2
100,50,courier,recovered,0.7,managed,10.0,30,0.0,0.0,0.0,0.0,,,0.1307,109.93,154.7
100,50,courier,recovered,0.7,trickle,0.0,30,0.084,0.032968,0.02,0.14,1.295177,202.018413,0.1716,115.37,98.2
100,50,courier,recovered,0.7,trickle,10.0,30,0.0,0.0,0.0,0.0,,,0.1307,109.93,154.7
100,50,courier,recovered,0.85,flood,0.0,30,0.094667,0.035597,0.0,0.14,1.391154,189.900328,0.166,118.27,185.83
100,50,courier,recovered,0.85,flood,10.0,30,0.0,0.0,0.0,0.0,,,0.118,111.33,343.97
100,50,courier,recovered,0.85,gradient,0.0,30,0.054667,0.032349,0.0,0.12,0.0,166.526543,1.0,105.57,240.27
100,50,courier,recovered,0.85,gradient,10.0,30,0.0,0.0,0.0,0.0,,,0.6201,102.83,312.53
100,50,courier,recovered,0.85,gradient_scf,0.0,30,0.094667,0.035597,0.0,0.14,1.391154,189.900328,0.166,118.27,185.83
100,50,courier,recovered,0.85,gradient_scf,10.0,30,0.0,0.0,0.0,0.0,,,0.118,111.33,343.97
100,50,courier,recovered,0.85,managed,0.0,30,0.094667,0.035597,0.0,0.14,1.391154,189.900328,0.166,118.27,185.83
100,50,courier,recovered,0.85,managed,10.0,30,0.0,0.0,0.0,0.0,,,0.118,111.33,343.97
100,50,courier,recovered,0.85,trickle,0.0,30,0.094667,0.035597,0.0,0.14,1.391154,189.900328,0.166,118.27,185.83
100,50,courier,recovered,0.85,trickle,10.0,30,0.0,0.0,0.0,0.0,,,0.118,111.33,343.97
100,50,courier,recovered,0.95,flood,0.0,30,0.103333,0.036797,0.04,0.18,1.331163,161.72955,0.1509,118.57,242.13
100,50,courier,recovered,0.95,flood,10.0,30,0.0,0.0,0.0,0.0,,,0.1054,111.2,314.37
100,50,courier,recovered,0.95,gradient,0.0,30,0.061333,0.033604,0.0,0.14,0.0,73.303146,1.0,106.43,206.83
100,50,courier,recovered,0.95,gradient,10.0,30,0.0,0.0,0.0,0.0,,,0.6116,103.53,390.4
100,50,courier,recovered,0.95,gradient_scf,0.0,30,0.103333,0.036797,0.04,0.18,1.331163,161.72955,0.1509,118.57,242.13
100,50,courier,recovered,0.95,gradient_scf,10.0,30,0.0,0.0,0.0,0.0,,,0.1054,111.2,314.37
100,50,courier,recovered,0.95,managed,0.0,30,0.103333,0.036797,0.04,0.18,1.331163,161.72955,0.1509,118.57,242.13
100,50,courier,recovered,0.95,managed,10.0,30,0.0,0.0,0.0,0.0,,,0.1054,111.2,314.37
100,50,courier,recovered,0.95,trickle,0.0,30,0.103333,0.036797,0.04,0.18,1.331163,161.72955,0.1509,118.57,242.13
100,50,courier,recovered,0.95,trickle,10.0,30,0.0,0.0,0.0,0.0,,,0.1054,111.2,314.37
100,50,courier,up,0.7,flood,0.0,30,0.190667,0.037777,0.12,0.26,6.963873,133.41692,0.1713,123.53,677.57
100,50,courier,up,0.7,flood,10.0,30,0.168667,0.037021,0.1,0.24,15.785516,160.670212,0.1322,122.57,781.6
100,50,courier,up,0.7,gradient,0.0,30,0.041333,0.024598,0.0,0.1,0.0,310.515385,1.0,109.6,663.6
100,50,courier,up,0.7,gradient,10.0,30,0.138667,0.046958,0.06,0.26,11.559404,144.694295,0.1457,113.67,801.3
100,50,courier,up,0.7,gradient_scf,0.0,30,0.190667,0.037777,0.12,0.26,6.963873,133.41692,0.1713,123.53,677.57
100,50,courier,up,0.7,gradient_scf,10.0,30,0.168667,0.037021,0.1,0.24,15.785516,160.670212,0.1322,122.57,781.6
100,50,courier,up,0.7,managed,0.0,30,0.190667,0.037777,0.12,0.26,6.963873,133.41692,0.1713,123.53,677.57
100,50,courier,up,0.7,managed,10.0,30,0.168667,0.037021,0.1,0.24,15.785516,160.670212,0.1322,122.57,781.6
100,50,courier,up,0.7,trickle,0.0,30,0.190667,0.037777,0.12,0.26,6.963873,133.41692,0.1713,123.53,677.57
100,50,courier,up,0.7,trickle,10.0,30,0.168667,0.037021,0.1,0.24,15.785516,160.670212,0.1322,122.57,781.6
100,50,courier,up,0.85,flood,0.0,30,0.201333,0.042323,0.1,0.28,7.304944,155.5097,0.1673,127.87,919.97
100,50,courier,up,0.85,flood,10.0,30,0.159333,0.044716,0.06,0.28,15.742165,211.006524,0.1156,126.87,1084.03
100,50,courier,up,0.85,gradient,0.0,30,0.054667,0.032349,0.0,0.12,0.0,421.096914,1.0,113.13,932.1
100,50,courier,up,0.85,gradient,10.0,30,0.153333,0.053391,0.06,0.28,11.799691,172.092616,0.1272,117.73,1080.0
100,50,courier,up,0.85,gradient_scf,0.0,30,0.201333,0.042323,0.1,0.28,7.304944,155.5097,0.1673,127.87,919.97
100,50,courier,up,0.85,gradient_scf,10.0,30,0.159333,0.044716,0.06,0.28,15.742165,211.006524,0.1156,126.87,1084.03
100,50,courier,up,0.85,managed,0.0,30,0.201333,0.042323,0.1,0.28,7.304944,155.5097,0.1673,127.87,919.97
100,50,courier,up,0.85,managed,10.0,30,0.159333,0.044716,0.06,0.28,15.742165,211.006524,0.1156,126.87,1084.03
100,50,courier,up,0.85,trickle,0.0,30,0.201333,0.042323,0.1,0.28,7.304944,155.5097,0.1673,127.87,919.97
100,50,courier,up,0.85,trickle,10.0,30,0.159333,0.044716,0.06,0.28,15.742165,211.006524,0.1156,126.87,1084.03
100,50,courier,up,0.95,flood,0.0,30,0.199333,0.042825,0.12,0.26,6.569973,168.351939,0.1524,128.93,1071.67
100,50,courier,up,0.95,flood,10.0,30,0.159333,0.042502,0.08,0.26,14.786034,227.011465,0.1067,130.27,1274.93
100,50,courier,up,0.95,gradient,0.0,30,0.061333,0.033604,0.0,0.14,0.0,444.065901,1.0,115.53,1088.87
100,50,courier,up,0.95,gradient,10.0,30,0.166,0.048466,0.08,0.28,11.792746,184.171102,0.1138,120.5,1279.3
100,50,courier,up,0.95,gradient_scf,0.0,30,0.199333,0.042825,0.12,0.26,6.569973,168.351939,0.1524,128.93,1071.67
100,50,courier,up,0.95,gradient_scf,10.0,30,0.159333,0.042502,0.08,0.26,14.786034,227.011465,0.1067,130.27,1274.93
100,50,courier,up,0.95,managed,0.0,30,0.199333,0.042825,0.12,0.26,6.569973,168.351939,0.1524,128.93,1071.67
100,50,courier,up,0.95,managed,10.0,30,0.159333,0.042502,0.08,0.26,14.786034,227.011465,0.1067,130.27,1274.93
100,50,courier,up,0.95,trickle,0.0,30,0.199333,0.042825,0.12,0.26,6.569973,168.351939,0.1524,128.93,1071.67
100,50,courier,up,0.95,trickle,10.0,30,0.159333,0.042502,0.08,0.26,14.786034,227.011465,0.1067,130.27,1274.93
100,50,static,down,0.7,flood,0.0,30,0.110667,0.038501,0.04,0.18,1.426973,106.023214,0.1435,115.0,17.43
100,50,static,down,0.7,flood,10.0,30,0.0,0.0,0.0,0.0,,,0.1032,110.87,25.3
100,50,static,down,0.7,gradient,0.0,30,0.06,0.035233,0.0,0.14,0.0,27.056261,1.0,104.6,17.2
100,50,static,down,0.7,gradient,10.0,30,0.0,0.0,0.0,0.0,,,1.0,100.03,25.3
100,50,static,down,0.7,gradient_scf,0.0,30,0.110667,0.038501,0.04,0.18,1.426973,106.023214,0.1435,115.0,17.43
100,50,static,down,0.7,gradient_scf,10.0,30,0.0,0.0,0.0,0.0,,,0.1032,110.87,25.3
100,50,static,down,0.7,managed,0.0,30,0.110667,0.038501,0.04,0.18,1.426973,106.023214,0.1435,115.0,17.43
100,50,static,down,0.7,managed,10.0,30,0.0,0.0,0.0,0.0,,,0.1032,110.87,25.3
100,50,static,down,0.7,trickle,0.0,30,0.110667,0.038501,0.04,0.18,1.426973,106.023214,0.1435,115.0,17.43
100,50,static,down,0.7,trickle,10.0,30,0.0,0.0,0.0,0.0,,,0.1032,110.87,25.3
100,50,static,down,0.85,flood,0.0,30,0.138,0.045288,0.04,0.26,1.606041,80.582047,0.1298,117.07,26.87
100,50,static,down,0.85,flood,10.0,30,0.0,0.0,0.0,0.0,,,0.0918,111.13,31.2
100,50,static,down,0.85,gradient,0.0,30,0.076667,0.041049,0.0,0.18,0.0,24.576417,1.0,105.1,27.17
100,50,static,down,0.85,gradient,10.0,30,0.0,0.0,0.0,0.0,,,1.0,100.17,31.2
100,50,static,down,0.85,gradient_scf,0.0,30,0.138,0.045288,0.04,0.26,1.606041,80.582047,0.1298,117.07,26.87
100,50,static,down,0.85,gradient_scf,10.0,30,0.0,0.0,0.0,0.0,,,0.0918,111.13,31.2
100,50,static,down,0.85,managed,0.0,30,0.138,0.045288,0.04,0.26,1.606041,80.582047,0.1298,117.07,26.87
100,50,static,down,0.85,managed,10.0,30,0.0,0.0,0.0,0.0,,,0.0918,111.13,31.2
100,50,static,down,0.85,trickle,0.0,30,0.138,0.045288,0.04,0.26,1.606041,80.582047,0.1298,117.07,26.87
100,50,static,down,0.85,trickle,10.0,30,0.0,0.0,0.0,0.0,,,0.0918,111.13,31.2
100,50,static,down,0.95,flood,0.0,30,0.152,0.047153,0.08,0.26,1.62014,67.06728,0.1291,115.77,29.0
100,50,static,down,0.95,flood,10.0,30,0.0,0.0,0.0,0.0,,,0.0853,111.13,32.97
100,50,static,down,0.95,gradient,0.0,30,0.091333,0.040235,0.02,0.2,0.0,23.214603,1.0,105.2,29.2
100,50,static,down,0.95,gradient,10.0,30,0.0,0.0,0.0,0.0,,,1.0,100.53,32.97
100,50,static,down,0.95,gradient_scf,0.0,30,0.152,0.047153,0.08,0.26,1.62014,67.06728,0.1291,115.77,29.0
100,50,static,down,0.95,gradient_scf,10.0,30,0.0,0.0,0.0,0.0,,,0.0853,111.13,32.97
100,50,static,down,0.95,managed,0.0,30,0.152,0.047153,0.08,0.26,1.62014,67.06728,0.1291,115.77,29.0
100,50,static,down,0.95,managed,10.0,30,0.0,0.0,0.0,0.0,,,0.0853,111.13,32.97
100,50,static,down,0.95,trickle,0.0,30,0.152,0.047153,0.08,0.26,1.62014,67.06728,0.1291,115.77,29.0
100,50,static,down,0.95,trickle,10.0,30,0.0,0.0,0.0,0.0,,,0.0853,111.13,32.97
100,50,static,recovered,0.7,flood,0.0,30,0.110667,0.038501,0.04,0.18,1.426973,106.023214,0.1435,115.0,17.43
100,50,static,recovered,0.7,flood,10.0,30,0.0,0.0,0.0,0.0,,,0.1032,110.87,25.3
100,50,static,recovered,0.7,gradient,0.0,30,0.06,0.035233,0.0,0.14,0.0,27.056261,1.0,104.6,17.2
100,50,static,recovered,0.7,gradient,10.0,30,0.0,0.0,0.0,0.0,,,1.0,100.03,25.3
100,50,static,recovered,0.7,gradient_scf,0.0,30,0.110667,0.038501,0.04,0.18,1.426973,106.023214,0.1435,115.0,17.43
100,50,static,recovered,0.7,gradient_scf,10.0,30,0.0,0.0,0.0,0.0,,,0.1032,110.87,25.3
100,50,static,recovered,0.7,managed,0.0,30,0.110667,0.038501,0.04,0.18,1.426973,106.023214,0.1435,115.0,17.43
100,50,static,recovered,0.7,managed,10.0,30,0.0,0.0,0.0,0.0,,,0.1032,110.87,25.3
100,50,static,recovered,0.7,trickle,0.0,30,0.110667,0.038501,0.04,0.18,1.426973,106.023214,0.1435,115.0,17.43
100,50,static,recovered,0.7,trickle,10.0,30,0.0,0.0,0.0,0.0,,,0.1032,110.87,25.3
100,50,static,recovered,0.85,flood,0.0,30,0.138,0.045288,0.04,0.26,1.606041,80.582047,0.1298,117.07,26.87
100,50,static,recovered,0.85,flood,10.0,30,0.0,0.0,0.0,0.0,,,0.0918,111.13,31.2
100,50,static,recovered,0.85,gradient,0.0,30,0.076667,0.041049,0.0,0.18,0.0,24.576417,1.0,105.1,27.17
100,50,static,recovered,0.85,gradient,10.0,30,0.0,0.0,0.0,0.0,,,1.0,100.17,31.2
100,50,static,recovered,0.85,gradient_scf,0.0,30,0.138,0.045288,0.04,0.26,1.606041,80.582047,0.1298,117.07,26.87
100,50,static,recovered,0.85,gradient_scf,10.0,30,0.0,0.0,0.0,0.0,,,0.0918,111.13,31.2
100,50,static,recovered,0.85,managed,0.0,30,0.138,0.045288,0.04,0.26,1.606041,80.582047,0.1298,117.07,26.87
100,50,static,recovered,0.85,managed,10.0,30,0.0,0.0,0.0,0.0,,,0.0918,111.13,31.2
100,50,static,recovered,0.85,trickle,0.0,30,0.138,0.045288,0.04,0.26,1.606041,80.582047,0.1298,117.07,26.87
100,50,static,recovered,0.85,trickle,10.0,30,0.0,0.0,0.0,0.0,,,0.0918,111.13,31.2
100,50,static,recovered,0.95,flood,0.0,30,0.152,0.047153,0.08,0.26,1.62014,67.06728,0.1291,115.77,29.0
100,50,static,recovered,0.95,flood,10.0,30,0.0,0.0,0.0,0.0,,,0.0853,111.13,32.97
100,50,static,recovered,0.95,gradient,0.0,30,0.091333,0.040235,0.02,0.2,0.0,23.214603,1.0,105.2,29.2
100,50,static,recovered,0.95,gradient,10.0,30,0.0,0.0,0.0,0.0,,,1.0,100.53,32.97
100,50,static,recovered,0.95,gradient_scf,0.0,30,0.152,0.047153,0.08,0.26,1.62014,67.06728,0.1291,115.77,29.0
100,50,static,recovered,0.95,gradient_scf,10.0,30,0.0,0.0,0.0,0.0,,,0.0853,111.13,32.97
100,50,static,recovered,0.95,managed,0.0,30,0.152,0.047153,0.08,0.26,1.62014,67.06728,0.1291,115.77,29.0
100,50,static,recovered,0.95,managed,10.0,30,0.0,0.0,0.0,0.0,,,0.0853,111.13,32.97
100,50,static,recovered,0.95,trickle,0.0,30,0.152,0.047153,0.08,0.26,1.62014,67.06728,0.1291,115.77,29.0
100,50,static,recovered,0.95,trickle,10.0,30,0.0,0.0,0.0,0.0,,,0.0853,111.13,32.97
100,50,static,up,0.7,flood,0.0,30,0.188,0.035467,0.12,0.24,5.411345,134.511219,0.1425,143.8,727.73
100,50,static,up,0.7,flood,10.0,30,0.154667,0.040661,0.08,0.24,13.840709,172.398286,0.1032,147.9,849.03
100,50,static,up,0.7,gradient,0.0,30,0.06,0.035233,0.0,0.14,0.0,304.661552,1.0,130.8,727.27
100,50,static,up,0.7,gradient,10.0,30,0.163333,0.051751,0.08,0.28,11.354742,133.983971,0.1142,139.17,847.0
100,50,static,up,0.7,gradient_scf,0.0,30,0.188,0.035467,0.12,0.24,5.411345,134.511219,0.1425,143.8,727.73
100,50,static,up,0.7,gradient_scf,10.0,30,0.154667,0.040661,0.08,0.24,13.840709,172.398286,0.1032,147.9,849.03
100,50,static,up,0.7,managed,0.0,30,0.188,0.035467,0.12,0.24,5.411345,134.511219,0.1425,143.8,727.73
100,50,static,up,0.7,managed,10.0,30,0.154667,0.040661,0.08,0.24,13.840709,172.398286,0.1032,147.9,849.03
100,50,static,up,0.7,trickle,0.0,30,0.188,0.035467,0.12,0.24,5.411345,134.511219,0.1425,143.8,727.73
100,50,static,up,0.7,trickle,10.0,30,0.154667,0.040661,0.08,0.24,13.840709,172.398286,0.1032,147.9,849.03
100,50,static,up,0.85,flood,0.0,30,0.197333,0.043226,0.12,0.28,4.693615,143.068376,0.132,152.9,908.47
100,50,static,up,0.85,flood,10.0,30,0.161333,0.042323,0.08,0.28,13.549408,190.732684,0.0918,157.9,1066.03
100,50,static,up,0.85,gradient,0.0,30,0.076667,0.041049,0.0,0.18,0.0,298.742375,1.0,140.07,921.1
100,50,static,up,0.85,gradient,10.0,30,0.178667,0.051175,0.08,0.32,11.30495,146.085033,0.0999,148.73,1064.73
100,50,static,up,0.85,gradient_scf,0.0,30,0.197333,0.043226,0.12,0.28,4.693615,143.068376,0.132,152.9,908.47
100,50,static,up,0.85,gradient_scf,10.0,30,0.161333,0.042323,0.08,0.28,13.549408,190.732684,0.0918,157.9,1066.03
100,50,static,up,0.85,managed,0.0,30,0.197333,0.043226,0.12,0.28,4.693615,143.068376,0.132,152.9,908.47
100,50,static,up,0.85,managed,10.0,30,0.161333,0.042323,0.08,0.28,13.549408,190.732684,0.0918,157.9,1066.03
100,50,static,up,0.85,trickle,0.0,30,0.197333,0.043226,0.12,0.28,4.693615,143.068376,0.132,152.9,908.47
100,50,static,up,0.85,trickle,10.0,30,0.161333,0.042323,0.08,0.28,13.549408,190.732684,0.0918,157.9,1066.03
100,50,static,up,0.95,flood,0.0,30,0.212667,0.045329,0.12,0.32,4.551295,138.043246,0.1298,158.17,982.77
100,50,static,up,0.95,flood,10.0,30,0.167333,0.039123,0.1,0.24,13.226437,189.097488,0.0858,163.33,1148.53
100,50,static,up,0.95,gradient,0.0,30,0.091333,0.040235,0.02,0.2,0.0,291.507222,1.0,144.83,985.77
100,50,static,up,0.95,gradient,10.0,30,0.187333,0.049684,0.08,0.32,11.267869,146.637355,0.0933,154.77,1145.8
100,50,static,up,0.95,gradient_scf,0.0,30,0.212667,0.045329,0.12,0.32,4.551295,138.043246,0.1298,158.17,982.77
100,50,static,up,0.95,gradient_scf,10.0,30,0.167333,0.039123,0.1,0.24,13.226437,189.097488,0.0858,163.33,1148.53
100,50,static,up,0.95,managed,0.0,30,0.212667,0.045329,0.12,0.32,4.551295,138.043246,0.1298,158.17,982.77
100,50,static,up,0.95,managed,10.0,30,0.167333,0.039123,0.1,0.24,13.226437,189.097488,0.0858,163.33,1148.53
100,50,static,up,0.95,trickle,0.0,30,0.212667,0.045329,0.12,0.32,4.551295,138.043246,0.1298,158.17,982.77
100,50,static,up,0.95,trickle,10.0,30,0.167333,0.039123,0.1,0.24,13.226437,189.097488,0.0858,163.33,1148.53
100,50,walking,down,0.7,flood,0.0,30,0.093333,0.03294,0.0,0.14,1.365849,126.659934,0.1557,113.53,15.37
100,50,walking,down,0.7,flood,10.0,30,0.0,0.0,0.0,0.0,,,0.1163,108.47,23.73
100,50,walking,down,0.7,gradient,0.0,30,0.053333,0.03122,0.0,0.1,0.0,29.116667,1.0,104.17,15.4
100,50,walking,down,0.7,gradient,10.0,30,0.0,0.0,0.0,0.0,,,1.0,99.57,23.73
100,50,walking,down,0.7,gradient_scf,0.0,30,0.093333,0.03294,0.0,0.14,1.365849,126.659934,0.1557,113.53,15.37
100,50,walking,down,0.7,gradient_scf,10.0,30,0.0,0.0,0.0,0.0,,,0.1163,108.47,23.73
100,50,walking,down,0.7,managed,0.0,30,0.093333,0.03294,0.0,0.14,1.365849,126.659934,0.1557,113.53,15.37
100,50,walking,down,0.7,managed,10.0,30,0.0,0.0,0.0,0.0,,,0.1163,108.47,23.73
100,50,walking,down,0.7,trickle,0.0,30,0.093333,0.03294,0.0,0.14,1.365849,126.659934,0.1557,113.53,15.37
100,50,walking,down,0.7,trickle,10.0,30,0.0,0.0,0.0,0.0,,,0.1163,108.47,23.73
100,50,walking,down,0.85,flood,0.0,30,0.114,0.037929,0.02,0.18,1.513747,112.491389,0.143,113.97,21.67
100,50,walking,down,0.85,flood,10.0,30,0.0,0.0,0.0,0.0,,,0.0966,108.7,30.7
100,50,walking,down,0.85,gradient,0.0,30,0.066,0.036822,0.0,0.16,0.0,27.652381,1.0,104.27,23.17
100,50,walking,down,0.85,gradient,10.0,30,0.0,0.0,0.0,0.0,,,1.0,99.8,30.7
100,50,walking,down,0.85,gradient_scf,0.0,30,0.114,0.037929,0.02,0.18,1.513747,112.491389,0.143,113.97,21.67
100,50,walking,down,0.85,gradient_scf,10.0,30,0.0,0.0,0.0,0.0,,,0.0966,108.7,30.7
100,50,walking,down,0.85,managed,0.0,30,0.114,0.037929,0.02,0.18,1.513747,112.491389,0.143,113.97,21.67
100,50,walking,down,0.85,managed,10.0,30,0.0,0.0,0.0,0.0,,,0.0966,108.7,30.7
100,50,walking,down,0.85,trickle,0.0,30,0.114,0.037929,0.02,0.18,1.513747,112.491389,0.143,113.97,21.67
100,50,walking,down,0.85,trickle,10.0,30,0.0,0.0,0.0,0.0,,,0.0966,108.7,30.7
100,50,walking,down,0.95,flood,0.0,30,0.131333,0.045994,0.02,0.24,1.511439,96.408558,0.1387,116.93,27.3
100,50,walking,down,0.95,flood,10.0,30,0.0,0.0,0.0,0.0,,,0.0892,108.73,37.77
100,50,walking,down,0.95,gradient,0.0,30,0.076667,0.041049,0.0,0.18,0.0,24.895465,1.0,104.57,28.63
100,50,walking,down,0.95,gradient,10.0,30,0.0,0.0,0.0,0.0,,,0.9425,99.93,37.77
100,50,walking,down,0.95,gradient_scf,0.0,30,0.131333,0.045994,0.02,0.24,1.511439,96.408558,0.1387,116.93,27.3
100,50,walking,down,0.95,gradient_scf,10.0,30,0.0,0.0,0.0,0.0,,,0.0892,108.73,37.77
100,50,walking,down,0.95,managed,0.0,30,0.131333,0.045994,0.02,0.24,1.511439,96.408558,0.1387,116.93,27.3
100,50,walking,down,0.95,managed,10.0,30,0.0,0.0,0.0,0.0,,,0.0892,108.73,37.77
100,50,walking,down,0.95,trickle,0.0,30,0.131333,0.045994,0.02,0.24,1.511439,96.408558,0.1387,116.93,27.3
100,50,walking,down,0.95,trickle,10.0,30,0.0,0.0,0.0,0.0,,,0.0892,108.73,37.77
100,50,walking,recovered,0.7,flood,0.0,30,0.093333,0.03294,0.0,0.14,1.365849,126.659934,0.1557,113.53,15.37
100,50,walking,recovered,0.7,flood,10.0,30,0.0,0.0,0.0,0.0,,,0.1163,108.47,23.73
100,50,walking,recovered,0.7,gradient,0.0,30,0.053333,0.03122,0.0,0.1,0.0,29.116667,1.0,104.17,15.4
100,50,walking,recovered,0.7,gradient,10.0,30,0.0,0.0,0.0,0.0,,,1.0,99.57,23.73
100,50,walking,recovered,0.7,gradient_scf,0.0,30,0.093333,0.03294,0.0,0.14,1.365849,126.659934,0.1557,113.53,15.37
100,50,walking,recovered,0.7,gradient_scf,10.0,30,0.0,0.0,0.0,0.0,,,0.1163,108.47,23.73
100,50,walking,recovered,0.7,managed,0.0,30,0.093333,0.03294,0.0,0.14,1.365849,126.659934,0.1557,113.53,15.37
100,50,walking,recovered,0.7,managed,10.0,30,0.0,0.0,0.0,0.0,,,0.1163,108.47,23.73
100,50,walking,recovered,0.7,trickle,0.0,30,0.093333,0.03294,0.0,0.14,1.365849,126.659934,0.1557,113.53,15.37
100,50,walking,recovered,0.7,trickle,10.0,30,0.0,0.0,0.0,0.0,,,0.1163,108.47,23.73
100,50,walking,recovered,0.85,flood,0.0,30,0.114,0.037929,0.02,0.18,1.513747,112.491389,0.143,113.97,21.67
100,50,walking,recovered,0.85,flood,10.0,30,0.0,0.0,0.0,0.0,,,0.0966,108.7,30.7
100,50,walking,recovered,0.85,gradient,0.0,30,0.066,0.036822,0.0,0.16,0.0,27.652381,1.0,104.27,23.17
100,50,walking,recovered,0.85,gradient,10.0,30,0.0,0.0,0.0,0.0,,,1.0,99.8,30.7
100,50,walking,recovered,0.85,gradient_scf,0.0,30,0.114,0.037929,0.02,0.18,1.513747,112.491389,0.143,113.97,21.67
100,50,walking,recovered,0.85,gradient_scf,10.0,30,0.0,0.0,0.0,0.0,,,0.0966,108.7,30.7
100,50,walking,recovered,0.85,managed,0.0,30,0.114,0.037929,0.02,0.18,1.513747,112.491389,0.143,113.97,21.67
100,50,walking,recovered,0.85,managed,10.0,30,0.0,0.0,0.0,0.0,,,0.0966,108.7,30.7
100,50,walking,recovered,0.85,trickle,0.0,30,0.114,0.037929,0.02,0.18,1.513747,112.491389,0.143,113.97,21.67
100,50,walking,recovered,0.85,trickle,10.0,30,0.0,0.0,0.0,0.0,,,0.0966,108.7,30.7
100,50,walking,recovered,0.95,flood,0.0,30,0.131333,0.045994,0.02,0.24,1.511439,96.408558,0.1387,116.93,27.3
100,50,walking,recovered,0.95,flood,10.0,30,0.0,0.0,0.0,0.0,,,0.0892,108.73,37.77
100,50,walking,recovered,0.95,gradient,0.0,30,0.076667,0.041049,0.0,0.18,0.0,24.895465,1.0,104.57,28.63
100,50,walking,recovered,0.95,gradient,10.0,30,0.0,0.0,0.0,0.0,,,0.9425,99.93,37.77
100,50,walking,recovered,0.95,gradient_scf,0.0,30,0.131333,0.045994,0.02,0.24,1.511439,96.408558,0.1387,116.93,27.3
100,50,walking,recovered,0.95,gradient_scf,10.0,30,0.0,0.0,0.0,0.0,,,0.0892,108.73,37.77
100,50,walking,recovered,0.95,managed,0.0,30,0.131333,0.045994,0.02,0.24,1.511439,96.408558,0.1387,116.93,27.3
100,50,walking,recovered,0.95,managed,10.0,30,0.0,0.0,0.0,0.0,,,0.0892,108.73,37.77
100,50,walking,recovered,0.95,trickle,0.0,30,0.131333,0.045994,0.02,0.24,1.511439,96.408558,0.1387,116.93,27.3
100,50,walking,recovered,0.95,trickle,10.0,30,0.0,0.0,0.0,0.0,,,0.0892,108.73,37.77
100,50,walking,up,0.7,flood,0.0,30,0.187333,0.035809,0.12,0.24,6.509541,126.680345,0.1535,128.73,634.43
100,50,walking,up,0.7,flood,10.0,30,0.157333,0.035905,0.08,0.22,14.778838,159.799983,0.1127,129.3,751.8
100,50,walking,up,0.7,gradient,0.0,30,0.053333,0.03122,0.0,0.1,0.0,293.449383,1.0,115.97,637.5
100,50,walking,up,0.7,gradient,10.0,30,0.160667,0.043465,0.1,0.24,11.483993,117.083659,0.1296,121.13,746.4
100,50,walking,up,0.7,gradient_scf,0.0,30,0.187333,0.035809,0.12,0.24,6.509541,126.680345,0.1535,128.73,634.43
100,50,walking,up,0.7,gradient_scf,10.0,30,0.157333,0.035905,0.08,0.22,14.778838,159.799983,0.1127,129.3,751.8
100,50,walking,up,0.7,managed,0.0,30,0.187333,0.035809,0.12,0.24,6.509541,126.680345,0.1535,128.73,634.43
100,50,walking,up,0.7,managed,10.0,30,0.157333,0.035905,0.08,0.22,14.778838,159.799983,0.1127,129.3,751.8
100,50,walking,up,0.7,trickle,0.0,30,0.187333,0.035809,0.12,0.24,6.509541,126.680345,0.1535,128.73,634.43
100,50,walking,up,0.7,trickle,10.0,30,0.157333,0.035905,0.08,0.22,14.778838,159.799983,0.1127,129.3,751.8
100,50,walking,up,0.85,flood,0.0,30,0.198667,0.031919,0.14,0.24,5.682117,136.389722,0.1443,134.3,825.57
100,50,walking,up,0.85,flood,10.0,30,0.156667,0.037539,0.1,0.24,13.96969,183.964233,0.0989,135.43,959.2
100,50,walking,up,0.85,gradient,0.0,30,0.066,0.036822,0.0,0.16,0.0,321.303571,1.0,121.7,826.17
100,50,walking,up,0.85,gradient,10.0,30,0.171333,0.046589,0.08,0.3,11.421531,138.600688,0.1062,128.47,958.2
100,50,walking,up,0.85,gradient_scf,0.0,30,0.198667,0.031919,0.14,0.24,5.682117,136.389722,0.1443,134.3,825.57
100,50,walking,up,0.85,gradient_scf,10.0,30,0.156667,0.037539,0.1,0.24,13.96969,183.964233,0.0989,135.43,959.2
100,50,walking,up,0.85,managed,0.0,30,0.198667,0.031919,0.14,0.24,5.682117,136.389722,0.1443,134.3,825.57
100,50,walking,up,0.85,managed,10.0,30,0.156667,0.037539,0.1,0.24,13.96969,183.964233,0.0989,135.43,959.2
100,50,walking,up,0.85,trickle,0.0,30,0.198667,0.031919,0.14,0.24,5.682117,136.389722,0.1443,134.3,825.57
100,50,walking,up,0.85,trickle,10.0,30,0.156667,0.037539,0.1,0.24,13.96969,183.964233,0.0989,135.43,959.2
100,50,walking,up,0.95,flood,0.0,30,0.206,0.038291,0.14,0.26,5.557716,142.415136,0.1399,141.9,933.9
100,50,walking,up,0.95,flood,10.0,30,0.16,0.041689,0.1,0.28,13.677763,196.156598,0.0922,140.67,1089.83
100,50,walking,up,0.95,gradient,0.0,30,0.076667,0.041049,0.0,0.18,0.0,303.992375,1.0,125.8,942.4
100,50,walking,up,0.95,gradient,10.0,30,0.178,0.049924,0.08,0.32,11.389353,148.88101,0.1,132.67,1089.4
100,50,walking,up,0.95,gradient_scf,0.0,30,0.206,0.038291,0.14,0.26,5.557716,142.415136,0.1399,141.9,933.9
100,50,walking,up,0.95,gradient_scf,10.0,30,0.16,0.041689,0.1,0.28,13.677763,196.156598,0.0922,140.67,1089.83
100,50,walking,up,0.95,managed,0.0,30,0.206,0.038291,0.14,0.26,5.557716,142.415136,0.1399,141.9,933.9
100,50,walking,up,0.95,managed,10.0,30,0.16,0.041689,0.1,0.28,13.677763,196.156598,0.0922,140.67,1089.83
100,50,walking,up,0.95,trickle,0.0,30,0.206,0.038291,0.14,0.26,5.557716,142.415136,0.1399,141.9,933.9
100,50,walking,up,0.95,trickle,10.0,30,0.16,0.041689,0.1,0.28,13.677763,196.156598,0.0922,140.67,1089.83
200,1,courier,down,0.7,flood,0.0,30,0.766667,0.430183,0.0,1.0,0.963932,575.608696,1.0,7.7,345.67
200,1,courier,down,0.7,flood,10.0,30,0.0,0.0,0.0,0.0,,,1.0,7.63,312.7
200,1,courier,down,0.7,gradient,0.0,30,0.1,0.305129,0.0,1.0,0.0,240.666667,1.0,3.4,291.33
200,1,courier,down,0.7,gradient,10.0,30,0.0,0.0,0.0,0.0,,,1.0,4.23,359.33
200,1,courier,down,0.7,gradient_scf,0.0,30,0.766667,0.430183,0.0,1.0,0.963932,575.608696,1.0,7.7,345.67
200,1,courier,down,0.7,gradient_scf,10.0,30,0.0,0.0,0.0,0.0,,,1.0,7.63,312.7
200,1,courier,down,0.7,managed,0.0,30,0.766667,0.430183,0.0,1.0,0.963932,575.608696,1.0,7.7,345.67
200,1,courier,down,0.7,managed,10.0,30,0.0,0.0,0.0,0.0,,,1.0,7.63,312.7
200,1,courier,down,0.7,trickle,0.0,30,0.766667,0.430183,0.0,1.0,0.963932,575.608696,1.0,7.7,345.67
200,1,courier,down,0.7,trickle,10.0,30,0.0,0.0,0.0,0.0,,,1.0,7.63,312.7
200,1,courier,down,0.85,flood,0.0,30,0.866667,0.345746,0.0,1.0,0.978772,777.653846,1.0,14.2,583.0
200,1,courier,down,0.85,flood,10.0,30,0.0,0.0,0.0,0.0,,,1.0,12.93,627.17
200,1,courier,down,0.85,gradient,0.0,30,0.1,0.305129,0.0,1.0,0.0,504.333333,1.0,6.0,415.0
200,1,courier,down,0.85,gradient,10.0,30,0.0,0.0,0.0,0.0,,,1.0,7.23,544.83
200,1,courier,down,0.85,gradient_scf,0.0,30,0.866667,0.345746,0.0,1.0,0.978772,777.653846,1.0,14.2,583.0
200,1,courier,down,0.85,gradient_scf,10.0,30,0.0,0.0,0.0,0.0,,,1.0,12.93,627.17
200,1,courier,down,0.85,managed,0.0,30,0.866667,0.345746,0.0,1.0,0.978772,777.653846,1.0,14.2,583.0
200,1,courier,down,0.85,managed,10.0,30,0.0,0.0,0.0,0.0,,,1.0,12.93,627.17
200,1,courier,down,0.85,trickle,0.0,30,0.866667,0.345746,0.0,1.0,0.978772,777.653846,1.0,14.2,583.0
200,1,courier,down,0.85,trickle,10.0,30,0.0,0.0,0.0,0.0,,,1.0,12.93,627.17
200,1,courier,down,0.95,flood,0.0,30,0.8,0.406838,0.0,1.0,0.923254,857.25,1.0,15.4,717.07
200,1,courier,down,0.95,flood,10.0,30,0.0,0.0,0.0,0.0,,,1.0,18.53,926.17
200,1,courier,down,0.95,gradient,0.0,30,0.1,0.305129,0.0,1.0,0.0,965.666667,1.0,9.63,699.27
200,1,courier,down,0.95,gradient,10.0,30,0.0,0.0,0.0,0.0,,,1.0,12.37,936.67
200,1,courier,down,0.95,gradient_scf,0.0,30,0.8,0.406838,0.0,1.0,0.923254,857.25,1.0,15.4,717.07
200,1,courier,down,0.95,gradient_scf,10.0,30,0.0,0.0,0.0,0.0,,,1.0,18.53,926.17
200,1,courier,down,0.95,managed,0.0,30,0.8,0.406838,0.0,1.0,0.923254,857.25,1.0,15.4,717.07
200,1,courier,down,0.95,managed,10.0,30,0.0,0.0,0.0,0.0,,,1.0,18.53,926.17
200,1,courier,down,0.95,trickle,0.0,30,0.8,0.406838,0.0,1.0,0.923254,857.25,1.0,15.4,717.07
200,1,courier,down,0.95,trickle,10.0,30,0.0,0.0,0.0,0.0,,,1.0,18.53,926.17
200,1,courier,recovered,0.7,flood,0.0,30,0.766667,0.430183,0.0,1.0,0.963932,575.608696,1.0,7.7,345.67
200,1,courier,recovered,0.7,flood,10.0,30,0.0,0.0,0.0,0.0,,,1.0,7.63,312.7
200,1,courier,recovered,0.7,gradient,0.0,30,0.1,0.305129,0.0,1.0,0.0,240.666667,1.0,3.4,291.33
200,1,courier,recovered,0.7,gradient,10.0,30,0.0,0.0,0.0,0.0,,,1.0,4.23,359.33
200,1,courier,recovered,0.7,gradient_scf,0.0,30,0.766667,0.430183,0.0,1.0,0.963932,575.608696,1.0,7.7,345.67
200,1,courier,recovered,0.7,gradient_scf,10.0,30,0.0,0.0,0.0,0.0,,,1.0,7.63,312.7
200,1,courier,recovered,0.7,managed,0.0,30,0.766667,0.430183,0.0,1.0,0.963932,575.608696,1.0,7.7,345.67
200,1,courier,recovered,0.7,managed,10.0,30,0.0,0.0,0.0,0.0,,,1.0,7.63,312.7
200,1,courier,recovered,0.7,trickle,0.0,30,0.766667,0.430183,0.0,1.0,0.963932,575.608696,1.0,7.7,345.67
200,1,courier,recovered,0.7,trickle,10.0,30,0.0,0.0,0.0,0.0,,,1.0,7.63,312.7
200,1,courier,recovered,0.85,flood,0.0,30,0.866667,0.345746,0.0,1.0,0.978772,777.653846,1.0,14.2,583.0
200,1,courier,recovered,0.85,flood,10.0,30,0.0,0.0,0.0,0.0,,,1.0,12.93,627.17
200,1,courier,recovered,0.85,gradient,0.0,30,0.1,0.305129,0.0,1.0,0.0,504.333333,1.0,6.0,415.0
200,1,courier,recovered,0.85,gradient,10.0,30,0.0,0.0,0.0,0.0,,,1.0,7.23,544.83
200,1,courier,recovered,0.85,gradient_scf,0.0,30,0.866667,0.345746,0.0,1.0,0.978772,777.653846,1.0,14.2,583.0
200,1,courier,recovered,0.85,gradient_scf,10.0,30,0.0,0.0,0.0,0.0,,,1.0,12.93,627.17
200,1,courier,recovered,0.85,managed,0.0,30,0.866667,0.345746,0.0,1.0,0.978772,777.653846,1.0,14.2,583.0
200,1,courier,recovered,0.85,managed,10.0,30,0.0,0.0,0.0,0.0,,,1.0,12.93,627.17
200,1,courier,recovered,0.85,trickle,0.0,30,0.866667,0.345746,0.0,1.0,0.978772,777.653846,1.0,14.2,583.0
200,1,courier,recovered,0.85,trickle,10.0,30,0.0,0.0,0.0,0.0,,,1.0,12.93,627.17
200,1,courier,recovered,0.95,flood,0.0,30,0.8,0.406838,0.0,1.0,0.923254,857.25,1.0,15.4,717.07
200,1,courier,recovered,0.95,flood,10.0,30,0.0,0.0,0.0,0.0,,,1.0,18.53,926.17
200,1,courier,recovered,0.95,gradient,0.0,30,0.1,0.305129,0.0,1.0,0.0,965.666667,1.0,9.63,699.27
200,1,courier,recovered,0.95,gradient,10.0,30,0.0,0.0,0.0,0.0,,,1.0,12.37,936.67
200,1,courier,recovered,0.95,gradient_scf,0.0,30,0.8,0.406838,0.0,1.0,0.923254,857.25,1.0,15.4,717.07
200,1,courier,recovered,0.95,gradient_scf,10.0,30,0.0,0.0,0.0,0.0,,,1.0,18.53,926.17
200,1,courier,recovered,0.95,managed,0.0,30,0.8,0.406838,0.0,1.0,0.923254,857.25,1.0,15.4,717.07
200,1,courier,recovered,0.95,managed,10.0,30,0.0,0.0,0.0,0.0,,,1.0,18.53,926.17
200,1,courier,recovered,0.95,trickle,0.0,30,0.8,0.406838,0.0,1.0,0.923254,857.25,1.0,15.4,717.07
200,1,courier,recovered,0.95,trickle,10.0,30,0.0,0.0,0.0,0.0,,,1.0,18.53,926.17
200,1,courier,up,0.7,flood,0.0,30,1.0,0.0,1.0,1.0,1.297181,912.6,1.0,12.67,723.63
200,1,courier,up,0.7,flood,10.0,30,1.0,0.0,1.0,1.0,11.286079,1140.6,1.0,15.03,952.97
200,1,courier,up,0.7,gradient,0.0,30,0.1,0.305129,0.0,1.0,0.0,977.666667,1.0,8.53,737.3
200,1,courier,up,0.7,gradient,10.0,30,0.4,0.498273,0.0,1.0,10.652389,1156.333333,1.0,11.47,962.03
200,1,courier,up,0.7,gradient_scf,0.0,30,1.0,0.0,1.0,1.0,1.297181,912.6,1.0,12.67,723.63
200,1,courier,up,0.7,gradient_scf,10.0,30,1.0,0.0,1.0,1.0,11.286079,1140.6,1.0,15.03,952.97
200,1,courier,up,0.7,managed,0.0,30,1.0,0.0,1.0,1.0,1.297181,912.6,1.0,12.67,723.63
200,1,courier,up,0.7,managed,10.0,30,1.0,0.0,1.0,1.0,11.286079,1140.6,1.0,15.03,952.97
200,1,courier,up,0.7,trickle,0.0,30,1.0,0.0,1.0,1.0,1.297181,912.6,1.0,12.67,723.63
200,1,courier,up,0.7,trickle,10.0,30,1.0,0.0,1.0,1.0,11.286079,1140.6,1.0,15.03,952.97
200,1,courier,up,0.85,flood,0.0,30,1.0,0.0,1.0,1.0,1.148578,1190.9,1.0,18.87,997.5
200,1,courier,up,0.85,flood,10.0,30,1.0,0.0,1.0,1.0,11.169555,1540.5,1.0,21.83,1346.67
200,1,courier,up,0.85,gradient,0.0,30,0.1,0.305129,0.0,1.0,0.0,1248.666667,1.0,12.8,935.77
200,1,courier,up,0.85,gradient,10.0,30,0.5,0.508548,0.0,1.0,10.664423,1434.2,1.0,17.2,1291.1
200,1,courier,up,0.85,gradient_scf,0.0,30,1.0,0.0,1.0,1.0,1.148578,1190.9,1.0,18.87,997.5
200,1,courier,up,0.85,gradient_scf,10.0,30,1.0,0.0,1.0,1.0,11.169555,1540.5,1.0,21.83,1346.67
200,1,courier,up,0.85,managed,0.0,30,1.0,0.0,1.0,1.0,1.148578,1190.9,1.0,18.87,997.5
200,1,courier,up,0.85,managed,10.0,30,1.0,0.0,1.0,1.0,11.169555,1540.5,1.0,21.83,1346.67
200,1,courier,up,0.85,trickle,0.0,30,1.0,0.0,1.0,1.0,1.148578,1190.9,1.0,18.87,997.5
200,1,courier,up,0.85,trickle,10.0,30,1.0,0.0,1.0,1.0,11.169555,1540.5,1.0,21.83,1346.67
200,1,courier,up,0.95,flood,0.0,30,1.0,0.0,1.0,1.0,1.18455,1379.066667,1.0,20.7,1184.03
200,1,courier,up,0.95,flood,10.0,30,1.0,0.0,1.0,1.0,11.132484,1754.733333,1.0,25.9,1559.87
200,1,courier,up,0.95,gradient,0.0,30,0.1,0.305129,0.0,1.0,0.0,1601.333333,1.0,14.9,1144.1
200,1,courier,up,0.95,gradient,10.0,30,0.633333,0.490133,0.0,1.0,10.831326,1556.315789,1.0,19.63,1553.4
200,1,courier,up,0.95,gradient_scf,0.0,30,1.0,0.0,1.0,1.0,1.18455,1379.066667,1.0,20.7,1184.03
200,1,courier,up,0.95,gradient_scf,10.0,30,1.0,0.0,1.0,1.0,11.132484,1754.733333,1.0,25.9,1559.87
200,1,courier,up,0.95,managed,0.0,30,1.0,0.0,1.0,1.0,1.18455,1379.066667,1.0,20.7,1184.03
200,1,courier,up,0.95,managed,10.0,30,1.0,0.0,1.0,1.0,11.132484,1754.733333,1.0,25.9,1559.87
200,1,courier,up,0.95,trickle,0.0,30,1.0,0.0,1.0,1.0,1.18455,1379.066667,1.0,20.7,1184.03
200,1,courier,up,0.95,trickle,10.0,30,1.0,0.0,1.0,1.0,11.132484,1754.733333,1.0,25.9,1559.87
200,1,static,down,0.7,flood,0.0,30,0.966667,0.182574,0.0,1.0,0.864063,241.103448,1.0,9.0,47.87
200,1,static,down,0.7,flood,10.0,30,0.0,0.0,0.0,0.0,,,1.0,7.7,43.9
200,1,static,down,0.7,gradient,0.0,30,0.1,0.305129,0.0,1.0,0.0,67.0,1.0,1.5,44.4
200,1,static,down,0.7,gradient,10.0,30,0.0,0.0,0.0,0.0,,,1.0,1.4,43.9
200,1,static,down,0.7,gradient_scf,0.0,30,0.966667,0.182574,0.0,1.0,0.864063,241.103448,1.0,9.0,47.87
200,1,static,down,0.7,gradient_scf,10.0,30,0.0,0.0,0.0,0.0,,,1.0,7.7,43.9
200,1,static,down,0.7,managed,0.0,30,0.966667,0.182574,0.0,1.0,0.864063,241.103448,1.0,9.0,47.87
200,1,static,down,0.7,managed,10.0,30,0.0,0.0,0.0,0.0,,,1.0,7.7,43.9
200,1,static,down,0.7,trickle,0.0,30,0.966667,0.182574,0.0,1.0,0.864063,241.103448,1.0,9.0,47.87
200,1,static,down,0.7,trickle,10.0,30,0.0,0.0,0.0,0.0,,,1.0,7.7,43.9
200,1,static,down,0.85,flood,0.0,30,1.0,0.0,1.0,1.0,0.83422,258.066667,1.0,10.83,66.3
200,1,static,down,0.85,flood,10.0,30,0.0,0.0,0.0,0.0,,,1.0,10.2,59.3
200,1,static,down,0.85,gradient,0.0,30,0.1,0.305129,0.0,1.0,0.0,77.0,1.0,2.6,59.8
200,1,static,down,0.85,gradient,10.0,30,0.0,0.0,0.0,0.0,,,1.0,2.53,59.3
200,1,static,down,0.85,gradient_scf,0.0,30,1.0,0.0,1.0,1.0,0.83422,258.066667,1.0,10.83,66.3
200,1,static,down,0.85,gradient_scf,10.0,30,0.0,0.0,0.0,0.0,,,1.0,10.2,59.3
200,1,static,down,0.85,managed,0.0,30,1.0,0.0,1.0,1.0,0.83422,258.066667,1.0,10.83,66.3
200,1,static,down,0.85,managed,10.0,30,0.0,0.0,0.0,0.0,,,1.0,10.2,59.3
200,1,static,down,0.85,trickle,0.0,30,1.0,0.0,1.0,1.0,0.83422,258.066667,1.0,10.83,66.3
200,1,static,down,0.85,trickle,10.0,30,0.0,0.0,0.0,0.0,,,1.0,10.2,59.3
200,1,static,down,0.95,flood,0.0,30,1.0,0.0,1.0,1.0,0.800852,261.966667,1.0,12.33,69.37
200,1,static,down,0.95,flood,10.0,30,0.0,0.0,0.0,0.0,,,1.0,10.8,68.37
200,1,static,down,0.95,gradient,0.0,30,0.1,0.305129,0.0,1.0,0.0,80.666667,1.0,2.77,68.37
200,1,static,down,0.95,gradient,10.0,30,0.0,0.0,0.0,0.0,,,1.0,2.63,68.37
200,1,static,down,0.95,gradient_scf,0.0,30,1.0,0.0,1.0,1.0,0.800852,261.966667,1.0,12.33,69.37
200,1,static,down,0.95,gradient_scf,10.0,30,0.0,0.0,0.0,0.0,,,1.0,10.8,68.37
200,1,static,down,0.95,managed,0.0,30,1.0,0.0,1.0,1.0,0.800852,261.966667,1.0,12.33,69.37
200,1,static,down,0.95,managed,10.0,30,0.0,0.0,0.0,0.0,,,1.0,10.8,68.37
200,1,static,down,0.95,trickle,0.0,30,1.0,0.0,1.0,1.0,0.800852,261.966667,1.0,12.33,69.37
200,1,static,down,0.95,trickle,10.0,30,0.0,0.0,0.0,0.0,,,1.0,10.8,68.37
200,1,static,recovered,0.7,flood,0.0,30,0.966667,0.182574,0.0,1.0,0.864063,241.103448,1.0,9.0,47.87
200,1,static,recovered,0.7,flood,10.0,30,0.0,0.0,0.0,0.0,,,1.0,7.7,43.9
200,1,static,recovered,0.7,gradient,0.0,30,0.1,0.305129,0.0,1.0,0.0,67.0,1.0,1.5,44.4
200,1,static,recovered,0.7,gradient,10.0,30,0.0,0.0,0.0,0.0,,,1.0,1.4,43.9
200,1,static,recovered,0.7,gradient_scf,0.0,30,0.966667,0.182574,0.0,1.0,0.864063,241.103448,1.0,9.0,47.87
200,1,static,recovered,0.7,gradient_scf,10.0,30,0.0,0.0,0.0,0.0,,,1.0,7.7,43.9
200,1,static,recovered,0.7,managed,0.0,30,0.966667,0.182574,0.0,1.0,0.864063,241.103448,1.0,9.0,47.87
200,1,static,recovered,0.7,managed,10.0,30,0.0,0.0,0.0,0.0,,,1.0,7.7,43.9
200,1,static,recovered,0.7,trickle,0.0,30,0.966667,0.182574,0.0,1.0,0.864063,241.103448,1.0,9.0,47.87
200,1,static,recovered,0.7,trickle,10.0,30,0.0,0.0,0.0,0.0,,,1.0,7.7,43.9
200,1,static,recovered,0.85,flood,0.0,30,1.0,0.0,1.0,1.0,0.83422,258.066667,1.0,10.83,66.3
200,1,static,recovered,0.85,flood,10.0,30,0.0,0.0,0.0,0.0,,,1.0,10.2,59.3
200,1,static,recovered,0.85,gradient,0.0,30,0.1,0.305129,0.0,1.0,0.0,77.0,1.0,2.6,59.8
200,1,static,recovered,0.85,gradient,10.0,30,0.0,0.0,0.0,0.0,,,1.0,2.53,59.3
200,1,static,recovered,0.85,gradient_scf,0.0,30,1.0,0.0,1.0,1.0,0.83422,258.066667,1.0,10.83,66.3
200,1,static,recovered,0.85,gradient_scf,10.0,30,0.0,0.0,0.0,0.0,,,1.0,10.2,59.3
200,1,static,recovered,0.85,managed,0.0,30,1.0,0.0,1.0,1.0,0.83422,258.066667,1.0,10.83,66.3
200,1,static,recovered,0.85,managed,10.0,30,0.0,0.0,0.0,0.0,,,1.0,10.2,59.3
200,1,static,recovered,0.85,trickle,0.0,30,1.0,0.0,1.0,1.0,0.83422,258.066667,1.0,10.83,66.3
200,1,static,recovered,0.85,trickle,10.0,30,0.0,0.0,0.0,0.0,,,1.0,10.2,59.3
200,1,static,recovered,0.95,flood,0.0,30,1.0,0.0,1.0,1.0,0.800852,261.966667,1.0,12.33,69.37
200,1,static,recovered,0.95,flood,10.0,30,0.0,0.0,0.0,0.0,,,1.0,10.8,68.37
200,1,static,recovered,0.95,gradient,0.0,30,0.1,0.305129,0.0,1.0,0.0,80.666667,1.0,2.77,68.37
200,1,static,recovered,0.95,gradient,10.0,30,0.0,0.0,0.0,0.0,,,1.0,2.63,68.37
200,1,static,recovered,0.95,gradient_scf,0.0,30,1.0,0.0,1.0,1.0,0.800852,261.966667,1.0,12.33,69.37
200,1,static,recovered,0.95,gradient_scf,10.0,30,0.0,0.0,0.0,0.0,,,1.0,10.8,68.37
200,1,static,recovered,0.95,managed,0.0,30,1.0,0.0,1.0,1.0,0.800852,261.966667,1.0,12.33,69.37
200,1,static,recovered,0.95,managed,10.0,30,0.0,0.0,0.0,0.0,,,1.0,10.8,68.37
200,1,static,recovered,0.95,trickle,0.0,30,1.0,0.0,1.0,1.0,0.800852,261.966667,1.0,12.33,69.37
200,1,static,recovered,0.95,trickle,10.0,30,0.0,0.0,0.0,0.0,,,1.0,10.8,68.37
200,1,static,up,0.7,flood,0.0,30,1.0,0.0,1.0,1.0,0.904482,891.833333,1.0,30.97,699.93
200,1,static,up,0.7,flood,10.0,30,1.0,0.0,1.0,1.0,10.877471,1121.5,1.0,37.57,929.83
200,1,static,up,0.7,gradient,0.0,30,0.1,0.305129,0.0,1.0,0.0,992.333333,1.0,22.63,709.3
200,1,static,up,0.7,gradient,10.0,30,0.533333,0.507416,0.0,1.0,10.383019,1053.8125,1.0,31.77,938.7
200,1,static,up,0.7,gradient_scf,0.0,30,1.0,0.0,1.0,1.0,0.904482,891.833333,1.0,30.97,699.93
200,1,static,up,0.7,gradient_scf,10.0,30,1.0,0.0,1.0,1.0,10.877471,1121.5,1.0,37.57,929.83
200,1,static,up,0.7,managed,0.0,30,1.0,0.0,1.0,1.0,0.904482,891.833333,1.0,30.97,699.93
200,1,static,up,0.7,managed,10.0,30,1.0,0.0,1.0,1.0,10.877471,1121.5,1.0,37.57,929.83
200,1,static,up,0.7,trickle,0.0,30,1.0,0.0,1.0,1.0,0.904482,891.833333,1.0,30.97,699.93
200,1,static,up,0.7,trickle,10.0,30,1.0,0.0,1.0,1.0,10.877471,1121.5,1.0,37.57,929.83
200,1,static,up,0.85,flood,0.0,30,1.0,0.0,1.0,1.0,0.83422,1088.366667,1.0,41.87,896.57
200,1,static,up,0.85,flood,10.0,30,1.0,0.0,1.0,1.0,10.795869,1397.3,1.0,51.83,1204.57
200,1,static,up,0.85,gradient,0.0,30,0.1,0.305129,0.0,1.0,0.0,1242.666667,1.0,32.23,895.57
200,1,static,up,0.85,gradient,10.0,30,0.7,0.466092,0.0,1.0,10.401386,1235.619048,1.0,44.3,1202.93
200,1,static,up,0.85,gradient_scf,0.0,30,1.0,0.0,1.0,1.0,0.83422,1088.366667,1.0,41.87,896.57
200,1,static,up,0.85,gradient_scf,10.0,30,1.0,0.0,1.0,1.0,10.795869,1397.3,1.0,51.83,1204.57
200,1,static,up,0.85,managed,0.0,30,1.0,0.0,1.0,1.0,0.83422,1088.366667,1.0,41.87,896.57
200,1,static,up,0.85,managed,10.0,30,1.0,0.0,1.0,1.0,10.795869,1397.3,1.0,51.83,1204.57
200,1,static,up,0.85,trickle,0.0,30,1.0,0.0,1.0,1.0,0.83422,1088.366667,1.0,41.87,896.57
200,1,static,up,0.85,trickle,10.0,30,1.0,0.0,1.0,1.0,10.795869,1397.3,1.0,51.83,1204.57
200,1,static,up,0.95,flood,0.0,30,1.0,0.0,1.0,1.0,0.800852,1195.833333,1.0,50.0,1003.27
200,1,static,up,0.95,flood,10.0,30,1.0,0.0,1.0,1.0,10.807433,1535.566667,1.0,62.17,1342.97
200,1,static,up,0.95,gradient,0.0,30,0.1,0.305129,0.0,1.0,0.0,1347.333333,1.0,39.47,1007.9
200,1,static,up,0.95,gradient,10.0,30,0.733333,0.449776,0.0,1.0,10.405109,1452.136364,1.0,54.03,1345.6
200,1,static,up,0.95,gradient_scf,0.0,30,1.0,0.0,1.0,1.0,0.800852,1195.833333,1.0,50.0,1003.27
200,1,static,up,0.95,gradient_scf,10.0,30,1.0,0.0,1.0,1.0,10.807433,1535.566667,1.0,62.17,1342.97
200,1,static,up,0.95,managed,0.0,30,1.0,0.0,1.0,1.0,0.800852,1195.833333,1.0,50.0,1003.27
200,1,static,up,0.95,managed,10.0,30,1.0,0.0,1.0,1.0,10.807433,1535.566667,1.0,62.17,1342.97
200,1,static,up,0.95,trickle,0.0,30,1.0,0.0,1.0,1.0,0.800852,1195.833333,1.0,50.0,1003.27
200,1,static,up,0.95,trickle,10.0,30,1.0,0.0,1.0,1.0,10.807433,1535.566667,1.0,62.17,1342.97
200,1,walking,down,0.7,flood,0.0,30,0.966667,0.182574,0.0,1.0,0.90004,235.655172,1.0,6.67,40.8
200,1,walking,down,0.7,flood,10.0,30,0.0,0.0,0.0,0.0,,,1.0,6.17,40.13
200,1,walking,down,0.7,gradient,0.0,30,0.1,0.305129,0.0,1.0,0.0,60.666667,1.0,0.7,40.47
200,1,walking,down,0.7,gradient,10.0,30,0.0,0.0,0.0,0.0,,,1.0,0.6,40.13
200,1,walking,down,0.7,gradient_scf,0.0,30,0.966667,0.182574,0.0,1.0,0.90004,235.655172,1.0,6.67,40.8
200,1,walking,down,0.7,gradient_scf,10.0,30,0.0,0.0,0.0,0.0,,,1.0,6.17,40.13
200,1,walking,down,0.7,managed,0.0,30,0.966667,0.182574,0.0,1.0,0.90004,235.655172,1.0,6.67,40.8
200,1,walking,down,0.7,managed,10.0,30,0.0,0.0,0.0,0.0,,,1.0,6.17,40.13
200,1,walking,down,0.7,trickle,0.0,30,0.966667,0.182574,0.0,1.0,0.90004,235.655172,1.0,6.67,40.8
200,1,walking,down,0.7,trickle,10.0,30,0.0,0.0,0.0,0.0,,,1.0,6.17,40.13
200,1,walking,down,0.85,flood,0.0,30,1.0,0.0,1.0,1.0,0.951867,257.333333,1.0,8.67,63.7
200,1,walking,down,0.85,flood,10.0,30,0.0,0.0,0.0,0.0,,,1.0,7.53,62.43
200,1,walking,down,0.85,gradient,0.0,30,0.1,0.305129,0.0,1.0,0.0,77.0,1.0,1.57,62.93
200,1,walking,down,0.85,gradient,10.0,30,0.0,0.0,0.0,0.0,,,1.0,1.47,62.43
200,1,walking,down,0.85,gradient_scf,0.0,30,1.0,0.0,1.0,1.0,0.951867,257.333333,1.0,8.67,63.7
200,1,walking,down,0.85,gradient_scf,10.0,30,0.0,0.0,0.0,0.0,,,1.0,7.53,62.43
200,1,walking,down,0.85,managed,0.0,30,1.0,0.0,1.0,1.0,0.951867,257.333333,1.0,8.67,63.7
200,1,walking,down,0.85,managed,10.0,30,0.0,0.0,0.0,0.0,,,1.0,7.53,62.43
200,1,walking,down,0.85,trickle,0.0,30,1.0,0.0,1.0,1.0,0.951867,257.333333,1.0,8.67,63.7
200,1,walking,down,0.85,trickle,10.0,30,0.0,0.0,0.0,0.0,,,1.0,7.53,62.43
200,1,walking,down,0.95,flood,0.0,30,1.0,0.0,1.0,1.0,0.906504,271.933333,1.0,8.23,77.07
200,1,walking,down,0.95,flood,10.0,30,0.0,0.0,0.0,0.0,,,1.0,7.33,62.07
200,1,walking,down,0.95,gradient,0.0,30,0.1,0.305129,0.0,1.0,0.0,77.0,1.0,1.83,62.57
200,1,walking,down,0.95,gradient,10.0,30,0.0,0.0,0.0,0.0,,,1.0,1.77,62.07
200,1,walking,down,0.95,gradient_scf,0.0,30,1.0,0.0,1.0,1.0,0.906504,271.933333,1.0,8.23,77.07
200,1,walking,down,0.95,gradient_scf,10.0,30,0.0,0.0,0.0,0.0,,,1.0,7.33,62.07
200,1,walking,down,0.95,managed,0.0,30,1.0,0.0,1.0,1.0,0.906504,271.933333,1.0,8.23,77.07
200,1,walking,down,0.95,managed,10.0,30,0.0,0.0,0.0,0.0,,,1.0,7.33,62.07
200,1,walking,down,0.95,trickle,0.0,30,1.0,0.0,1.0,1.0,0.906504,271.933333,1.0,8.23,77.07
200,1,walking,down,0.95,trickle,10.0,30,0.0,0.0,0.0,0.0,,,1.0,7.33,62.07
200,1,walking,recovered,0.7,flood,0.0,30,0.966667,0.182574,0.0,1.0,0.90004,235.655172,1.0,6.67,40.8
200,1,walking,recovered,0.7,flood,10.0,30,0.0,0.0,0.0,0.0,,,1.0,6.17,40.13
200,1,walking,recovered,0.7,gradient,0.0,30,0.1,0.305129,0.0,1.0,0.0,60.666667,1.0,0.7,40.47
200,1,walking,recovered,0.7,gradient,10.0,30,0.0,0.0,0.0,0.0,,,1.0,0.6,40.13
200,1,walking,recovered,0.7,gradient_scf,0.0,30,0.966667,0.182574,0.0,1.0,0.90004,235.655172,1.0,6.67,40.8
200,1,walking,recovered,0.7,gradient_scf,10.0,30,0.0,0.0,0.0,0.0,,,1.0,6.17,40.13
200,1,walking,recovered,0.7,managed,0.0,30,0.966667,0.182574,0.0,1.0,0.90004,235.655172,1.0,6.67,40.8
200,1,walking,recovered,0.7,managed,10.0,30,0.0,0.0,0.0,0.0,,,1.0,6.17,40.13
200,1,walking,recovered,0.7,trickle,0.0,30,0.966667,0.182574,0.0,1.0,0.90004,235.655172,1.0,6.67,40.8
200,1,walking,recovered,0.7,trickle,10.0,30,0.0,0.0,0.0,0.0,,,1.0,6.17,40.13
200,1,walking,recovered,0.85,flood,0.0,30,1.0,0.0,1.0,1.0,0.951867,257.333333,1.0,8.67,63.7
200,1,walking,recovered,0.85,flood,10.0,30,0.0,0.0,0.0,0.0,,,1.0,7.53,62.43
200,1,walking,recovered,0.85,gradient,0.0,30,0.1,0.305129,0.0,1.0,0.0,77.0,1.0,1.57,62.93
200,1,walking,recovered,0.85,gradient,10.0,30,0.0,0.0,0.0,0.0,,,1.0,1.47,62.43
200,1,walking,recovered,0.85,gradient_scf,0.0,30,1.0,0.0,1.0,1.0,0.951867,257.333333,1.0,8.67,63.7
200,1,walking,recovered,0.85,gradient_scf,10.0,30,0.0,0.0,0.0,0.0,,,1.0,7.53,62.43
200,1,walking,recovered,0.85,managed,0.0,30,1.0,0.0,1.0,1.0,0.951867,257.333333,1.0,8.67,63.7
200,1,walking,recovered,0.85,managed,10.0,30,0.0,0.0,0.0,0.0,,,1.0,7.53,62.43
200,1,walking,recovered,0.85,trickle,0.0,30,1.0,0.0,1.0,1.0,0.951867,257.333333,1.0,8.67,63.7
200,1,walking,recovered,0.85,trickle,10.0,30,0.0,0.0,0.0,0.0,,,1.0,7.53,62.43
200,1,walking,recovered,0.95,flood,0.0,30,1.0,0.0,1.0,1.0,0.906504,271.933333,1.0,8.23,77.07
200,1,walking,recovered,0.95,flood,10.0,30,0.0,0.0,0.0,0.0,,,1.0,7.33,62.07
200,1,walking,recovered,0.95,gradient,0.0,30,0.1,0.305129,0.0,1.0,0.0,77.0,1.0,1.83,62.57
200,1,walking,recovered,0.95,gradient,10.0,30,0.0,0.0,0.0,0.0,,,1.0,1.77,62.07
200,1,walking,recovered,0.95,gradient_scf,0.0,30,1.0,0.0,1.0,1.0,0.906504,271.933333,1.0,8.23,77.07
200,1,walking,recovered,0.95,gradient_scf,10.0,30,0.0,0.0,0.0,0.0,,,1.0,7.33,62.07
200,1,walking,recovered,0.95,managed,0.0,30,1.0,0.0,1.0,1.0,0.906504,271.933333,1.0,8.23,77.07
200,1,walking,recovered,0.95,managed,10.0,30,0.0,0.0,0.0,0.0,,,1.0,7.33,62.07
200,1,walking,recovered,0.95,trickle,0.0,30,1.0,0.0,1.0,1.0,0.906504,271.933333,1.0,8.23,77.07
200,1,walking,recovered,0.95,trickle,10.0,30,0.0,0.0,0.0,0.0,,,1.0,7.33,62.07
200,1,walking,up,0.7,flood,0.0,30,1.0,0.0,1.0,1.0,0.946686,800.233333,1.0,18.97,606.47
200,1,walking,up,0.7,flood,10.0,30,1.0,0.0,1.0,1.0,10.904628,999.7,1.0,22.13,805.6
200,1,walking,up,0.7,gradient,0.0,30,0.1,0.305129,0.0,1.0,0.0,857.333333,1.0,12.23,601.8
200,1,walking,up,0.7,gradient,10.0,30,0.533333,0.507416,0.0,1.0,10.449207,873.75,1.0,16.37,805.27
200,1,walking,up,0.7,gradient_scf,0.0,30,1.0,0.0,1.0,1.0,0.946686,800.233333,1.0,18.97,606.47
200,1,walking,up,0.7,gradient_scf,10.0,30,1.0,0.0,1.0,1.0,10.904628,999.7,1.0,22.13,805.6
200,1,walking,up,0.7,managed,0.0,30,1.0,0.0,1.0,1.0,0.946686,800.233333,1.0,18.97,606.47
200,1,walking,up,0.7,managed,10.0,30,1.0,0.0,1.0,1.0,10.904628,999.7,1.0,22.13,805.6
200,1,walking,up,0.7,trickle,0.0,30,1.0,0.0,1.0,1.0,0.946686,800.233333,1.0,18.97,606.47
200,1,walking,up,0.7,trickle,10.0,30,1.0,0.0,1.0,1.0,10.904628,999.7,1.0,22.13,805.6
200,1,walking,up,0.85,flood,0.0,30,1.0,0.0,1.0,1.0,0.951867,1005.233333,1.0,25.73,811.7
200,1,walking,up,0.85,flood,10.0,30,1.0,0.0,1.0,1.0,10.899194,1267.066667,1.0,31.17,1072.8
200,1,walking,up,0.85,gradient,0.0,30,0.1,0.305129,0.0,1.0,0.0,1173.0,1.0,18.63,800.4
200,1,walking,up,0.85,gradient,10.0,30,0.633333,0.490133,0.0,1.0,10.473072,1147.842105,1.0,25.27,1065.8
200,1,walking,up,0.85,gradient_scf,0.0,30,1.0,0.0,1.0,1.0,0.951867,1005.233333,1.0,25.73,811.7
200,1,walking,up,0.85,gradient_scf,10.0,30,1.0,0.0,1.0,1.0,10.899194,1267.066667,1.0,31.17,1072.8
200,1,walking,up,0.85,managed,0.0,30,1.0,0.0,1.0,1.0,0.951867,1005.233333,1.0,25.73,811.7
200,1,walking,up,0.85,managed,10.0,30,1.0,0.0,1.0,1.0,10.899194,1267.066667,1.0,31.17,1072.8
200,1,walking,up,0.85,trickle,0.0,30,1.0,0.0,1.0,1.0,0.951867,1005.233333,1.0,25.73,811.7
200,1,walking,up,0.85,trickle,10.0,30,1.0,0.0,1.0,1.0,10.899194,1267.066667,1.0,31.17,1072.8
200,1,walking,up,0.95,flood,0.0,30,1.0,0.0,1.0,1.0,0.906504,1106.3,1.0,30.37,911.43
200,1,walking,up,0.95,flood,10.0,30,1.0,0.0,1.0,1.0,10.886591,1430.833333,1.0,39.5,1236.93
200,1,walking,up,0.95,gradient,0.0,30,0.1,0.305129,0.0,1.0,0.0,1288.666667,1.0,22.67,918.23
200,1,walking,up,0.95,gradient,10.0,30,0.733333,0.449776,0.0,1.0,10.541577,1255.5,1.0,31.77,1235.27
200,1,walking,up,0.95,gradient_scf,0.0,30,1.0,0.0,1.0,1.0,0.906504,1106.3,1.0,30.37,911.43
200,1,walking,up,0.95,gradient_scf,10.0,30,1.0,0.0,1.0,1.0,10.886591,1430.833333,1.0,39.5,1236.93
200,1,walking,up,0.95,managed,0.0,30,1.0,0.0,1.0,1.0,0.906504,1106.3,1.0,30.37,911.43
200,1,walking,up,0.95,managed,10.0,30,1.0,0.0,1.0,1.0,10.886591,1430.833333,1.0,39.5,1236.93
200,1,walking,up,0.95,trickle,0.0,30,1.0,0.0,1.0,1.0,0.906504,1106.3,1.0,30.37,911.43
200,1,walking,up,0.95,trickle,10.0,30,1.0,0.0,1.0,1.0,10.886591,1430.833333,1.0,39.5,1236.93
200,100,courier,down,0.7,flood,0.0,30,0.036667,0.022024,0.0,0.09,0.940379,378.331321,0.0713,243.9,358.6
200,100,courier,down,0.7,flood,10.0,30,0.0,0.0,0.0,0.0,,,0.0552,241.63,467.23
200,100,courier,down,0.7,gradient,0.0,30,0.025333,0.016761,0.0,0.06,0.0,290.356173,1.0,235.77,514.73
200,100,courier,down,0.7,gradient,10.0,30,0.0,0.0,0.0,0.0,,,0.5618,232.67,497.4
200,100,courier,down,0.7,gradient_scf,0.0,30,0.036667,0.022024,0.0,0.09,0.940379,378.331321,0.0713,243.9,358.6
200,100,courier,down,0.7,gradient_scf,10.0,30,0.0,0.0,0.0,0.0,,,0.0552,241.63,467.23
200,100,courier,down,0.7,managed,0.0,30,0.036667,0.022024,0.0,0.09,0.940379,378.331321,0.0713,243.9,358.6
200,100,courier,down,0.7,managed,10.0,30,0.0,0.0,0.0,0.0,,,0.0552,241.63,467.23
200,100,courier,down,0.7,trickle,0.0,30,0.036667,0.022024,0.0,0.09,0.940379,378.331321,0.0713,243.9,358.6
200,100,courier,down,0.7,trickle,10.0,30,0.0,0.0,0.0,0.0,,,0.0552,241.63,467.23
200,100,courier,down,0.85,flood,0.0,30,0.042,0.022345,0.0,0.09,0.775246,388.768812,0.0692,251.73,806.47
200,100,courier,down,0.85,flood,10.0,30,0.0,0.0,0.0,0.0,,,0.0492,247.57,827.7
200,100,courier,down,0.85,gradient,0.0,30,0.032,0.018644,0.0,0.08,0.0,388.853131,1.0,243.27,1090.23
200,100,courier,down,0.85,gradient,10.0,30,0.0,0.0,0.0,0.0,,,0.4371,240.5,980.53
200,100,courier,down,0.85,gradient_scf,0.0,30,0.042,0.022345,0.0,0.09,0.775246,388.768812,0.0692,251.73,806.47
200,100,courier,down,0.85,gradient_scf,10.0,30,0.0,0.0,0.0,0.0,,,0.0492,247.57,827.7
200,100,courier,down,0.85,managed,0.0,30,0.042,0.022345,0.0,0.09,0.775246,388.768812,0.0692,251.73,806.47
200,100,courier,down,0.85,managed,10.0,30,0.0,0.0,0.0,0.0,,,0.0492,247.57,827.7
200,100,courier,down,0.85,trickle,0.0,30,0.042,0.022345,0.0,0.09,0.775246,388.768812,0.0692,251.73,806.47
200,100,courier,down,0.85,trickle,10.0,30,0.0,0.0,0.0,0.0,,,0.0492,247.57,827.7
200,100,courier,down,0.95,flood,0.0,30,0.046667,0.023094,0.0,0.09,0.883525,443.520578,0.0648,258.47,1243.33
200,100,courier,down,0.95,flood,10.0,30,0.0,0.0,0.0,0.0,,,0.0466,261.33,1647.07
200,100,courier,down,0.95,gradient,0.0,30,0.036333,0.019911,0.0,0.08,0.0,348.248129,1.0,246.13,1160.3
200,100,courier,down,0.95,gradient,10.0,30,0.0,0.0,0.0,0.0,,,0.3972,249.3,1520.43
200,100,courier,down,0.95,gradient_scf,0.0,30,0.046667,0.023094,0.0,0.09,0.883525,443.520578,0.0648,258.47,1243.33
200,100,courier,down,0.95,gradient_scf,10.0,30,0.0,0.0,0.0,0.0,,,0.0466,261.33,1647.07
200,100,courier,down,0.95,managed,0.0,30,0.046667,0.023094,0.0,0.09,0.883525,443.520578,0.0648,258.47,1243.33
200,100,courier,down,0.95,managed,10.0,30,0.0,0.0,0.0,0.0,,,0.0466,261.33,1647.07
200,100,courier,down,0.95,trickle,0.0,30,0.046667,0.023094,0.0,0.09,0.883525,443.520578,0.0648,258.47,1243.33
200,100,courier,down,0.95,trickle,10.0,30,0.0,0.0,0.0,0.0,,,0.0466,261.33,1647.07
200,100,courier,recovered,0.7,flood,0.0,30,0.036667,0.022024,0.0,0.09,0.940379,378.331321,0.0713,243.9,358.6
200,100,courier,recovered,0.7,flood,10.0,30,0.0,0.0,0.0,0.0,,,0.0552,241.63,467.23
200,100,courier,recovered,0.7,gradient,0.0,30,0.025333,0.016761,0.0,0.06,0.0,290.356173,1.0,235.77,514.73
200,100,courier,recovered,0.7,gradient,10.0,30,0.0,0.0,0.0,0.0,,,0.5618,232.67,497.4
200,100,courier,recovered,0.7,gradient_scf,0.0,30,0.036667,0.022024,0.0,0.09,0.940379,378.331321,0.0713,243.9,358.6
200,100,courier,recovered,0.7,gradient_scf,10.0,30,0.0,0.0,0.0,0.0,,,0.0552,241.63,467.23
200,100,courier,recovered,0.7,managed,0.0,30,0.036667,0.022024,0.0,0.09,0.940379,378.331321,0.0713,243.9,358.6
200,100,courier,recovered,0.7,managed,10.0,30,0.0,0.0,0.0,0.0,,,0.0552,241.63,467.23
200,100,courier,recovered,0.7,trickle,0.0,30,0.036667,0.022024,0.0,0.09,0.940379,378.331321,0.0713,243.9,358.6
200,100,courier,recovered,0.7,trickle,10.0,30,0.0,0.0,0.0,0.0,,,0.0552,241.63,467.23
200,100,courier,recovered,0.85,flood,0.0,30,0.042,0.022345,0.0,0.09,0.775246,388.768812,0.0692,251.73,806.47
200,100,courier,recovered,0.85,flood,10.0,30,0.0,0.0,0.0,0.0,,,0.0492,247.57,827.7
200,100,courier,recovered,0.85,gradient,0.0,30,0.032,0.018644,0.0,0.08,0.0,388.853131,1.0,243.27,1090.23
200,100,courier,recovered,0.85,gradient,10.0,30,0.0,0.0,0.0,0.0,,,0.4371,240.5,980.53
200,100,courier,recovered,0.85,gradient_scf,0.0,30,0.042,0.022345,0.0,0.09,0.775246,388.768812,0.0692,251.73,806.47
200,100,courier,recovered,0.85,gradient_scf,10.0,30,0.0,0.0,0.0,0.0,,,0.0492,247.57,827.7
200,100,courier,recovered,0.85,managed,0.0,30,0.042,0.022345,0.0,0.09,0.775246,388.768812,0.0692,251.73,806.47
200,100,courier,recovered,0.85,managed,10.0,30,0.0,0.0,0.0,0.0,,,0.0492,247.57,827.7
200,100,courier,recovered,0.85,trickle,0.0,30,0.042,0.022345,0.0,0.09,0.775246,388.768812,0.0692,251.73,806.47
200,100,courier,recovered,0.85,trickle,10.0,30,0.0,0.0,0.0,0.0,,,0.0492,247.57,827.7
200,100,courier,recovered,0.95,flood,0.0,30,0.046667,0.023094,0.0,0.09,0.883525,443.520578,0.0648,258.47,1243.33
200,100,courier,recovered,0.95,flood,10.0,30,0.0,0.0,0.0,0.0,,,0.0466,261.33,1647.07
200,100,courier,recovered,0.95,gradient,0.0,30,0.036333,0.019911,0.0,0.08,0.0,348.248129,1.0,246.13,1160.3
200,100,courier,recovered,0.95,gradient,10.0,30,0.0,0.0,0.0,0.0,,,0.3972,249.3,1520.43
200,100,courier,recovered,0.95,gradient_scf,0.0,30,0.046667,0.023094,0.0,0.09,0.883525,443.520578,0.0648,258.47,1243.33
200,100,courier,recovered,0.95,gradient_scf,10.0,30,0.0,0.0,0.0,0.0,,,0.0466,261.33,1647.07
200,100,courier,recovered,0.95,managed,0.0,30,0.046667,0.023094,0.0,0.09,0.883525,443.520578,0.0648,258.47,1243.33
200,100,courier,recovered,0.95,managed,10.0,30,0.0,0.0,0.0,0.0,,,0.0466,261.33,1647.07
200,100,courier,recovered,0.95,trickle,0.0,30,0.046667,0.023094,0.0,0.09,0.883525,443.520578,0.0648,258.47,1243.33
200,100,courier,recovered,0.95,trickle,10.0,30,0.0,0.0,0.0,0.0,,,0.0466,261.33,1647.07
200,100,courier,up,0.7,flood,0.0,30,0.084333,0.02873,0.01,0.15,9.914331,307.916938,0.0714,259.63,1428.07
200,100,courier,up,0.7,flood,10.0,30,0.074667,0.018333,0.04,0.11,18.26054,336.490619,0.0562,264.37,1708.4
200,100,courier,up,0.7,gradient,0.0,30,0.025333,0.016761,0.0,0.06,0.0,782.958025,1.0,247.53,1462.07
200,100,courier,up,0.7,gradient,10.0,30,0.07,0.023489,0.01,0.11,12.161728,320.069557,0.0641,253.47,1735.57
200,100,courier,up,0.7,gradient_scf,0.0,30,0.084333,0.02873,0.01,0.15,9.914331,307.916938,0.0714,259.63,1428.07
200,100,courier,up,0.7,gradient_scf,10.0,30,0.074667,0.018333,0.04,0.11,18.26054,336.490619,0.0562,264.37,1708.4
200,100,courier,up,0.7,managed,0.0,30,0.084333,0.02873,0.01,0.15,9.914331,307.916938,0.0714,259.63,1428.07
200,100,courier,up,0.7,managed,10.0,30,0.074667,0.018333,0.04,0.11,18.26054,336.490619,0.0562,264.37,1708.4
200,100,courier,up,0.7,trickle,0.0,30,0.084333,0.02873,0.01,0.15,9.914331,307.916938,0.0714,259.63,1428.07
200,100,courier,up,0.7,trickle,10.0,30,0.074667,0.018333,0.04,0.11,18.26054,336.490619,0.0562,264.37,1708.4
200,100,courier,up,0.85,flood,0.0,30,0.089333,0.024202,0.04,0.12,8.602732,337.920215,0.0698,270.83,2036.3
200,100,courier,up,0.85,flood,10.0,30,0.075667,0.021605,0.03,0.11,17.317992,440.825946,0.0492,276.2,2377.47
200,100,courier,up,0.85,gradient,0.0,30,0.032,0.018644,0.0,0.08,0.0,791.639462,1.0,257.53,2074.27
200,100,courier,up,0.85,gradient,10.0,30,0.076,0.020943,0.05,0.12,12.19383,372.297037,0.0577,265.07,2425.63
200,100,courier,up,0.85,gradient_scf,0.0,30,0.089333,0.024202,0.04,0.12,8.602732,337.920215,0.0698,270.83,2036.3
200,100,courier,up,0.85,gradient_scf,10.0,30,0.075667,0.021605,0.03,0.11,17.317992,440.825946,0.0492,276.2,2377.47
200,100,courier,up,0.85,managed,0.0,30,0.089333,0.024202,0.04,0.12,8.602732,337.920215,0.0698,270.83,2036.3
200,100,courier,up,0.85,managed,10.0,30,0.075667,0.021605,0.03,0.11,17.317992,440.825946,0.0492,276.2,2377.47
200,100,courier,up,0.85,trickle,0.0,30,0.089333,0.024202,0.04,0.12,8.602732,337.920215,0.0698,270.83,2036.3
200,100,courier,up,0.85,trickle,10.0,30,0.075667,0.021605,0.03,0.11,17.317992,440.825946,0.0492,276.2,2377.47
200,100,courier,up,0.95,flood,0.0,30,0.092,0.02538,0.01,0.14,8.968674,412.550741,0.0657,275.67,2426.8
200,100,courier,up,0.95,flood,10.0,30,0.077333,0.023034,0.03,0.12,17.250798,504.055473,0.0464,287.43,2912.57
200,100,courier,up,0.95,gradient,0.0,30,0.036333,0.019911,0.0,0.08,0.0,825.15574,1.0,261.93,2423.67
200,100,courier,up,0.95,gradient,10.0,30,0.081667,0.027678,0.03,0.14,12.329599,440.57326,0.0496,274.2,2853.7
200,100,courier,up,0.95,gradient_scf,0.0,30,0.092,0.02538,0.01,0.14,8.968674,412.550741,0.0657,275.67,2426.8
200,100,courier,up,0.95,gradient_scf,10.0,30,0.077333,0.023034,0.03,0.12,17.250798,504.055473,0.0464,287.43,2912.57
200,100,courier,up,0.95,managed,0.0,30,0.092,0.02538,0.01,0.14,8.968674,412.550741,0.0657,275.67,2426.8
200,100,courier,up,0.95,managed,10.0,30,0.077333,0.023034,0.03,0.12,17.250798,504.055473,0.0464,287.43,2912.57
200,100,courier,up,0.95,trickle,0.0,30,0.092,0.02538,0.01,0.14,8.968674,412.550741,0.0657,275.67,2426.8
200,100,courier,up,0.95,trickle,10.0,30,0.077333,0.023034,0.03,0.12,17.250798,504.055473,0.0464,287.43,2912.57
200,100,static,down,0.7,flood,0.0,30,0.048,0.022652,0.0,0.09,1.063053,185.742679,0.061,243.83,40.4
200,100,static,down,0.7,flood,10.0,30,0.0,0.0,0.0,0.0,,,0.0442,238.9,43.9
200,100,static,down,0.7,gradient,0.0,30,0.035667,0.01942,0.0,0.08,0.0,45.9946,1.0,232.1,38.73
200,100,static,down,0.7,gradient,10.0,30,0.0,0.0,0.0,0.0,,,1.0,226.97,43.9
200,100,static,down,0.7,gradient_scf,0.0,30,0.048,0.022652,0.0,0.09,1.063053,185.742679,0.061,243.83,40.4
200,100,static,down,0.7,gradient_scf,10.0,30,0.0,0.0,0.0,0.0,,,0.0442,238.9,43.9
200,100,static,down,0.7,managed,0.0,30,0.048,0.022652,0.0,0.09,1.063053,185.742679,0.061,243.83,40.4
200,100,static,down,0.7,managed,10.0,30,0.0,0.0,0.0,0.0,,,0.0442,238.9,43.9
200,100,static,down,0.7,trickle,0.0,30,0.048,0.022652,0.0,0.09,1.063053,185.742679,0.061,243.83,40.4
200,100,static,down,0.7,trickle,10.0,30,0.0,0.0,0.0,0.0,,,0.0442,238.9,43.9
200,100,static,down,0.85,flood,0.0,30,0.054667,0.026488,0.0,0.1,0.881534,142.676233,0.0572,245.27,52.17
200,100,static,down,0.85,flood,10.0,30,0.0,0.0,0.0,0.0,,,0.0394,241.03,59.3
200,100,static,down,0.85,gradient,0.0,30,0.044,0.022682,0.0,0.08,0.0,41.384439,1.0,232.57,57.27
200,100,static,down,0.85,gradient,10.0,30,0.0,0.0,0.0,0.0,,,1.0,228.1,59.3
200,100,static,down,0.85,gradient_scf,0.0,30,0.054667,0.026488,0.0,0.1,0.881534,142.676233,0.0572,245.27,52.17
200,100,static,down,0.85,gradient_scf,10.0,30,0.0,0.0,0.0,0.0,,,0.0394,241.03,59.3
200,100,static,down,0.85,managed,0.0,30,0.054667,0.026488,0.0,0.1,0.881534,142.676233,0.0572,245.27,52.17
200,100,static,down,0.85,managed,10.0,30,0.0,0.0,0.0,0.0,,,0.0394,241.03,59.3
200,100,static,down,0.85,trickle,0.0,30,0.054667,0.026488,0.0,0.1,0.881534,142.676233,0.0572,245.27,52.17
200,100,static,down,0.85,trickle,10.0,30,0.0,0.0,0.0,0.0,,,0.0394,241.03,59.3
200,100,static,down,0.95,flood,0.0,30,0.056,0.027241,0.0,0.1,0.882607,143.914272,0.0556,245.43,48.97
200,100,static,down,0.95,flood,10.0,30,0.0,0.0,0.0,0.0,,,0.0367,241.27,68.37
200,100,static,down,0.95,gradient,0.0,30,0.047,0.023657,0.0,0.08,0.0,37.867815,1.0,232.4,49.0
200,100,static,down,0.95,gradient,10.0,30,0.0,0.0,0.0,0.0,,,1.0,228.2,68.37
200,100,static,down,0.95,gradient_scf,0.0,30,0.056,0.027241,0.0,0.1,0.882607,143.914272,0.0556,245.43,48.97
200,100,static,down,0.95,gradient_scf,10.0,30,0.0,0.0,0.0,0.0,,,0.0367,241.27,68.37
200,100,static,down,0.95,managed,0.0,30,0.056,0.027241,0.0,0.1,0.882607,143.914272,0.0556,245.43,48.97
200,100,static,down,0.95,managed,10.0,30,0.0,0.0,0.0,0.0,,,0.0367,241.27,68.37
200,100,static,down,0.95,trickle,0.0,30,0.056,0.027241,0.0,0.1,0.882607,143.914272,0.0556,245.43,48.97
200,100,static,down,0.95,trickle,10.0,30,0.0,0.0,0.0,0.0,,,0.0367,241.27,68.37
200,100,static,recovered,0.7,flood,0.0,30,0.048,0.022652,0.0,0.09,1.063053,185.742679,0.061,243.83,40.4
200,100,static,recovered,0.7,flood,10.0,30,0.0,0.0,0.0,0.0,,,0.0442,238.9,43.9
200,100,static,recovered,0.7,gradient,0.0,30,0.035667,0.01942,0.0,0.08,0.0,45.9946,1.0,232.1,38.73
200,100,static,recovered,0.7,gradient,10.0,30,0.0,0.0,0.0,0.0,,,1.0,226.97,43.9
200,100,static,recovered,0.7,gradient_scf,0.0,30,0.048,0.022652,0.0,0.09,1.063053,185.742679,0.061,243.83,40.4
200,100,static,recovered,0.7,gradient_scf,10.0,30,0.0,0.0,0.0,0.0,,,0.0442,238.9,43.9
200,100,static,recovered,0.7,managed,0.0,30,0.048,0.022652,0.0,0.09,1.063053,185.742679,0.061,243.83,40.4
200,100,static,recovered,0.7,managed,10.0,30,0.0,0.0,0.0,0.0,,,0.0442,238.9,43.9
200,100,static,recovered,0.7,trickle,0.0,30,0.048,0.022652,0.0,0.09,1.063053,185.742679,0.061,243.83,40.4
200,100,static,recovered,0.7,trickle,10.0,30,0.0,0.0,0.0,0.0,,,0.0442,238.9,43.9
200,100,static,recovered,0.85,flood,0.0,30,0.054667,0.026488,0.0,0.1,0.881534,142.676233,0.0572,245.27,52.17
200,100,static,recovered,0.85,flood,10.0,30,0.0,0.0,0.0,0.0,,,0.0394,241.03,59.3
200,100,static,recovered,0.85,gradient,0.0,30,0.044,0.022682,0.0,0.08,0.0,41.384439,1.0,232.57,57.27
200,100,static,recovered,0.85,gradient,10.0,30,0.0,0.0,0.0,0.0,,,1.0,228.1,59.3
200,100,static,recovered,0.85,gradient_scf,0.0,30,0.054667,0.026488,0.0,0.1,0.881534,142.676233,0.0572,245.27,52.17
200,100,static,recovered,0.85,gradient_scf,10.0,30,0.0,0.0,0.0,0.0,,,0.0394,241.03,59.3
200,100,static,recovered,0.85,managed,0.0,30,0.054667,0.026488,0.0,0.1,0.881534,142.676233,0.0572,245.27,52.17
200,100,static,recovered,0.85,managed,10.0,30,0.0,0.0,0.0,0.0,,,0.0394,241.03,59.3
200,100,static,recovered,0.85,trickle,0.0,30,0.054667,0.026488,0.0,0.1,0.881534,142.676233,0.0572,245.27,52.17
200,100,static,recovered,0.85,trickle,10.0,30,0.0,0.0,0.0,0.0,,,0.0394,241.03,59.3
200,100,static,recovered,0.95,flood,0.0,30,0.056,0.027241,0.0,0.1,0.882607,143.914272,0.0556,245.43,48.97
200,100,static,recovered,0.95,flood,10.0,30,0.0,0.0,0.0,0.0,,,0.0367,241.27,68.37
200,100,static,recovered,0.95,gradient,0.0,30,0.047,0.023657,0.0,0.08,0.0,37.867815,1.0,232.4,49.0
200,100,static,recovered,0.95,gradient,10.0,30,0.0,0.0,0.0,0.0,,,1.0,228.2,68.37
200,100,static,recovered,0.95,gradient_scf,0.0,30,0.056,0.027241,0.0,0.1,0.882607,143.914272,0.0556,245.43,48.97
200,100,static,recovered,0.95,gradient_scf,10.0,30,0.0,0.0,0.0,0.0,,,0.0367,241.27,68.37
200,100,static,recovered,0.95,managed,0.0,30,0.056,0.027241,0.0,0.1,0.882607,143.914272,0.0556,245.43,48.97
200,100,static,recovered,0.95,managed,10.0,30,0.0,0.0,0.0,0.0,,,0.0367,241.27,68.37
200,100,static,recovered,0.95,trickle,0.0,30,0.056,0.027241,0.0,0.1,0.882607,143.914272,0.0556,245.43,48.97
200,100,static,recovered,0.95,trickle,10.0,30,0.0,0.0,0.0,0.0,,,0.0367,241.27,68.37
200,100,static,up,0.7,flood,0.0,30,0.086333,0.026715,0.03,0.14,6.421017,244.34108,0.0606,291.93,1370.6
200,100,static,up,0.7,flood,10.0,30,0.078,0.02219,0.02,0.12,16.310518,308.23395,0.0459,298.9,1637.77
200,100,static,up,0.7,gradient,0.0,30,0.035667,0.01942,0.0,0.08,0.0,450.787798,1.0,275.43,1391.07
200,100,static,up,0.7,gradient,10.0,30,0.084667,0.026618,0.05,0.16,11.91969,233.67823,0.0526,287.9,1624.1
200,100,static,up,0.7,gradient_scf,0.0,30,0.086333,0.026715,0.03,0.14,6.421017,244.34108,0.0606,291.93,1370.6
200,100,static,up,0.7,gradient_scf,10.0,30,0.078,0.02219,0.02,0.12,16.310518,308.23395,0.0459,298.9,1637.77
200,100,static,up,0.7,managed,0.0,30,0.086333,0.026715,0.03,0.14,6.421017,244.34108,0.0606,291.93,1370.6
200,100,static,up,0.7,managed,10.0,30,0.078,0.02219,0.02,0.12,16.310518,308.23395,0.0459,298.9,1637.77
200,100,static,up,0.7,trickle,0.0,30,0.086333,0.026715,0.03,0.14,6.421017,244.34108,0.0606,291.93,1370.6
200,100,static,up,0.7,trickle,10.0,30,0.078,0.02219,0.02,0.12,16.310518,308.23395,0.0459,298.9,1637.77
200,100,static,up,0.85,flood,0.0,30,0.092333,0.025822,0.03,0.15,6.622665,280.909602,0.0568,311.93,1799.17
200,100,static,up,0.85,flood,10.0,30,0.079,0.019713,0.03,0.11,15.438094,355.675107,0.0385,323.23,2088.43
200,100,static,up,0.85,gradient,0.0,30,0.044,0.022682,0.0,0.08,0.0,521.733801,1.0,294.93,1803.17
200,100,static,up,0.85,gradient,10.0,30,0.085,0.020299,0.05,0.13,11.764127,286.994443,0.0425,311.3,2086.43
200,100,static,up,0.85,gradient_scf,0.0,30,0.092333,0.025822,0.03,0.15,6.622665,280.909602,0.0568,311.93,1799.17
200,100,static,up,0.85,gradient_scf,10.0,30,0.079,0.019713,0.03,0.11,15.438094,355.675107,0.0385,323.23,2088.43
200,100,static,up,0.85,managed,0.0,30,0.092333,0.025822,0.03,0.15,6.622665,280.909602,0.0568,311.93,1799.17
200,100,static,up,0.85,managed,10.0,30,0.079,0.019713,0.03,0.11,15.438094,355.675107,0.0385,323.23,2088.43
200,100,static,up,0.85,trickle,0.0,30,0.092333,0.025822,0.03,0.15,6.622665,280.909602,0.0568,311.93,1799.17
200,100,static,up,0.85,trickle,10.0,30,0.079,0.019713,0.03,0.11,15.438094,355.675107,0.0385,323.23,2088.43
200,100,static,up,0.95,flood,0.0,30,0.095,0.02446,0.04,0.14,6.849607,293.935138,0.0565,325.63,1998.33
200,100,static,up,0.95,flood,10.0,30,0.080333,0.02356,0.01,0.12,14.829299,436.431387,0.0363,341.37,2366.1
200,100,static,up,0.95,gradient,0.0,30,0.047,0.023657,0.0,0.08,0.0,579.103741,1.0,308.53,1999.73
200,100,static,up,0.95,gradient,10.0,30,0.089,0.022491,0.05,0.13,11.788046,311.732917,0.0408,328.1,2355.4
200,100,static,up,0.95,gradient_scf,0.0,30,0.095,0.02446,0.04,0.14,6.849607,293.935138,0.0565,325.63,1998.33
200,100,static,up,0.95,gradient_scf,10.0,30,0.080333,0.02356,0.01,0.12,14.829299,436.431387,0.0363,341.37,2366.1
200,100,static,up,0.95,managed,0.0,30,0.095,0.02446,0.04,0.14,6.849607,293.935138,0.0565,325.63,1998.33
200,100,static,up,0.95,managed,10.0,30,0.080333,0.02356,0.01,0.12,14.829299,436.431387,0.0363,341.37,2366.1
200,100,static,up,0.95,trickle,0.0,30,0.095,0.02446,0.04,0.14,6.849607,293.935138,0.0565,325.63,1998.33
200,100,static,up,0.95,trickle,10.0,30,0.080333,0.02356,0.01,0.12,14.829299,436.431387,0.0363,341.37,2366.1
200,100,walking,down,0.7,flood,0.0,30,0.044,0.024579,0.0,0.09,0.951126,178.892563,0.0638,242.63,42.3
200,100,walking,down,0.7,flood,10.0,30,0.0,0.0,0.0,0.0,,,0.0483,237.0,40.13
200,100,walking,down,0.7,gradient,0.0,30,0.032,0.018644,0.0,0.08,0.0,49.62037,1.0,231.7,39.83
200,100,walking,down,0.7,gradient,10.0,30,0.0,0.0,0.0,0.0,,,0.9689,226.2,40.13
200,100,walking,down,0.7,gradient_scf,0.0,30,0.044,0.024579,0.0,0.09,0.951126,178.892563,0.0638,242.63,42.3
200,100,walking,down,0.7,gradient_scf,10.0,30,0.0,0.0,0.0,0.0,,,0.0483,237.0,40.13
200,100,walking,down,0.7,managed,0.0,30,0.044,0.024579,0.0,0.09,0.951126,178.892563,0.0638,242.63,42.3
200,100,walking,down,0.7,managed,10.0,30,0.0,0.0,0.0,0.0,,,0.0483,237.0,40.13
200,100,walking,down,0.7,trickle,0.0,30,0.044,0.024579,0.0,0.09,0.951126,178.892563,0.0638,242.63,42.3
200,100,walking,down,0.7,trickle,10.0,30,0.0,0.0,0.0,0.0,,,0.0483,237.0,40.13
200,100,walking,down,0.85,flood,0.0,30,0.047,0.023067,0.0,0.09,0.686503,173.686905,0.0615,243.13,54.37
200,100,walking,down,0.85,flood,10.0,30,0.0,0.0,0.0,0.0,,,0.0437,238.67,62.43
200,100,walking,down,0.85,gradient,0.0,30,0.038667,0.020634,0.0,0.08,0.0,45.093495,1.0,231.73,54.53
200,100,walking,down,0.85,gradient,10.0,30,0.0,0.0,0.0,0.0,,,0.9682,227.23,62.43
200,100,walking,down,0.85,gradient_scf,0.0,30,0.047,0.023067,0.0,0.09,0.686503,173.686905,0.0615,243.13,54.37
200,100,walking,down,0.85,gradient_scf,10.0,30,0.0,0.0,0.0,0.0,,,0.0437,238.67,62.43
200,100,walking,down,0.85,managed,0.0,30,0.047,0.023067,0.0,0.09,0.686503,173.686905,0.0615,243.13,54.37
200,100,walking,down,0.85,managed,10.0,30,0.0,0.0,0.0,0.0,,,0.0437,238.67,62.43
200,100,walking,down,0.85,trickle,0.0,30,0.047,0.023067,0.0,0.09,0.686503,173.686905,0.0615,243.13,54.37
200,100,walking,down,0.85,trickle,10.0,30,0.0,0.0,0.0,0.0,,,0.0437,238.67,62.43
200,100,walking,down,0.95,flood,0.0,30,0.053333,0.025909,0.0,0.1,0.683039,158.080924,0.0589,243.27,67.5
200,100,walking,down,0.95,flood,10.0,30,0.0,0.0,0.0,0.0,,,0.0399,239.47,62.07
200,100,walking,down,0.95,gradient,0.0,30,0.044,0.022682,0.0,0.08,0.0,41.384439,1.0,231.83,57.27
200,100,walking,down,0.95,gradient,10.0,30,0.0,0.0,0.0,0.0,,,1.0,227.33,62.07
200,100,walking,down,0.95,gradient_scf,0.0,30,0.053333,0.025909,0.0,0.1,0.683039,158.080924,0.0589,243.27,67.5
200,100,walking,down,0.95,gradient_scf,10.0,30,0.0,0.0,0.0,0.0,,,0.0399,239.47,62.07
200,100,walking,down,0.95,managed,0.0,30,0.053333,0.025909,0.0,0.1,0.683039,158.080924,0.0589,243.27,67.5
200,100,walking,down,0.95,managed,10.0,30,0.0,0.0,0.0,0.0,,,0.0399,239.47,62.07
200,100,walking,down,0.95,trickle,0.0,30,0.053333,0.025909,0.0,0.1,0.683039,158.080924,0.0589,243.27,67.5
200,100,walking,down,0.95,trickle,10.0,30,0.0,0.0,0.0,0.0,,,0.0399,239.47,62.07
200,100,walking,recovered,0.7,flood,0.0,30,0.044,0.024579,0.0,0.09,0.951126,178.892563,0.0638,242.63,42.3
200,100,walking,recovered,0.7,flood,10.0,30,0.0,0.0,0.0,0.0,,,0.0483,237.0,40.13
200,100,walking,recovered,0.7,gradient,0.0,30,0.032,0.018644,0.0,0.08,0.0,49.62037,1.0,231.7,39.83
200,100,walking,recovered,0.7,gradient,10.0,30,0.0,0.0,0.0,0.0,,,0.9689,226.2,40.13
200,100,walking,recovered,0.7,gradient_scf,0.0,30,0.044,0.024579,0.0,0.09,0.951126,178.892563,0.0638,242.63,42.3
200,100,walking,recovered,0.7,gradient_scf,10.0,30,0.0,0.0,0.0,0.0,,,0.0483,237.0,40.13
200,100,walking,recovered,0.7,managed,0.0,30,0.044,0.024579,0.0,0.09,0.951126,178.892563,0.0638,242.63,42.3
200,100,walking,recovered,0.7,managed,10.0,30,0.0,0.0,0.0,0.0,,,0.0483,237.0,40.13
200,100,walking,recovered,0.7,trickle,0.0,30,0.044,0.024579,0.0,0.09,0.951126,178.892563,0.0638,242.63,42.3
200,100,walking,recovered,0.7,trickle,10.0,30,0.0,0.0,0.0,0.0,,,0.0483,237.0,40.13
200,100,walking,recovered,0.85,flood,0.0,30,0.047,0.023067,0.0,0.09,0.686503,173.686905,0.0615,243.13,54.37
200,100,walking,recovered,0.85,flood,10.0,30,0.0,0.0,0.0,0.0,,,0.0437,238.67,62.43
200,100,walking,recovered,0.85,gradient,0.0,30,0.038667,0.020634,0.0,0.08,0.0,45.093495,1.0,231.73,54.53
200,100,walking,recovered,0.85,gradient,10.0,30,0.0,0.0,0.0,0.0,,,0.9682,227.23,62.43
200,100,walking,recovered,0.85,gradient_scf,0.0,30,0.047,0.023067,0.0,0.09,0.686503,173.686905,0.0615,243.13,54.37
200,100,walking,recovered,0.85,gradient_scf,10.0,30,0.0,0.0,0.0,0.0,,,0.0437,238.67,62.43
200,100,walking,recovered,0.85,managed,0.0,30,0.047,0.023067,0.0,0.09,0.686503,173.686905,0.0615,243.13,54.37
200,100,walking,recovered,0.85,managed,10.0,30,0.0,0.0,0.0,0.0,,,0.0437,238.67,62.43
200,100,walking,recovered,0.85,trickle,0.0,30,0.047,0.023067,0.0,0.09,0.686503,173.686905,0.0615,243.13,54.37
200,100,walking,recovered,0.85,trickle,10.0,30,0.0,0.0,0.0,0.0,,,0.0437,238.67,62.43
200,100,walking,recovered,0.95,flood,0.0,30,0.053333,0.025909,0.0,0.1,0.683039,158.080924,0.0589,243.27,67.5
200,100,walking,recovered,0.95,flood,10.0,30,0.0,0.0,0.0,0.0,,,0.0399,239.47,62.07
200,100,walking,recovered,0.95,gradient,0.0,30,0.044,0.022682,0.0,0.08,0.0,41.384439,1.0,231.83,57.27
200,100,walking,recovered,0.95,gradient,10.0,30,0.0,0.0,0.0,0.0,,,1.0,227.33,62.07
200,100,walking,recovered,0.95,gradient_scf,0.0,30,0.053333,0.025909,0.0,0.1,0.683039,158.080924,0.0589,243.27,67.5
200,100,walking,recovered,0.95,gradient_scf,10.0,30,0.0,0.0,0.0,0.0,,,0.0399,239.47,62.07
200,100,walking,recovered,0.95,managed,0.0,30,0.053333,0.025909,0.0,0.1,0.683039,158.080924,0.0589,243.27,67.5
200,100,walking,recovered,0.95,managed,10.0,30,0.0,0.0,0.0,0.0,,,0.0399,239.47,62.07
200,100,walking,recovered,0.95,trickle,0.0,30,0.053333,0.025909,0.0,0.1,0.683039,158.080924,0.0589,243.27,67.5
200,100,walking,recovered,0.95,trickle,10.0,30,0.0,0.0,0.0,0.0,,,0.0399,239.47,62.07
200,100,walking,up,0.7,flood,0.0,30,0.084333,0.026351,0.01,0.13,7.711318,255.79421,0.0658,268.33,1200.13
200,100,walking,up,0.7,flood,10.0,30,0.073667,0.019561,0.02,0.11,16.576194,290.782334,0.0483,273.6,1402.3
200,100,walking,up,0.7,gradient,0.0,30,0.032,0.018644,0.0,0.08,0.0,433.55485,1.0,254.8,1194.43
200,100,walking,up,0.7,gradient,10.0,30,0.079333,0.025989,0.04,0.15,12.068922,216.481602,0.0587,262.6,1382.73
200,100,walking,up,0.7,gradient_scf,0.0,30,0.084333,0.026351,0.01,0.13,7.711318,255.79421,0.0658,268.33,1200.13
200,100,walking,up,0.7,gradient_scf,10.0,30,0.073667,0.019561,0.02,0.11,16.576194,290.782334,0.0483,273.6,1402.3
200,100,walking,up,0.7,managed,0.0,30,0.084333,0.026351,0.01,0.13,7.711318,255.79421,0.0658,268.33,1200.13
200,100,walking,up,0.7,managed,10.0,30,0.073667,0.019561,0.02,0.11,16.576194,290.782334,0.0483,273.6,1402.3
200,100,walking,up,0.7,trickle,0.0,30,0.084333,0.026351,0.01,0.13,7.711318,255.79421,0.0658,268.33,1200.13
200,100,walking,up,0.7,trickle,10.0,30,0.073667,0.019561,0.02,0.11,16.576194,290.782334,0.0483,273.6,1402.3
200,100,walking,up,0.85,flood,0.0,30,0.092,0.02441,0.03,0.14,8.418022,257.076531,0.0619,282.83,1587.3
200,100,walking,up,0.85,flood,10.0,30,0.076667,0.020229,0.03,0.11,15.659953,343.803095,0.0422,289.43,1866.03
200,100,walking,up,0.85,gradient,0.0,30,0.038667,0.020634,0.0,0.08,0.0,498.598342,1.0,266.83,1611.73
200,100,walking,up,0.85,gradient,10.0,30,0.084333,0.022234,0.04,0.13,12.088717,267.383872,0.0483,279.47,1880.0
200,100,walking,up,0.85,gradient_scf,0.0,30,0.092,0.02441,0.03,0.14,8.418022,257.076531,0.0619,282.83,1587.3
200,100,walking,up,0.85,gradient_scf,10.0,30,0.076667,0.020229,0.03,0.11,15.659953,343.803095,0.0422,289.43,1866.03
200,100,walking,up,0.85,managed,0.0,30,0.092,0.02441,0.03,0.14,8.418022,257.076531,0.0619,282.83,1587.3
200,100,walking,up,0.85,managed,10.0,30,0.076667,0.020229,0.03,0.11,15.659953,343.803095,0.0422,289.43,1866.03
200,100,walking,up,0.85,trickle,0.0,30,0.092,0.02441,0.03,0.14,8.418022,257.076531,0.0619,282.83,1587.3
200,100,walking,up,0.85,trickle,10.0,30,0.076667,0.020229,0.03,0.11,15.659953,343.803095,0.0422,289.43,1866.03
200,100,walking,up,0.95,flood,0.0,30,0.095667,0.029558,0.03,0.15,7.7722,284.626395,0.0598,291.33,1811.33
200,100,walking,up,0.95,flood,10.0,30,0.08,0.02,0.04,0.11,15.423668,351.824208,0.0386,299.6,2105.27
200,100,walking,up,0.95,gradient,0.0,30,0.044,0.022682,0.0,0.08,0.0,529.440561,1.0,276.63,1843.63
200,100,walking,up,0.95,gradient,10.0,30,0.087667,0.020457,0.05,0.13,11.968776,280.478981,0.0429,289.47,2112.67
200,100,walking,up,0.95,gradient_scf,0.0,30,0.095667,0.029558,0.03,0.15,7.7722,284.626395,0.0598,291.33,1811.33
200,100,walking,up,0.95,gradient_scf,10.0,30,0.08,0.02,0.04,0.11,15.423668,351.824208,0.0386,299.6,2105.27
200,100,walking,up,0.95,managed,0.0,30,0.095667,0.029558,0.03,0.15,7.7722,284.626395,0.0598,291.33,1811.33
200,100,walking,up,0.95,managed,10.0,30,0.08,0.02,0.04,0.11,15.423668,351.824208,0.0386,299.6,2105.27
200,100,walking,up,0.95,trickle,0.0,30,0.095667,0.029558,0.03,0.15,7.7722,284.626395,0.0598,291.33,1811.33
200,100,walking,up,0.95,trickle,10.0,30,0.08,0.02,0.04,0.11,15.423668,351.824208,0.0386,299.6,2105.27
200,20,courier,down,0.7,flood,0.0,30,0.075,0.061237,0.0,0.2,1.134837,593.545455,0.2919,25.43,291.0
200,20,courier,down,0.7,flood,10.0,30,0.0,0.0,0.0,0.0,,,0.2809,24.03,342.5
200,20,courier,down,0.7,gradient,0.0,30,0.025,0.034114,0.0,0.1,0.0,315.333333,1.0,12.7,244.4
200,20,courier,down,0.7,gradient,10.0,30,0.0,0.0,0.0,0.0,,,0.6696,13.87,345.37
200,20,courier,down,0.7,gradient_scf,0.0,30,0.075,0.061237,0.0,0.2,1.134837,593.545455,0.2919,25.43,291.0
200,20,courier,down,0.7,gradient_scf,10.0,30,0.0,0.0,0.0,0.0,,,0.2809,24.03,342.5
200,20,courier,down,0.7,managed,0.0,30,0.075,0.061237,0.0,0.2,1.134837,593.545455,0.2919,25.43,291.0
200,20,courier,down,0.7,managed,10.0,30,0.0,0.0,0.0,0.0,,,0.2809,24.03,342.5
200,20,courier,down,0.7,trickle,0.0,30,0.075,0.061237,0.0,0.2,1.134837,593.545455,0.2919,25.43,291.0
200,20,courier,down,0.7,trickle,10.0,30,0.0,0.0,0.0,0.0,,,0.2809,24.03,342.5
200,20,courier,down,0.85,flood,0.0,30,0.081667,0.064971,0.0,0.2,1.143879,681.195652,0.273,32.77,616.37
200,20,courier,down,0.85,flood,10.0,30,0.0,0.0,0.0,0.0,,,0.2624,29.0,556.63
200,20,courier,down,0.85,gradient,0.0,30,0.035,0.041833,0.0,0.15,0.0,582.666667,1.0,17.43,535.6
200,20,courier,down,0.85,gradient,10.0,30,0.0,0.0,0.0,0.0,,,0.5513,17.4,534.17
200,20,courier,down,0.85,gradient_scf,0.0,30,0.081667,0.064971,0.0,0.2,1.143879,681.195652,0.273,32.77,616.37
200,20,courier,down,0.85,gradient_scf,10.0,30,0.0,0.0,0.0,0.0,,,0.2624,29.0,556.63
200,20,courier,down,0.85,managed,0.0,30,0.081667,0.064971,0.0,0.2,1.143879,681.195652,0.273,32.77,616.37
200,20,courier,down,0.85,managed,10.0,30,0.0,0.0,0.0,0.0,,,0.2624,29.0,556.63
200,20,courier,down,0.85,trickle,0.0,30,0.081667,0.064971,0.0,0.2,1.143879,681.195652,0.273,32.77,616.37
200,20,courier,down,0.85,trickle,10.0,30,0.0,0.0,0.0,0.0,,,0.2624,29.0,556.63
200,20,courier,down,0.95,flood,0.0,30,0.085,0.063177,0.0,0.2,1.004113,828.643333,0.2532,33.93,772.1
200,20,courier,down,0.95,flood,10.0,30,0.0,0.0,0.0,0.0,,,0.2439,33.93,944.43
200,20,courier,down,0.95,gradient,0.0,30,0.038333,0.042918,0.0,0.15,0.0,649.552083,1.0,19.63,803.7
200,20,courier,down,0.95,gradient,10.0,30,0.0,0.0,0.0,0.0,,,0.5298,23.23,957.73
200,20,courier,down,0.95,gradient_scf,0.0,30,0.085,0.063177,0.0,0.2,1.004113,828.643333,0.2532,33.93,772.1
200,20,courier,down,0.95,gradient_scf,10.0,30,0.0,0.0,0.0,0.0,,,0.2439,33.93,944.43
200,20,courier,down,0.95,managed,0.0,30,0.085,0.063177,0.0,0.2,1.004113,828.643333,0.2532,33.93,772.1
200,20,courier,down,0.95,managed,10.0,30,0.0,0.0,0.0,0.0,,,0.2439,33.93,944.43
200,20,courier,down,0.95,trickle,0.0,30,0.085,0.063177,0.0,0.2,1.004113,828.643333,0.2532,33.93,772.1
200,20,courier,down,0.95,trickle,10.0,30,0.0,0.0,0.0,0.0,,,0.2439,33.93,944.43
200,20,courier,recovered,0.7,flood,0.0,30,0.075,0.061237,0.0,0.2,1.134837,593.545455,0.2919,25.43,291.0
200,20,courier,recovered,0.7,flood,10.0,30,0.0,0.0,0.0,0.0,,,0.2809,24.03,342.5
200,20,courier,recovered,0.7,gradient,0.0,30,0.025,0.034114,0.0,0.1,0.0,315.333333,1.0,12.7,244.4
200,20,courier,recovered,0.7,gradient,10.0,30,0.0,0.0,0.0,0.0,,,0.6696,13.87,345.37
200,20,courier,recovered,0.7,gradient_scf,0.0,30,0.075,0.061237,0.0,0.2,1.134837,593.545455,0.2919,25.43,291.0
200,20,courier,recovered,0.7,gradient_scf,10.0,30,0.0,0.0,0.0,0.0,,,0.2809,24.03,342.5
200,20,courier,recovered,0.7,managed,0.0,30,0.075,0.061237,0.0,0.2,1.134837,593.545455,0.2919,25.43,291.0
200,20,courier,recovered,0.7,managed,10.0,30,0.0,0.0,0.0,0.0,,,0.2809,24.03,342.5
200,20,courier,recovered,0.7,trickle,0.0,30,0.075,0.061237,0.0,0.2,1.134837,593.545455,0.2919,25.43,291.0
200,20,courier,recovered,0.7,trickle,10.0,30,0.0,0.0,0.0,0.0,,,0.2809,24.03,342.5
200,20,courier,recovered,0.85,flood,0.0,30,0.081667,0.064971,0.0,0.2,1.143879,681.195652,0.273,32.77,616.37
200,20,courier,recovered,0.85,flood,10.0,30,0.0,0.0,0.0,0.0,,,0.2624,29.0,556.63
200,20,courier,recovered,0.85,gradient,0.0,30,0.035,0.041833,0.0,0.15,0.0,582.666667,1.0,17.43,535.6
200,20,courier,recovered,0.85,gradient,10.0,30,0.0,0.0,0.0,0.0,,,0.5513,17.4,534.17
200,20,courier,recovered,0.85,gradient_scf,0.0,30,0.081667,0.064971,0.0,0.2,1.143879,681.195652,0.273,32.77,616.37
200,20,courier,recovered,0.85,gradient_scf,10.0,30,0.0,0.0,0.0,0.0,,,0.2624,29.0,556.63
200,20,courier,recovered,0.85,managed,0.0,30,0.081667,0.064971,0.0,0.2,1.143879,681.195652,0.273,32.77,616.37
200,20,courier,recovered,0.85,managed,10.0,30,0.0,0.0,0.0,0.0,,,0.2624,29.0,556.63
200,20,courier,recovered,0.85,trickle,0.0,30,0.081667,0.064971,0.0,0.2,1.143879,681.195652,0.273,32.77,616.37
200,20,courier,recovered,0.85,trickle,10.0,30,0.0,0.0,0.0,0.0,,,0.2624,29.0,556.63
200,20,courier,recovered,0.95,flood,0.0,30,0.085,0.063177,0.0,0.2,1.004113,828.643333,0.2532,33.93,772.1
200,20,courier,recovered,0.95,flood,10.0,30,0.0,0.0,0.0,0.0,,,0.2439,33.93,944.43
200,20,courier,recovered,0.95,gradient,0.0,30,0.038333,0.042918,0.0,0.15,0.0,649.552083,1.0,19.63,803.7
200,20,courier,recovered,0.95,gradient,10.0,30,0.0,0.0,0.0,0.0,,,0.5298,23.23,957.73
200,20,courier,recovered,0.95,gradient_scf,0.0,30,0.085,0.063177,0.0,0.2,1.004113,828.643333,0.2532,33.93,772.1
200,20,courier,recovered,0.95,gradient_scf,10.0,30,0.0,0.0,0.0,0.0,,,0.2439,33.93,944.43
200,20,courier,recovered,0.95,managed,0.0,30,0.085,0.063177,0.0,0.2,1.004113,828.643333,0.2532,33.93,772.1
200,20,courier,recovered,0.95,managed,10.0,30,0.0,0.0,0.0,0.0,,,0.2439,33.93,944.43
200,20,courier,recovered,0.95,trickle,0.0,30,0.085,0.063177,0.0,0.2,1.004113,828.643333,0.2532,33.93,772.1
200,20,courier,recovered,0.95,trickle,10.0,30,0.0,0.0,0.0,0.0,,,0.2439,33.93,944.43
200,20,courier,up,0.7,flood,0.0,30,0.258333,0.075525,0.0,0.4,8.040933,262.474343,0.2912,33.4,712.27
200,20,courier,up,0.7,flood,10.0,30,0.266667,0.0735,0.1,0.4,18.058616,313.561825,0.2849,34.0,923.27
200,20,courier,up,0.7,gradient,0.0,30,0.025,0.034114,0.0,0.1,0.0,628.416667,1.0,17.2,692.7
200,20,courier,up,0.7,gradient,10.0,30,0.205,0.106147,0.0,0.45,11.94808,303.606992,0.3056,22.63,939.9
200,20,courier,up,0.7,gradient_scf,0.0,30,0.258333,0.075525,0.0,0.4,8.040933,262.474343,0.2912,33.4,712.27
200,20,courier,up,0.7,gradient_scf,10.0,30,0.266667,0.0735,0.1,0.4,18.058616,313.561825,0.2849,34.0,923.27
200,20,courier,up,0.7,managed,0.0,30,0.258333,0.075525,0.0,0.4,8.040933,262.474343,0.2912,33.4,712.27
200,20,courier,up,0.7,managed,10.0,30,0.266667,0.0735,0.1,0.4,18.058616,313.561825,0.2849,34.0,923.27
200,20,courier,up,0.7,trickle,0.0,30,0.258333,0.075525,0.0,0.4,8.040933,262.474343,0.2912,33.4,712.27
200,20,courier,up,0.7,trickle,10.0,30,0.266667,0.0735,0.1,0.4,18.058616,313.561825,0.2849,34.0,923.27
200,20,courier,up,0.85,flood,0.0,30,0.276667,0.053713,0.2,0.4,7.388671,299.648294,0.2746,36.77,973.57
200,20,courier,up,0.85,flood,10.0,30,0.286667,0.055605,0.2,0.4,17.988843,348.209008,0.2733,42.87,1289.3
200,20,courier,up,0.85,gradient,0.0,30,0.035,0.041833,0.0,0.15,0.0,819.822222,1.0,22.3,975.9
200,20,courier,up,0.85,gradient,10.0,30,0.265,0.085248,0.1,0.45,12.176602,292.81459,0.2761,32.3,1319.0
200,20,courier,up,0.85,gradient_scf,0.0,30,0.276667,0.053713,0.2,0.4,7.388671,299.648294,0.2746,36.77,973.57
200,20,courier,up,0.85,gradient_scf,10.0,30,0.286667,0.055605,0.2,0.4,17.988843,348.209008,0.2733,42.87,1289.3
200,20,courier,up,0.85,managed,0.0,30,0.276667,0.053713,0.2,0.4,7.388671,299.648294,0.2746,36.77,973.57
200,20,courier,up,0.85,managed,10.0,30,0.286667,0.055605,0.2,0.4,17.988843,348.209008,0.2733,42.87,1289.3
200,20,courier,up,0.85,trickle,0.0,30,0.276667,0.053713,0.2,0.4,7.388671,299.648294,0.2746,36.77,973.57
200,20,courier,up,0.85,trickle,10.0,30,0.286667,0.055605,0.2,0.4,17.988843,348.209008,0.2733,42.87,1289.3
200,20,courier,up,0.95,flood,0.0,30,0.263333,0.07184,0.05,0.4,7.584119,380.90996,0.255,40.7,1163.17
200,20,courier,up,0.95,flood,10.0,30,0.271667,0.058255,0.15,0.45,16.823877,413.81873,0.2498,47.37,1558.4
200,20,courier,up,0.95,gradient,0.0,30,0.038333,0.042918,0.0,0.15,0.0,960.885417,1.0,24.87,1164.2
200,20,courier,up,0.95,gradient,10.0,30,0.271667,0.083752,0.1,0.45,12.30368,331.172011,0.2619,34.9,1568.07
200,20,courier,up,0.95,gradient_scf,0.0,30,0.263333,0.07184,0.05,0.4,7.584119,380.90996,0.255,40.7,1163.17
200,20,courier,up,0.95,gradient_scf,10.0,30,0.271667,0.058255,0.15,0.45,16.823877,413.81873,0.2498,47.37,1558.4
200,20,courier,up,0.95,managed,0.0,30,0.263333,0.07184,0.05,0.4,7.584119,380.90996,0.255,40.7,1163.17
200,20,courier,up,0.95,managed,10.0,30,0.271667,0.058255,0.15,0.45,16.823877,413.81873,0.2498,47.37,1558.4
200,20,courier,up,0.95,trickle,0.0,30,0.263333,0.07184,0.05,0.4,7.584119,380.90996,0.255,40.7,1163.17
200,20,courier,up,0.95,trickle,10.0,30,0.271667,0.058255,0.15,0.45,16.823877,413.81873,0.2498,47.37,1558.4
200,20,static,down,0.7,flood,0.0,30,0.101667,0.07598,0.0,0.25,1.225767,290.13125,0.2474,23.43,44.47
200,20,static,down,0.7,flood,10.0,30,0.0,0.0,0.0,0.0,,,0.2283,22.2,43.9
200,20,static,down,0.7,gradient,0.0,30,0.038333,0.042918,0.0,0.15,0.0,50.8125,1.0,11.0,43.77
200,20,static,down,0.7,gradient,10.0,30,0.0,0.0,0.0,0.0,,,1.0,10.23,43.9
200,20,static,down,0.7,gradient_scf,0.0,30,0.101667,0.07598,0.0,0.25,1.225767,290.13125,0.2474,23.43,44.47
200,20,static,down,0.7,gradient_scf,10.0,30,0.0,0.0,0.0,0.0,,,0.2283,22.2,43.9
200,20,static,down,0.7,managed,0.0,30,0.101667,0.07598,0.0,0.25,1.225767,290.13125,0.2474,23.43,44.47
200,20,static,down,0.7,managed,10.0,30,0.0,0.0,0.0,0.0,,,0.2283,22.2,43.9
200,20,static,down,0.7,trickle,0.0,30,0.101667,0.07598,0.0,0.25,1.225767,290.13125,0.2474,23.43,44.47
200,20,static,down,0.7,trickle,10.0,30,0.0,0.0,0.0,0.0,,,0.2283,22.2,43.9
200,20,static,down,0.85,flood,0.0,30,0.103333,0.077608,0.0,0.3,1.157938,312.163333,0.2204,25.17,57.2
200,20,static,down,0.85,flood,10.0,30,0.0,0.0,0.0,0.0,,,0.2109,23.57,59.3
200,20,static,down,0.85,gradient,0.0,30,0.041667,0.049276,0.0,0.2,0.0,56.734375,1.0,12.03,57.2
200,20,static,down,0.85,gradient,10.0,30,0.0,0.0,0.0,0.0,,,1.0,11.37,59.3
200,20,static,down,0.85,gradient_scf,0.0,30,0.103333,0.077608,0.0,0.3,1.157938,312.163333,0.2204,25.17,57.2
200,20,static,down,0.85,gradient_scf,10.0,30,0.0,0.0,0.0,0.0,,,0.2109,23.57,59.3
200,20,static,down,0.85,managed,0.0,30,0.103333,0.077608,0.0,0.3,1.157938,312.163333,0.2204,25.17,57.2
200,20,static,down,0.85,managed,10.0,30,0.0,0.0,0.0,0.0,,,0.2109,23.57,59.3
200,20,static,down,0.85,trickle,0.0,30,0.103333,0.077608,0.0,0.3,1.157938,312.163333,0.2204,25.17,57.2
200,20,static,down,0.85,trickle,10.0,30,0.0,0.0,0.0,0.0,,,0.2109,23.57,59.3
200,20,static,down,0.95,flood,0.0,30,0.108333,0.077774,0.0,0.35,1.309532,310.851648,0.2167,27.33,65.3
200,20,static,down,0.95,flood,10.0,30,0.0,0.0,0.0,0.0,,,0.1994,25.17,68.37
200,20,static,down,0.95,gradient,0.0,30,0.041667,0.049276,0.0,0.2,0.0,60.796875,1.0,12.23,64.3
200,20,static,down,0.95,gradient,10.0,30,0.0,0.0,0.0,0.0,,,1.0,11.47,68.37
200,20,static,down,0.95,gradient_scf,0.0,30,0.108333,0.077774,0.0,0.35,1.309532,310.851648,0.2167,27.33,65.3
200,20,static,down,0.95,gradient_scf,10.0,30,0.0,0.0,0.0,0.0,,,0.1994,25.17,68.37
200,20,static,down,0.95,managed,0.0,30,0.108333,0.077774,0.0,0.35,1.309532,310.851648,0.2167,27.33,65.3
200,20,static,down,0.95,managed,10.0,30,0.0,0.0,0.0,0.0,,,0.1994,25.17,68.37
200,20,static,down,0.95,trickle,0.0,30,0.108333,0.077774,0.0,0.35,1.309532,310.851648,0.2167,27.33,65.3
200,20,static,down,0.95,trickle,10.0,30,0.0,0.0,0.0,0.0,,,0.1994,25.17,68.37
200,20,static,recovered,0.7,flood,0.0,30,0.101667,0.07598,0.0,0.25,1.225767,290.13125,0.2474,23.43,44.47
200,20,static,recovered,0.7,flood,10.0,30,0.0,0.0,0.0,0.0,,,0.2283,22.2,43.9
200,20,static,recovered,0.7,gradient,0.0,30,0.038333,0.042918,0.0,0.15,0.0,50.8125,1.0,11.0,43.77
200,20,static,recovered,0.7,gradient,10.0,30,0.0,0.0,0.0,0.0,,,1.0,10.23,43.9
200,20,static,recovered,0.7,gradient_scf,0.0,30,0.101667,0.07598,0.0,0.25,1.225767,290.13125,0.2474,23.43,44.47
200,20,static,recovered,0.7,gradient_scf,10.0,30,0.0,0.0,0.0,0.0,,,0.2283,22.2,43.9
200,20,static,recovered,0.7,managed,0.0,30,0.101667,0.07598,0.0,0.25,1.225767,290.13125,0.2474,23.43,44.47
200,20,static,recovered,0.7,managed,10.0,30,0.0,0.0,0.0,0.0,,,0.2283,22.2,43.9
200,20,static,recovered,0.7,trickle,0.0,30,0.101667,0.07598,0.0,0.25,1.225767,290.13125,0.2474,23.43,44.47
200,20,static,recovered,0.7,trickle,10.0,30,0.0,0.0,0.0,0.0,,,0.2283,22.2,43.9
200,20,static,recovered,0.85,flood,0.0,30,0.103333,0.077608,0.0,0.3,1.157938,312.163333,0.2204,25.17,57.2
200,20,static,recovered,0.85,flood,10.0,30,0.0,0.0,0.0,0.0,,,0.2109,23.57,59.3
200,20,static,recovered,0.85,gradient,0.0,30,0.041667,0.049276,0.0,0.2,0.0,56.734375,1.0,12.03,57.2
200,20,static,recovered,0.85,gradient,10.0,30,0.0,0.0,0.0,0.0,,,1.0,11.37,59.3
200,20,static,recovered,0.85,gradient_scf,0.0,30,0.103333,0.077608,0.0,0.3,1.157938,312.163333,0.2204,25.17,57.2
200,20,static,recovered,0.85,gradient_scf,10.0,30,0.0,0.0,0.0,0.0,,,0.2109,23.57,59.3
200,20,static,recovered,0.85,managed,0.0,30,0.103333,0.077608,0.0,0.3,1.157938,312.163333,0.2204,25.17,57.2
200,20,static,recovered,0.85,managed,10.0,30,0.0,0.0,0.0,0.0,,,0.2109,23.57,59.3
200,20,static,recovered,0.85,trickle,0.0,30,0.103333,0.077608,0.0,0.3,1.157938,312.163333,0.2204,25.17,57.2
200,20,static,recovered,0.85,trickle,10.0,30,0.0,0.0,0.0,0.0,,,0.2109,23.57,59.3
200,20,static,recovered,0.95,flood,0.0,30,0.108333,0.077774,0.0,0.35,1.309532,310.851648,0.2167,27.33,65.3
200,20,static,recovered,0.95,flood,10.0,30,0.0,0.0,0.0,0.0,,,0.1994,25.17,68.37
200,20,static,recovered,0.95,gradient,0.0,30,0.041667,0.049276,0.0,0.2,0.0,60.796875,1.0,12.23,64.3
200,20,static,recovered,0.95,gradient,10.0,30,0.0,0.0,0.0,0.0,,,1.0,11.47,68.37
200,20,static,recovered,0.95,gradient_scf,0.0,30,0.108333,0.077774,0.0,0.35,1.309532,310.851648,0.2167,27.33,65.3
200,20,static,recovered,0.95,gradient_scf,10.0,30,0.0,0.0,0.0,0.0,,,0.1994,25.17,68.37
200,20,static,recovered,0.95,managed,0.0,30,0.108333,0.077774,0.0,0.35,1.309532,310.851648,0.2167,27.33,65.3
200,20,static,recovered,0.95,managed,10.0,30,0.0,0.0,0.0,0.0,,,0.1994,25.17,68.37
200,20,static,recovered,0.95,trickle,0.0,30,0.108333,0.077774,0.0,0.35,1.309532,310.851648,0.2167,27.33,65.3
200,20,static,recovered,0.95,trickle,10.0,30,0.0,0.0,0.0,0.0,,,0.1994,25.17,68.37
200,20,static,up,0.7,flood,0.0,30,0.25,0.071919,0.05,0.4,6.238846,276.004246,0.2447,46.93,706.97
200,20,static,up,0.7,flood,10.0,30,0.241667,0.052659,0.1,0.35,15.928949,315.412381,0.2341,56.6,931.43
200,20,static,up,0.7,gradient,0.0,30,0.038333,0.042918,0.0,0.15,0.0,573.458333,1.0,32.57,707.63
200,20,static,up,0.7,gradient,10.0,30,0.276667,0.082768,0.15,0.5,11.87245,201.915701,0.2581,44.77,940.33
200,20,static,up,0.7,gradient_scf,0.0,30,0.25,0.071919,0.05,0.4,6.238846,276.004246,0.2447,46.93,706.97
200,20,static,up,0.7,gradient_scf,10.0,30,0.241667,0.052659,0.1,0.35,15.928949,315.412381,0.2341,56.6,931.43
200,20,static,up,0.7,managed,0.0,30,0.25,0.071919,0.05,0.4,6.238846,276.004246,0.2447,46.93,706.97
200,20,static,up,0.7,managed,10.0,30,0.241667,0.052659,0.1,0.35,15.928949,315.412381,0.2341,56.6,931.43
200,20,static,up,0.7,trickle,0.0,30,0.25,0.071919,0.05,0.4,6.238846,276.004246,0.2447,46.93,706.97
200,20,static,up,0.7,trickle,10.0,30,0.241667,0.052659,0.1,0.35,15.928949,315.412381,0.2341,56.6,931.43
200,20,static,up,0.85,flood,0.0,30,0.246667,0.066868,0.1,0.4,5.588157,299.295198,0.2175,59.8,889.9
200,20,static,up,0.85,flood,10.0,30,0.24,0.063518,0.15,0.35,14.82429,386.007381,0.2089,70.6,1211.17
200,20,static,up,0.85,gradient,0.0,30,0.041667,0.049276,0.0,0.2,0.0,710.109375,1.0,42.13,895.2
200,20,static,up,0.85,gradient,10.0,30,0.28,0.085702,0.15,0.45,11.923218,256.153188,0.229,57.63,1184.6
200,20,static,up,0.85,gradient_scf,0.0,30,0.246667,0.066868,0.1,0.4,5.588157,299.295198,0.2175,59.8,889.9
200,20,static,up,0.85,gradient_scf,10.0,30,0.24,0.063518,0.15,0.35,14.82429,386.007381,0.2089,70.6,1211.17
200,20,static,up,0.85,managed,0.0,30,0.246667,0.066868,0.1,0.4,5.588157,299.295198,0.2175,59.8,889.9
200,20,static,up,0.85,managed,10.0,30,0.24,0.063518,0.15,0.35,14.82429,386.007381,0.2089,70.6,1211.17
200,20,static,up,0.85,trickle,0.0,30,0.246667,0.066868,0.1,0.4,5.588157,299.295198,0.2175,59.8,889.9
200,20,static,up,0.85,trickle,10.0,30,0.24,0.063518,0.15,0.35,14.82429,386.007381,0.2089,70.6,1211.17
200,20,static,up,0.95,flood,0.0,30,0.246667,0.064237,0.1,0.4,5.847162,329.219286,0.2129,68.13,1005.2
200,20,static,up,0.95,flood,10.0,30,0.226667,0.071599,0.1,0.4,14.774234,446.953373,0.1985,80.07,1343.67
200,20,static,up,0.95,gradient,0.0,30,0.041667,0.049276,0.0,0.2,0.0,784.359375,1.0,48.77,1003.0
200,20,static,up,0.95,gradient,10.0,30,0.283333,0.076939,0.15,0.5,11.84027,276.394643,0.211,67.67,1331.6
200,20,static,up,0.95,gradient_scf,0.0,30,0.246667,0.064237,0.1,0.4,5.847162,329.219286,0.2129,68.13,1005.2
200,20,static,up,0.95,gradient_scf,10.0,30,0.226667,0.071599,0.1,0.4,14.774234,446.953373,0.1985,80.07,1343.67
200,20,static,up,0.95,managed,0.0,30,0.246667,0.064237,0.1,0.4,5.847162,329.219286,0.2129,68.13,1005.2
200,20,static,up,0.95,managed,10.0,30,0.226667,0.071599,0.1,0.4,14.774234,446.953373,0.1985,80.07,1343.67
200,20,static,up,0.95,trickle,0.0,30,0.246667,0.064237,0.1,0.4,5.847162,329.219286,0.2129,68.13,1005.2
200,20,static,up,0.95,trickle,10.0,30,0.226667,0.071599,0.1,0.4,14.774234,446.953373,0.1985,80.07,1343.67
200,20,walking,down,0.7,flood,0.0,30,0.095,0.05776,0.0,0.2,1.251533,331.673077,0.2569,21.47,38.1
200,20,walking,down,0.7,flood,10.0,30,0.0,0.0,0.0,0.0,,,0.2488,20.23,40.13
200,20,walking,down,0.7,gradient,0.0,30,0.035,0.041833,0.0,0.15,0.0,67.9,1.0,10.37,46.43
200,20,walking,down,0.7,gradient,10.0,30,0.0,0.0,0.0,0.0,,,0.9756,9.53,40.13
200,20,walking,down,0.7,gradient_scf,0.0,30,0.095,0.05776,0.0,0.2,1.251533,331.673077,0.2569,21.47,38.1
200,20,walking,down,0.7,gradient_scf,10.0,30,0.0,0.0,0.0,0.0,,,0.2488,20.23,40.13
200,20,walking,down,0.7,managed,0.0,30,0.095,0.05776,0.0,0.2,1.251533,331.673077,0.2569,21.47,38.1
200,20,walking,down,0.7,managed,10.0,30,0.0,0.0,0.0,0.0,,,0.2488,20.23,40.13
200,20,walking,down,0.7,trickle,0.0,30,0.095,0.05776,0.0,0.2,1.251533,331.673077,0.2569,21.47,38.1
200,20,walking,down,0.7,trickle,10.0,30,0.0,0.0,0.0,0.0,,,0.2488,20.23,40.13
200,20,walking,down,0.85,flood,0.0,30,0.096667,0.068145,0.0,0.25,1.231284,359.567308,0.2307,24.1,52.43
200,20,walking,down,0.85,flood,10.0,30,0.0,0.0,0.0,0.0,,,0.223,21.83,62.43
200,20,walking,down,0.85,gradient,0.0,30,0.038333,0.042918,0.0,0.15,0.0,54.53125,1.0,10.9,51.67
200,20,walking,down,0.85,gradient,10.0,30,0.0,0.0,0.0,0.0,,,0.9732,10.4,62.43
200,20,walking,down,0.85,gradient_scf,0.0,30,0.096667,0.068145,0.0,0.25,1.231284,359.567308,0.2307,24.1,52.43
200,20,walking,down,0.85,gradient_scf,10.0,30,0.0,0.0,0.0,0.0,,,0.223,21.83,62.43
200,20,walking,down,0.85,managed,0.0,30,0.096667,0.068145,0.0,0.25,1.231284,359.567308,0.2307,24.1,52.43
200,20,walking,down,0.85,managed,10.0,30,0.0,0.0,0.0,0.0,,,0.223,21.83,62.43
200,20,walking,down,0.85,trickle,0.0,30,0.096667,0.068145,0.0,0.25,1.231284,359.567308,0.2307,24.1,52.43
200,20,walking,down,0.85,trickle,10.0,30,0.0,0.0,0.0,0.0,,,0.223,21.83,62.43
200,20,walking,down,0.95,flood,0.0,30,0.101667,0.077106,0.0,0.3,1.181236,317.0,0.2248,23.33,75.83
200,20,walking,down,0.95,flood,10.0,30,0.0,0.0,0.0,0.0,,,0.2152,21.97,62.07
200,20,walking,down,0.95,gradient,0.0,30,0.041667,0.049276,0.0,0.2,0.0,56.734375,1.0,11.47,59.97
200,20,walking,down,0.95,gradient,10.0,30,0.0,0.0,0.0,0.0,,,1.0,10.6,62.07
200,20,walking,down,0.95,gradient_scf,0.0,30,0.101667,0.077106,0.0,0.3,1.181236,317.0,0.2248,23.33,75.83
200,20,walking,down,0.95,gradient_scf,10.0,30,0.0,0.0,0.0,0.0,,,0.2152,21.97,62.07
200,20,walking,down,0.95,managed,0.0,30,0.101667,0.077106,0.0,0.3,1.181236,317.0,0.2248,23.33,75.83
200,20,walking,down,0.95,managed,10.0,30,0.0,0.0,0.0,0.0,,,0.2152,21.97,62.07
200,20,walking,down,0.95,trickle,0.0,30,0.101667,0.077106,0.0,0.3,1.181236,317.0,0.2248,23.33,75.83
200,20,walking,down,0.95,trickle,10.0,30,0.0,0.0,0.0,0.0,,,0.2152,21.97,62.07
200,20,walking,recovered,0.7,flood,0.0,30,0.095,0.05776,0.0,0.2,1.251533,331.673077,0.2569,21.47,38.1
200,20,walking,recovered,0.7,flood,10.0,30,0.0,0.0,0.0,0.0,,,0.2488,20.23,40.13
200,20,walking,recovered,0.7,gradient,0.0,30,0.035,0.041833,0.0,0.15,0.0,67.9,1.0,10.37,46.43
200,20,walking,recovered,0.7,gradient,10.0,30,0.0,0.0,0.0,0.0,,,0.9756,9.53,40.13
200,20,walking,recovered,0.7,gradient_scf,0.0,30,0.095,0.05776,0.0,0.2,1.251533,331.673077,0.2569,21.47,38.1
200,20,walking,recovered,0.7,gradient_scf,10.0,30,0.0,0.0,0.0,0.0,,,0.2488,20.23,40.13
200,20,walking,recovered,0.7,managed,0.0,30,0.095,0.05776,0.0,0.2,1.251533,331.673077,0.2569,21.47,38.1
200,20,walking,recovered,0.7,managed,10.0,30,0.0,0.0,0.0,0.0,,,0.2488,20.23,40.13
200,20,walking,recovered,0.7,trickle,0.0,30,0.095,0.05776,0.0,0.2,1.251533,331.673077,0.2569,21.47,38.1
200,20,walking,recovered,0.7,trickle,10.0,30,0.0,0.0,0.0,0.0,,,0.2488,20.23,40.13
200,20,walking,recovered,0.85,flood,0.0,30,0.096667,0.068145,0.0,0.25,1.231284,359.567308,0.2307,24.1,52.43
200,20,walking,recovered,0.85,flood,10.0,30,0.0,0.0,0.0,0.0,,,0.223,21.83,62.43
200,20,walking,recovered,0.85,gradient,0.0,30,0.038333,0.042918,0.0,0.15,0.0,54.53125,1.0,10.9,51.67
200,20,walking,recovered,0.85,gradient,10.0,30,0.0,0.0,0.0,0.0,,,0.9732,10.4,62.43
200,20,walking,recovered,0.85,gradient_scf,0.0,30,0.096667,0.068145,0.0,0.25,1.231284,359.567308,0.2307,24.1,52.43
200,20,walking,recovered,0.85,gradient_scf,10.0,30,0.0,0.0,0.0,0.0,,,0.223,21.83,62.43
200,20,walking,recovered,0.85,managed,0.0,30,0.096667,0.068145,0.0,0.25,1.231284,359.567308,0.2307,24.1,52.43
200,20,walking,recovered,0.85,managed,10.0,30,0.0,0.0,0.0,0.0,,,0.223,21.83,62.43
200,20,walking,recovered,0.85,trickle,0.0,30,0.096667,0.068145,0.0,0.25,1.231284,359.567308,0.2307,24.1,52.43
200,20,walking,recovered,0.85,trickle,10.0,30,0.0,0.0,0.0,0.0,,,0.223,21.83,62.43
200,20,walking,recovered,0.95,flood,0.0,30,0.101667,0.077106,0.0,0.3,1.181236,317.0,0.2248,23.33,75.83
200,20,walking,recovered,0.95,flood,10.0,30,0.0,0.0,0.0,0.0,,,0.2152,21.97,62.07
200,20,walking,recovered,0.95,gradient,0.0,30,0.041667,0.049276,0.0,0.2,0.0,56.734375,1.0,11.47,59.97
200,20,walking,recovered,0.95,gradient,10.0,30,0.0,0.0,0.0,0.0,,,1.0,10.6,62.07
200,20,walking,recovered,0.95,gradient_scf,0.0,30,0.101667,0.077106,0.0,0.3,1.181236,317.0,0.2248,23.33,75.83
200,20,walking,recovered,0.95,gradient_scf,10.0,30,0.0,0.0,0.0,0.0,,,0.2152,21.97,62.07
200,20,walking,recovered,0.95,managed,0.0,30,0.101667,0.077106,0.0,0.3,1.181236,317.0,0.2248,23.33,75.83
200,20,walking,recovered,0.95,managed,10.0,30,0.0,0.0,0.0,0.0,,,0.2152,21.97,62.07
200,20,walking,recovered,0.95,trickle,0.0,30,0.101667,0.077106,0.0,0.3,1.181236,317.0,0.2248,23.33,75.83
200,20,walking,recovered,0.95,trickle,10.0,30,0.0,0.0,0.0,0.0,,,0.2152,21.97,62.07
200,20,walking,up,0.7,flood,0.0,30,0.268333,0.051668,0.1,0.35,6.838636,225.85754,0.2579,36.27,599.37
200,20,walking,up,0.7,flood,10.0,30,0.245,0.066111,0.05,0.4,16.381816,310.945992,0.2478,39.9,806.1
200,20,walking,up,0.7,gradient,0.0,30,0.035,0.041833,0.0,0.15,0.0,535.433333,1.0,22.07,608.07
200,20,walking,up,0.7,gradient,10.0,30,0.273333,0.102329,0.1,0.45,12.038774,180.434656,0.2791,30.23,810.07
200,20,walking,up,0.7,gradient_scf,0.0,30,0.268333,0.051668,0.1,0.35,6.838636,225.85754,0.2579,36.27,599.37
200,20,walking,up,0.7,gradient_scf,10.0,30,0.245,0.066111,0.05,0.4,16.381816,310.945992,0.2478,39.9,806.1
200,20,walking,up,0.7,managed,0.0,30,0.268333,0.051668,0.1,0.35,6.838636,225.85754,0.2579,36.27,599.37
200,20,walking,up,0.7,managed,10.0,30,0.245,0.066111,0.05,0.4,16.381816,310.945992,0.2478,39.9,806.1
200,20,walking,up,0.7,trickle,0.0,30,0.268333,0.051668,0.1,0.35,6.838636,225.85754,0.2579,36.27,599.37
200,20,walking,up,0.7,trickle,10.0,30,0.245,0.066111,0.05,0.4,16.381816,310.945992,0.2478,39.9,806.1
200,20,walking,up,0.85,flood,0.0,30,0.256667,0.059789,0.1,0.35,6.725735,275.133016,0.2346,44.93,793.63
200,20,walking,up,0.85,flood,10.0,30,0.243333,0.062606,0.1,0.4,16.19611,353.100635,0.2238,49.67,1061.03
200,20,walking,up,0.85,gradient,0.0,30,0.038333,0.042918,0.0,0.15,0.0,650.03125,1.0,28.1,800.33
200,20,walking,up,0.85,gradient,10.0,30,0.275,0.076282,0.1,0.4,12.155314,237.821667,0.2463,38.67,1061.67
200,20,walking,up,0.85,gradient_scf,0.0,30,0.256667,0.059789,0.1,0.35,6.725735,275.133016,0.2346,44.93,793.63
200,20,walking,up,0.85,gradient_scf,10.0,30,0.243333,0.062606,0.1,0.4,16.19611,353.100635,0.2238,49.67,1061.03
200,20,walking,up,0.85,managed,0.0,30,0.256667,0.059789,0.1,0.35,6.725735,275.133016,0.2346,44.93,793.63
200,20,walking,up,0.85,managed,10.0,30,0.243333,0.062606,0.1,0.4,16.19611,353.100635,0.2238,49.67,1061.03
200,20,walking,up,0.85,trickle,0.0,30,0.256667,0.059789,0.1,0.35,6.725735,275.133016,0.2346,44.93,793.63
200,20,walking,up,0.85,trickle,10.0,30,0.243333,0.062606,0.1,0.4,16.19611,353.100635,0.2238,49.67,1061.03
200,20,walking,up,0.95,flood,0.0,30,0.258333,0.067061,0.1,0.35,6.317466,299.876349,0.2231,47.07,914.17
200,20,walking,up,0.95,flood,10.0,30,0.245,0.060672,0.15,0.4,16.585172,380.736032,0.2155,55.9,1204.8
200,20,walking,up,0.95,gradient,0.0,30,0.041667,0.049276,0.0,0.2,0.0,739.203125,1.0,32.37,923.5
200,20,walking,up,0.95,gradient,10.0,30,0.28,0.090592,0.1,0.4,12.037891,273.68623,0.2292,45.0,1225.33
200,20,walking,up,0.95,gradient_scf,0.0,30,0.258333,0.067061,0.1,0.35,6.317466,299.876349,0.2231,47.07,914.17
200,20,walking,up,0.95,gradient_scf,10.0,30,0.245,0.060672,0.15,0.4,16.585172,380.736032,0.2155,55.9,1204.8
200,20,walking,up,0.95,managed,0.0,30,0.258333,0.067061,0.1,0.35,6.317466,299.876349,0.2231,47.07,914.17
200,20,walking,up,0.95,managed,10.0,30,0.245,0.060672,0.15,0.4,16.585172,380.736032,0.2155,55.9,1204.8
200,20,walking,up,0.95,trickle,0.0,30,0.258333,0.067061,0.1,0.35,6.317466,299.876349,0.2231,47.07,914.17
200,20,walking,up,0.95,trickle,10.0,30,0.245,0.060672,0.15,0.4,16.585172,380.736032,0.2155,55.9,1204.8
200,5,courier,down,0.7,flood,0.0,30,0.166667,0.189979,0.0,0.6,1.0022,682.354167,0.8529,14.37,268.23
200,5,courier,down,0.7,flood,10.0,30,0.0,0.0,0.0,0.0,,,0.8575,13.4,341.67
200,5,courier,down,0.7,gradient,0.0,30,0.02,0.061026,0.0,0.2,0.0,204.666667,1.0,4.13,268.7
200,5,courier,down,0.7,gradient,10.0,30,0.0,0.0,0.0,0.0,,,0.797,5.37,372.0
200,5,courier,down,0.7,gradient_scf,0.0,30,0.166667,0.189979,0.0,0.6,1.0022,682.354167,0.8529,14.37,268.23
200,5,courier,down,0.7,gradient_scf,10.0,30,0.0,0.0,0.0,0.0,,,0.8575,13.4,341.67
200,5,courier,down,0.7,managed,0.0,30,0.166667,0.189979,0.0,0.6,1.0022,682.354167,0.8529,14.37,268.23
200,5,courier,down,0.7,managed,10.0,30,0.0,0.0,0.0,0.0,,,0.8575,13.4,341.67
200,5,courier,down,0.7,trickle,0.0,30,0.166667,0.189979,0.0,0.6,1.0022,682.354167,0.8529,14.37,268.23
200,5,courier,down,0.7,trickle,10.0,30,0.0,0.0,0.0,0.0,,,0.8575,13.4,341.67
200,5,courier,down,0.85,flood,0.0,30,0.206667,0.192861,0.0,0.6,1.107053,885.192982,0.881,20.5,528.4
200,5,courier,down,0.85,flood,10.0,30,0.0,0.0,0.0,0.0,,,0.8775,20.27,549.73
200,5,courier,down,0.85,gradient,0.0,30,0.026667,0.069149,0.0,0.2,0.0,641.25,1.0,6.93,469.13
200,5,courier,down,0.85,gradient,10.0,30,0.0,0.0,0.0,0.0,,,0.7997,8.53,508.8
200,5,courier,down,0.85,gradient_scf,0.0,30,0.206667,0.192861,0.0,0.6,1.107053,885.192982,0.881,20.5,528.4
200,5,courier,down,0.85,gradient_scf,10.0,30,0.0,0.0,0.0,0.0,,,0.8775,20.27,549.73
200,5,courier,down,0.85,managed,0.0,30,0.206667,0.192861,0.0,0.6,1.107053,885.192982,0.881,20.5,528.4
200,5,courier,down,0.85,managed,10.0,30,0.0,0.0,0.0,0.0,,,0.8775,20.27,549.73
200,5,courier,down,0.85,trickle,0.0,30,0.206667,0.192861,0.0,0.6,1.107053,885.192982,0.881,20.5,528.4
200,5,courier,down,0.85,trickle,10.0,30,0.0,0.0,0.0,0.0,,,0.8775,20.27,549.73
200,5,courier,down,0.95,flood,0.0,30,0.193333,0.199885,0.0,0.6,0.945546,1047.892157,0.895,23.27,773.97
200,5,courier,down,0.95,flood,10.0,30,0.0,0.0,0.0,0.0,,,0.8877,26.43,955.53
200,5,courier,down,0.95,gradient,0.0,30,0.033333,0.07581,0.0,0.2,0.0,1002.4,1.0,9.2,656.53
200,5,courier,down,0.95,gradient,10.0,30,0.0,0.0,0.0,0.0,,,0.8161,14.27,968.37
200,5,courier,down,0.95,gradient_scf,0.0,30,0.193333,0.199885,0.0,0.6,0.945546,1047.892157,0.895,23.27,773.97
200,5,courier,down,0.95,gradient_scf,10.0,30,0.0,0.0,0.0,0.0,,,0.8877,26.43,955.53
200,5,courier,down,0.95,managed,0.0,30,0.193333,0.199885,0.0,0.6,0.945546,1047.892157,0.895,23.27,773.97
200,5,courier,down,0.95,managed,10.0,30,0.0,0.0,0.0,0.0,,,0.8877,26.43,955.53
200,5,courier,down,0.95,trickle,0.0,30,0.193333,0.199885,0.0,0.6,0.945546,1047.892157,0.895,23.27,773.97
200,5,courier,down,0.95,trickle,10.0,30,0.0,0.0,0.0,0.0,,,0.8877,26.43,955.53
200,5,courier,recovered,0.7,flood,0.0,30,0.166667,0.189979,0.0,0.6,1.0022,682.354167,0.8529,14.37,268.23
200,5,courier,recovered,0.7,flood,10.0,30,0.0,0.0,0.0,0.0,,,0.8575,13.4,341.67
200,5,courier,recovered,0.7,gradient,0.0,30,0.02,0.061026,0.0,0.2,0.0,204.666667,1.0,4.13,268.7
200,5,courier,recovered,0.7,gradient,10.0,30,0.0,0.0,0.0,0.0,,,0.797,5.37,372.0
200,5,courier,recovered,0.7,gradient_scf,0.0,30,0.166667,0.189979,0.0,0.6,1.0022,682.354167,0.8529,14.37,268.23
200,5,courier,recovered,0.7,gradient_scf,10.0,30,0.0,0.0,0.0,0.0,,,0.8575,13.4,341.67
200,5,courier,recovered,0.7,managed,0.0,30,0.166667,0.189979,0.0,0.6,1.0022,682.354167,0.8529,14.37,268.23
200,5,courier,recovered,0.7,managed,10.0,30,0.0,0.0,0.0,0.0,,,0.8575,13.4,341.67
200,5,courier,recovered,0.7,trickle,0.0,30,0.166667,0.189979,0.0,0.6,1.0022,682.354167,0.8529,14.37,268.23
200,5,courier,recovered,0.7,trickle,10.0,30,0.0,0.0,0.0,0.0,,,0.8575,13.4,341.67
200,5,courier,recovered,0.85,flood,0.0,30,0.206667,0.192861,0.0,0.6,1.107053,885.192982,0.881,20.5,528.4
200,5,courier,recovered,0.85,flood,10.0,30,0.0,0.0,0.0,0.0,,,0.8775,20.27,549.73
200,5,courier,recovered,0.85,gradient,0.0,30,0.026667,0.069149,0.0,0.2,0.0,641.25,1.0,6.93,469.13
200,5,courier,recovered,0.85,gradient,10.0,30,0.0,0.0,0.0,0.0,,,0.7997,8.53,508.8
200,5,courier,recovered,0.85,gradient_scf,0.0,30,0.206667,0.192861,0.0,0.6,1.107053,885.192982,0.881,20.5,528.4
200,5,courier,recovered,0.85,gradient_scf,10.0,30,0.0,0.0,0.0,0.0,,,0.8775,20.27,549.73
200,5,courier,recovered,0.85,managed,0.0,30,0.206667,0.192861,0.0,0.6,1.107053,885.192982,0.881,20.5,528.4
200,5,courier,recovered,0.85,managed,10.0,30,0.0,0.0,0.0,0.0,,,0.8775,20.27,549.73
200,5,courier,recovered,0.85,trickle,0.0,30,0.206667,0.192861,0.0,0.6,1.107053,885.192982,0.881,20.5,528.4
200,5,courier,recovered,0.85,trickle,10.0,30,0.0,0.0,0.0,0.0,,,0.8775,20.27,549.73
200,5,courier,recovered,0.95,flood,0.0,30,0.193333,0.199885,0.0,0.6,0.945546,1047.892157,0.895,23.27,773.97
200,5,courier,recovered,0.95,flood,10.0,30,0.0,0.0,0.0,0.0,,,0.8877,26.43,955.53
200,5,courier,recovered,0.95,gradient,0.0,30,0.033333,0.07581,0.0,0.2,0.0,1002.4,1.0,9.2,656.53
200,5,courier,recovered,0.95,gradient,10.0,30,0.0,0.0,0.0,0.0,,,0.8161,14.27,968.37
200,5,courier,recovered,0.95,gradient_scf,0.0,30,0.193333,0.199885,0.0,0.6,0.945546,1047.892157,0.895,23.27,773.97
200,5,courier,recovered,0.95,gradient_scf,10.0,30,0.0,0.0,0.0,0.0,,,0.8877,26.43,955.53
200,5,courier,recovered,0.95,managed,0.0,30,0.193333,0.199885,0.0,0.6,0.945546,1047.892157,0.895,23.27,773.97
200,5,courier,recovered,0.95,managed,10.0,30,0.0,0.0,0.0,0.0,,,0.8877,26.43,955.53
200,5,courier,recovered,0.95,trickle,0.0,30,0.193333,0.199885,0.0,0.6,0.945546,1047.892157,0.895,23.27,773.97
200,5,courier,recovered,0.95,trickle,10.0,30,0.0,0.0,0.0,0.0,,,0.8877,26.43,955.53
200,5,courier,up,0.7,flood,0.0,30,0.826667,0.146059,0.6,1.0,6.155632,308.373889,0.8606,20.83,682.4
200,5,courier,up,0.7,flood,10.0,30,0.806667,0.170057,0.4,1.0,16.831584,385.508889,0.8802,24.37,954.47
200,5,courier,up,0.7,gradient,0.0,30,0.02,0.061026,0.0,0.2,0.0,701.333333,1.0,9.23,714.9
200,5,courier,up,0.7,gradient,10.0,30,0.386667,0.296803,0.0,1.0,11.382338,541.505333,0.5989,12.6,950.93
200,5,courier,up,0.7,gradient_scf,0.0,30,0.826667,0.146059,0.6,1.0,6.155632,308.373889,0.8606,20.83,682.4
200,5,courier,up,0.7,gradient_scf,10.0,30,0.806667,0.170057,0.4,1.0,16.831584,385.508889,0.8802,24.37,954.47
200,5,courier,up,0.7,managed,0.0,30,0.826667,0.146059,0.6,1.0,6.155632,308.373889,0.8606,20.83,682.4
200,5,courier,up,0.7,managed,10.0,30,0.806667,0.170057,0.4,1.0,16.831584,385.508889,0.8802,24.37,954.47
200,5,courier,up,0.7,trickle,0.0,30,0.826667,0.146059,0.6,1.0,6.155632,308.373889,0.8606,20.83,682.4
200,5,courier,up,0.7,trickle,10.0,30,0.806667,0.170057,0.4,1.0,16.831584,385.508889,0.8802,24.37,954.47
200,5,courier,up,0.85,flood,0.0,30,0.853333,0.165536,0.4,1.0,6.969164,371.125,0.883,27.17,955.5
200,5,courier,up,0.85,flood,10.0,30,0.886667,0.125212,0.6,1.0,16.18788,446.036667,0.8822,34.87,1347.5
200,5,courier,up,0.85,gradient,0.0,30,0.026667,0.069149,0.0,0.2,0.0,1250.75,1.0,14.33,965.23
200,5,courier,up,0.85,gradient,10.0,30,0.506667,0.239156,0.0,1.0,11.53319,583.172414,0.6074,19.87,1279.87
200,5,courier,up,0.85,gradient_scf,0.0,30,0.853333,0.165536,0.4,1.0,6.969164,371.125,0.883,27.17,955.5
200,5,courier,up,0.85,gradient_scf,10.0,30,0.886667,0.125212,0.6,1.0,16.18788,446.036667,0.8822,34.87,1347.5
200,5,courier,up,0.85,managed,0.0,30,0.853333,0.165536,0.4,1.0,6.969164,371.125,0.883,27.17,955.5
200,5,courier,up,0.85,managed,10.0,30,0.886667,0.125212,0.6,1.0,16.18788,446.036667,0.8822,34.87,1347.5
200,5,courier,up,0.85,trickle,0.0,30,0.853333,0.165536,0.4,1.0,6.969164,371.125,0.883,27.17,955.5
200,5,courier,up,0.85,trickle,10.0,30,0.886667,0.125212,0.6,1.0,16.18788,446.036667,0.8822,34.87,1347.5
200,5,courier,up,0.95,flood,0.0,30,0.873333,0.143679,0.4,1.0,7.596458,407.341111,0.9053,30.57,1151.0
200,5,courier,up,0.95,flood,10.0,30,0.886667,0.135782,0.6,1.0,15.499361,490.273889,0.8868,37.2,1551.7
200,5,courier,up,0.95,gradient,0.0,30,0.033333,0.07581,0.0,0.2,0.0,1496.2,1.0,15.73,1154.5
200,5,courier,up,0.95,gradient,10.0,30,0.62,0.26961,0.0,1.0,11.807401,559.078736,0.6736,23.97,1575.77
200,5,courier,up,0.95,gradient_scf,0.0,30,0.873333,0.143679,0.4,1.0,7.596458,407.341111,0.9053,30.57,1151.0
200,5,courier,up,0.95,gradient_scf,10.0,30,0.886667,0.135782,0.6,1.0,15.499361,490.273889,0.8868,37.2,1551.7
200,5,courier,up,0.95,managed,0.0,30,0.873333,0.143679,0.4,1.0,7.596458,407.341111,0.9053,30.57,1151.0
200,5,courier,up,0.95,managed,10.0,30,0.886667,0.135782,0.6,1.0,15.499361,490.273889,0.8868,37.2,1551.7
200,5,courier,up,0.95,trickle,0.0,30,0.873333,0.143679,0.4,1.0,7.596458,407.341111,0.9053,30.57,1151.0
200,5,courier,up,0.95,trickle,10.0,30,0.886667,0.135782,0.6,1.0,15.499361,490.273889,0.8868,37.2,1551.7
200,5,static,down,0.7,flood,0.0,30,0.233333,0.197105,0.0,0.6,1.120016,380.309524,0.8372,15.83,44.83
200,5,static,down,0.7,flood,10.0,30,0.0,0.0,0.0,0.0,,,0.8326,15.3,43.9
200,5,static,down,0.7,gradient,0.0,30,0.033333,0.07581,0.0,0.2,0.0,68.6,1.0,2.17,44.13
200,5,static,down,0.7,gradient,10.0,30,0.0,0.0,0.0,0.0,,,1.0,2.0,43.9
200,5,static,down,0.7,gradient_scf,0.0,30,0.233333,0.197105,0.0,0.6,1.120016,380.309524,0.8372,15.83,44.83
200,5,static,down,0.7,gradient_scf,10.0,30,0.0,0.0,0.0,0.0,,,0.8326,15.3,43.9
200,5,static,down,0.7,managed,0.0,30,0.233333,0.197105,0.0,0.6,1.120016,380.309524,0.8372,15.83,44.83
200,5,static,down,0.7,managed,10.0,30,0.0,0.0,0.0,0.0,,,0.8326,15.3,43.9
200,5,static,down,0.7,trickle,0.0,30,0.233333,0.197105,0.0,0.6,1.120016,380.309524,0.8372,15.83,44.83
200,5,static,down,0.7,trickle,10.0,30,0.0,0.0,0.0,0.0,,,0.8326,15.3,43.9
200,5,static,down,0.85,flood,0.0,30,0.3,0.227429,0.0,0.8,1.291465,341.681159,0.8501,16.97,64.23
200,5,static,down,0.85,flood,10.0,30,0.0,0.0,0.0,0.0,,,0.8093,15.3,59.3
200,5,static,down,0.85,gradient,0.0,30,0.033333,0.07581,0.0,0.2,0.0,81.0,1.0,3.23,59.8
200,5,static,down,0.85,gradient,10.0,30,0.0,0.0,0.0,0.0,,,1.0,3.13,59.3
200,5,static,down,0.85,gradient_scf,0.0,30,0.3,0.227429,0.0,0.8,1.291465,341.681159,0.8501,16.97,64.23
200,5,static,down,0.85,gradient_scf,10.0,30,0.0,0.0,0.0,0.0,,,0.8093,15.3,59.3
200,5,static,down,0.85,managed,0.0,30,0.3,0.227429,0.0,0.8,1.291465,341.681159,0.8501,16.97,64.23
200,5,static,down,0.85,managed,10.0,30,0.0,0.0,0.0,0.0,,,0.8093,15.3,59.3
200,5,static,down,0.85,trickle,0.0,30,0.3,0.227429,0.0,0.8,1.291465,341.681159,0.8501,16.97,64.23
200,5,static,down,0.85,trickle,10.0,30,0.0,0.0,0.0,0.0,,,0.8093,15.3,59.3
200,5,static,down,0.95,flood,0.0,30,0.293333,0.201603,0.0,0.6,1.196869,357.409722,0.8075,17.43,68.33
200,5,static,down,0.95,flood,10.0,30,0.0,0.0,0.0,0.0,,,0.7492,15.67,68.37
200,5,static,down,0.95,gradient,0.0,30,0.04,0.081368,0.0,0.2,0.0,83.333333,1.0,3.43,68.37
200,5,static,down,0.95,gradient,10.0,30,0.0,0.0,0.0,0.0,,,1.0,3.23,68.37
200,5,static,down,0.95,gradient_scf,0.0,30,0.293333,0.201603,0.0,0.6,1.196869,357.409722,0.8075,17.43,68.33
200,5,static,down,0.95,gradient_scf,10.0,30,0.0,0.0,0.0,0.0,,,0.7492,15.67,68.37
200,5,static,down,0.95,managed,0.0,30,0.293333,0.201603,0.0,0.6,1.196869,357.409722,0.8075,17.43,68.33
200,5,static,down,0.95,managed,10.0,30,0.0,0.0,0.0,0.0,,,0.7492,15.67,68.37
200,5,static,down,0.95,trickle,0.0,30,0.293333,0.201603,0.0,0.6,1.196869,357.409722,0.8075,17.43,68.33
200,5,static,down,0.95,trickle,10.0,30,0.0,0.0,0.0,0.0,,,0.7492,15.67,68.37
200,5,static,recovered,0.7,flood,0.0,30,0.233333,0.197105,0.0,0.6,1.120016,380.309524,0.8372,15.83,44.83
200,5,static,recovered,0.7,flood,10.0,30,0.0,0.0,0.0,0.0,,,0.8326,15.3,43.9
200,5,static,recovered,0.7,gradient,0.0,30,0.033333,0.07581,0.0,0.2,0.0,68.6,1.0,2.17,44.13
200,5,static,recovered,0.7,gradient,10.0,30,0.0,0.0,0.0,0.0,,,1.0,2.0,43.9
200,5,static,recovered,0.7,gradient_scf,0.0,30,0.233333,0.197105,0.0,0.6,1.120016,380.309524,0.8372,15.83,44.83
200,5,static,recovered,0.7,gradient_scf,10.0,30,0.0,0.0,0.0,0.0,,,0.8326,15.3,43.9
200,5,static,recovered,0.7,managed,0.0,30,0.233333,0.197105,0.0,0.6,1.120016,380.309524,0.8372,15.83,44.83
200,5,static,recovered,0.7,managed,10.0,30,0.0,0.0,0.0,0.0,,,0.8326,15.3,43.9
200,5,static,recovered,0.7,trickle,0.0,30,0.233333,0.197105,0.0,0.6,1.120016,380.309524,0.8372,15.83,44.83
200,5,static,recovered,0.7,trickle,10.0,30,0.0,0.0,0.0,0.0,,,0.8326,15.3,43.9
200,5,static,recovered,0.85,flood,0.0,30,0.3,0.227429,0.0,0.8,1.291465,341.681159,0.8501,16.97,64.23
200,5,static,recovered,0.85,flood,10.0,30,0.0,0.0,0.0,0.0,,,0.8093,15.3,59.3
200,5,static,recovered,0.85,gradient,0.0,30,0.033333,0.07581,0.0,0.2,0.0,81.0,1.0,3.23,59.8
200,5,static,recovered,0.85,gradient,10.0,30,0.0,0.0,0.0,0.0,,,1.0,3.13,59.3
200,5,static,recovered,0.85,gradient_scf,0.0,30,0.3,0.227429,0.0,0.8,1.291465,341.681159,0.8501,16.97,64.23
200,5,static,recovered,0.85,gradient_scf,10.0,30,0.0,0.0,0.0,0.0,,,0.8093,15.3,59.3
200,5,static,recovered,0.85,managed,0.0,30,0.3,0.227429,0.0,0.8,1.291465,341.681159,0.8501,16.97,64.23
200,5,static,recovered,0.85,managed,10.0,30,0.0,0.0,0.0,0.0,,,0.8093,15.3,59.3
200,5,static,recovered,0.85,trickle,0.0,30,0.3,0.227429,0.0,0.8,1.291465,341.681159,0.8501,16.97,64.23
200,5,static,recovered,0.85,trickle,10.0,30,0.0,0.0,0.0,0.0,,,0.8093,15.3,59.3
200,5,static,recovered,0.95,flood,0.0,30,0.293333,0.201603,0.0,0.6,1.196869,357.409722,0.8075,17.43,68.33
200,5,static,recovered,0.95,flood,10.0,30,0.0,0.0,0.0,0.0,,,0.7492,15.67,68.37
200,5,static,recovered,0.95,gradient,0.0,30,0.04,0.081368,0.0,0.2,0.0,83.333333,1.0,3.43,68.37
200,5,static,recovered,0.95,gradient,10.0,30,0.0,0.0,0.0,0.0,,,1.0,3.23,68.37
200,5,static,recovered,0.95,gradient_scf,0.0,30,0.293333,0.201603,0.0,0.6,1.196869,357.409722,0.8075,17.43,68.33
200,5,static,recovered,0.95,gradient_scf,10.0,30,0.0,0.0,0.0,0.0,,,0.7492,15.67,68.37
200,5,static,recovered,0.95,managed,0.0,30,0.293333,0.201603,0.0,0.6,1.196869,357.409722,0.8075,17.43,68.33
200,5,static,recovered,0.95,managed,10.0,30,0.0,0.0,0.0,0.0,,,0.7492,15.67,68.37
200,5,static,recovered,0.95,trickle,0.0,30,0.293333,0.201603,0.0,0.6,1.196869,357.409722,0.8075,17.43,68.33
200,5,static,recovered,0.95,trickle,10.0,30,0.0,0.0,0.0,0.0,,,0.7492,15.67,68.37
200,5,static,up,0.7,flood,0.0,30,0.806667,0.161743,0.4,1.0,5.698858,300.506111,0.8438,40.23,688.93
200,5,static,up,0.7,flood,10.0,30,0.793333,0.152978,0.4,1.0,14.804366,364.611111,0.8284,46.63,928.23
200,5,static,up,0.7,gradient,0.0,30,0.033333,0.07581,0.0,0.2,0.0,907.2,1.0,23.57,708.57
200,5,static,up,0.7,gradient,10.0,30,0.613333,0.272578,0.0,1.0,11.238278,363.678161,0.6419,34.27,928.77
200,5,static,up,0.7,gradient_scf,0.0,30,0.806667,0.161743,0.4,1.0,5.698858,300.506111,0.8438,40.23,688.93
200,5,static,up,0.7,gradient_scf,10.0,30,0.793333,0.152978,0.4,1.0,14.804366,364.611111,0.8284,46.63,928.23
200,5,static,up,0.7,managed,0.0,30,0.806667,0.161743,0.4,1.0,5.698858,300.506111,0.8438,40.23,688.93
200,5,static,up,0.7,managed,10.0,30,0.793333,0.152978,0.4,1.0,14.804366,364.611111,0.8284,46.63,928.23
200,5,static,up,0.7,trickle,0.0,30,0.806667,0.161743,0.4,1.0,5.698858,300.506111,0.8438,40.23,688.93
200,5,static,up,0.7,trickle,10.0,30,0.793333,0.152978,0.4,1.0,14.804366,364.611111,0.8284,46.63,928.23
200,5,static,up,0.85,flood,0.0,30,0.82,0.151771,0.4,1.0,4.973826,345.492222,0.8313,50.9,891.4
200,5,static,up,0.85,flood,10.0,30,0.82,0.121485,0.6,1.0,15.530591,409.468333,0.8321,62.07,1193.97
200,5,static,up,0.85,gradient,0.0,30,0.033333,0.07581,0.0,0.2,0.0,1126.6,1.0,32.97,895.03
200,5,static,up,0.85,gradient,10.0,30,0.7,0.261297,0.0,1.0,11.416532,375.592529,0.6516,47.03,1193.1
200,5,static,up,0.85,gradient_scf,0.0,30,0.82,0.151771,0.4,1.0,4.973826,345.492222,0.8313,50.9,891.4
200,5,static,up,0.85,gradient_scf,10.0,30,0.82,0.121485,0.6,1.0,15.530591,409.468333,0.8321,62.07,1193.97
200,5,static,up,0.85,managed,0.0,30,0.82,0.151771,0.4,1.0,4.973826,345.492222,0.8313,50.9,891.4
200,5,static,up,0.85,managed,10.0,30,0.82,0.121485,0.6,1.0,15.530591,409.468333,0.8321,62.07,1193.97
200,5,static,up,0.85,trickle,0.0,30,0.82,0.151771,0.4,1.0,4.973826,345.492222,0.8313,50.9,891.4
200,5,static,up,0.85,trickle,10.0,30,0.82,0.121485,0.6,1.0,15.530591,409.468333,0.8321,62.07,1193.97
200,5,static,up,0.95,flood,0.0,30,0.8,0.105045,0.6,1.0,4.919981,374.521111,0.7959,57.7,1008.67
200,5,static,up,0.95,flood,10.0,30,0.793333,0.12299,0.6,1.0,14.990822,462.287778,0.7752,69.6,1337.17
200,5,static,up,0.95,gradient,0.0,30,0.04,0.081368,0.0,0.2,0.0,1245.833333,1.0,40.1,1007.73
200,5,static,up,0.95,gradient,10.0,30,0.686667,0.208001,0.2,1.0,11.35675,424.298333,0.5986,56.2,1342.07
200,5,static,up,0.95,gradient_scf,0.0,30,0.8,0.105045,0.6,1.0,4.919981,374.521111,0.7959,57.7,1008.67
200,5,static,up,0.95,gradient_scf,10.0,30,0.793333,0.12299,0.6,1.0,14.990822,462.287778,0.7752,69.6,1337.17
200,5,static,up,0.95,managed,0.0,30,0.8,0.105045,0.6,1.0,4.919981,374.521111,0.7959,57.7,1008.67
200,5,static,up,0.95,managed,10.0,30,0.793333,0.12299,0.6,1.0,14.990822,462.287778,0.7752,69.6,1337.17
200,5,static,up,0.95,trickle,0.0,30,0.8,0.105045,0.6,1.0,4.919981,374.521111,0.7959,57.7,1008.67
200,5,static,up,0.95,trickle,10.0,30,0.793333,0.12299,0.6,1.0,14.990822,462.287778,0.7752,69.6,1337.17
200,5,walking,down,0.7,flood,0.0,30,0.193333,0.170057,0.0,0.6,0.867091,451.616667,0.8462,12.03,50.43
200,5,walking,down,0.7,flood,10.0,30,0.0,0.0,0.0,0.0,,,0.8591,12.23,40.13
200,5,walking,down,0.7,gradient,0.0,30,0.02,0.061026,0.0,0.2,0.0,68.666667,1.0,1.43,40.17
200,5,walking,down,0.7,gradient,10.0,30,0.0,0.0,0.0,0.0,,,0.9918,1.27,40.13
200,5,walking,down,0.7,gradient_scf,0.0,30,0.193333,0.170057,0.0,0.6,0.867091,451.616667,0.8462,12.03,50.43
200,5,walking,down,0.7,gradient_scf,10.0,30,0.0,0.0,0.0,0.0,,,0.8591,12.23,40.13
200,5,walking,down,0.7,managed,0.0,30,0.193333,0.170057,0.0,0.6,0.867091,451.616667,0.8462,12.03,50.43
200,5,walking,down,0.7,managed,10.0,30,0.0,0.0,0.0,0.0,,,0.8591,12.23,40.13
200,5,walking,down,0.7,trickle,0.0,30,0.193333,0.170057,0.0,0.6,0.867091,451.616667,0.8462,12.03,50.43
200,5,walking,down,0.7,trickle,10.0,30,0.0,0.0,0.0,0.0,,,0.8591,12.23,40.13
200,5,walking,down,0.85,flood,0.0,30,0.246667,0.208001,0.0,0.6,1.184509,398.436508,0.8774,14.9,69.27
200,5,walking,down,0.85,flood,10.0,30,0.0,0.0,0.0,0.0,,,0.859,13.97,62.43
200,5,walking,down,0.85,gradient,0.0,30,0.033333,0.07581,0.0,0.2,0.0,74.6,1.0,2.2,62.4
200,5,walking,down,0.85,gradient,10.0,30,0.0,0.0,0.0,0.0,,,0.9914,2.13,62.43
200,5,walking,down,0.85,gradient_scf,0.0,30,0.246667,0.208001,0.0,0.6,1.184509,398.436508,0.8774,14.9,69.27
200,5,walking,down,0.85,gradient_scf,10.0,30,0.0,0.0,0.0,0.0,,,0.859,13.97,62.43
200,5,walking,down,0.85,managed,0.0,30,0.246667,0.208001,0.0,0.6,1.184509,398.436508,0.8774,14.9,69.27
200,5,walking,down,0.85,managed,10.0,30,0.0,0.0,0.0,0.0,,,0.859,13.97,62.43
200,5,walking,down,0.85,trickle,0.0,30,0.246667,0.208001,0.0,0.6,1.184509,398.436508,0.8774,14.9,69.27
200,5,walking,down,0.85,trickle,10.0,30,0.0,0.0,0.0,0.0,,,0.859,13.97,62.43
200,5,walking,down,0.95,flood,0.0,30,0.266667,0.205667,0.0,0.6,1.233172,379.55303,0.8483,15.8,75.8
200,5,walking,down,0.95,flood,10.0,30,0.0,0.0,0.0,0.0,,,0.8005,14.23,62.07
200,5,walking,down,0.95,gradient,0.0,30,0.033333,0.07581,0.0,0.2,0.0,81.0,1.0,2.5,62.57
200,5,walking,down,0.95,gradient,10.0,30,0.0,0.0,0.0,0.0,,,1.0,2.37,62.07
200,5,walking,down,0.95,gradient_scf,0.0,30,0.266667,0.205667,0.0,0.6,1.233172,379.55303,0.8483,15.8,75.8
200,5,walking,down,0.95,gradient_scf,10.0,30,0.0,0.0,0.0,0.0,,,0.8005,14.23,62.07
200,5,walking,down,0.95,managed,0.0,30,0.266667,0.205667,0.0,0.6,1.233172,379.55303,0.8483,15.8,75.8
200,5,walking,down,0.95,managed,10.0,30,0.0,0.0,0.0,0.0,,,0.8005,14.23,62.07
200,5,walking,down,0.95,trickle,0.0,30,0.266667,0.205667,0.0,0.6,1.233172,379.55303,0.8483,15.8,75.8
200,5,walking,down,0.95,trickle,10.0,30,0.0,0.0,0.0,0.0,,,0.8005,14.23,62.07
200,5,walking,recovered,0.7,flood,0.0,30,0.193333,0.170057,0.0,0.6,0.867091,451.616667,0.8462,12.03,50.43
200,5,walking,recovered,0.7,flood,10.0,30,0.0,0.0,0.0,0.0,,,0.8591,12.23,40.13
200,5,walking,recovered,0.7,gradient,0.0,30,0.02,0.061026,0.0,0.2,0.0,68.666667,1.0,1.43,40.17
200,5,walking,recovered,0.7,gradient,10.0,30,0.0,0.0,0.0,0.0,,,0.9918,1.27,40.13
200,5,walking,recovered,0.7,gradient_scf,0.0,30,0.193333,0.170057,0.0,0.6,0.867091,451.616667,0.8462,12.03,50.43
200,5,walking,recovered,0.7,gradient_scf,10.0,30,0.0,0.0,0.0,0.0,,,0.8591,12.23,40.13
200,5,walking,recovered,0.7,managed,0.0,30,0.193333,0.170057,0.0,0.6,0.867091,451.616667,0.8462,12.03,50.43
200,5,walking,recovered,0.7,managed,10.0,30,0.0,0.0,0.0,0.0,,,0.8591,12.23,40.13
200,5,walking,recovered,0.7,trickle,0.0,30,0.193333,0.170057,0.0,0.6,0.867091,451.616667,0.8462,12.03,50.43
200,5,walking,recovered,0.7,trickle,10.0,30,0.0,0.0,0.0,0.0,,,0.8591,12.23,40.13
200,5,walking,recovered,0.85,flood,0.0,30,0.246667,0.208001,0.0,0.6,1.184509,398.436508,0.8774,14.9,69.27
200,5,walking,recovered,0.85,flood,10.0,30,0.0,0.0,0.0,0.0,,,0.859,13.97,62.43
200,5,walking,recovered,0.85,gradient,0.0,30,0.033333,0.07581,0.0,0.2,0.0,74.6,1.0,2.2,62.4
200,5,walking,recovered,0.85,gradient,10.0,30,0.0,0.0,0.0,0.0,,,0.9914,2.13,62.43
200,5,walking,recovered,0.85,gradient_scf,0.0,30,0.246667,0.208001,0.0,0.6,1.184509,398.436508,0.8774,14.9,69.27
200,5,walking,recovered,0.85,gradient_scf,10.0,30,0.0,0.0,0.0,0.0,,,0.859,13.97,62.43
200,5,walking,recovered,0.85,managed,0.0,30,0.246667,0.208001,0.0,0.6,1.184509,398.436508,0.8774,14.9,69.27
200,5,walking,recovered,0.85,managed,10.0,30,0.0,0.0,0.0,0.0,,,0.859,13.97,62.43
200,5,walking,recovered,0.85,trickle,0.0,30,0.246667,0.208001,0.0,0.6,1.184509,398.436508,0.8774,14.9,69.27
200,5,walking,recovered,0.85,trickle,10.0,30,0.0,0.0,0.0,0.0,,,0.859,13.97,62.43
200,5,walking,recovered,0.95,flood,0.0,30,0.266667,0.205667,0.0,0.6,1.233172,379.55303,0.8483,15.8,75.8
200,5,walking,recovered,0.95,flood,10.0,30,0.0,0.0,0.0,0.0,,,0.8005,14.23,62.07
200,5,walking,recovered,0.95,gradient,0.0,30,0.033333,0.07581,0.0,0.2,0.0,81.0,1.0,2.5,62.57
200,5,walking,recovered,0.95,gradient,10.0,30,0.0,0.0,0.0,0.0,,,1.0,2.37,62.07
200,5,walking,recovered,0.95,gradient_scf,0.0,30,0.266667,0.205667,0.0,0.6,1.233172,379.55303,0.8483,15.8,75.8
200,5,walking,recovered,0.95,gradient_scf,10.0,30,0.0,0.0,0.0,0.0,,,0.8005,14.23,62.07
200,5,walking,recovered,0.95,managed,0.0,30,0.266667,0.205667,0.0,0.6,1.233172,379.55303,0.8483,15.8,75.8
200,5,walking,recovered,0.95,managed,10.0,30,0.0,0.0,0.0,0.0,,,0.8005,14.23,62.07
200,5,walking,recovered,0.95,trickle,0.0,30,0.266667,0.205667,0.0,0.6,1.233172,379.55303,0.8483,15.8,75.8
200,5,walking,recovered,0.95,trickle,10.0,30,0.0,0.0,0.0,0.0,,,0.8005,14.23,62.07
200,5,walking,up,0.7,flood,0.0,30,0.806667,0.185571,0.4,1.0,5.709626,290.476667,0.8375,26.77,608.87
200,5,walking,up,0.7,flood,10.0,30,0.853333,0.127937,0.6,1.0,15.878474,314.972222,0.8546,30.13,801.0
200,5,walking,up,0.7,gradient,0.0,30,0.02,0.061026,0.0,0.2,0.0,755.0,1.0,13.13,602.27
200,5,walking,up,0.7,gradient,10.0,30,0.473333,0.275347,0.0,1.0,11.202669,397.332143,0.5995,19.03,808.57
200,5,walking,up,0.7,gradient_scf,0.0,30,0.806667,0.185571,0.4,1.0,5.709626,290.476667,0.8375,26.77,608.87
200,5,walking,up,0.7,gradient_scf,10.0,30,0.853333,0.127937,0.6,1.0,15.878474,314.972222,0.8546,30.13,801.0
200,5,walking,up,0.7,managed,0.0,30,0.806667,0.185571,0.4,1.0,5.709626,290.476667,0.8375,26.77,608.87
200,5,walking,up,0.7,managed,10.0,30,0.853333,0.127937,0.6,1.0,15.878474,314.972222,0.8546,30.13,801.0
200,5,walking,up,0.7,trickle,0.0,30,0.806667,0.185571,0.4,1.0,5.709626,290.476667,0.8375,26.77,608.87
200,5,walking,up,0.7,trickle,10.0,30,0.853333,0.127937,0.6,1.0,15.878474,314.972222,0.8546,30.13,801.0
200,5,walking,up,0.85,flood,0.0,30,0.866667,0.132179,0.6,1.0,6.251538,307.042778,0.8708,35.6,796.37
200,5,walking,up,0.85,flood,10.0,30,0.853333,0.147936,0.4,1.0,15.684919,384.912778,0.8623,39.87,1067.17
200,5,walking,up,0.85,gradient,0.0,30,0.033333,0.07581,0.0,0.2,0.0,1041.4,1.0,19.33,802.57
200,5,walking,up,0.85,gradient,10.0,30,0.64,0.264705,0.0,1.0,11.443005,390.075862,0.6589,29.43,1068.13
200,5,walking,up,0.85,gradient_scf,0.0,30,0.866667,0.132179,0.6,1.0,6.251538,307.042778,0.8708,35.6,796.37
200,5,walking,up,0.85,gradient_scf,10.0,30,0.853333,0.147936,0.4,1.0,15.684919,384.912778,0.8623,39.87,1067.17
200,5,walking,up,0.85,managed,0.0,30,0.866667,0.132179,0.6,1.0,6.251538,307.042778,0.8708,35.6,796.37
200,5,walking,up,0.85,managed,10.0,30,0.853333,0.147936,0.4,1.0,15.684919,384.912778,0.8623,39.87,1067.17
200,5,walking,up,0.85,trickle,0.0,30,0.866667,0.132179,0.6,1.0,6.251538,307.042778,0.8708,35.6,796.37
200,5,walking,up,0.85,trickle,10.0,30,0.853333,0.147936,0.4,1.0,15.684919,384.912778,0.8623,39.87,1067.17
200,5,walking,up,0.95,flood,0.0,30,0.846667,0.125212,0.6,1.0,6.086207,347.842222,0.8466,39.73,924.57
200,5,walking,up,0.95,flood,10.0,30,0.806667,0.161743,0.4,1.0,15.694974,444.393889,0.8282,46.07,1205.67
200,5,walking,up,0.95,gradient,0.0,30,0.033333,0.07581,0.0,0.2,0.0,1154.0,1.0,23.5,926.5
200,5,walking,up,0.95,gradient,10.0,30,0.686667,0.266178,0.0,1.0,11.545761,404.758046,0.6584,33.97,1236.73
200,5,walking,up,0.95,gradient_scf,0.0,30,0.846667,0.125212,0.6,1.0,6.086207,347.842222,0.8466,39.73,924.57
200,5,walking,up,0.95,gradient_scf,10.0,30,0.806667,0.161743,0.4,1.0,15.694974,444.393889,0.8282,46.07,1205.67
200,5,walking,up,0.95,managed,0.0,30,0.846667,0.125212,0.6,1.0,6.086207,347.842222,0.8466,39.73,924.57
200,5,walking,up,0.95,managed,10.0,30,0.806667,0.161743,0.4,1.0,15.694974,444.393889,0.8282,46.07,1205.67
200,5,walking,up,0.95,trickle,0.0,30,0.846667,0.125212,0.6,1.0,6.086207,347.842222,0.8466,39.73,924.57
200,5,walking,up,0.95,trickle,10.0,30,0.806667,0.161743,0.4,1.0,15.694974,444.393889,0.8282,46.07,1205.67
200,50,courier,down,0.7,flood,0.0,30,0.041333,0.022854,0.0,0.08,0.877845,580.503086,0.1281,76.57,434.67
200,50,courier,down,0.7,flood,10.0,30,0.0,0.0,0.0,0.0,,,0.1126,72.6,533.0
200,50,courier,down,0.7,gradient,0.0,30,0.019333,0.017006,0.0,0.06,0.0,489.936508,1.0,61.4,340.17
200,50,courier,down,0.7,gradient,10.0,30,0.0,0.0,0.0,0.0,,,0.5883,62.47,556.8
200,50,courier,down,0.7,gradient_scf,0.0,30,0.041333,0.022854,0.0,0.08,0.877845,580.503086,0.1281,76.57,434.67
200,50,courier,down,0.7,gradient_scf,10.0,30,0.0,0.0,0.0,0.0,,,0.1126,72.6,533.0
200,50,courier,down,0.7,managed,0.0,30,0.041333,0.022854,0.0,0.08,0.877845,580.503086,0.1281,76.57,434.67
200,50,courier,down,0.7,managed,10.0,30,0.0,0.0,0.0,0.0,,,0.1126,72.6,533.0
200,50,courier,down,0.7,trickle,0.0,30,0.041333,0.022854,0.0,0.08,0.877845,580.503086,0.1281,76.57,434.67
200,50,courier,down,0.7,trickle,10.0,30,0.0,0.0,0.0,0.0,,,0.1126,72.6,533.0
200,50,courier,down,0.85,flood,0.0,30,0.048,0.029525,0.0,0.12,0.889465,736.157407,0.1154,85.17,902.4
200,50,courier,down,0.85,flood,10.0,30,0.0,0.0,0.0,0.0,,,0.0985,78.0,929.7
200,50,courier,down,0.85,gradient,0.0,30,0.026667,0.021867,0.0,0.08,0.0,1001.034091,1.0,71.07,988.8
200,50,courier,down,0.85,gradient,10.0,30,0.0,0.0,0.0,0.0,,,0.4715,70.47,985.17
200,50,courier,down,0.85,gradient_scf,0.0,30,0.048,0.029525,0.0,0.12,0.889465,736.157407,0.1154,85.17,902.4
200,50,courier,down,0.85,gradient_scf,10.0,30,0.0,0.0,0.0,0.0,,,0.0985,78.0,929.7
200,50,courier,down,0.85,managed,0.0,30,0.048,0.029525,0.0,0.12,0.889465,736.157407,0.1154,85.17,902.4
200,50,courier,down,0.85,managed,10.0,30,0.0,0.0,0.0,0.0,,,0.0985,78.0,929.7
200,50,courier,down,0.85,trickle,0.0,30,0.048,0.029525,0.0,0.12,0.889465,736.157407,0.1154,85.17,902.4
200,50,courier,down,0.85,trickle,10.0,30,0.0,0.0,0.0,0.0,,,0.0985,78.0,929.7
200,50,courier,down,0.95,flood,0.0,30,0.050667,0.029117,0.0,0.1,0.979936,1052.526786,0.1079,90.4,1507.97
200,50,courier,down,0.95,flood,10.0,30,0.0,0.0,0.0,0.0,,,0.0946,93.13,1698.7
200,50,courier,down,0.95,gradient,0.0,30,0.029333,0.024486,0.0,0.08,0.0,1392.606061,1.0,77.67,1495.03
200,50,courier,down,0.95,gradient,10.0,30,0.0,0.0,0.0,0.0,,,0.4288,80.77,1642.87
200,50,courier,down,0.95,gradient_scf,0.0,30,0.050667,0.029117,0.0,0.1,0.979936,1052.526786,0.1079,90.4,1507.97
200,50,courier,down,0.95,gradient_scf,10.0,30,0.0,0.0,0.0,0.0,,,0.0946,93.13,1698.7
200,50,courier,down,0.95,managed,0.0,30,0.050667,0.029117,0.0,0.1,0.979936,1052.526786,0.1079,90.4,1507.97
200,50,courier,down,0.95,managed,10.0,30,0.0,0.0,0.0,0.0,,,0.0946,93.13,1698.7
200,50,courier,down,0.95,trickle,0.0,30,0.050667,0.029117,0.0,0.1,0.979936,1052.526786,0.1079,90.4,1507.97
200,50,courier,down,0.95,trickle,10.0,30,0.0,0.0,0.0,0.0,,,0.0946,93.13,1698.7
200,50,courier,recovered,0.7,flood,0.0,30,0.041333,0.022854,0.0,0.08,0.877845,580.503086,0.1281,76.57,434.67
200,50,courier,recovered,0.7,flood,10.0,30,0.0,0.0,0.0,0.0,,,0.1126,72.6,533.0
200,50,courier,recovered,0.7,gradient,0.0,30,0.019333,0.017006,0.0,0.06,0.0,489.936508,1.0,61.4,340.17
200,50,courier,recovered,0.7,gradient,10.0,30,0.0,0.0,0.0,0.0,,,0.5883,62.47,556.8
200,50,courier,recovered,0.7,gradient_scf,0.0,30,0.041333,0.022854,0.0,0.08,0.877845,580.503086,0.1281,76.57,434.67
200,50,courier,recovered,0.7,gradient_scf,10.0,30,0.0,0.0,0.0,0.0,,,0.1126,72.6,533.0
200,50,courier,recovered,0.7,managed,0.0,30,0.041333,0.022854,0.0,0.08,0.877845,580.503086,0.1281,76.57,434.67
200,50,courier,recovered,0.7,managed,10.0,30,0.0,0.0,0.0,0.0,,,0.1126,72.6,533.0
200,50,courier,recovered,0.7,trickle,0.0,30,0.041333,0.022854,0.0,0.08,0.877845,580.503086,0.1281,76.57,434.67
200,50,courier,recovered,0.7,trickle,10.0,30,0.0,0.0,0.0,0.0,,,0.1126,72.6,533.0
200,50,courier,recovered,0.85,flood,0.0,30,0.048,0.029525,0.0,0.12,0.889465,736.157407,0.1154,85.17,902.4
200,50,courier,recovered,0.85,flood,10.0,30,0.0,0.0,0.0,0.0,,,0.0985,78.0,929.7
200,50,courier,recovered,0.85,gradient,0.0,30,0.026667,0.021867,0.0,0.08,0.0,1001.034091,1.0,71.07,988.8
200,50,courier,recovered,0.85,gradient,10.0,30,0.0,0.0,0.0,0.0,,,0.4715,70.47,985.17
200,50,courier,recovered,0.85,gradient_scf,0.0,30,0.048,0.029525,0.0,0.12,0.889465,736.157407,0.1154,85.17,902.4
200,50,courier,recovered,0.85,gradient_scf,10.0,30,0.0,0.0,0.0,0.0,,,0.0985,78.0,929.7
200,50,courier,recovered,0.85,managed,0.0,30,0.048,0.029525,0.0,0.12,0.889465,736.157407,0.1154,85.17,902.4
200,50,courier,recovered,0.85,managed,10.0,30,0.0,0.0,0.0,0.0,,,0.0985,78.0,929.7
200,50,courier,recovered,0.85,trickle,0.0,30,0.048,0.029525,0.0,0.12,0.889465,736.157407,0.1154,85.17,902.4
200,50,courier,recovered,0.85,trickle,10.0,30,0.0,0.0,0.0,0.0,,,0.0985,78.0,929.7
200,50,courier,recovered,0.95,flood,0.0,30,0.050667,0.029117,0.0,0.1,0.979936,1052.526786,0.1079,90.4,1507.97
200,50,courier,recovered,0.95,flood,10.0,30,0.0,0.0,0.0,0.0,,,0.0946,93.13,1698.7
200,50,courier,recovered,0.95,gradient,0.0,30,0.029333,0.024486,0.0,0.08,0.0,1392.606061,1.0,77.67,1495.03
200,50,courier,recovered,0.95,gradient,10.0,30,0.0,0.0,0.0,0.0,,,0.4288,80.77,1642.87
200,50,courier,recovered,0.95,gradient_scf,0.0,30,0.050667,0.029117,0.0,0.1,0.979936,1052.526786,0.1079,90.4,1507.97
200,50,courier,recovered,0.95,gradient_scf,10.0,30,0.0,0.0,0.0,0.0,,,0.0946,93.13,1698.7
200,50,courier,recovered,0.95,managed,0.0,30,0.050667,0.029117,0.0,0.1,0.979936,1052.526786,0.1079,90.4,1507.97
200,50,courier,recovered,0.95,managed,10.0,30,0.0,0.0,0.0,0.0,,,0.0946,93.13,1698.7
200,50,courier,recovered,0.95,trickle,0.0,30,0.050667,0.029117,0.0,0.1,0.979936,1052.526786,0.1079,90.4,1507.97
200,50,courier,recovered,0.95,trickle,10.0,30,0.0,0.0,0.0,0.0,,,0.0946,93.13,1698.7
200,50,courier,up,0.7,flood,0.0,30,0.124,0.033795,0.02,0.18,7.969579,367.015714,0.1273,88.83,1389.97
200,50,courier,up,0.7,flood,10.0,30,0.118,0.031228,0.06,0.16,18.129472,422.811746,0.1117,91.3,1693.6
200,50,courier,up,0.7,gradient,0.0,30,0.019333,0.017006,0.0,0.06,0.0,1432.190476,1.0,75.5,1481.87
200,50,courier,up,0.7,gradient,10.0,30,0.098,0.034978,0.0,0.16,11.98125,437.848522,0.1509,80.43,1705.4
200,50,courier,up,0.7,gradient_scf,0.0,30,0.124,0.033795,0.02,0.18,7.969579,367.015714,0.1273,88.83,1389.97
200,50,courier,up,0.7,gradient_scf,10.0,30,0.118,0.031228,0.06,0.16,18.129472,422.811746,0.1117,91.3,1693.6
200,50,courier,up,0.7,managed,0.0,30,0.124,0.033795,0.02,0.18,7.969579,367.015714,0.1273,88.83,1389.97
200,50,courier,up,0.7,managed,10.0,30,0.118,0.031228,0.06,0.16,18.129472,422.811746,0.1117,91.3,1693.6
200,50,courier,up,0.7,trickle,0.0,30,0.124,0.033795,0.02,0.18,7.969579,367.015714,0.1273,88.83,1389.97
200,50,courier,up,0.7,trickle,10.0,30,0.118,0.031228,0.06,0.16,18.129472,422.811746,0.1117,91.3,1693.6
200,50,courier,up,0.85,flood,0.0,30,0.130667,0.028154,0.06,0.18,8.131103,434.70836,0.1152,100.37,2039.0
200,50,courier,up,0.85,flood,10.0,30,0.118667,0.036741,0.0,0.18,17.730176,532.18908,0.1002,102.63,2404.53
200,50,courier,up,0.85,gradient,0.0,30,0.026667,0.021867,0.0,0.08,0.0,1534.712121,1.0,84.7,2041.97
200,50,courier,up,0.85,gradient,10.0,30,0.118,0.043104,0.04,0.22,12.076859,492.547686,0.1154,89.63,2364.33
200,50,courier,up,0.85,gradient_scf,0.0,30,0.130667,0.028154,0.06,0.18,8.131103,434.70836,0.1152,100.37,2039.0
200,50,courier,up,0.85,gradient_scf,10.0,30,0.118667,0.036741,0.0,0.18,17.730176,532.18908,0.1002,102.63,2404.53
200,50,courier,up,0.85,managed,0.0,30,0.130667,0.028154,0.06,0.18,8.131103,434.70836,0.1152,100.37,2039.0
200,50,courier,up,0.85,managed,10.0,30,0.118667,0.036741,0.0,0.18,17.730176,532.18908,0.1002,102.63,2404.53
200,50,courier,up,0.85,trickle,0.0,30,0.130667,0.028154,0.06,0.18,8.131103,434.70836,0.1152,100.37,2039.0
200,50,courier,up,0.85,trickle,10.0,30,0.118667,0.036741,0.0,0.18,17.730176,532.18908,0.1002,102.63,2404.53
200,50,courier,up,0.95,flood,0.0,30,0.132,0.031338,0.08,0.22,7.718379,496.368867,0.1094,104.8,2454.5
200,50,courier,up,0.95,flood,10.0,30,0.121333,0.027258,0.04,0.18,16.761956,604.310661,0.0953,111.3,2854.87
200,50,courier,up,0.95,gradient,0.0,30,0.029333,0.024486,0.0,0.08,0.0,1784.231061,1.0,89.57,2469.73
200,50,courier,up,0.95,gradient,10.0,30,0.123333,0.02975,0.04,0.18,12.320786,540.252434,0.1014,98.0,2880.63
200,50,courier,up,0.95,gradient_scf,0.0,30,0.132,0.031338,0.08,0.22,7.718379,496.368867,0.1094,104.8,2454.5
200,50,courier,up,0.95,gradient_scf,10.0,30,0.121333,0.027258,0.04,0.18,16.761956,604.310661,0.0953,111.3,2854.87
200,50,courier,up,0.95,managed,0.0,30,0.132,0.031338,0.08,0.22,7.718379,496.368867,0.1094,104.8,2454.5
200,50,courier,up,0.95,managed,10.0,30,0.121333,0.027258,0.04,0.18,16.761956,604.310661,0.0953,111.3,2854.87
200,50,courier,up,0.95,trickle,0.0,30,0.132,0.031338,0.08,0.22,7.718379,496.368867,0.1094,104.8,2454.5
200,50,courier,up,0.95,trickle,10.0,30,0.121333,0.027258,0.04,0.18,16.761956,604.310661,0.0953,111.3,2854.87
200,50,static,down,0.7,flood,0.0,30,0.054667,0.032772,0.0,0.12,0.966478,280.751786,0.102,73.77,44.47
200,50,static,down,0.7,flood,10.0,30,0.0,0.0,0.0,0.0,,,0.0929,68.73,43.9
200,50,static,down,0.7,gradient,0.0,30,0.029333,0.024486,0.0,0.08,0.0,64.833333,1.0,59.2,42.43
200,50,static,down,0.7,gradient,10.0,30,0.0,0.0,0.0,0.0,,,1.0,56.93,43.9
200,50,static,down,0.7,gradient_scf,0.0,30,0.054667,0.032772,0.0,0.12,0.966478,280.751786,0.102,73.77,44.47
200,50,static,down,0.7,gradient_scf,10.0,30,0.0,0.0,0.0,0.0,,,0.0929,68.73,43.9
200,50,static,down,0.7,managed,0.0,30,0.054667,0.032772,0.0,0.12,0.966478,280.751786,0.102,73.77,44.47
200,50,static,down,0.7,managed,10.0,30,0.0,0.0,0.0,0.0,,,0.0929,68.73,43.9
200,50,static,down,0.7,trickle,0.0,30,0.054667,0.032772,0.0,0.12,0.966478,280.751786,0.102,73.77,44.47
200,50,static,down,0.7,trickle,10.0,30,0.0,0.0,0.0,0.0,,,0.0929,68.73,43.9
200,50,static,down,0.85,flood,0.0,30,0.058667,0.034011,0.0,0.12,0.833323,255.5375,0.0944,73.17,58.67
200,50,static,down,0.85,flood,10.0,30,0.0,0.0,0.0,0.0,,,0.0832,70.57,59.3
200,50,static,down,0.85,gradient,0.0,30,0.038,0.024269,0.0,0.08,0.0,59.788462,1.0,60.33,58.53
200,50,static,down,0.85,gradient,10.0,30,0.0,0.0,0.0,0.0,,,1.0,58.07,59.3
200,50,static,down,0.85,gradient_scf,0.0,30,0.058667,0.034011,0.0,0.12,0.833323,255.5375,0.0944,73.17,58.67
200,50,static,down,0.85,gradient_scf,10.0,30,0.0,0.0,0.0,0.0,,,0.0832,70.57,59.3
200,50,static,down,0.85,managed,0.0,30,0.058667,0.034011,0.0,0.12,0.833323,255.5375,0.0944,73.17,58.67
200,50,static,down,0.85,managed,10.0,30,0.0,0.0,0.0,0.0,,,0.0832,70.57,59.3
200,50,static,down,0.85,trickle,0.0,30,0.058667,0.034011,0.0,0.12,0.833323,255.5375,0.0944,73.17,58.67
200,50,static,down,0.85,trickle,10.0,30,0.0,0.0,0.0,0.0,,,0.0832,70.57,59.3
200,50,static,down,0.95,flood,0.0,30,0.063333,0.038267,0.0,0.14,0.8349,252.115136,0.0894,75.23,62.27
200,50,static,down,0.95,flood,10.0,30,0.0,0.0,0.0,0.0,,,0.0743,71.5,68.37
200,50,static,down,0.95,gradient,0.0,30,0.042,0.026444,0.0,0.1,0.0,58.079487,1.0,60.43,62.27
200,50,static,down,0.95,gradient,10.0,30,0.0,0.0,0.0,0.0,,,1.0,58.17,68.37
200,50,static,down,0.95,gradient_scf,0.0,30,0.063333,0.038267,0.0,0.14,0.8349,252.115136,0.0894,75.23,62.27
200,50,static,down,0.95,gradient_scf,10.0,30,0.0,0.0,0.0,0.0,,,0.0743,71.5,68.37
200,50,static,down,0.95,managed,0.0,30,0.063333,0.038267,0.0,0.14,0.8349,252.115136,0.0894,75.23,62.27
200,50,static,down,0.95,managed,10.0,30,0.0,0.0,0.0,0.0,,,0.0743,71.5,68.37
200,50,static,down,0.95,trickle,0.0,30,0.063333,0.038267,0.0,0.14,0.8349,252.115136,0.0894,75.23,62.27
200,50,static,down,0.95,trickle,10.0,30,0.0,0.0,0.0,0.0,,,0.0743,71.5,68.37
200,50,static,recovered,0.7,flood,0.0,30,0.054667,0.032772,0.0,0.12,0.966478,280.751786,0.102,73.77,44.47
200,50,static,recovered,0.7,flood,10.0,30,0.0,0.0,0.0,0.0,,,0.0929,68.73,43.9
200,50,static,recovered,0.7,gradient,0.0,30,0.029333,0.024486,0.0,0.08,0.0,64.833333,1.0,59.2,42.43
200,50,static,recovered,0.7,gradient,10.0,30,0.0,0.0,0.0,0.0,,,1.0,56.93,43.9
200,50,static,recovered,0.7,gradient_scf,0.0,30,0.054667,0.032772,0.0,0.12,0.966478,280.751786,0.102,73.77,44.47
200,50,static,recovered,0.7,gradient_scf,10.0,30,0.0,0.0,0.0,0.0,,,0.0929,68.73,43.9
200,50,static,recovered,0.7,managed,0.0,30,0.054667,0.032772,0.0,0.12,0.966478,280.751786,0.102,73.77,44.47
200,50,static,recovered,0.7,managed,10.0,30,0.0,0.0,0.0,0.0,,,0.0929,68.73,43.9
200,50,static,recovered,0.7,trickle,0.0,30,0.054667,0.032772,0.0,0.12,0.966478,280.751786,0.102,73.77,44.47
200,50,static,recovered,0.7,trickle,10.0,30,0.0,0.0,0.0,0.0,,,0.0929,68.73,43.9
200,50,static,recovered,0.85,flood,0.0,30,0.058667,0.034011,0.0,0.12,0.833323,255.5375,0.0944,73.17,58.67
200,50,static,recovered,0.85,flood,10.0,30,0.0,0.0,0.0,0.0,,,0.0832,70.57,59.3
200,50,static,recovered,0.85,gradient,0.0,30,0.038,0.024269,0.0,0.08,0.0,59.788462,1.0,60.33,58.53
200,50,static,recovered,0.85,gradient,10.0,30,0.0,0.0,0.0,0.0,,,1.0,58.07,59.3
200,50,static,recovered,0.85,gradient_scf,0.0,30,0.058667,0.034011,0.0,0.12,0.833323,255.5375,0.0944,73.17,58.67
200,50,static,recovered,0.85,gradient_scf,10.0,30,0.0,0.0,0.0,0.0,,,0.0832,70.57,59.3
200,50,static,recovered,0.85,managed,0.0,30,0.058667,0.034011,0.0,0.12,0.833323,255.5375,0.0944,73.17,58.67
200,50,static,recovered,0.85,managed,10.0,30,0.0,0.0,0.0,0.0,,,0.0832,70.57,59.3
200,50,static,recovered,0.85,trickle,0.0,30,0.058667,0.034011,0.0,0.12,0.833323,255.5375,0.0944,73.17,58.67
200,50,static,recovered,0.85,trickle,10.0,30,0.0,0.0,0.0,0.0,,,0.0832,70.57,59.3
200,50,static,recovered,0.95,flood,0.0,30,0.063333,0.038267,0.0,0.14,0.8349,252.115136,0.0894,75.23,62.27
200,50,static,recovered,0.95,flood,10.0,30,0.0,0.0,0.0,0.0,,,0.0743,71.5,68.37
200,50,static,recovered,0.95,gradient,0.0,30,0.042,0.026444,0.0,0.1,0.0,58.079487,1.0,60.43,62.27
200,50,static,recovered,0.95,gradient,10.0,30,0.0,0.0,0.0,0.0,,,1.0,58.17,68.37
200,50,static,recovered,0.95,gradient_scf,0.0,30,0.063333,0.038267,0.0,0.14,0.8349,252.115136,0.0894,75.23,62.27
200,50,static,recovered,0.95,gradient_scf,10.0,30,0.0,0.0,0.0,0.0,,,0.0743,71.5,68.37
200,50,static,recovered,0.95,managed,0.0,30,0.063333,0.038267,0.0,0.14,0.8349,252.115136,0.0894,75.23,62.27
200,50,static,recovered,0.95,managed,10.0,30,0.0,0.0,0.0,0.0,,,0.0743,71.5,68.37
200,50,static,recovered,0.95,trickle,0.0,30,0.063333,0.038267,0.0,0.14,0.8349,252.115136,0.0894,75.23,62.27
200,50,static,recovered,0.95,trickle,10.0,30,0.0,0.0,0.0,0.0,,,0.0743,71.5,68.37
200,50,static,up,0.7,flood,0.0,30,0.121333,0.031484,0.04,0.16,6.714375,342.002103,0.1025,119.3,1397.27
200,50,static,up,0.7,flood,10.0,30,0.114667,0.032349,0.04,0.18,15.643174,406.077169,0.0907,127.4,1627.57
200,50,static,up,0.7,gradient,0.0,30,0.029333,0.024486,0.0,0.08,0.0,1024.825758,1.0,102.67,1408.0
200,50,static,up,0.7,gradient,10.0,30,0.118,0.038002,0.04,0.22,11.748054,332.831201,0.1006,116.17,1638.07
200,50,static,up,0.7,gradient_scf,0.0,30,0.121333,0.031484,0.04,0.16,6.714375,342.002103,0.1025,119.3,1397.27
200,50,static,up,0.7,gradient_scf,10.0,30,0.114667,0.032349,0.04,0.18,15.643174,406.077169,0.0907,127.4,1627.57
200,50,static,up,0.7,managed,0.0,30,0.121333,0.031484,0.04,0.16,6.714375,342.002103,0.1025,119.3,1397.27
200,50,static,up,0.7,managed,10.0,30,0.114667,0.032349,0.04,0.18,15.643174,406.077169,0.0907,127.4,1627.57
200,50,static,up,0.7,trickle,0.0,30,0.121333,0.031484,0.04,0.16,6.714375,342.002103,0.1025,119.3,1397.27
200,50,static,up,0.7,trickle,10.0,30,0.114667,0.032349,0.04,0.18,15.643174,406.077169,0.0907,127.4,1627.57
200,50,static,up,0.85,flood,0.0,30,0.122667,0.027156,0.06,0.18,6.854745,395.937659,0.0944,140.4,1792.8
200,50,static,up,0.85,flood,10.0,30,0.112,0.029989,0.04,0.16,15.020357,489.517778,0.0794,150.47,2083.3
200,50,static,up,0.85,gradient,0.0,30,0.038,0.024269,0.0,0.08,0.0,1046.567308,1.0,122.53,1799.87
200,50,static,up,0.85,gradient,10.0,30,0.125333,0.032349,0.06,0.2,11.807539,380.541534,0.0858,140.23,2101.77
200,50,static,up,0.85,gradient_scf,0.0,30,0.122667,0.027156,0.06,0.18,6.854745,395.937659,0.0944,140.4,1792.8
200,50,static,up,0.85,gradient_scf,10.0,30,0.112,0.029989,0.04,0.16,15.020357,489.517778,0.0794,150.47,2083.3
200,50,static,up,0.85,managed,0.0,30,0.122667,0.027156,0.06,0.18,6.854745,395.937659,0.0944,140.4,1792.8
200,50,static,up,0.85,managed,10.0,30,0.112,0.029989,0.04,0.16,15.020357,489.517778,0.0794,150.47,2083.3
200,50,static,up,0.85,trickle,0.0,30,0.122667,0.027156,0.06,0.18,6.854745,395.937659,0.0944,140.4,1792.8
200,50,static,up,0.85,trickle,10.0,30,0.112,0.029989,0.04,0.16,15.020357,489.517778,0.0794,150.47,2083.3
200,50,static,up,0.95,flood,0.0,30,0.123333,0.034072,0.06,0.18,5.910698,448.17086,0.088,156.37,2046.77
200,50,static,up,0.95,flood,10.0,30,0.109333,0.029117,0.04,0.16,14.954663,557.155635,0.0743,167.5,2353.67
200,50,static,up,0.95,gradient,0.0,30,0.042,0.026444,0.0,0.1,0.0,1091.38141,1.0,136.5,2016.77
200,50,static,up,0.95,gradient,10.0,30,0.127333,0.028519,0.08,0.18,11.818655,417.974286,0.0805,156.53,2355.07
200,50,static,up,0.95,gradient_scf,0.0,30,0.123333,0.034072,0.06,0.18,5.910698,448.17086,0.088,156.37,2046.77
200,50,static,up,0.95,gradient_scf,10.0,30,0.109333,0.029117,0.04,0.16,14.954663,557.155635,0.0743,167.5,2353.67
200,50,static,up,0.95,managed,0.0,30,0.123333,0.034072,0.06,0.18,5.910698,448.17086,0.088,156.37,2046.77
200,50,static,up,0.95,managed,10.0,30,0.109333,0.029117,0.04,0.16,14.954663,557.155635,0.0743,167.5,2353.67
200,50,static,up,0.95,trickle,0.0,30,0.123333,0.034072,0.06,0.18,5.910698,448.17086,0.088,156.37,2046.77
200,50,static,up,0.95,trickle,10.0,30,0.109333,0.029117,0.04,0.16,14.954663,557.155635,0.0743,167.5,2353.67
200,50,walking,down,0.7,flood,0.0,30,0.054667,0.033604,0.0,0.14,0.935954,276.040741,0.1107,70.13,46.57
200,50,walking,down,0.7,flood,10.0,30,0.0,0.0,0.0,0.0,,,0.0948,65.8,40.13
200,50,walking,down,0.7,gradient,0.0,30,0.026667,0.021867,0.0,0.08,0.0,64.132576,1.0,58.57,35.13
200,50,walking,down,0.7,gradient,10.0,30,0.0,0.0,0.0,0.0,,,0.9695,56.2,40.13
200,50,walking,down,0.7,gradient_scf,0.0,30,0.054667,0.033604,0.0,0.14,0.935954,276.040741,0.1107,70.13,46.57
200,50,walking,down,0.7,gradient_scf,10.0,30,0.0,0.0,0.0,0.0,,,0.0948,65.8,40.13
200,50,walking,down,0.7,managed,0.0,30,0.054667,0.033604,0.0,0.14,0.935954,276.040741,0.1107,70.13,46.57
200,50,walking,down,0.7,managed,10.0,30,0.0,0.0,0.0,0.0,,,0.0948,65.8,40.13
200,50,walking,down,0.7,trickle,0.0,30,0.054667,0.033604,0.0,0.14,0.935954,276.040741,0.1107,70.13,46.57
200,50,walking,down,0.7,trickle,10.0,30,0.0,0.0,0.0,0.0,,,0.0948,65.8,40.13
200,50,walking,down,0.85,flood,0.0,30,0.054,0.03328,0.0,0.12,0.850619,284.054938,0.1036,72.03,58.07
200,50,walking,down,0.85,flood,10.0,30,0.0,0.0,0.0,0.0,,,0.0863,69.3,62.43
200,50,walking,down,0.85,gradient,0.0,30,0.033333,0.023684,0.0,0.08,0.0,68.01,1.0,59.0,53.3
200,50,walking,down,0.85,gradient,10.0,30,0.0,0.0,0.0,0.0,,,0.9694,57.13,62.43
200,50,walking,down,0.85,gradient_scf,0.0,30,0.054,0.03328,0.0,0.12,0.850619,284.054938,0.1036,72.03,58.07
200,50,walking,down,0.85,gradient_scf,10.0,30,0.0,0.0,0.0,0.0,,,0.0863,69.3,62.43
200,50,walking,down,0.85,managed,0.0,30,0.054,0.03328,0.0,0.12,0.850619,284.054938,0.1036,72.03,58.07
200,50,walking,down,0.85,managed,10.0,30,0.0,0.0,0.0,0.0,,,0.0863,69.3,62.43
200,50,walking,down,0.85,trickle,0.0,30,0.054,0.03328,0.0,0.12,0.850619,284.054938,0.1036,72.03,58.07
200,50,walking,down,0.85,trickle,10.0,30,0.0,0.0,0.0,0.0,,,0.0863,69.3,62.43
200,50,walking,down,0.95,flood,0.0,30,0.058,0.033363,0.0,0.12,0.764645,285.067857,0.0997,72.63,72.3
200,50,walking,down,0.95,flood,10.0,30,0.0,0.0,0.0,0.0,,,0.0823,68.27,62.07
200,50,walking,down,0.95,gradient,0.0,30,0.038667,0.024031,0.0,0.08,0.0,61.971154,1.0,59.63,69.5
200,50,walking,down,0.95,gradient,10.0,30,0.0,0.0,0.0,0.0,,,1.0,57.3,62.07
200,50,walking,down,0.95,gradient_scf,0.0,30,0.058,0.033363,0.0,0.12,0.764645,285.067857,0.0997,72.63,72.3
200,50,walking,down,0.95,gradient_scf,10.0,30,0.0,0.0,0.0,0.0,,,0.0823,68.27,62.07
200,50,walking,down,0.95,managed,0.0,30,0.058,0.033363,0.0,0.12,0.764645,285.067857,0.0997,72.63,72.3
200,50,walking,down,0.95,managed,10.0,30,0.0,0.0,0.0,0.0,,,0.0823,68.27,62.07
200,50,walking,down,0.95,trickle,0.0,30,0.058,0.033363,0.0,0.12,0.764645,285.067857,0.0997,72.63,72.3
200,50,walking,down,0.95,trickle,10.0,30,0.0,0.0,0.0,0.0,,,0.0823,68.27,62.07
200,50,walking,recovered,0.7,flood,0.0,30,0.054667,0.033604,0.0,0.14,0.935954,276.040741,0.1107,70.13,46.57
200,50,walking,recovered,0.7,flood,10.0,30,0.0,0.0,0.0,0.0,,,0.0948,65.8,40.13
200,50,walking,recovered,0.7,gradient,0.0,30,0.026667,0.021867,0.0,0.08,0.0,64.132576,1.0,58.57,35.13
200,50,walking,recovered,0.7,gradient,10.0,30,0.0,0.0,0.0,0.0,,,0.9695,56.2,40.13
200,50,walking,recovered,0.7,gradient_scf,0.0,30,0.054667,0.033604,0.0,0.14,0.935954,276.040741,0.1107,70.13,46.57
200,50,walking,recovered,0.7,gradient_scf,10.0,30,0.0,0.0,0.0,0.0,,,0.0948,65.8,40.13
200,50,walking,recovered,0.7,managed,0.0,30,0.054667,0.033604,0.0,0.14,0.935954,276.040741,0.1107,70.13,46.57
200,50,walking,recovered,0.7,managed,10.0,30,0.0,0.0,0.0,0.0,,,0.0948,65.8,40.13
200,50,walking,recovered,0.7,trickle,0.0,30,0.054667,0.033604,0.0,0.14,0.935954,276.040741,0.1107,70.13,46.57
200,50,walking,recovered,0.7,trickle,10.0,30,0.0,0.0,0.0,0.0,,,0.0948,65.8,40.13
200,50,walking,recovered,0.85,flood,0.0,30,0.054,0.03328,0.0,0.12,0.850619,284.054938,0.1036,72.03,58.07
200,50,walking,recovered,0.85,flood,10.0,30,0.0,0.0,0.0,0.0,,,0.0863,69.3,62.43
200,50,walking,recovered,0.85,gradient,0.0,30,0.033333,0.023684,0.0,0.08,0.0,68.01,1.0,59.0,53.3
200,50,walking,recovered,0.85,gradient,10.0,30,0.0,0.0,0.0,0.0,,,0.9694,57.13,62.43
200,50,walking,recovered,0.85,gradient_scf,0.0,30,0.054,0.03328,0.0,0.12,0.850619,284.054938,0.1036,72.03,58.07
200,50,walking,recovered,0.85,gradient_scf,10.0,30,0.0,0.0,0.0,0.0,,,0.0863,69.3,62.43
200,50,walking,recovered,0.85,managed,0.0,30,0.054,0.03328,0.0,0.12,0.850619,284.054938,0.1036,72.03,58.07
200,50,walking,recovered,0.85,managed,10.0,30,0.0,0.0,0.0,0.0,,,0.0863,69.3,62.43
200,50,walking,recovered,0.85,trickle,0.0,30,0.054,0.03328,0.0,0.12,0.850619,284.054938,0.1036,72.03,58.07
200,50,walking,recovered,0.85,trickle,10.0,30,0.0,0.0,0.0,0.0,,,0.0863,69.3,62.43
200,50,walking,recovered,0.95,flood,0.0,30,0.058,0.033363,0.0,0.12,0.764645,285.067857,0.0997,72.63,72.3
200,50,walking,recovered,0.95,flood,10.0,30,0.0,0.0,0.0,0.0,,,0.0823,68.27,62.07
200,50,walking,recovered,0.95,gradient,0.0,30,0.038667,0.024031,0.0,0.08,0.0,61.971154,1.0,59.63,69.5
200,50,walking,recovered,0.95,gradient,10.0,30,0.0,0.0,0.0,0.0,,,1.0,57.3,62.07
200,50,walking,recovered,0.95,gradient_scf,0.0,30,0.058,0.033363,0.0,0.12,0.764645,285.067857,0.0997,72.63,72.3
200,50,walking,recovered,0.95,gradient_scf,10.0,30,0.0,0.0,0.0,0.0,,,0.0823,68.27,62.07
200,50,walking,recovered,0.95,managed,0.0,30,0.058,0.033363,0.0,0.12,0.764645,285.067857,0.0997,72.63,72.3
200,50,walking,recovered,0.95,managed,10.0,30,0.0,0.0,0.0,0.0,,,0.0823,68.27,62.07
200,50,walking,recovered,0.95,trickle,0.0,30,0.058,0.033363,0.0,0.12,0.764645,285.067857,0.0997,72.63,72.3
200,50,walking,recovered,0.95,trickle,10.0,30,0.0,0.0,0.0,0.0,,,0.0823,68.27,62.07
200,50,walking,up,0.7,flood,0.0,30,0.120667,0.033003,0.06,0.18,7.762572,315.633717,0.1119,97.93,1213.3
200,50,walking,up,0.7,flood,10.0,30,0.120667,0.031724,0.04,0.2,17.16869,348.442778,0.0987,100.77,1401.1
200,50,walking,up,0.7,gradient,0.0,30,0.026667,0.021867,0.0,0.08,0.0,956.375,1.0,81.9,1185.87
200,50,walking,up,0.7,gradient,10.0,30,0.113333,0.042127,0.0,0.22,11.856774,288.500184,0.1115,88.93,1409.77
200,50,walking,up,0.7,gradient_scf,0.0,30,0.120667,0.033003,0.06,0.18,7.762572,315.633717,0.1119,97.93,1213.3
200,50,walking,up,0.7,gradient_scf,10.0,30,0.120667,0.031724,0.04,0.2,17.16869,348.442778,0.0987,100.77,1401.1
200,50,walking,up,0.7,managed,0.0,30,0.120667,0.033003,0.06,0.18,7.762572,315.633717,0.1119,97.93,1213.3
200,50,walking,up,0.7,managed,10.0,30,0.120667,0.031724,0.04,0.2,17.16869,348.442778,0.0987,100.77,1401.1
200,50,walking,up,0.7,trickle,0.0,30,0.120667,0.033003,0.06,0.18,7.762572,315.633717,0.1119,97.93,1213.3
200,50,walking,up,0.7,trickle,10.0,30,0.120667,0.031724,0.04,0.2,17.16869,348.442778,0.0987,100.77,1401.1
200,50,walking,up,0.85,flood,0.0,30,0.132,0.036615,0.04,0.2,7.155562,351.034127,0.1071,110.53,1582.57
200,50,walking,up,0.85,flood,10.0,30,0.117333,0.02864,0.04,0.16,15.942907,434.072659,0.0884,117.4,1866.03
200,50,walking,up,0.85,gradient,0.0,30,0.033333,0.023684,0.0,0.08,0.0,1146.39,1.0,94.53,1624.03
200,50,walking,up,0.85,gradient,10.0,30,0.122667,0.034334,0.06,0.18,11.889876,355.210556,0.0957,105.73,1864.97
200,50,walking,up,0.85,gradient_scf,0.0,30,0.132,0.036615,0.04,0.2,7.155562,351.034127,0.1071,110.53,1582.57
200,50,walking,up,0.85,gradient_scf,10.0,30,0.117333,0.02864,0.04,0.16,15.942907,434.072659,0.0884,117.4,1866.03
200,50,walking,up,0.85,managed,0.0,30,0.132,0.036615,0.04,0.2,7.155562,351.034127,0.1071,110.53,1582.57
200,50,walking,up,0.85,managed,10.0,30,0.117333,0.02864,0.04,0.16,15.942907,434.072659,0.0884,117.4,1866.03
200,50,walking,up,0.85,trickle,0.0,30,0.132,0.036615,0.04,0.2,7.155562,351.034127,0.1071,110.53,1582.57
200,50,walking,up,0.85,trickle,10.0,30,0.117333,0.02864,0.04,0.16,15.942907,434.072659,0.0884,117.4,1866.03
200,50,walking,up,0.95,flood,0.0,30,0.126,0.02884,0.04,0.18,6.469414,407.469325,0.0977,121.33,1853.2
200,50,walking,up,0.95,flood,10.0,30,0.112667,0.031724,0.04,0.18,15.60465,513.440754,0.0802,128.4,2155.4
200,50,walking,up,0.95,gradient,0.0,30,0.038667,0.024031,0.0,0.08,0.0,1061.432692,1.0,104.1,1851.57
200,50,walking,up,0.95,gradient,10.0,30,0.128,0.029989,0.08,0.2,11.940925,381.361614,0.0878,115.87,2144.43
200,50,walking,up,0.95,gradient_scf,0.0,30,0.126,0.02884,0.04,0.18,6.469414,407.469325,0.0977,121.33,1853.2
200,50,walking,up,0.95,gradient_scf,10.0,30,0.112667,0.031724,0.04,0.18,15.60465,513.440754,0.0802,128.4,2155.4
200,50,walking,up,0.95,managed,0.0,30,0.126,0.02884,0.04,0.18,6.469414,407.469325,0.0977,121.33,1853.2
200,50,walking,up,0.95,managed,10.0,30,0.112667,0.031724,0.04,0.18,15.60465,513.440754,0.0802,128.4,2155.4
200,50,walking,up,0.95,trickle,0.0,30,0.126,0.02884,0.04,0.18,6.469414,407.469325,0.0977,121.33,1853.2
200,50,walking,up,0.95,trickle,10.0,30,0.112667,0.031724,0.04,0.18,15.60465,513.440754,0.0802,128.4,2155.4
50,1,courier,down,0.7,flood,0.0,30,0.833333,0.379049,0.0,1.0,0.553067,64.64,1.0,1.33,20.1
50,1,courier,down,0.7,flood,10.0,30,0.0,0.0,0.0,0.0,,,1.0,0.93,14.8
50,1,courier,down,0.7,gradient,0.0,30,0.133333,0.345746,0.0,1.0,0.0,8.75,1.0,0.33,14.3
50,1,courier,down,0.7,gradient,10.0,30,0.0,0.0,0.0,0.0,,,1.0,0.1,14.8
50,1,courier,down,0.7,gradient_scf,0.0,30,0.833333,0.379049,0.0,1.0,0.553067,64.64,1.0,1.33,20.1
50,1,courier,down,0.7,gradient_scf,10.0,30,0.0,0.0,0.0,0.0,,,1.0,0.93,14.8
50,1,courier,down,0.7,managed,0.0,30,0.833333,0.379049,0.0,1.0,0.553067,64.64,1.0,1.33,20.1
50,1,courier,down,0.7,managed,10.0,30,0.0,0.0,0.0,0.0,,,1.0,0.93,14.8
50,1,courier,down,0.7,trickle,0.0,30,0.833333,0.379049,0.0,1.0,0.553067,64.64,1.0,1.33,20.1
50,1,courier,down,0.7,trickle,10.0,30,0.0,0.0,0.0,0.0,,,1.0,0.93,14.8
50,1,courier,down,0.85,flood,0.0,30,0.866667,0.345746,0.0,1.0,0.500177,73.307692,1.0,1.7,27.23
50,1,courier,down,0.85,flood,10.0,30,0.0,0.0,0.0,0.0,,,1.0,1.1,16.03
50,1,courier,down,0.85,gradient,0.0,30,0.133333,0.345746,0.0,1.0,0.0,19.25,1.0,0.37,15.87
50,1,courier,down,0.85,gradient,10.0,30,0.0,0.0,0.0,0.0,,,1.0,0.13,16.03
50,1,courier,down,0.85,gradient_scf,0.0,30,0.866667,0.345746,0.0,1.0,0.500177,73.307692,1.0,1.7,27.23
50,1,courier,down,0.85,gradient_scf,10.0,30,0.0,0.0,0.0,0.0,,,1.0,1.1,16.03
50,1,courier,down,0.85,managed,0.0,30,0.866667,0.345746,0.0,1.0,0.500177,73.307692,1.0,1.7,27.23
50,1,courier,down,0.85,managed,10.0,30,0.0,0.0,0.0,0.0,,,1.0,1.1,16.03
50,1,courier,down,0.85,trickle,0.0,30,0.866667,0.345746,0.0,1.0,0.500177,73.307692,1.0,1.7,27.23
50,1,courier,down,0.85,trickle,10.0,30,0.0,0.0,0.0,0.0,,,1.0,1.1,16.03
50,1,courier,down,0.95,flood,0.0,30,0.933333,0.253708,0.0,1.0,0.510992,98.535714,1.0,1.73,49.83
50,1,courier,down,0.95,flood,10.0,30,0.0,0.0,0.0,0.0,,,1.0,1.3,16.93
50,1,courier,down,0.95,gradient,0.0,30,0.166667,0.379049,0.0,1.0,0.0,19.0,1.0,0.47,28.47
50,1,courier,down,0.95,gradient,10.0,30,0.0,0.0,0.0,0.0,,,1.0,0.2,16.93
50,1,courier,down,0.95,gradient_scf,0.0,30,0.933333,0.253708,0.0,1.0,0.510992,98.535714,1.0,1.73,49.83
50,1,courier,down,0.95,gradient_scf,10.0,30,0.0,0.0,0.0,0.0,,,1.0,1.3,16.93
50,1,courier,down,0.95,managed,0.0,30,0.933333,0.253708,0.0,1.0,0.510992,98.535714,1.0,1.73,49.83
50,1,courier,down,0.95,managed,10.0,30,0.0,0.0,0.0,0.0,,,1.0,1.3,16.93
50,1,courier,down,0.95,trickle,0.0,30,0.933333,0.253708,0.0,1.0,0.510992,98.535714,1.0,1.73,49.83
50,1,courier,down,0.95,trickle,10.0,30,0.0,0.0,0.0,0.0,,,1.0,1.3,16.93
50,1,courier,recovered,0.7,flood,0.0,30,0.833333,0.379049,0.0,1.0,0.553067,64.64,1.0,1.33,20.1
50,1,courier,recovered,0.7,flood,10.0,30,0.0,0.0,0.0,0.0,,,1.0,0.93,14.8
50,1,courier,recovered,0.7,gradient,0.0,30,0.133333,0.345746,0.0,1.0,0.0,8.75,1.0,0.33,14.3
50,1,courier,recovered,0.7,gradient,10.0,30,0.0,0.0,0.0,0.0,,,1.0,0.1,14.8
50,1,courier,recovered,0.7,gradient_scf,0.0,30,0.833333,0.379049,0.0,1.0,0.553067,64.64,1.0,1.33,20.1
50,1,courier,recovered,0.7,gradient_scf,10.0,30,0.0,0.0,0.0,0.0,,,1.0,0.93,14.8
50,1,courier,recovered,0.7,managed,0.0,30,0.833333,0.379049,0.0,1.0,0.553067,64.64,1.0,1.33,20.1
50,1,courier,recovered,0.7,managed,10.0,30,0.0,0.0,0.0,0.0,,,1.0,0.93,14.8
50,1,courier,recovered,0.7,trickle,0.0,30,0.833333,0.379049,0.0,1.0,0.553067,64.64,1.0,1.33,20.1
50,1,courier,recovered,0.7,trickle,10.0,30,0.0,0.0,0.0,0.0,,,1.0,0.93,14.8
50,1,courier,recovered,0.85,flood,0.0,30,0.866667,0.345746,0.0,1.0,0.500177,73.307692,1.0,1.7,27.23
50,1,courier,recovered,0.85,flood,10.0,30,0.0,0.0,0.0,0.0,,,1.0,1.1,16.03
50,1,courier,recovered,0.85,gradient,0.0,30,0.133333,0.345746,0.0,1.0,0.0,19.25,1.0,0.37,15.87
50,1,courier,recovered,0.85,gradient,10.0,30,0.0,0.0,0.0,0.0,,,1.0,0.13,16.03
50,1,courier,recovered,0.85,gradient_scf,0.0,30,0.866667,0.345746,0.0,1.0,0.500177,73.307692,1.0,1.7,27.23
50,1,courier,recovered,0.85,gradient_scf,10.0,30,0.0,0.0,0.0,0.0,,,1.0,1.1,16.03
50,1,courier,recovered,0.85,managed,0.0,30,0.866667,0.345746,0.0,1.0,0.500177,73.307692,1.0,1.7,27.23
50,1,courier,recovered,0.85,managed,10.0,30,0.0,0.0,0.0,0.0,,,1.0,1.1,16.03
50,1,courier,recovered,0.85,trickle,0.0,30,0.866667,0.345746,0.0,1.0,0.500177,73.307692,1.0,1.7,27.23
50,1,courier,recovered,0.85,trickle,10.0,30,0.0,0.0,0.0,0.0,,,1.0,1.1,16.03
50,1,courier,recovered,0.95,flood,0.0,30,0.933333,0.253708,0.0,1.0,0.510992,98.535714,1.0,1.73,49.83
50,1,courier,recovered,0.95,flood,10.0,30,0.0,0.0,0.0,0.0,,,1.0,1.3,16.93
50,1,courier,recovered,0.95,gradient,0.0,30,0.166667,0.379049,0.0,1.0,0.0,19.0,1.0,0.47,28.47
50,1,courier,recovered,0.95,gradient,10.0,30,0.0,0.0,0.0,0.0,,,1.0,0.2,16.93
50,1,courier,recovered,0.95,gradient_scf,0.0,30,0.933333,0.253708,0.0,1.0,0.510992,98.535714,1.0,1.73,49.83
50,1,courier,recovered,0.95,gradient_scf,10.0,30,0.0,0.0,0.0,0.0,,,1.0,1.3,16.93
50,1,courier,recovered,0.95,managed,0.0,30,0.933333,0.253708,0.0,1.0,0.510992,98.535714,1.0,1.73,49.83
50,1,courier,recovered,0.95,managed,10.0,30,0.0,0.0,0.0,0.0,,,1.0,1.3,16.93
50,1,courier,recovered,0.95,trickle,0.0,30,0.933333,0.253708,0.0,1.0,0.510992,98.535714,1.0,1.73,49.83
50,1,courier,recovered,0.95,trickle,10.0,30,0.0,0.0,0.0,0.0,,,1.0,1.3,16.93
50,1,courier,up,0.7,flood,0.0,30,0.833333,0.379049,0.0,1.0,0.553067,209.4,1.0,2.37,174.03
50,1,courier,up,0.7,flood,10.0,30,0.866667,0.345746,0.0,1.0,10.595732,253.615385,1.0,2.83,220.37
50,1,courier,up,0.7,gradient,0.0,30,0.133333,0.345746,0.0,1.0,0.0,105.25,1.0,1.63,167.97
50,1,courier,up,0.7,gradient,10.0,30,0.533333,0.507416,0.0,1.0,10.188027,211.6875,1.0,2.3,221.2
50,1,courier,up,0.7,gradient_scf,0.0,30,0.833333,0.379049,0.0,1.0,0.553067,209.4,1.0,2.37,174.03
50,1,courier,up,0.7,gradient_scf,10.0,30,0.866667,0.345746,0.0,1.0,10.595732,253.615385,1.0,2.83,220.37
50,1,courier,up,0.7,managed,0.0,30,0.833333,0.379049,0.0,1.0,0.553067,209.4,1.0,2.37,174.03
50,1,courier,up,0.7,managed,10.0,30,0.866667,0.345746,0.0,1.0,10.595732,253.615385,1.0,2.83,220.37
50,1,courier,up,0.7,trickle,0.0,30,0.833333,0.379049,0.0,1.0,0.553067,209.4,1.0,2.37,174.03
50,1,courier,up,0.7,trickle,10.0,30,0.866667,0.345746,0.0,1.0,10.595732,253.615385,1.0,2.83,220.37
50,1,courier,up,0.85,flood,0.0,30,0.9,0.305129,0.0,1.0,0.564617,250.592593,1.0,3.17,216.27
50,1,courier,up,0.85,flood,10.0,30,0.9,0.305129,0.0,1.0,10.508614,327.62963,1.0,3.53,292.83
50,1,courier,up,0.85,gradient,0.0,30,0.133333,0.345746,0.0,1.0,0.0,143.25,1.0,1.97,210.83
50,1,courier,up,0.85,gradient,10.0,30,0.733333,0.449776,0.0,1.0,10.330192,296.681818,1.0,2.67,287.97
50,1,courier,up,0.85,gradient_scf,0.0,30,0.9,0.305129,0.0,1.0,0.564617,250.592593,1.0,3.17,216.27
50,1,courier,up,0.85,gradient_scf,10.0,30,0.9,0.305129,0.0,1.0,10.508614,327.62963,1.0,3.53,292.83
50,1,courier,up,0.85,managed,0.0,30,0.9,0.305129,0.0,1.0,0.564617,250.592593,1.0,3.17,216.27
50,1,courier,up,0.85,managed,10.0,30,0.9,0.305129,0.0,1.0,10.508614,327.62963,1.0,3.53,292.83
50,1,courier,up,0.85,trickle,0.0,30,0.9,0.305129,0.0,1.0,0.564617,250.592593,1.0,3.17,216.27
50,1,courier,up,0.85,trickle,10.0,30,0.9,0.305129,0.0,1.0,10.508614,327.62963,1.0,3.53,292.83
50,1,courier,up,0.95,flood,0.0,30,0.933333,0.253708,0.0,1.0,0.510992,292.214286,1.0,3.4,255.47
50,1,courier,up,0.95,flood,10.0,30,0.9,0.305129,0.0,1.0,10.486107,369.962963,1.0,4.03,336.37
50,1,courier,up,0.95,gradient,0.0,30,0.166667,0.379049,0.0,1.0,0.0,204.4,1.0,2.2,251.27
50,1,courier,up,0.95,gradient,10.0,30,0.7,0.466092,0.0,1.0,10.294948,342.47619,1.0,3.07,334.57
50,1,courier,up,0.95,gradient_scf,0.0,30,0.933333,0.253708,0.0,1.0,0.510992,292.214286,1.0,3.4,255.47
50,1,courier,up,0.95,gradient_scf,10.0,30,0.9,0.305129,0.0,1.0,10.486107,369.962963,1.0,4.03,336.37
50,1,courier,up,0.95,managed,0.0,30,0.933333,0.253708,0.0,1.0,0.510992,292.214286,1.0,3.4,255.47
50,1,courier,up,0.95,managed,10.0,30,0.9,0.305129,0.0,1.0,10.486107,369.962963,1.0,4.03,336.37
50,1,courier,up,0.95,trickle,0.0,30,0.933333,0.253708,0.0,1.0,0.510992,292.214286,1.0,3.4,255.47
50,1,courier,up,0.95,trickle,10.0,30,0.9,0.305129,0.0,1.0,10.486107,369.962963,1.0,4.03,336.37
50,1,static,down,0.7,flood,0.0,30,0.933333,0.253708,0.0,1.0,0.269764,60.75,1.0,2.13,14.97
50,1,static,down,0.7,flood,10.0,30,0.0,0.0,0.0,0.0,,,1.0,1.23,14.8
50,1,static,down,0.7,gradient,0.0,30,0.166667,0.379049,0.0,1.0,0.0,10.6,1.0,0.5,14.63
50,1,static,down,0.7,gradient,10.0,30,0.0,0.0,0.0,0.0,,,1.0,0.27,14.8
50,1,static,down,0.7,gradient_scf,0.0,30,0.933333,0.253708,0.0,1.0,0.269764,60.75,1.0,2.13,14.97
50,1,static,down,0.7,gradient_scf,10.0,30,0.0,0.0,0.0,0.0,,,1.0,1.23,14.8
50,1,static,down,0.7,managed,0.0,30,0.933333,0.253708,0.0,1.0,0.269764,60.75,1.0,2.13,14.97
50,1,static,down,0.7,managed,10.0,30,0.0,0.0,0.0,0.0,,,1.0,1.23,14.8
50,1,static,down,0.7,trickle,0.0,30,0.933333,0.253708,0.0,1.0,0.269764,60.75,1.0,2.13,14.97
50,1,static,down,0.7,trickle,10.0,30,0.0,0.0,0.0,0.0,,,1.0,1.23,14.8
50,1,static,down,0.85,flood,0.0,30,0.9,0.305129,0.0,1.0,0.193844,63.703704,1.0,2.2,16.8
50,1,static,down,0.85,flood,10.0,30,0.0,0.0,0.0,0.0,,,1.0,1.63,16.93
50,1,static,down,0.85,gradient,0.0,30,0.2,0.406838,0.0,1.0,0.0,15.666667,1.0,0.6,16.77
50,1,static,down,0.85,gradient,10.0,30,0.0,0.0,0.0,0.0,,,1.0,0.37,16.93
50,1,static,down,0.85,gradient_scf,0.0,30,0.9,0.305129,0.0,1.0,0.193844,63.703704,1.0,2.2,16.8
50,1,static,down,0.85,gradient_scf,10.0,30,0.0,0.0,0.0,0.0,,,1.0,1.63,16.93
50,1,static,down,0.85,managed,0.0,30,0.9,0.305129,0.0,1.0,0.193844,63.703704,1.0,2.2,16.8
50,1,static,down,0.85,managed,10.0,30,0.0,0.0,0.0,0.0,,,1.0,1.63,16.93
50,1,static,down,0.85,trickle,0.0,30,0.9,0.305129,0.0,1.0,0.193844,63.703704,1.0,2.2,16.8
50,1,static,down,0.85,trickle,10.0,30,0.0,0.0,0.0,0.0,,,1.0,1.63,16.93
50,1,static,down,0.95,flood,0.0,30,0.933333,0.253708,0.0,1.0,0.191686,65.857143,1.0,2.73,18.13
50,1,static,down,0.95,flood,10.0,30,0.0,0.0,0.0,0.0,,,1.0,2.0,18.2
50,1,static,down,0.95,gradient,0.0,30,0.2,0.406838,0.0,1.0,0.0,17.0,1.0,0.67,18.2
50,1,static,down,0.95,gradient,10.0,30,0.0,0.0,0.0,0.0,,,1.0,0.4,18.2
50,1,static,down,0.95,gradient_scf,0.0,30,0.933333,0.253708,0.0,1.0,0.191686,65.857143,1.0,2.73,18.13
50,1,static,down,0.95,gradient_scf,10.0,30,0.0,0.0,0.0,0.0,,,1.0,2.0,18.2
50,1,static,down,0.95,managed,0.0,30,0.933333,0.253708,0.0,1.0,0.191686,65.857143,1.0,2.73,18.13
50,1,static,down,0.95,managed,10.0,30,0.0,0.0,0.0,0.0,,,1.0,2.0,18.2
50,1,static,down,0.95,trickle,0.0,30,0.933333,0.253708,0.0,1.0,0.191686,65.857143,1.0,2.73,18.13
50,1,static,down,0.95,trickle,10.0,30,0.0,0.0,0.0,0.0,,,1.0,2.0,18.2
50,1,static,recovered,0.7,flood,0.0,30,0.933333,0.253708,0.0,1.0,0.269764,60.75,1.0,2.13,14.97
50,1,static,recovered,0.7,flood,10.0,30,0.0,0.0,0.0,0.0,,,1.0,1.23,14.8
50,1,static,recovered,0.7,gradient,0.0,30,0.166667,0.379049,0.0,1.0,0.0,10.6,1.0,0.5,14.63
50,1,static,recovered,0.7,gradient,10.0,30,0.0,0.0,0.0,0.0,,,1.0,0.27,14.8
50,1,static,recovered,0.7,gradient_scf,0.0,30,0.933333,0.253708,0.0,1.0,0.269764,60.75,1.0,2.13,14.97
50,1,static,recovered,0.7,gradient_scf,10.0,30,0.0,0.0,0.0,0.0,,,1.0,1.23,14.8
50,1,static,recovered,0.7,managed,0.0,30,0.933333,0.253708,0.0,1.0,0.269764,60.75,1.0,2.13,14.97
50,1,static,recovered,0.7,managed,10.0,30,0.0,0.0,0.0,0.0,,,1.0,1.23,14.8
50,1,static,recovered,0.7,trickle,0.0,30,0.933333,0.253708,0.0,1.0,0.269764,60.75,1.0,2.13,14.97
50,1,static,recovered,0.7,trickle,10.0,30,0.0,0.0,0.0,0.0,,,1.0,1.23,14.8
50,1,static,recovered,0.85,flood,0.0,30,0.9,0.305129,0.0,1.0,0.193844,63.703704,1.0,2.2,16.8
50,1,static,recovered,0.85,flood,10.0,30,0.0,0.0,0.0,0.0,,,1.0,1.63,16.93
50,1,static,recovered,0.85,gradient,0.0,30,0.2,0.406838,0.0,1.0,0.0,15.666667,1.0,0.6,16.77
50,1,static,recovered,0.85,gradient,10.0,30,0.0,0.0,0.0,0.0,,,1.0,0.37,16.93
50,1,static,recovered,0.85,gradient_scf,0.0,30,0.9,0.305129,0.0,1.0,0.193844,63.703704,1.0,2.2,16.8
50,1,static,recovered,0.85,gradient_scf,10.0,30,0.0,0.0,0.0,0.0,,,1.0,1.63,16.93
50,1,static,recovered,0.85,managed,0.0,30,0.9,0.305129,0.0,1.0,0.193844,63.703704,1.0,2.2,16.8
50,1,static,recovered,0.85,managed,10.0,30,0.0,0.0,0.0,0.0,,,1.0,1.63,16.93
50,1,static,recovered,0.85,trickle,0.0,30,0.9,0.305129,0.0,1.0,0.193844,63.703704,1.0,2.2,16.8
50,1,static,recovered,0.85,trickle,10.0,30,0.0,0.0,0.0,0.0,,,1.0,1.63,16.93
50,1,static,recovered,0.95,flood,0.0,30,0.933333,0.253708,0.0,1.0,0.191686,65.857143,1.0,2.73,18.13
50,1,static,recovered,0.95,flood,10.0,30,0.0,0.0,0.0,0.0,,,1.0,2.0,18.2
50,1,static,recovered,0.95,gradient,0.0,30,0.2,0.406838,0.0,1.0,0.0,17.0,1.0,0.67,18.2
50,1,static,recovered,0.95,gradient,10.0,30,0.0,0.0,0.0,0.0,,,1.0,0.4,18.2
50,1,static,recovered,0.95,gradient_scf,0.0,30,0.933333,0.253708,0.0,1.0,0.191686,65.857143,1.0,2.73,18.13
50,1,static,recovered,0.95,gradient_scf,10.0,30,0.0,0.0,0.0,0.0,,,1.0,2.0,18.2
50,1,static,recovered,0.95,managed,0.0,30,0.933333,0.253708,0.0,1.0,0.191686,65.857143,1.0,2.73,18.13
50,1,static,recovered,0.95,managed,10.0,30,0.0,0.0,0.0,0.0,,,1.0,2.0,18.2
50,1,static,recovered,0.95,trickle,0.0,30,0.933333,0.253708,0.0,1.0,0.191686,65.857143,1.0,2.73,18.13
50,1,static,recovered,0.95,trickle,10.0,30,0.0,0.0,0.0,0.0,,,1.0,2.0,18.2
50,1,static,up,0.7,flood,0.0,30,0.933333,0.253708,0.0,1.0,0.269764,251.321429,1.0,5.43,211.67
50,1,static,up,0.7,flood,10.0,30,0.9,0.305129,0.0,1.0,10.251594,318.777778,1.0,6.73,280.73
50,1,static,up,0.7,gradient,0.0,30,0.166667,0.379049,0.0,1.0,0.0,162.6,1.0,3.87,210.5
50,1,static,up,0.7,gradient,10.0,30,0.666667,0.479463,0.0,1.0,10.140614,289.7,1.0,5.67,281.1
50,1,static,up,0.7,gradient_scf,0.0,30,0.933333,0.253708,0.0,1.0,0.269764,251.321429,1.0,5.43,211.67
50,1,static,up,0.7,gradient_scf,10.0,30,0.9,0.305129,0.0,1.0,10.251594,318.777778,1.0,6.73,280.73
50,1,static,up,0.7,managed,0.0,30,0.933333,0.253708,0.0,1.0,0.269764,251.321429,1.0,5.43,211.67
50,1,static,up,0.7,managed,10.0,30,0.9,0.305129,0.0,1.0,10.251594,318.777778,1.0,6.73,280.73
50,1,static,up,0.7,trickle,0.0,30,0.933333,0.253708,0.0,1.0,0.269764,251.321429,1.0,5.43,211.67
50,1,static,up,0.7,trickle,10.0,30,0.9,0.305129,0.0,1.0,10.251594,318.777778,1.0,6.73,280.73
50,1,static,up,0.85,flood,0.0,30,0.9,0.305129,0.0,1.0,0.193844,288.555556,1.0,6.87,250.47
50,1,static,up,0.85,flood,10.0,30,0.933333,0.253708,0.0,1.0,10.195564,372.571429,1.0,9.03,335.2
50,1,static,up,0.85,gradient,0.0,30,0.2,0.406838,0.0,1.0,0.0,224.166667,1.0,5.5,251.93
50,1,static,up,0.85,gradient,10.0,30,0.866667,0.345746,0.0,1.0,10.152785,345.0,1.0,7.83,335.3
50,1,static,up,0.85,gradient_scf,0.0,30,0.9,0.305129,0.0,1.0,0.193844,288.555556,1.0,6.87,250.47
50,1,static,up,0.85,gradient_scf,10.0,30,0.933333,0.253708,0.0,1.0,10.195564,372.571429,1.0,9.03,335.2
50,1,static,up,0.85,managed,0.0,30,0.9,0.305129,0.0,1.0,0.193844,288.555556,1.0,6.87,250.47
50,1,static,up,0.85,managed,10.0,30,0.933333,0.253708,0.0,1.0,10.195564,372.571429,1.0,9.03,335.2
50,1,static,up,0.85,trickle,0.0,30,0.9,0.305129,0.0,1.0,0.193844,288.555556,1.0,6.87,250.47
50,1,static,up,0.85,trickle,10.0,30,0.933333,0.253708,0.0,1.0,10.195564,372.571429,1.0,9.03,335.2
50,1,static,up,0.95,flood,0.0,30,0.933333,0.253708,0.0,1.0,0.191686,312.178571,1.0,8.83,270.67
50,1,static,up,0.95,flood,10.0,30,0.933333,0.253708,0.0,1.0,10.191268,401.714286,1.0,11.1,362.33
50,1,static,up,0.95,gradient,0.0,30,0.2,0.406838,0.0,1.0,0.0,243.333333,1.0,6.67,270.57
50,1,static,up,0.95,gradient,10.0,30,0.866667,0.345746,0.0,1.0,10.145238,372.076923,1.0,9.3,360.73
50,1,static,up,0.95,gradient_scf,0.0,30,0.933333,0.253708,0.0,1.0,0.191686,312.178571,1.0,8.83,270.67
50,1,static,up,0.95,gradient_scf,10.0,30,0.933333,0.253708,0.0,1.0,10.191268,401.714286,1.0,11.1,362.33
50,1,static,up,0.95,managed,0.0,30,0.933333,0.253708,0.0,1.0,0.191686,312.178571,1.0,8.83,270.67
50,1,static,up,0.95,managed,10.0,30,0.933333,0.253708,0.0,1.0,10.191268,401.714286,1.0,11.1,362.33
50,1,static,up,0.95,trickle,0.0,30,0.933333,0.253708,0.0,1.0,0.191686,312.178571,1.0,8.83,270.67
50,1,static,up,0.95,trickle,10.0,30,0.933333,0.253708,0.0,1.0,10.191268,401.714286,1.0,11.1,362.33
50,1,walking,down,0.7,flood,0.0,30,0.9,0.305129,0.0,1.0,0.378079,59.518519,1.0,1.8,14.7
50,1,walking,down,0.7,flood,10.0,30,0.0,0.0,0.0,0.0,,,1.0,1.2,13.1
50,1,walking,down,0.7,gradient,0.0,30,0.133333,0.345746,0.0,1.0,0.0,8.75,1.0,0.37,12.93
50,1,walking,down,0.7,gradient,10.0,30,0.0,0.0,0.0,0.0,,,1.0,0.13,13.1
50,1,walking,down,0.7,gradient_scf,0.0,30,0.9,0.305129,0.0,1.0,0.378079,59.518519,1.0,1.8,14.7
50,1,walking,down,0.7,gradient_scf,10.0,30,0.0,0.0,0.0,0.0,,,1.0,1.2,13.1
50,1,walking,down,0.7,managed,0.0,30,0.9,0.305129,0.0,1.0,0.378079,59.518519,1.0,1.8,14.7
50,1,walking,down,0.7,managed,10.0,30,0.0,0.0,0.0,0.0,,,1.0,1.2,13.1
50,1,walking,down,0.7,trickle,0.0,30,0.9,0.305129,0.0,1.0,0.378079,59.518519,1.0,1.8,14.7
50,1,walking,down,0.7,trickle,10.0,30,0.0,0.0,0.0,0.0,,,1.0,1.2,13.1
50,1,walking,down,0.85,flood,0.0,30,0.9,0.305129,0.0,1.0,0.29044,62.592593,1.0,2.4,16.23
50,1,walking,down,0.85,flood,10.0,30,0.0,0.0,0.0,0.0,,,1.0,1.6,15.67
50,1,walking,down,0.85,gradient,0.0,30,0.166667,0.379049,0.0,1.0,0.0,11.6,1.0,0.5,15.47
50,1,walking,down,0.85,gradient,10.0,30,0.0,0.0,0.0,0.0,,,1.0,0.27,15.67
50,1,walking,down,0.85,gradient_scf,0.0,30,0.9,0.305129,0.0,1.0,0.29044,62.592593,1.0,2.4,16.23
50,1,walking,down,0.85,gradient_scf,10.0,30,0.0,0.0,0.0,0.0,,,1.0,1.6,15.67
50,1,walking,down,0.85,managed,0.0,30,0.9,0.305129,0.0,1.0,0.29044,62.592593,1.0,2.4,16.23
50,1,walking,down,0.85,managed,10.0,30,0.0,0.0,0.0,0.0,,,1.0,1.6,15.67
50,1,walking,down,0.85,trickle,0.0,30,0.9,0.305129,0.0,1.0,0.29044,62.592593,1.0,2.4,16.23
50,1,walking,down,0.85,trickle,10.0,30,0.0,0.0,0.0,0.0,,,1.0,1.6,15.67
50,1,walking,down,0.95,flood,0.0,30,0.933333,0.253708,0.0,1.0,0.252515,64.285714,1.0,2.43,17.0
50,1,walking,down,0.95,flood,10.0,30,0.0,0.0,0.0,0.0,,,1.0,1.87,17.23
50,1,walking,down,0.95,gradient,0.0,30,0.2,0.406838,0.0,1.0,0.0,15.666667,1.0,0.57,17.07
50,1,walking,down,0.95,gradient,10.0,30,0.0,0.0,0.0,0.0,,,1.0,0.33,17.23
50,1,walking,down,0.95,gradient_scf,0.0,30,0.933333,0.253708,0.0,1.0,0.252515,64.285714,1.0,2.43,17.0
50,1,walking,down,0.95,gradient_scf,10.0,30,0.0,0.0,0.0,0.0,,,1.0,1.87,17.23
50,1,walking,down,0.95,managed,0.0,30,0.933333,0.253708,0.0,1.0,0.252515,64.285714,1.0,2.43,17.0
50,1,walking,down,0.95,managed,10.0,30,0.0,0.0,0.0,0.0,,,1.0,1.87,17.23
50,1,walking,down,0.95,trickle,0.0,30,0.933333,0.253708,0.0,1.0,0.252515,64.285714,1.0,2.43,17.0
50,1,walking,down,0.95,trickle,10.0,30,0.0,0.0,0.0,0.0,,,1.0,1.87,17.23
50,1,walking,recovered,0.7,flood,0.0,30,0.9,0.305129,0.0,1.0,0.378079,59.518519,1.0,1.8,14.7
50,1,walking,recovered,0.7,flood,10.0,30,0.0,0.0,0.0,0.0,,,1.0,1.2,13.1
50,1,walking,recovered,0.7,gradient,0.0,30,0.133333,0.345746,0.0,1.0,0.0,8.75,1.0,0.37,12.93
50,1,walking,recovered,0.7,gradient,10.0,30,0.0,0.0,0.0,0.0,,,1.0,0.13,13.1
50,1,walking,recovered,0.7,gradient_scf,0.0,30,0.9,0.305129,0.0,1.0,0.378079,59.518519,1.0,1.8,14.7
50,1,walking,recovered,0.7,gradient_scf,10.0,30,0.0,0.0,0.0,0.0,,,1.0,1.2,13.1
50,1,walking,recovered,0.7,managed,0.0,30,0.9,0.305129,0.0,1.0,0.378079,59.518519,1.0,1.8,14.7
50,1,walking,recovered,0.7,managed,10.0,30,0.0,0.0,0.0,0.0,,,1.0,1.2,13.1
50,1,walking,recovered,0.7,trickle,0.0,30,0.9,0.305129,0.0,1.0,0.378079,59.518519,1.0,1.8,14.7
50,1,walking,recovered,0.7,trickle,10.0,30,0.0,0.0,0.0,0.0,,,1.0,1.2,13.1
50,1,walking,recovered,0.85,flood,0.0,30,0.9,0.305129,0.0,1.0,0.29044,62.592593,1.0,2.4,16.23
50,1,walking,recovered,0.85,flood,10.0,30,0.0,0.0,0.0,0.0,,,1.0,1.6,15.67
50,1,walking,recovered,0.85,gradient,0.0,30,0.166667,0.379049,0.0,1.0,0.0,11.6,1.0,0.5,15.47
50,1,walking,recovered,0.85,gradient,10.0,30,0.0,0.0,0.0,0.0,,,1.0,0.27,15.67
50,1,walking,recovered,0.85,gradient_scf,0.0,30,0.9,0.305129,0.0,1.0,0.29044,62.592593,1.0,2.4,16.23
50,1,walking,recovered,0.85,gradient_scf,10.0,30,0.0,0.0,0.0,0.0,,,1.0,1.6,15.67
50,1,walking,recovered,0.85,managed,0.0,30,0.9,0.305129,0.0,1.0,0.29044,62.592593,1.0,2.4,16.23
50,1,walking,recovered,0.85,managed,10.0,30,0.0,0.0,0.0,0.0,,,1.0,1.6,15.67
50,1,walking,recovered,0.85,trickle,0.0,30,0.9,0.305129,0.0,1.0,0.29044,62.592593,1.0,2.4,16.23
50,1,walking,recovered,0.85,trickle,10.0,30,0.0,0.0,0.0,0.0,,,1.0,1.6,15.67
50,1,walking,recovered,0.95,flood,0.0,30,0.933333,0.253708,0.0,1.0,0.252515,64.285714,1.0,2.43,17.0
50,1,walking,recovered,0.95,flood,10.0,30,0.0,0.0,0.0,0.0,,,1.0,1.87,17.23
50,1,walking,recovered,0.95,gradient,0.0,30,0.2,0.406838,0.0,1.0,0.0,15.666667,1.0,0.57,17.07
50,1,walking,recovered,0.95,gradient,10.0,30,0.0,0.0,0.0,0.0,,,1.0,0.33,17.23
50,1,walking,recovered,0.95,gradient_scf,0.0,30,0.933333,0.253708,0.0,1.0,0.252515,64.285714,1.0,2.43,17.0
50,1,walking,recovered,0.95,gradient_scf,10.0,30,0.0,0.0,0.0,0.0,,,1.0,1.87,17.23
50,1,walking,recovered,0.95,managed,0.0,30,0.933333,0.253708,0.0,1.0,0.252515,64.285714,1.0,2.43,17.0
50,1,walking,recovered,0.95,managed,10.0,30,0.0,0.0,0.0,0.0,,,1.0,1.87,17.23
50,1,walking,recovered,0.95,trickle,0.0,30,0.933333,0.253708,0.0,1.0,0.252515,64.285714,1.0,2.43,17.0
50,1,walking,recovered,0.95,trickle,10.0,30,0.0,0.0,0.0,0.0,,,1.0,1.87,17.23
50,1,walking,up,0.7,flood,0.0,30,0.9,0.305129,0.0,1.0,0.378079,226.037037,1.0,3.57,190.37
50,1,walking,up,0.7,flood,10.0,30,0.933333,0.253708,0.0,1.0,10.374351,287.285714,1.0,4.07,252.13
50,1,walking,up,0.7,gradient,0.0,30,0.133333,0.345746,0.0,1.0,0.0,127.5,1.0,2.4,187.27
50,1,walking,up,0.7,gradient,10.0,30,0.7,0.466092,0.0,1.0,10.203393,259.142857,1.0,3.57,250.33
50,1,walking,up,0.7,gradient_scf,0.0,30,0.9,0.305129,0.0,1.0,0.378079,226.037037,1.0,3.57,190.37
50,1,walking,up,0.7,gradient_scf,10.0,30,0.933333,0.253708,0.0,1.0,10.374351,287.285714,1.0,4.07,252.13
50,1,walking,up,0.7,managed,0.0,30,0.9,0.305129,0.0,1.0,0.378079,226.037037,1.0,3.57,190.37
50,1,walking,up,0.7,managed,10.0,30,0.933333,0.253708,0.0,1.0,10.374351,287.285714,1.0,4.07,252.13
50,1,walking,up,0.7,trickle,0.0,30,0.9,0.305129,0.0,1.0,0.378079,226.037037,1.0,3.57,190.37
50,1,walking,up,0.7,trickle,10.0,30,0.933333,0.253708,0.0,1.0,10.374351,287.285714,1.0,4.07,252.13
50,1,walking,up,0.85,flood,0.0,30,0.9,0.305129,0.0,1.0,0.29044,270.518519,1.0,4.73,232.4
50,1,walking,up,0.85,flood,10.0,30,0.866667,0.345746,0.0,1.0,10.250553,343.884615,1.0,5.37,310.0
50,1,walking,up,0.85,gradient,0.0,30,0.166667,0.379049,0.0,1.0,0.0,188.4,1.0,2.8,229.8
50,1,walking,up,0.85,gradient,10.0,30,0.766667,0.430183,0.0,1.0,10.207216,309.304348,1.0,4.13,307.2
50,1,walking,up,0.85,gradient_scf,0.0,30,0.9,0.305129,0.0,1.0,0.29044,270.518519,1.0,4.73,232.4
50,1,walking,up,0.85,gradient_scf,10.0,30,0.866667,0.345746,0.0,1.0,10.250553,343.884615,1.0,5.37,310.0
50,1,walking,up,0.85,managed,0.0,30,0.9,0.305129,0.0,1.0,0.29044,270.518519,1.0,4.73,232.4
50,1,walking,up,0.85,managed,10.0,30,0.866667,0.345746,0.0,1.0,10.250553,343.884615,1.0,5.37,310.0
50,1,walking,up,0.85,trickle,0.0,30,0.9,0.305129,0.0,1.0,0.29044,270.518519,1.0,4.73,232.4
50,1,walking,up,0.85,trickle,10.0,30,0.866667,0.345746,0.0,1.0,10.250553,343.884615,1.0,5.37,310.0
50,1,walking,up,0.95,flood,0.0,30,0.933333,0.253708,0.0,1.0,0.252515,294.892857,1.0,5.33,254.17
50,1,walking,up,0.95,flood,10.0,30,0.9,0.305129,0.0,1.0,10.231823,373.962963,1.0,6.3,339.67
50,1,walking,up,0.95,gradient,0.0,30,0.2,0.406838,0.0,1.0,0.0,225.833333,1.0,3.6,254.73
50,1,walking,up,0.95,gradient,10.0,30,0.866667,0.345746,0.0,1.0,10.207543,352.153846,1.0,5.1,341.6
50,1,walking,up,0.95,gradient_scf,0.0,30,0.933333,0.253708,0.0,1.0,0.252515,294.892857,1.0,5.33,254.17
50,1,walking,up,0.95,gradient_scf,10.0,30,0.9,0.305129,0.0,1.0,10.231823,373.962963,1.0,6.3,339.67
50,1,walking,up,0.95,managed,0.0,30,0.933333,0.253708,0.0,1.0,0.252515,294.892857,1.0,5.33,254.17
50,1,walking,up,0.95,managed,10.0,30,0.9,0.305129,0.0,1.0,10.231823,373.962963,1.0,6.3,339.67
50,1,walking,up,0.95,trickle,0.0,30,0.933333,0.253708,0.0,1.0,0.252515,294.892857,1.0,5.33,254.17
50,1,walking,up,0.95,trickle,10.0,30,0.9,0.305129,0.0,1.0,10.231823,373.962963,1.0,6.3,339.67
50,20,courier,down,0.7,flood,0.0,30,0.311667,0.102287,0.05,0.55,1.594102,71.271009,0.4886,40.9,16.97
50,20,courier,down,0.7,flood,10.0,30,0.0,0.0,0.0,0.0,,,0.4152,36.6,14.8
50,20,courier,down,0.7,gradient,0.0,30,0.106667,0.079582,0.0,0.25,0.0,19.152778,1.0,32.17,19.4
50,20,courier,down,0.7,gradient,10.0,30,0.0,0.0,0.0,0.0,,,0.9798,28.63,14.8
50,20,courier,down,0.7,gradient_scf,0.0,30,0.311667,0.102287,0.05,0.55,1.594102,71.271009,0.4886,40.9,16.97
50,20,courier,down,0.7,gradient_scf,10.0,30,0.0,0.0,0.0,0.0,,,0.4152,36.6,14.8
50,20,courier,down,0.7,managed,0.0,30,0.311667,0.102287,0.05,0.55,1.594102,71.271009,0.4886,40.9,16.97
50,20,courier,down,0.7,managed,10.0,30,0.0,0.0,0.0,0.0,,,0.4152,36.6,14.8
50,20,courier,down,0.7,trickle,0.0,30,0.311667,0.102287,0.05,0.55,1.594102,71.271009,0.4886,40.9,16.97
50,20,courier,down,0.7,trickle,10.0,30,0.0,0.0,0.0,0.0,,,0.4152,36.6,14.8
50,20,courier,down,0.85,flood,0.0,30,0.331667,0.102118,0.15,0.55,1.476449,62.019018,0.4509,40.9,26.73
50,20,courier,down,0.85,flood,10.0,30,0.0,0.0,0.0,0.0,,,0.3515,36.0,16.03
50,20,courier,down,0.85,gradient,0.0,30,0.125,0.0796,0.0,0.3,0.0,26.779012,1.0,32.17,23.37
50,20,courier,down,0.85,gradient,10.0,30,0.0,0.0,0.0,0.0,,,0.962,28.73,16.03
50,20,courier,down,0.85,gradient_scf,0.0,30,0.331667,0.102118,0.15,0.55,1.476449,62.019018,0.4509,40.9,26.73
50,20,courier,down,0.85,gradient_scf,10.0,30,0.0,0.0,0.0,0.0,,,0.3515,36.0,16.03
50,20,courier,down,0.85,managed,0.0,30,0.331667,0.102118,0.15,0.55,1.476449,62.019018,0.4509,40.9,26.73
50,20,courier,down,0.85,managed,10.0,30,0.0,0.0,0.0,0.0,,,0.3515,36.0,16.03
50,20,courier,down,0.85,trickle,0.0,30,0.331667,0.102118,0.15,0.55,1.476449,62.019018,0.4509,40.9,26.73
50,20,courier,down,0.85,trickle,10.0,30,0.0,0.0,0.0,0.0,,,0.3515,36.0,16.03
50,20,courier,down,0.95,flood,0.0,30,0.338333,0.100587,0.15,0.55,1.586305,60.399088,0.4251,41.23,38.87
50,20,courier,down,0.95,flood,10.0,30,0.0,0.0,0.0,0.0,,,0.3351,36.2,16.93
50,20,courier,down,0.95,gradient,0.0,30,0.136667,0.084009,0.0,0.35,0.0,22.58852,1.0,32.27,27.93
50,20,courier,down,0.95,gradient,10.0,30,0.0,0.0,0.0,0.0,,,0.9787,28.73,16.93
50,20,courier,down,0.95,gradient_scf,0.0,30,0.338333,0.100587,0.15,0.55,1.586305,60.399088,0.4251,41.23,38.87
50,20,courier,down,0.95,gradient_scf,10.0,30,0.0,0.0,0.0,0.0,,,0.3351,36.2,16.93
50,20,courier,down,0.95,managed,0.0,30,0.338333,0.100587,0.15,0.55,1.586305,60.399088,0.4251,41.23,38.87
50,20,courier,down,0.95,managed,10.0,30,0.0,0.0,0.0,0.0,,,0.3351,36.2,16.93
50,20,courier,down,0.95,trickle,0.0,30,0.338333,0.100587,0.15,0.55,1.586305,60.399088,0.4251,41.23,38.87
50,20,courier,down,0.95,trickle,10.0,30,0.0,0.0,0.0,0.0,,,0.3351,36.2,16.93
50,20,courier,recovered,0.7,flood,0.0,30,0.311667,0.102287,0.05,0.55,1.594102,71.271009,0.4886,40.9,16.97
50,20,courier,recovered,0.7,flood,10.0,30,0.0,0.0,0.0,0.0,,,0.4152,36.6,14.8
50,20,courier,recovered,0.7,gradient,0.0,30,0.106667,0.079582,0.0,0.25,0.0,19.152778,1.0,32.17,19.4
50,20,courier,recovered,0.7,gradient,10.0,30,0.0,0.0,0.0,0.0,,,0.9798,28.63,14.8
50,20,courier,recovered,0.7,gradient_scf,0.0,30,0.311667,0.102287,0.05,0.55,1.594102,71.271009,0.4886,40.9,16.97
50,20,courier,recovered,0.7,gradient_scf,10.0,30,0.0,0.0,0.0,0.0,,,0.4152,36.6,14.8
50,20,courier,recovered,0.7,managed,0.0,30,0.311667,0.102287,0.05,0.55,1.594102,71.271009,0.4886,40.9,16.97
50,20,courier,recovered,0.7,managed,10.0,30,0.0,0.0,0.0,0.0,,,0.4152,36.6,14.8
50,20,courier,recovered,0.7,trickle,0.0,30,0.311667,0.102287,0.05,0.55,1.594102,71.271009,0.4886,40.9,16.97
50,20,courier,recovered,0.7,trickle,10.0,30,0.0,0.0,0.0,0.0,,,0.4152,36.6,14.8
50,20,courier,recovered,0.85,flood,0.0,30,0.331667,0.102118,0.15,0.55,1.476449,62.019018,0.4509,40.9,26.73
50,20,courier,recovered,0.85,flood,10.0,30,0.0,0.0,0.0,0.0,,,0.3515,36.0,16.03
50,20,courier,recovered,0.85,gradient,0.0,30,0.125,0.0796,0.0,0.3,0.0,26.779012,1.0,32.17,23.37
50,20,courier,recovered,0.85,gradient,10.0,30,0.0,0.0,0.0,0.0,,,0.962,28.73,16.03
50,20,courier,recovered,0.85,gradient_scf,0.0,30,0.331667,0.102118,0.15,0.55,1.476449,62.019018,0.4509,40.9,26.73
50,20,courier,recovered,0.85,gradient_scf,10.0,30,0.0,0.0,0.0,0.0,,,0.3515,36.0,16.03
50,20,courier,recovered,0.85,managed,0.0,30,0.331667,0.102118,0.15,0.55,1.476449,62.019018,0.4509,40.9,26.73
50,20,courier,recovered,0.85,managed,10.0,30,0.0,0.0,0.0,0.0,,,0.3515,36.0,16.03
50,20,courier,recovered,0.85,trickle,0.0,30,0.331667,0.102118,0.15,0.55,1.476449,62.019018,0.4509,40.9,26.73
50,20,courier,recovered,0.85,trickle,10.0,30,0.0,0.0,0.0,0.0,,,0.3515,36.0,16.03
50,20,courier,recovered,0.95,flood,0.0,30,0.338333,0.100587,0.15,0.55,1.586305,60.399088,0.4251,41.23,38.87
50,20,courier,recovered,0.95,flood,10.0,30,0.0,0.0,0.0,0.0,,,0.3351,36.2,16.93
50,20,courier,recovered,0.95,gradient,0.0,30,0.136667,0.084009,0.0,0.35,0.0,22.58852,1.0,32.27,27.93
50,20,courier,recovered,0.95,gradient,10.0,30,0.0,0.0,0.0,0.0,,,0.9787,28.73,16.93
50,20,courier,recovered,0.95,gradient_scf,0.0,30,0.338333,0.100587,0.15,0.55,1.586305,60.399088,0.4251,41.23,38.87
50,20,courier,recovered,0.95,gradient_scf,10.0,30,0.0,0.0,0.0,0.0,,,0.3351,36.2,16.93
50,20,courier,recovered,0.95,managed,0.0,30,0.338333,0.100587,0.15,0.55,1.586305,60.399088,0.4251,41.23,38.87
50,20,courier,recovered,0.95,managed,10.0,30,0.0,0.0,0.0,0.0,,,0.3351,36.2,16.93
50,20,courier,recovered,0.95,trickle,0.0,30,0.338333,0.100587,0.15,0.55,1.586305,60.399088,0.4251,41.23,38.87
50,20,courier,recovered,0.95,trickle,10.0,30,0.0,0.0,0.0,0.0,,,0.3351,36.2,16.93
50,20,courier,up,0.7,flood,0.0,30,0.521667,0.09348,0.35,0.7,4.724974,49.47328,0.4873,43.37,162.2
50,20,courier,up,0.7,flood,10.0,30,0.45,0.074278,0.3,0.6,14.087999,59.925986,0.4013,43.07,224.57
50,20,courier,up,0.7,gradient,0.0,30,0.106667,0.079582,0.0,0.25,0.0,93.209028,1.0,32.97,168.1
50,20,courier,up,0.7,gradient,10.0,30,0.368333,0.091429,0.2,0.55,11.329659,39.959735,0.3926,35.97,223.97
50,20,courier,up,0.7,gradient_scf,0.0,30,0.521667,0.09348,0.35,0.7,4.724974,49.47328,0.4873,43.37,162.2
50,20,courier,up,0.7,gradient_scf,10.0,30,0.45,0.074278,0.3,0.6,14.087999,59.925986,0.4013,43.07,224.57
50,20,courier,up,0.7,managed,0.0,30,0.521667,0.09348,0.35,0.7,4.724974,49.47328,0.4873,43.37,162.2
50,20,courier,up,0.7,managed,10.0,30,0.45,0.074278,0.3,0.6,14.087999,59.925986,0.4013,43.07,224.57
50,20,courier,up,0.7,trickle,0.0,30,0.521667,0.09348,0.35,0.7,4.724974,49.47328,0.4873,43.37,162.2
50,20,courier,up,0.7,trickle,10.0,30,0.45,0.074278,0.3,0.6,14.087999,59.925986,0.4013,43.07,224.57
50,20,courier,up,0.85,flood,0.0,30,0.506667,0.072793,0.35,0.65,4.445026,54.710942,0.4507,44.27,213.0
50,20,courier,up,0.85,flood,10.0,30,0.435,0.101837,0.25,0.65,13.489454,68.832576,0.3548,43.23,282.03
50,20,courier,up,0.85,gradient,0.0,30,0.125,0.0796,0.0,0.3,0.0,116.633951,1.0,34.0,222.67
50,20,courier,up,0.85,gradient,10.0,30,0.406667,0.10886,0.2,0.65,11.374237,46.488608,0.3767,37.13,293.07
50,20,courier,up,0.85,gradient_scf,0.0,30,0.506667,0.072793,0.35,0.65,4.445026,54.710942,0.4507,44.27,213.0
50,20,courier,up,0.85,gradient_scf,10.0,30,0.435,0.101837,0.25,0.65,13.489454,68.832576,0.3548,43.23,282.03
50,20,courier,up,0.85,managed,0.0,30,0.506667,0.072793,0.35,0.65,4.445026,54.710942,0.4507,44.27,213.0
50,20,courier,up,0.85,managed,10.0,30,0.435,0.101837,0.25,0.65,13.489454,68.832576,0.3548,43.23,282.03
50,20,courier,up,0.85,trickle,0.0,30,0.506667,0.072793,0.35,0.65,4.445026,54.710942,0.4507,44.27,213.0
50,20,courier,up,0.85,trickle,10.0,30,0.435,0.101837,0.25,0.65,13.489454,68.832576,0.3548,43.23,282.03
50,20,courier,up,0.95,flood,0.0,30,0.505,0.08545,0.35,0.65,4.070311,57.962452,0.4268,45.1,247.63
50,20,courier,up,0.95,flood,10.0,30,0.42,0.089635,0.3,0.6,13.165363,73.416186,0.319,43.4,325.73
50,20,courier,up,0.95,gradient,0.0,30,0.136667,0.084009,0.0,0.35,0.0,121.291241,1.0,34.2,259.4
50,20,courier,up,0.95,gradient,10.0,30,0.418333,0.092367,0.25,0.6,11.301092,48.581977,0.3415,36.63,323.2
50,20,courier,up,0.95,gradient_scf,0.0,30,0.505,0.08545,0.35,0.65,4.070311,57.962452,0.4268,45.1,247.63
50,20,courier,up,0.95,gradient_scf,10.0,30,0.42,0.089635,0.3,0.6,13.165363,73.416186,0.319,43.4,325.73
50,20,courier,up,0.95,managed,0.0,30,0.505,0.08545,0.35,0.65,4.070311,57.962452,0.4268,45.1,247.63
50,20,courier,up,0.95,managed,10.0,30,0.42,0.089635,0.3,0.6,13.165363,73.416186,0.319,43.4,325.73
50,20,courier,up,0.95,trickle,0.0,30,0.505,0.08545,0.35,0.65,4.070311,57.962452,0.4268,45.1,247.63
50,20,courier,up,0.95,trickle,10.0,30,0.42,0.089635,0.3,0.6,13.165363,73.416186,0.319,43.4,325.73
50,20,static,down,0.7,flood,0.0,30,0.353333,0.099943,0.2,0.6,1.528536,44.518797,0.3908,41.37,12.53
50,20,static,down,0.7,flood,10.0,30,0.0,0.0,0.0,0.0,,,0.3191,36.97,14.8
50,20,static,down,0.7,gradient,0.0,30,0.135,0.084231,0.0,0.35,0.0,15.206973,1.0,32.3,13.13
50,20,static,down,0.7,gradient,10.0,30,0.0,0.0,0.0,0.0,,,1.0,28.77,14.8
50,20,static,down,0.7,gradient_scf,0.0,30,0.353333,0.099943,0.2,0.6,1.528536,44.518797,0.3908,41.37,12.53
50,20,static,down,0.7,gradient_scf,10.0,30,0.0,0.0,0.0,0.0,,,0.3191,36.97,14.8
50,20,static,down,0.7,managed,0.0,30,0.353333,0.099943,0.2,0.6,1.528536,44.518797,0.3908,41.37,12.53
50,20,static,down,0.7,managed,10.0,30,0.0,0.0,0.0,0.0,,,0.3191,36.97,14.8
50,20,static,down,0.7,trickle,0.0,30,0.353333,0.099943,0.2,0.6,1.528536,44.518797,0.3908,41.37,12.53
50,20,static,down,0.7,trickle,10.0,30,0.0,0.0,0.0,0.0,,,0.3191,36.97,14.8
50,20,static,down,0.85,flood,0.0,30,0.378333,0.106418,0.2,0.7,1.542898,41.714714,0.375,40.93,15.6
50,20,static,down,0.85,flood,10.0,30,0.0,0.0,0.0,0.0,,,0.2819,36.07,16.93
50,20,static,down,0.85,gradient,0.0,30,0.158333,0.090099,0.0,0.4,0.0,13.476743,1.0,32.33,15.7
50,20,static,down,0.85,gradient,10.0,30,0.0,0.0,0.0,0.0,,,1.0,28.87,16.93
50,20,static,down,0.85,gradient_scf,0.0,30,0.378333,0.106418,0.2,0.7,1.542898,41.714714,0.375,40.93,15.6
50,20,static,down,0.85,gradient_scf,10.0,30,0.0,0.0,0.0,0.0,,,0.2819,36.07,16.93
50,20,static,down,0.85,managed,0.0,30,0.378333,0.106418,0.2,0.7,1.542898,41.714714,0.375,40.93,15.6
50,20,static,down,0.85,managed,10.0,30,0.0,0.0,0.0,0.0,,,0.2819,36.07,16.93
50,20,static,down,0.85,trickle,0.0,30,0.378333,0.106418,0.2,0.7,1.542898,41.714714,0.375,40.93,15.6
50,20,static,down,0.85,trickle,10.0,30,0.0,0.0,0.0,0.0,,,0.2819,36.07,16.93
50,20,static,down,0.95,flood,0.0,30,0.403333,0.10499,0.15,0.7,1.55884,37.268207,0.3505,40.73,17.1
50,20,static,down,0.95,flood,10.0,30,0.0,0.0,0.0,0.0,,,0.2611,36.43,18.2
50,20,static,down,0.95,gradient,0.0,30,0.176667,0.089763,0.0,0.45,0.0,13.059633,1.0,32.4,17.3
50,20,static,down,0.95,gradient,10.0,30,0.0,0.0,0.0,0.0,,,1.0,28.9,18.2
50,20,static,down,0.95,gradient_scf,0.0,30,0.403333,0.10499,0.15,0.7,1.55884,37.268207,0.3505,40.73,17.1
50,20,static,down,0.95,gradient_scf,10.0,30,0.0,0.0,0.0,0.0,,,0.2611,36.43,18.2
50,20,static,down,0.95,managed,0.0,30,0.403333,0.10499,0.15,0.7,1.55884,37.268207,0.3505,40.73,17.1
50,20,static,down,0.95,managed,10.0,30,0.0,0.0,0.0,0.0,,,0.2611,36.43,18.2
50,20,static,down,0.95,trickle,0.0,30,0.403333,0.10499,0.15,0.7,1.55884,37.268207,0.3505,40.73,17.1
50,20,static,down,0.95,trickle,10.0,30,0.0,0.0,0.0,0.0,,,0.2611,36.43,18.2
50,20,static,recovered,0.7,flood,0.0,30,0.353333,0.099943,0.2,0.6,1.528536,44.518797,0.3908,41.37,12.53
50,20,static,recovered,0.7,flood,10.0,30,0.0,0.0,0.0,0.0,,,0.3191,36.97,14.8
50,20,static,recovered,0.7,gradient,0.0,30,0.135,0.084231,0.0,0.35,0.0,15.206973,1.0,32.3,13.13
50,20,static,recovered,0.7,gradient,10.0,30,0.0,0.0,0.0,0.0,,,1.0,28.77,14.8
50,20,static,recovered,0.7,gradient_scf,0.0,30,0.353333,0.099943,0.2,0.6,1.528536,44.518797,0.3908,41.37,12.53
50,20,static,recovered,0.7,gradient_scf,10.0,30,0.0,0.0,0.0,0.0,,,0.3191,36.97,14.8
50,20,static,recovered,0.7,managed,0.0,30,0.353333,0.099943,0.2,0.6,1.528536,44.518797,0.3908,41.37,12.53
50,20,static,recovered,0.7,managed,10.0,30,0.0,0.0,0.0,0.0,,,0.3191,36.97,14.8
50,20,static,recovered,0.7,trickle,0.0,30,0.353333,0.099943,0.2,0.6,1.528536,44.518797,0.3908,41.37,12.53
50,20,static,recovered,0.7,trickle,10.0,30,0.0,0.0,0.0,0.0,,,0.3191,36.97,14.8
50,20,static,recovered,0.85,flood,0.0,30,0.378333,0.106418,0.2,0.7,1.542898,41.714714,0.375,40.93,15.6
50,20,static,recovered,0.85,flood,10.0,30,0.0,0.0,0.0,0.0,,,0.2819,36.07,16.93
50,20,static,recovered,0.85,gradient,0.0,30,0.158333,0.090099,0.0,0.4,0.0,13.476743,1.0,32.33,15.7
50,20,static,recovered,0.85,gradient,10.0,30,0.0,0.0,0.0,0.0,,,1.0,28.87,16.93
50,20,static,recovered,0.85,gradient_scf,0.0,30,0.378333,0.106418,0.2,0.7,1.542898,41.714714,0.375,40.93,15.6
50,20,static,recovered,0.85,gradient_scf,10.0,30,0.0,0.0,0.0,0.0,,,0.2819,36.07,16.93
50,20,static,recovered,0.85,managed,0.0,30,0.378333,0.106418,0.2,0.7,1.542898,41.714714,0.375,40.93,15.6
50,20,static,recovered,0.85,managed,10.0,30,0.0,0.0,0.0,0.0,,,0.2819,36.07,16.93
50,20,static,recovered,0.85,trickle,0.0,30,0.378333,0.106418,0.2,0.7,1.542898,41.714714,0.375,40.93,15.6
50,20,static,recovered,0.85,trickle,10.0,30,0.0,0.0,0.0,0.0,,,0.2819,36.07,16.93
50,20,static,recovered,0.95,flood,0.0,30,0.403333,0.10499,0.15,0.7,1.55884,37.268207,0.3505,40.73,17.1
50,20,static,recovered,0.95,flood,10.0,30,0.0,0.0,0.0,0.0,,,0.2611,36.43,18.2
50,20,static,recovered,0.95,gradient,0.0,30,0.176667,0.089763,0.0,0.45,0.0,13.059633,1.0,32.4,17.3
50,20,static,recovered,0.95,gradient,10.0,30,0.0,0.0,0.0,0.0,,,1.0,28.9,18.2
50,20,static,recovered,0.95,gradient_scf,0.0,30,0.403333,0.10499,0.15,0.7,1.55884,37.268207,0.3505,40.73,17.1
50,20,static,recovered,0.95,gradient_scf,10.0,30,0.0,0.0,0.0,0.0,,,0.2611,36.43,18.2
50,20,static,recovered,0.95,managed,0.0,30,0.403333,0.10499,0.15,0.7,1.55884,37.268207,0.3505,40.73,17.1
50,20,static,recovered,0.95,managed,10.0,30,0.0,0.0,0.0,0.0,,,0.2611,36.43,18.2
50,20,static,recovered,0.95,trickle,0.0,30,0.403333,0.10499,0.15,0.7,1.55884,37.268207,0.3505,40.73,17.1
50,20,static,recovered,0.95,trickle,10.0,30,0.0,0.0,0.0,0.0,,,0.2611,36.43,18.2
50,20,static,up,0.7,flood,0.0,30,0.468333,0.086586,0.35,0.65,3.308907,53.141324,0.3923,45.83,210.63
50,20,static,up,0.7,flood,10.0,30,0.413333,0.095532,0.3,0.6,12.706234,66.588767,0.3136,46.87,279.5
50,20,static,up,0.7,gradient,0.0,30,0.135,0.084231,0.0,0.35,0.0,105.347024,1.0,35.67,211.9
50,20,static,up,0.7,gradient,10.0,30,0.425,0.09168,0.25,0.6,11.029449,42.15649,0.3492,39.47,276.1
50,20,static,up,0.7,gradient_scf,0.0,30,0.468333,0.086586,0.35,0.65,3.308907,53.141324,0.3923,45.83,210.63
50,20,static,up,0.7,gradient_scf,10.0,30,0.413333,0.095532,0.3,0.6,12.706234,66.588767,0.3136,46.87,279.5
50,20,static,up,0.7,managed,0.0,30,0.468333,0.086586,0.35,0.65,3.308907,53.141324,0.3923,45.83,210.63
50,20,static,up,0.7,managed,10.0,30,0.413333,0.095532,0.3,0.6,12.706234,66.588767,0.3136,46.87,279.5
50,20,static,up,0.7,trickle,0.0,30,0.468333,0.086586,0.35,0.65,3.308907,53.141324,0.3923,45.83,210.63
50,20,static,up,0.7,trickle,10.0,30,0.413333,0.095532,0.3,0.6,12.706234,66.588767,0.3136,46.87,279.5
50,20,static,up,0.85,flood,0.0,30,0.476667,0.098902,0.35,0.7,3.129682,56.502176,0.3762,46.33,250.03
50,20,static,up,0.85,flood,10.0,30,0.415,0.105168,0.25,0.7,12.25138,71.205901,0.2784,47.93,333.03
50,20,static,up,0.85,gradient,0.0,30,0.158333,0.090099,0.0,0.4,0.0,99.59256,1.0,37.13,250.97
50,20,static,up,0.85,gradient,10.0,30,0.428333,0.097983,0.25,0.7,10.998472,49.402946,0.3006,41.93,333.97
50,20,static,up,0.85,gradient_scf,0.0,30,0.476667,0.098902,0.35,0.7,3.129682,56.502176,0.3762,46.33,250.03
50,20,static,up,0.85,gradient_scf,10.0,30,0.415,0.105168,0.25,0.7,12.25138,71.205901,0.2784,47.93,333.03
50,20,static,up,0.85,managed,0.0,30,0.476667,0.098902,0.35,0.7,3.129682,56.502176,0.3762,46.33,250.03
50,20,static,up,0.85,managed,10.0,30,0.415,0.105168,0.25,0.7,12.25138,71.205901,0.2784,47.93,333.03
50,20,static,up,0.85,trickle,0.0,30,0.476667,0.098902,0.35,0.7,3.129682,56.502176,0.3762,46.33,250.03
50,20,static,up,0.85,trickle,10.0,30,0.415,0.105168,0.25,0.7,12.25138,71.205901,0.2784,47.93,333.03
50,20,static,up,0.95,flood,0.0,30,0.473333,0.101483,0.25,0.7,2.802575,57.617288,0.3484,48.37,268.37
50,20,static,up,0.95,flood,10.0,30,0.408333,0.105114,0.2,0.7,12.002088,74.913966,0.2593,49.43,361.13
50,20,static,up,0.95,gradient,0.0,30,0.176667,0.089763,0.0,0.45,0.0,101.153996,1.0,38.47,269.3
50,20,static,up,0.95,gradient,10.0,30,0.438333,0.112712,0.25,0.7,10.943138,52.780611,0.2809,43.47,361.7
50,20,static,up,0.95,gradient_scf,0.0,30,0.473333,0.101483,0.25,0.7,2.802575,57.617288,0.3484,48.37,268.37
50,20,static,up,0.95,gradient_scf,10.0,30,0.408333,0.105114,0.2,0.7,12.002088,74.913966,0.2593,49.43,361.13
50,20,static,up,0.95,managed,0.0,30,0.473333,0.101483,0.25,0.7,2.802575,57.617288,0.3484,48.37,268.37
50,20,static,up,0.95,managed,10.0,30,0.408333,0.105114,0.2,0.7,12.002088,74.913966,0.2593,49.43,361.13
50,20,static,up,0.95,trickle,0.0,30,0.473333,0.101483,0.25,0.7,2.802575,57.617288,0.3484,48.37,268.37
50,20,static,up,0.95,trickle,10.0,30,0.408333,0.105114,0.2,0.7,12.002088,74.913966,0.2593,49.43,361.13
50,20,walking,down,0.7,flood,0.0,30,0.34,0.095953,0.15,0.55,1.514813,50.413331,0.4317,41.23,10.47
50,20,walking,down,0.7,flood,10.0,30,0.0,0.0,0.0,0.0,,,0.342,36.23,13.1
50,20,walking,down,0.7,gradient,0.0,30,0.125,0.0796,0.0,0.3,0.0,15.525926,1.0,32.17,12.5
50,20,walking,down,0.7,gradient,10.0,30,0.0,0.0,0.0,0.0,,,1.0,28.63,13.1
50,20,walking,down,0.7,gradient_scf,0.0,30,0.34,0.095953,0.15,0.55,1.514813,50.413331,0.4317,41.23,10.47
50,20,walking,down,0.7,gradient_scf,10.0,30,0.0,0.0,0.0,0.0,,,0.342,36.23,13.1
50,20,walking,down,0.7,managed,0.0,30,0.34,0.095953,0.15,0.55,1.514813,50.413331,0.4317,41.23,10.47
50,20,walking,down,0.7,managed,10.0,30,0.0,0.0,0.0,0.0,,,0.342,36.23,13.1
50,20,walking,down,0.7,trickle,0.0,30,0.34,0.095953,0.15,0.55,1.514813,50.413331,0.4317,41.23,10.47
50,20,walking,down,0.7,trickle,10.0,30,0.0,0.0,0.0,0.0,,,0.342,36.23,13.1
50,20,walking,down,0.85,flood,0.0,30,0.365,0.090163,0.2,0.6,1.582951,45.815843,0.3985,41.7,15.37
50,20,walking,down,0.85,flood,10.0,30,0.0,0.0,0.0,0.0,,,0.3072,36.33,15.67
50,20,walking,down,0.85,gradient,0.0,30,0.14,0.08346,0.0,0.35,0.0,15.282653,1.0,32.3,14.53
50,20,walking,down,0.85,gradient,10.0,30,0.0,0.0,0.0,0.0,,,1.0,28.77,15.67
50,20,walking,down,0.85,gradient_scf,0.0,30,0.365,0.090163,0.2,0.6,1.582951,45.815843,0.3985,41.7,15.37
50,20,walking,down,0.85,gradient_scf,10.0,30,0.0,0.0,0.0,0.0,,,0.3072,36.33,15.67
50,20,walking,down,0.85,managed,0.0,30,0.365,0.090163,0.2,0.6,1.582951,45.815843,0.3985,41.7,15.37
50,20,walking,down,0.85,managed,10.0,30,0.0,0.0,0.0,0.0,,,0.3072,36.33,15.67
50,20,walking,down,0.85,trickle,0.0,30,0.365,0.090163,0.2,0.6,1.582951,45.815843,0.3985,41.7,15.37
50,20,walking,down,0.85,trickle,10.0,30,0.0,0.0,0.0,0.0,,,0.3072,36.33,15.67
50,20,walking,down,0.95,flood,0.0,30,0.371667,0.092553,0.2,0.6,1.547212,44.399863,0.3893,39.63,17.67
50,20,walking,down,0.95,flood,10.0,30,0.0,0.0,0.0,0.0,,,0.2757,35.2,17.23
50,20,walking,down,0.95,gradient,0.0,30,0.158333,0.090099,0.0,0.4,0.0,13.476743,1.0,32.33,15.7
50,20,walking,down,0.95,gradient,10.0,30,0.0,0.0,0.0,0.0,,,1.0,28.83,17.23
50,20,walking,down,0.95,gradient_scf,0.0,30,0.371667,0.092553,0.2,0.6,1.547212,44.399863,0.3893,39.63,17.67
50,20,walking,down,0.95,gradient_scf,10.0,30,0.0,0.0,0.0,0.0,,,0.2757,35.2,17.23
50,20,walking,down,0.95,managed,0.0,30,0.371667,0.092553,0.2,0.6,1.547212,44.399863,0.3893,39.63,17.67
50,20,walking,down,0.95,managed,10.0,30,0.0,0.0,0.0,0.0,,,0.2757,35.2,17.23
50,20,walking,down,0.95,trickle,0.0,30,0.371667,0.092553,0.2,0.6,1.547212,44.399863,0.3893,39.63,17.67
50,20,walking,down,0.95,trickle,10.0,30,0.0,0.0,0.0,0.0,,,0.2757,35.2,17.23
50,20,walking,recovered,0.7,flood,0.0,30,0.34,0.095953,0.15,0.55,1.514813,50.413331,0.4317,41.23,10.47
50,20,walking,recovered,0.7,flood,10.0,30,0.0,0.0,0.0,0.0,,,0.342,36.23,13.1
50,20,walking,recovered,0.7,gradient,0.0,30,0.125,0.0796,0.0,0.3,0.0,15.525926,1.0,32.17,12.5
50,20,walking,recovered,0.7,gradient,10.0,30,0.0,0.0,0.0,0.0,,,1.0,28.63,13.1
50,20,walking,recovered,0.7,gradient_scf,0.0,30,0.34,0.095953,0.15,0.55,1.514813,50.413331,0.4317,41.23,10.47
50,20,walking,recovered,0.7,gradient_scf,10.0,30,0.0,0.0,0.0,0.0,,,0.342,36.23,13.1
50,20,walking,recovered,0.7,managed,0.0,30,0.34,0.095953,0.15,0.55,1.514813,50.413331,0.4317,41.23,10.47
50,20,walking,recovered,0.7,managed,10.0,30,0.0,0.0,0.0,0.0,,,0.342,36.23,13.1
50,20,walking,recovered,0.7,trickle,0.0,30,0.34,0.095953,0.15,0.55,1.514813,50.413331,0.4317,41.23,10.47
50,20,walking,recovered,0.7,trickle,10.0,30,0.0,0.0,0.0,0.0,,,0.342,36.23,13.1
50,20,walking,recovered,0.85,flood,0.0,30,0.365,0.090163,0.2,0.6,1.582951,45.815843,0.3985,41.7,15.37
50,20,walking,recovered,0.85,flood,10.0,30,0.0,0.0,0.0,0.0,,,0.3072,36.33,15.67
50,20,walking,recovered,0.85,gradient,0.0,30,0.14,0.08346,0.0,0.35,0.0,15.282653,1.0,32.3,14.53
50,20,walking,recovered,0.85,gradient,10.0,30,0.0,0.0,0.0,0.0,,,1.0,28.77,15.67
50,20,walking,recovered,0.85,gradient_scf,0.0,30,0.365,0.090163,0.2,0.6,1.582951,45.815843,0.3985,41.7,15.37
50,20,walking,recovered,0.85,gradient_scf,10.0,30,0.0,0.0,0.0,0.0,,,0.3072,36.33,15.67
50,20,walking,recovered,0.85,managed,0.0,30,0.365,0.090163,0.2,0.6,1.582951,45.815843,0.3985,41.7,15.37
50,20,walking,recovered,0.85,managed,10.0,30,0.0,0.0,0.0,0.0,,,0.3072,36.33,15.67
50,20,walking,recovered,0.85,trickle,0.0,30,0.365,0.090163,0.2,0.6,1.582951,45.815843,0.3985,41.7,15.37
50,20,walking,recovered,0.85,trickle,10.0,30,0.0,0.0,0.0,0.0,,,0.3072,36.33,15.67
50,20,walking,recovered,0.95,flood,0.0,30,0.371667,0.092553,0.2,0.6,1.547212,44.399863,0.3893,39.63,17.67
50,20,walking,recovered,0.95,flood,10.0,30,0.0,0.0,0.0,0.0,,,0.2757,35.2,17.23
50,20,walking,recovered,0.95,gradient,0.0,30,0.158333,0.090099,0.0,0.4,0.0,13.476743,1.0,32.33,15.7
50,20,walking,recovered,0.95,gradient,10.0,30,0.0,0.0,0.0,0.0,,,1.0,28.83,17.23
50,20,walking,recovered,0.95,gradient_scf,0.0,30,0.371667,0.092553,0.2,0.6,1.547212,44.399863,0.3893,39.63,17.67
50,20,walking,recovered,0.95,gradient_scf,10.0,30,0.0,0.0,0.0,0.0,,,0.2757,35.2,17.23
50,20,walking,recovered,0.95,managed,0.0,30,0.371667,0.092553,0.2,0.6,1.547212,44.399863,0.3893,39.63,17.67
50,20,walking,recovered,0.95,managed,10.0,30,0.0,0.0,0.0,0.0,,,0.2757,35.2,17.23
50,20,walking,recovered,0.95,trickle,0.0,30,0.371667,0.092553,0.2,0.6,1.547212,44.399863,0.3893,39.63,17.67
50,20,walking,recovered,0.95,trickle,10.0,30,0.0,0.0,0.0,0.0,,,0.2757,35.2,17.23
50,20,walking,up,0.7,flood,0.0,30,0.49,0.084486,0.35,0.75,4.103592,51.187885,0.4317,44.93,187.2
50,20,walking,up,0.7,flood,10.0,30,0.426667,0.093526,0.25,0.6,13.190255,63.353134,0.3461,44.4,250.0
50,20,walking,up,0.7,gradient,0.0,30,0.125,0.0796,0.0,0.3,0.0,98.578395,1.0,34.23,188.7
50,20,walking,up,0.7,gradient,10.0,30,0.425,0.103182,0.25,0.6,11.155911,38.828692,0.3801,37.47,247.07
50,20,walking,up,0.7,gradient_scf,0.0,30,0.49,0.084486,0.35,0.75,4.103592,51.187885,0.4317,44.93,187.2
50,20,walking,up,0.7,gradient_scf,10.0,30,0.426667,0.093526,0.25,0.6,13.190255,63.353134,0.3461,44.4,250.0
50,20,walking,up,0.7,managed,0.0,30,0.49,0.084486,0.35,0.75,4.103592,51.187885,0.4317,44.93,187.2
50,20,walking,up,0.7,managed,10.0,30,0.426667,0.093526,0.25,0.6,13.190255,63.353134,0.3461,44.4,250.0
50,20,walking,up,0.7,trickle,0.0,30,0.49,0.084486,0.35,0.75,4.103592,51.187885,0.4317,44.93,187.2
50,20,walking,up,0.7,trickle,10.0,30,0.426667,0.093526,0.25,0.6,13.190255,63.353134,0.3461,44.4,250.0
50,20,walking,up,0.85,flood,0.0,30,0.483333,0.092227,0.3,0.7,3.587379,55.816206,0.3985,44.7,229.7
50,20,walking,up,0.85,flood,10.0,30,0.403333,0.096431,0.25,0.6,12.786018,71.428552,0.2941,43.77,307.6
50,20,walking,up,0.85,gradient,0.0,30,0.14,0.08346,0.0,0.35,0.0,108.916412,1.0,34.57,229.93
50,20,walking,up,0.85,gradient,10.0,30,0.416667,0.094077,0.3,0.6,11.055789,46.584716,0.3227,38.13,303.17
50,20,walking,up,0.85,gradient_scf,0.0,30,0.483333,0.092227,0.3,0.7,3.587379,55.816206,0.3985,44.7,229.7
50,20,walking,up,0.85,gradient_scf,10.0,30,0.403333,0.096431,0.25,0.6,12.786018,71.428552,0.2941,43.77,307.6
50,20,walking,up,0.85,managed,0.0,30,0.483333,0.092227,0.3,0.7,3.587379,55.816206,0.3985,44.7,229.7
50,20,walking,up,0.85,managed,10.0,30,0.403333,0.096431,0.25,0.6,12.786018,71.428552,0.2941,43.77,307.6
50,20,walking,up,0.85,trickle,0.0,30,0.483333,0.092227,0.3,0.7,3.587379,55.816206,0.3985,44.7,229.7
50,20,walking,up,0.85,trickle,10.0,30,0.403333,0.096431,0.25,0.6,12.786018,71.428552,0.2941,43.77,307.6
50,20,walking,up,0.95,flood,0.0,30,0.495,0.090354,0.35,0.7,3.510278,56.200759,0.3884,44.83,253.73
50,20,walking,up,0.95,flood,10.0,30,0.41,0.103724,0.25,0.7,12.310667,73.264613,0.2755,44.7,339.47
50,20,walking,up,0.95,gradient,0.0,30,0.158333,0.090099,0.0,0.4,0.0,101.122662,1.0,35.23,256.03
50,20,walking,up,0.95,gradient,10.0,30,0.426667,0.101483,0.25,0.7,11.080806,50.915565,0.2988,39.1,343.6
50,20,walking,up,0.95,gradient_scf,0.0,30,0.495,0.090354,0.35,0.7,3.510278,56.200759,0.3884,44.83,253.73
50,20,walking,up,0.95,gradient_scf,10.0,30,0.41,0.103724,0.25,0.7,12.310667,73.264613,0.2755,44.7,339.47
50,20,walking,up,0.95,managed,0.0,30,0.495,0.090354,0.35,0.7,3.510278,56.200759,0.3884,44.83,253.73
50,20,walking,up,0.95,managed,10.0,30,0.41,0.103724,0.25,0.7,12.310667,73.264613,0.2755,44.7,339.47
50,20,walking,up,0.95,trickle,0.0,30,0.495,0.090354,0.35,0.7,3.510278,56.200759,0.3884,44.83,253.73
50,20,walking,up,0.95,trickle,10.0,30,0.41,0.103724,0.25,0.7,12.310667,73.264613,0.2755,44.7,339.47
50,5,courier,down,0.7,flood,0.0,30,0.72,0.162735,0.4,1.0,1.485937,61.213889,0.9028,8.57,14.63
50,5,courier,down,0.7,flood,10.0,30,0.0,0.0,0.0,0.0,,,0.8896,6.6,14.8
50,5,courier,down,0.7,gradient,0.0,30,0.08,0.134933,0.0,0.4,0.0,13.277778,1.0,2.33,16.57
50,5,courier,down,0.7,gradient,10.0,30,0.0,0.0,0.0,0.0,,,0.9765,1.43,14.8
50,5,courier,down,0.7,gradient_scf,0.0,30,0.72,0.162735,0.4,1.0,1.485937,61.213889,0.9028,8.57,14.63
50,5,courier,down,0.7,gradient_scf,10.0,30,0.0,0.0,0.0,0.0,,,0.8896,6.6,14.8
50,5,courier,down,0.7,managed,0.0,30,0.72,0.162735,0.4,1.0,1.485937,61.213889,0.9028,8.57,14.63
50,5,courier,down,0.7,managed,10.0,30,0.0,0.0,0.0,0.0,,,0.8896,6.6,14.8
50,5,courier,down,0.7,trickle,0.0,30,0.72,0.162735,0.4,1.0,1.485937,61.213889,0.9028,8.57,14.63
50,5,courier,down,0.7,trickle,10.0,30,0.0,0.0,0.0,0.0,,,0.8896,6.6,14.8
50,5,courier,down,0.85,flood,0.0,30,0.773333,0.163861,0.4,1.0,1.544675,65.119444,0.9301,10.03,30.3
50,5,courier,down,0.85,flood,10.0,30,0.0,0.0,0.0,0.0,,,0.9289,6.8,16.03
50,5,courier,down,0.85,gradient,0.0,30,0.1,0.146217,0.0,0.4,0.0,11.954545,1.0,2.37,21.3
50,5,courier,down,0.85,gradient,10.0,30,0.0,0.0,0.0,0.0,,,0.9632,1.57,16.03
50,5,courier,down,0.85,gradient_scf,0.0,30,0.773333,0.163861,0.4,1.0,1.544675,65.119444,0.9301,10.03,30.3
50,5,courier,down,0.85,gradient_scf,10.0,30,0.0,0.0,0.0,0.0,,,0.9289,6.8,16.03
50,5,courier,down,0.85,managed,0.0,30,0.773333,0.163861,0.4,1.0,1.544675,65.119444,0.9301,10.03,30.3
50,5,courier,down,0.85,managed,10.0,30,0.0,0.0,0.0,0.0,,,0.9289,6.8,16.03
50,5,courier,down,0.85,trickle,0.0,30,0.773333,0.163861,0.4,1.0,1.544675,65.119444,0.9301,10.03,30.3
50,5,courier,down,0.85,trickle,10.0,30,0.0,0.0,0.0,0.0,,,0.9289,6.8,16.03
50,5,courier,down,0.95,flood,0.0,30,0.8,0.181944,0.4,1.0,1.468742,67.514444,0.9385,9.27,43.23
50,5,courier,down,0.95,flood,10.0,30,0.0,0.0,0.0,0.0,,,0.9496,7.63,16.93
50,5,courier,down,0.95,gradient,0.0,30,0.126667,0.152978,0.0,0.4,0.0,60.607143,1.0,2.57,41.9
50,5,courier,down,0.95,gradient,10.0,30,0.0,0.0,0.0,0.0,,,0.984,1.6,16.93
50,5,courier,down,0.95,gradient_scf,0.0,30,0.8,0.181944,0.4,1.0,1.468742,67.514444,0.9385,9.27,43.23
50,5,courier,down,0.95,gradient_scf,10.0,30,0.0,0.0,0.0,0.0,,,0.9496,7.63,16.93
50,5,courier,down,0.95,managed,0.0,30,0.8,0.181944,0.4,1.0,1.468742,67.514444,0.9385,9.27,43.23
50,5,courier,down,0.95,managed,10.0,30,0.0,0.0,0.0,0.0,,,0.9496,7.63,16.93
50,5,courier,down,0.95,trickle,0.0,30,0.8,0.181944,0.4,1.0,1.468742,67.514444,0.9385,9.27,43.23
50,5,courier,down,0.95,trickle,10.0,30,0.0,0.0,0.0,0.0,,,0.9496,7.63,16.93
50,5,courier,recovered,0.7,flood,0.0,30,0.72,0.162735,0.4,1.0,1.485937,61.213889,0.9028,8.57,14.63
50,5,courier,recovered,0.7,flood,10.0,30,0.0,0.0,0.0,0.0,,,0.8896,6.6,14.8
50,5,courier,recovered,0.7,gradient,0.0,30,0.08,0.134933,0.0,0.4,0.0,13.277778,1.0,2.33,16.57
50,5,courier,recovered,0.7,gradient,10.0,30,0.0,0.0,0.0,0.0,,,0.9765,1.43,14.8
50,5,courier,recovered,0.7,gradient_scf,0.0,30,0.72,0.162735,0.4,1.0,1.485937,61.213889,0.9028,8.57,14.63
50,5,courier,recovered,0.7,gradient_scf,10.0,30,0.0,0.0,0.0,0.0,,,0.8896,6.6,14.8
50,5,courier,recovered,0.7,managed,0.0,30,0.72,0.162735,0.4,1.0,1.485937,61.213889,0.9028,8.57,14.63
50,5,courier,recovered,0.7,managed,10.0,30,0.0,0.0,0.0,0.0,,,0.8896,6.6,14.8
50,5,courier,recovered,0.7,trickle,0.0,30,0.72,0.162735,0.4,1.0,1.485937,61.213889,0.9028,8.57,14.63
50,5,courier,recovered,0.7,trickle,10.0,30,0.0,0.0,0.0,0.0,,,0.8896,6.6,14.8
50,5,courier,recovered,0.85,flood,0.0,30,0.773333,0.163861,0.4,1.0,1.544675,65.119444,0.9301,10.03,30.3
50,5,courier,recovered,0.85,flood,10.0,30,0.0,0.0,0.0,0.0,,,0.9289,6.8,16.03
50,5,courier,recovered,0.85,gradient,0.0,30,0.1,0.146217,0.0,0.4,0.0,11.954545,1.0,2.37,21.3
50,5,courier,recovered,0.85,gradient,10.0,30,0.0,0.0,0.0,0.0,,,0.9632,1.57,16.03
50,5,courier,recovered,0.85,gradient_scf,0.0,30,0.773333,0.163861,0.4,1.0,1.544675,65.119444,0.9301,10.03,30.3
50,5,courier,recovered,0.85,gradient_scf,10.0,30,0.0,0.0,0.0,0.0,,,0.9289,6.8,16.03
50,5,courier,recovered,0.85,managed,0.0,30,0.773333,0.163861,0.4,1.0,1.544675,65.119444,0.9301,10.03,30.3
50,5,courier,recovered,0.85,managed,10.0,30,0.0,0.0,0.0,0.0,,,0.9289,6.8,16.03
50,5,courier,recovered,0.85,trickle,0.0,30,0.773333,0.163861,0.4,1.0,1.544675,65.119444,0.9301,10.03,30.3
50,5,courier,recovered,0.85,trickle,10.0,30,0.0,0.0,0.0,0.0,,,0.9289,6.8,16.03
50,5,courier,recovered,0.95,flood,0.0,30,0.8,0.181944,0.4,1.0,1.468742,67.514444,0.9385,9.27,43.23
50,5,courier,recovered,0.95,flood,10.0,30,0.0,0.0,0.0,0.0,,,0.9496,7.63,16.93
50,5,courier,recovered,0.95,gradient,0.0,30,0.126667,0.152978,0.0,0.4,0.0,60.607143,1.0,2.57,41.9
50,5,courier,recovered,0.95,gradient,10.0,30,0.0,0.0,0.0,0.0,,,0.984,1.6,16.93
50,5,courier,recovered,0.95,gradient_scf,0.0,30,0.8,0.181944,0.4,1.0,1.468742,67.514444,0.9385,9.27,43.23
50,5,courier,recovered,0.95,gradient_scf,10.0,30,0.0,0.0,0.0,0.0,,,0.9496,7.63,16.93
50,5,courier,recovered,0.95,managed,0.0,30,0.8,0.181944,0.4,1.0,1.468742,67.514444,0.9385,9.27,43.23
50,5,courier,recovered,0.95,managed,10.0,30,0.0,0.0,0.0,0.0,,,0.9496,7.63,16.93
50,5,courier,recovered,0.95,trickle,0.0,30,0.8,0.181944,0.4,1.0,1.468742,67.514444,0.9385,9.27,43.23
50,5,courier,recovered,0.95,trickle,10.0,30,0.0,0.0,0.0,0.0,,,0.9496,7.63,16.93
50,5,courier,up,0.7,flood,0.0,30,0.886667,0.135782,0.6,1.0,2.264777,83.663333,0.8985,9.67,172.23
50,5,courier,up,0.7,flood,10.0,30,0.9,0.136458,0.6,1.0,12.23043,94.048333,0.8957,10.2,219.37
50,5,courier,up,0.7,gradient,0.0,30,0.08,0.134933,0.0,0.4,0.0,95.333333,1.0,3.5,168.33
50,5,courier,up,0.7,gradient,10.0,30,0.44,0.225297,0.0,1.0,10.671876,136.545977,0.5987,4.47,219.1
50,5,courier,up,0.7,gradient_scf,0.0,30,0.886667,0.135782,0.6,1.0,2.264777,83.663333,0.8985,9.67,172.23
50,5,courier,up,0.7,gradient_scf,10.0,30,0.9,0.136458,0.6,1.0,12.23043,94.048333,0.8957,10.2,219.37
50,5,courier,up,0.7,managed,0.0,30,0.886667,0.135782,0.6,1.0,2.264777,83.663333,0.8985,9.67,172.23
50,5,courier,up,0.7,managed,10.0,30,0.9,0.136458,0.6,1.0,12.23043,94.048333,0.8957,10.2,219.37
50,5,courier,up,0.7,trickle,0.0,30,0.886667,0.135782,0.6,1.0,2.264777,83.663333,0.8985,9.67,172.23
50,5,courier,up,0.7,trickle,10.0,30,0.9,0.136458,0.6,1.0,12.23043,94.048333,0.8957,10.2,219.37
50,5,courier,up,0.85,flood,0.0,30,0.933333,0.095893,0.8,1.0,2.251616,92.065,0.9277,11.97,219.3
50,5,courier,up,0.85,flood,10.0,30,0.933333,0.095893,0.8,1.0,12.18512,108.053333,0.9299,11.4,291.63
50,5,courier,up,0.85,gradient,0.0,30,0.1,0.146217,0.0,0.4,0.0,143.136364,1.0,3.93,218.03
50,5,courier,up,0.85,gradient,10.0,30,0.673333,0.225806,0.2,1.0,10.893841,108.370556,0.7037,5.43,291.13
50,5,courier,up,0.85,gradient_scf,0.0,30,0.933333,0.095893,0.8,1.0,2.251616,92.065,0.9277,11.97,219.3
50,5,courier,up,0.85,gradient_scf,10.0,30,0.933333,0.095893,0.8,1.0,12.18512,108.053333,0.9299,11.4,291.63
50,5,courier,up,0.85,managed,0.0,30,0.933333,0.095893,0.8,1.0,2.251616,92.065,0.9277,11.97,219.3
50,5,courier,up,0.85,managed,10.0,30,0.933333,0.095893,0.8,1.0,12.18512,108.053333,0.9299,11.4,291.63
50,5,courier,up,0.85,trickle,0.0,30,0.933333,0.095893,0.8,1.0,2.251616,92.065,0.9277,11.97,219.3
50,5,courier,up,0.85,trickle,10.0,30,0.933333,0.095893,0.8,1.0,12.18512,108.053333,0.9299,11.4,291.63
50,5,courier,up,0.95,flood,0.0,30,0.933333,0.109334,0.6,1.0,2.095078,101.055556,0.9386,12.1,257.77
50,5,courier,up,0.95,flood,10.0,30,0.946667,0.089955,0.8,1.0,12.098804,115.601667,0.9367,12.03,328.83
50,5,courier,up,0.95,gradient,0.0,30,0.126667,0.152978,0.0,0.4,0.0,191.285714,1.0,4.07,249.03
50,5,courier,up,0.95,gradient,10.0,30,0.693333,0.201603,0.2,1.0,10.945324,113.832222,0.7167,6.3,332.0
50,5,courier,up,0.95,gradient_scf,0.0,30,0.933333,0.109334,0.6,1.0,2.095078,101.055556,0.9386,12.1,257.77
50,5,courier,up,0.95,gradient_scf,10.0,30,0.946667,0.089955,0.8,1.0,12.098804,115.601667,0.9367,12.03,328.83
50,5,courier,up,0.95,managed,0.0,30,0.933333,0.109334,0.6,1.0,2.095078,101.055556,0.9386,12.1,257.77
50,5,courier,up,0.95,managed,10.0,30,0.946667,0.089955,0.8,1.0,12.098804,115.601667,0.9367,12.03,328.83
50,5,courier,up,0.95,trickle,0.0,30,0.933333,0.109334,0.6,1.0,2.095078,101.055556,0.9386,12.1,257.77
50,5,courier,up,0.95,trickle,10.0,30,0.946667,0.089955,0.8,1.0,12.098804,115.601667,0.9367,12.03,328.83
50,5,static,down,0.7,flood,0.0,30,0.853333,0.116658,0.6,1.0,1.454989,50.068889,0.9167,10.13,14.9
50,5,static,down,0.7,flood,10.0,30,0.0,0.0,0.0,0.0,,,0.9196,7.83,14.8
50,5,static,down,0.7,gradient,0.0,30,0.126667,0.152978,0.0,0.4,0.0,15.821429,1.0,2.53,14.93
50,5,static,down,0.7,gradient,10.0,30,0.0,0.0,0.0,0.0,,,1.0,1.6,14.8
50,5,static,down,0.7,gradient_scf,0.0,30,0.853333,0.116658,0.6,1.0,1.454989,50.068889,0.9167,10.13,14.9
50,5,static,down,0.7,gradient_scf,10.0,30,0.0,0.0,0.0,0.0,,,0.9196,7.83,14.8
50,5,static,down,0.7,managed,0.0,30,0.853333,0.116658,0.6,1.0,1.454989,50.068889,0.9167,10.13,14.9
50,5,static,down,0.7,managed,10.0,30,0.0,0.0,0.0,0.0,,,0.9196,7.83,14.8
50,5,static,down,0.7,trickle,0.0,30,0.853333,0.116658,0.6,1.0,1.454989,50.068889,0.9167,10.13,14.9
50,5,static,down,0.7,trickle,10.0,30,0.0,0.0,0.0,0.0,,,0.9196,7.83,14.8
50,5,static,down,0.85,flood,0.0,30,0.86,0.130252,0.6,1.0,1.392236,51.402778,0.9396,10.1,17.17
50,5,static,down,0.85,flood,10.0,30,0.0,0.0,0.0,0.0,,,0.9398,9.07,16.93
50,5,static,down,0.85,gradient,0.0,30,0.16,0.161031,0.0,0.4,0.0,17.117647,1.0,2.63,16.8
50,5,static,down,0.85,gradient,10.0,30,0.0,0.0,0.0,0.0,,,1.0,1.7,16.93
50,5,static,down,0.85,gradient_scf,0.0,30,0.86,0.130252,0.6,1.0,1.392236,51.402778,0.9396,10.1,17.17
50,5,static,down,0.85,gradient_scf,10.0,30,0.0,0.0,0.0,0.0,,,0.9398,9.07,16.93
50,5,static,down,0.85,managed,0.0,30,0.86,0.130252,0.6,1.0,1.392236,51.402778,0.9396,10.1,17.17
50,5,static,down,0.85,managed,10.0,30,0.0,0.0,0.0,0.0,,,0.9398,9.07,16.93
50,5,static,down,0.85,trickle,0.0,30,0.86,0.130252,0.6,1.0,1.392236,51.402778,0.9396,10.1,17.17
50,5,static,down,0.85,trickle,10.0,30,0.0,0.0,0.0,0.0,,,0.9398,9.07,16.93
50,5,static,down,0.95,flood,0.0,30,0.873333,0.133735,0.6,1.0,1.355263,49.62,0.9323,9.8,17.97
50,5,static,down,0.95,flood,10.0,30,0.0,0.0,0.0,0.0,,,0.9262,8.53,18.2
50,5,static,down,0.95,gradient,0.0,30,0.186667,0.173669,0.0,0.4,0.0,17.0,1.0,2.67,18.17
50,5,static,down,0.95,gradient,10.0,30,0.0,0.0,0.0,0.0,,,1.0,1.73,18.2
50,5,static,down,0.95,gradient_scf,0.0,30,0.873333,0.133735,0.6,1.0,1.355263,49.62,0.9323,9.8,17.97
50,5,static,down,0.95,gradient_scf,10.0,30,0.0,0.0,0.0,0.0,,,0.9262,8.53,18.2
50,5,static,down,0.95,managed,0.0,30,0.873333,0.133735,0.6,1.0,1.355263,49.62,0.9323,9.8,17.97
50,5,static,down,0.95,managed,10.0,30,0.0,0.0,0.0,0.0,,,0.9262,8.53,18.2
50,5,static,down,0.95,trickle,0.0,30,0.873333,0.133735,0.6,1.0,1.355263,49.62,0.9323,9.8,17.97
50,5,static,down,0.95,trickle,10.0,30,0.0,0.0,0.0,0.0,,,0.9262,8.53,18.2
50,5,static,recovered,0.7,flood,0.0,30,0.853333,0.116658,0.6,1.0,1.454989,50.068889,0.9167,10.13,14.9
50,5,static,recovered,0.7,flood,10.0,30,0.0,0.0,0.0,0.0,,,0.9196,7.83,14.8
50,5,static,recovered,0.7,gradient,0.0,30,0.126667,0.152978,0.0,0.4,0.0,15.821429,1.0,2.53,14.93
50,5,static,recovered,0.7,gradient,10.0,30,0.0,0.0,0.0,0.0,,,1.0,1.6,14.8
50,5,static,recovered,0.7,gradient_scf,0.0,30,0.853333,0.116658,0.6,1.0,1.454989,50.068889,0.9167,10.13,14.9
50,5,static,recovered,0.7,gradient_scf,10.0,30,0.0,0.0,0.0,0.0,,,0.9196,7.83,14.8
50,5,static,recovered,0.7,managed,0.0,30,0.853333,0.116658,0.6,1.0,1.454989,50.068889,0.9167,10.13,14.9
50,5,static,recovered,0.7,managed,10.0,30,0.0,0.0,0.0,0.0,,,0.9196,7.83,14.8
50,5,static,recovered,0.7,trickle,0.0,30,0.853333,0.116658,0.6,1.0,1.454989,50.068889,0.9167,10.13,14.9
50,5,static,recovered,0.7,trickle,10.0,30,0.0,0.0,0.0,0.0,,,0.9196,7.83,14.8
50,5,static,recovered,0.85,flood,0.0,30,0.86,0.130252,0.6,1.0,1.392236,51.402778,0.9396,10.1,17.17
50,5,static,recovered,0.85,flood,10.0,30,0.0,0.0,0.0,0.0,,,0.9398,9.07,16.93
50,5,static,recovered,0.85,gradient,0.0,30,0.16,0.161031,0.0,0.4,0.0,17.117647,1.0,2.63,16.8
50,5,static,recovered,0.85,gradient,10.0,30,0.0,0.0,0.0,0.0,,,1.0,1.7,16.93
50,5,static,recovered,0.85,gradient_scf,0.0,30,0.86,0.130252,0.6,1.0,1.392236,51.402778,0.9396,10.1,17.17
50,5,static,recovered,0.85,gradient_scf,10.0,30,0.0,0.0,0.0,0.0,,,0.9398,9.07,16.93
50,5,static,recovered,0.85,managed,0.0,30,0.86,0.130252,0.6,1.0,1.392236,51.402778,0.9396,10.1,17.17
50,5,static,recovered,0.85,managed,10.0,30,0.0,0.0,0.0,0.0,,,0.9398,9.07,16.93
50,5,static,recovered,0.85,trickle,0.0,30,0.86,0.130252,0.6,1.0,1.392236,51.402778,0.9396,10.1,17.17
50,5,static,recovered,0.85,trickle,10.0,30,0.0,0.0,0.0,0.0,,,0.9398,9.07,16.93
50,5,static,recovered,0.95,flood,0.0,30,0.873333,0.133735,0.6,1.0,1.355263,49.62,0.9323,9.8,17.97
50,5,static,recovered,0.95,flood,10.0,30,0.0,0.0,0.0,0.0,,,0.9262,8.53,18.2
50,5,static,recovered,0.95,gradient,0.0,30,0.186667,0.173669,0.0,0.4,0.0,17.0,1.0,2.67,18.17
50,5,static,recovered,0.95,gradient,10.0,30,0.0,0.0,0.0,0.0,,,1.0,1.73,18.2
50,5,static,recovered,0.95,gradient_scf,0.0,30,0.873333,0.133735,0.6,1.0,1.355263,49.62,0.9323,9.8,17.97
50,5,static,recovered,0.95,gradient_scf,10.0,30,0.0,0.0,0.0,0.0,,,0.9262,8.53,18.2
50,5,static,recovered,0.95,managed,0.0,30,0.873333,0.133735,0.6,1.0,1.355263,49.62,0.9323,9.8,17.97
50,5,static,recovered,0.95,managed,10.0,30,0.0,0.0,0.0,0.0,,,0.9262,8.53,18.2
50,5,static,recovered,0.95,trickle,0.0,30,0.873333,0.133735,0.6,1.0,1.355263,49.62,0.9323,9.8,17.97
50,5,static,recovered,0.95,trickle,10.0,30,0.0,0.0,0.0,0.0,,,0.9262,8.53,18.2
50,5,static,up,0.7,flood,0.0,30,0.933333,0.095893,0.8,1.0,1.739284,87.9,0.914,14.6,212.33
50,5,static,up,0.7,flood,10.0,30,0.913333,0.113664,0.6,1.0,11.945269,105.750556,0.9049,16.23,280.67
50,5,static,up,0.7,gradient,0.0,30,0.126667,0.152978,0.0,0.4,0.0,164.0,1.0,5.97,211.53
50,5,static,up,0.7,gradient,10.0,30,0.666667,0.23094,0.2,1.0,10.595637,106.778889,0.697,8.87,281.1
50,5,static,up,0.7,gradient_scf,0.0,30,0.933333,0.095893,0.8,1.0,1.739284,87.9,0.914,14.6,212.33
50,5,static,up,0.7,gradient_scf,10.0,30,0.913333,0.113664,0.6,1.0,11.945269,105.750556,0.9049,16.23,280.67
50,5,static,up,0.7,managed,0.0,30,0.933333,0.095893,0.8,1.0,1.739284,87.9,0.914,14.6,212.33
50,5,static,up,0.7,managed,10.0,30,0.913333,0.113664,0.6,1.0,11.945269,105.750556,0.9049,16.23,280.67
50,5,static,up,0.7,trickle,0.0,30,0.933333,0.095893,0.8,1.0,1.739284,87.9,0.914,14.6,212.33
50,5,static,up,0.7,trickle,10.0,30,0.913333,0.113664,0.6,1.0,11.945269,105.750556,0.9049,16.23,280.67
50,5,static,up,0.85,flood,0.0,30,0.953333,0.086037,0.8,1.0,2.023664,95.273333,0.9398,15.83,250.8
50,5,static,up,0.85,flood,10.0,30,0.94,0.093218,0.8,1.0,11.750652,114.905,0.9261,17.43,334.17
50,5,static,up,0.85,gradient,0.0,30,0.16,0.161031,0.0,0.4,0.0,202.323529,1.0,7.47,251.57
50,5,static,up,0.85,gradient,10.0,30,0.826667,0.172073,0.4,1.0,10.687166,90.542778,0.7419,11.5,335.07
50,5,static,up,0.85,gradient_scf,0.0,30,0.953333,0.086037,0.8,1.0,2.023664,95.273333,0.9398,15.83,250.8
50,5,static,up,0.85,gradient_scf,10.0,30,0.94,0.093218,0.8,1.0,11.750652,114.905,0.9261,17.43,334.17
50,5,static,up,0.85,managed,0.0,30,0.953333,0.086037,0.8,1.0,2.023664,95.273333,0.9398,15.83,250.8
50,5,static,up,0.85,managed,10.0,30,0.94,0.093218,0.8,1.0,11.750652,114.905,0.9261,17.43,334.17
50,5,static,up,0.85,trickle,0.0,30,0.953333,0.086037,0.8,1.0,2.023664,95.273333,0.9398,15.83,250.8
50,5,static,up,0.85,trickle,10.0,30,0.94,0.093218,0.8,1.0,11.750652,114.905,0.9261,17.43,334.17
50,5,static,up,0.95,flood,0.0,30,0.94,0.106997,0.6,1.0,1.763854,99.829444,0.9317,17.07,269.8
50,5,static,up,0.95,flood,10.0,30,0.926667,0.098027,0.8,1.0,11.885477,121.67,0.9218,18.83,361.0
50,5,static,up,0.95,gradient,0.0,30,0.186667,0.173669,0.0,0.4,0.0,202.638889,1.0,8.67,270.63
50,5,static,up,0.95,gradient,10.0,30,0.82,0.160602,0.4,1.0,10.696943,98.123889,0.7432,13.2,361.83
50,5,static,up,0.95,gradient_scf,0.0,30,0.94,0.106997,0.6,1.0,1.763854,99.829444,0.9317,17.07,269.8
50,5,static,up,0.95,gradient_scf,10.0,30,0.926667,0.098027,0.8,1.0,11.885477,121.67,0.9218,18.83,361.0
50,5,static,up,0.95,managed,0.0,30,0.94,0.106997,0.6,1.0,1.763854,99.829444,0.9317,17.07,269.8
50,5,static,up,0.95,managed,10.0,30,0.926667,0.098027,0.8,1.0,11.885477,121.67,0.9218,18.83,361.0
50,5,static,up,0.95,trickle,0.0,30,0.94,0.106997,0.6,1.0,1.763854,99.829444,0.9317,17.07,269.8
50,5,static,up,0.95,trickle,10.0,30,0.926667,0.098027,0.8,1.0,11.885477,121.67,0.9218,18.83,361.0
50,5,walking,down,0.7,flood,0.0,30,0.786667,0.147936,0.4,1.0,1.457505,56.725,0.9237,9.43,13.1
50,5,walking,down,0.7,flood,10.0,30,0.0,0.0,0.0,0.0,,,0.9256,7.33,13.1
50,5,walking,down,0.7,gradient,0.0,30,0.1,0.146217,0.0,0.4,0.0,11.818182,1.0,2.37,13.13
50,5,walking,down,0.7,gradient,10.0,30,0.0,0.0,0.0,0.0,,,1.0,1.47,13.1
50,5,walking,down,0.7,gradient_scf,0.0,30,0.786667,0.147936,0.4,1.0,1.457505,56.725,0.9237,9.43,13.1
50,5,walking,down,0.7,gradient_scf,10.0,30,0.0,0.0,0.0,0.0,,,0.9256,7.33,13.1
50,5,walking,down,0.7,managed,0.0,30,0.786667,0.147936,0.4,1.0,1.457505,56.725,0.9237,9.43,13.1
50,5,walking,down,0.7,managed,10.0,30,0.0,0.0,0.0,0.0,,,0.9256,7.33,13.1
50,5,walking,down,0.7,trickle,0.0,30,0.786667,0.147936,0.4,1.0,1.457505,56.725,0.9237,9.43,13.1
50,5,walking,down,0.7,trickle,10.0,30,0.0,0.0,0.0,0.0,,,0.9256,7.33,13.1
50,5,walking,down,0.85,flood,0.0,30,0.853333,0.147936,0.6,1.0,1.501902,52.335556,0.9355,10.07,15.67
50,5,walking,down,0.85,flood,10.0,30,0.0,0.0,0.0,0.0,,,0.9325,8.47,15.67
50,5,walking,down,0.85,gradient,0.0,30,0.126667,0.152978,0.0,0.4,0.0,16.035714,1.0,2.53,15.63
50,5,walking,down,0.85,gradient,10.0,30,0.0,0.0,0.0,0.0,,,1.0,1.6,15.67
50,5,walking,down,0.85,gradient_scf,0.0,30,0.853333,0.147936,0.6,1.0,1.501902,52.335556,0.9355,10.07,15.67
50,5,walking,down,0.85,gradient_scf,10.0,30,0.0,0.0,0.0,0.0,,,0.9325,8.47,15.67
50,5,walking,down,0.85,managed,0.0,30,0.853333,0.147936,0.6,1.0,1.501902,52.335556,0.9355,10.07,15.67
50,5,walking,down,0.85,managed,10.0,30,0.0,0.0,0.0,0.0,,,0.9325,8.47,15.67
50,5,walking,down,0.85,trickle,0.0,30,0.853333,0.147936,0.6,1.0,1.501902,52.335556,0.9355,10.07,15.67
50,5,walking,down,0.85,trickle,10.0,30,0.0,0.0,0.0,0.0,,,0.9325,8.47,15.67
50,5,walking,down,0.95,flood,0.0,30,0.833333,0.129544,0.6,1.0,1.421494,53.938333,0.9334,10.1,17.17
50,5,walking,down,0.95,flood,10.0,30,0.0,0.0,0.0,0.0,,,0.9385,9.0,17.23
50,5,walking,down,0.95,gradient,0.0,30,0.16,0.161031,0.0,0.4,0.0,17.647059,1.0,2.57,17.1
50,5,walking,down,0.95,gradient,10.0,30,0.0,0.0,0.0,0.0,,,1.0,1.67,17.23
50,5,walking,down,0.95,gradient_scf,0.0,30,0.833333,0.129544,0.6,1.0,1.421494,53.938333,0.9334,10.1,17.17
50,5,walking,down,0.95,gradient_scf,10.0,30,0.0,0.0,0.0,0.0,,,0.9385,9.0,17.23
50,5,walking,down,0.95,managed,0.0,30,0.833333,0.129544,0.6,1.0,1.421494,53.938333,0.9334,10.1,17.17
50,5,walking,down,0.95,managed,10.0,30,0.0,0.0,0.0,0.0,,,0.9385,9.0,17.23
50,5,walking,down,0.95,trickle,0.0,30,0.833333,0.129544,0.6,1.0,1.421494,53.938333,0.9334,10.1,17.17
50,5,walking,down,0.95,trickle,10.0,30,0.0,0.0,0.0,0.0,,,0.9385,9.0,17.23
50,5,walking,recovered,0.7,flood,0.0,30,0.786667,0.147936,0.4,1.0,1.457505,56.725,0.9237,9.43,13.1
50,5,walking,recovered,0.7,flood,10.0,30,0.0,0.0,0.0,0.0,,,0.9256,7.33,13.1
50,5,walking,recovered,0.7,gradient,0.0,30,0.1,0.146217,0.0,0.4,0.0,11.818182,1.0,2.37,13.13
50,5,walking,recovered,0.7,gradient,10.0,30,0.0,0.0,0.0,0.0,,,1.0,1.47,13.1
50,5,walking,recovered,0.7,gradient_scf,0.0,30,0.786667,0.147936,0.4,1.0,1.457505,56.725,0.9237,9.43,13.1
50,5,walking,recovered,0.7,gradient_scf,10.0,30,0.0,0.0,0.0,0.0,,,0.9256,7.33,13.1
50,5,walking,recovered,0.7,managed,0.0,30,0.786667,0.147936,0.4,1.0,1.457505,56.725,0.9237,9.43,13.1
50,5,walking,recovered,0.7,managed,10.0,30,0.0,0.0,0.0,0.0,,,0.9256,7.33,13.1
50,5,walking,recovered,0.7,trickle,0.0,30,0.786667,0.147936,0.4,1.0,1.457505,56.725,0.9237,9.43,13.1
50,5,walking,recovered,0.7,trickle,10.0,30,0.0,0.0,0.0,0.0,,,0.9256,7.33,13.1
50,5,walking,recovered,0.85,flood,0.0,30,0.853333,0.147936,0.6,1.0,1.501902,52.335556,0.9355,10.07,15.67
50,5,walking,recovered,0.85,flood,10.0,30,0.0,0.0,0.0,0.0,,,0.9325,8.47,15.67
50,5,walking,recovered,0.85,gradient,0.0,30,0.126667,0.152978,0.0,0.4,0.0,16.035714,1.0,2.53,15.63
50,5,walking,recovered,0.85,gradient,10.0,30,0.0,0.0,0.0,0.0,,,1.0,1.6,15.67
50,5,walking,recovered,0.85,gradient_scf,0.0,30,0.853333,0.147936,0.6,1.0,1.501902,52.335556,0.9355,10.07,15.67
50,5,walking,recovered,0.85,gradient_scf,10.0,30,0.0,0.0,0.0,0.0,,,0.9325,8.47,15.67
50,5,walking,recovered,0.85,managed,0.0,30,0.853333,0.147936,0.6,1.0,1.501902,52.335556,0.9355,10.07,15.67
50,5,walking,recovered,0.85,managed,10.0,30,0.0,0.0,0.0,0.0,,,0.9325,8.47,15.67
50,5,walking,recovered,0.85,trickle,0.0,30,0.853333,0.147936,0.6,1.0,1.501902,52.335556,0.9355,10.07,15.67
50,5,walking,recovered,0.85,trickle,10.0,30,0.0,0.0,0.0,0.0,,,0.9325,8.47,15.67
50,5,walking,recovered,0.95,flood,0.0,30,0.833333,0.129544,0.6,1.0,1.421494,53.938333,0.9334,10.1,17.17
50,5,walking,recovered,0.95,flood,10.0,30,0.0,0.0,0.0,0.0,,,0.9385,9.0,17.23
50,5,walking,recovered,0.95,gradient,0.0,30,0.16,0.161031,0.0,0.4,0.0,17.647059,1.0,2.57,17.1
50,5,walking,recovered,0.95,gradient,10.0,30,0.0,0.0,0.0,0.0,,,1.0,1.67,17.23
50,5,walking,recovered,0.95,gradient_scf,0.0,30,0.833333,0.129544,0.6,1.0,1.421494,53.938333,0.9334,10.1,17.17
50,5,walking,recovered,0.95,gradient_scf,10.0,30,0.0,0.0,0.0,0.0,,,0.9385,9.0,17.23
50,5,walking,recovered,0.95,managed,0.0,30,0.833333,0.129544,0.6,1.0,1.421494,53.938333,0.9334,10.1,17.17
50,5,walking,recovered,0.95,managed,10.0,30,0.0,0.0,0.0,0.0,,,0.9385,9.0,17.23
50,5,walking,recovered,0.95,trickle,0.0,30,0.833333,0.129544,0.6,1.0,1.421494,53.938333,0.9334,10.1,17.17
50,5,walking,recovered,0.95,trickle,10.0,30,0.0,0.0,0.0,0.0,,,0.9385,9.0,17.23
50,5,walking,up,0.7,flood,0.0,30,0.926667,0.098027,0.8,1.0,2.0736,85.11,0.9214,11.9,192.63
50,5,walking,up,0.7,flood,10.0,30,0.926667,0.098027,0.8,1.0,11.902413,97.796667,0.9172,12.47,249.07
50,5,walking,up,0.7,gradient,0.0,30,0.1,0.146217,0.0,0.4,0.0,123.045455,1.0,4.43,188.6
50,5,walking,up,0.7,gradient,10.0,30,0.686667,0.227025,0.2,1.0,10.691173,93.565556,0.6871,6.67,250.93
50,5,walking,up,0.7,gradient_scf,0.0,30,0.926667,0.098027,0.8,1.0,2.0736,85.11,0.9214,11.9,192.63
50,5,walking,up,0.7,gradient_scf,10.0,30,0.926667,0.098027,0.8,1.0,11.902413,97.796667,0.9172,12.47,249.07
50,5,walking,up,0.7,managed,0.0,30,0.926667,0.098027,0.8,1.0,2.0736,85.11,0.9214,11.9,192.63
50,5,walking,up,0.7,managed,10.0,30,0.926667,0.098027,0.8,1.0,11.902413,97.796667,0.9172,12.47,249.07
50,5,walking,up,0.7,trickle,0.0,30,0.926667,0.098027,0.8,1.0,2.0736,85.11,0.9214,11.9,192.63
50,5,walking,up,0.7,trickle,10.0,30,0.926667,0.098027,0.8,1.0,11.902413,97.796667,0.9172,12.47,249.07
50,5,walking,up,0.85,flood,0.0,30,0.94,0.093218,0.8,1.0,1.893925,93.615,0.9346,13.7,233.47
50,5,walking,up,0.85,flood,10.0,30,0.946667,0.089955,0.8,1.0,12.059482,109.49,0.9462,14.6,305.93
50,5,walking,up,0.85,gradient,0.0,30,0.126667,0.152978,0.0,0.4,0.0,178.464286,1.0,4.83,230.97
50,5,walking,up,0.85,gradient,10.0,30,0.76,0.177337,0.4,1.0,10.732989,91.746667,0.7218,7.73,305.1
50,5,walking,up,0.85,gradient_scf,0.0,30,0.94,0.093218,0.8,1.0,1.893925,93.615,0.9346,13.7,233.47
50,5,walking,up,0.85,gradient_scf,10.0,30,0.946667,0.089955,0.8,1.0,12.059482,109.49,0.9462,14.6,305.93
50,5,walking,up,0.85,managed,0.0,30,0.94,0.093218,0.8,1.0,1.893925,93.615,0.9346,13.7,233.47
50,5,walking,up,0.85,managed,10.0,30,0.946667,0.089955,0.8,1.0,12.059482,109.49,0.9462,14.6,305.93
50,5,walking,up,0.85,trickle,0.0,30,0.94,0.093218,0.8,1.0,1.893925,93.615,0.9346,13.7,233.47
50,5,walking,up,0.85,trickle,10.0,30,0.946667,0.089955,0.8,1.0,12.059482,109.49,0.9462,14.6,305.93
50,5,walking,up,0.95,flood,0.0,30,0.94,0.093218,0.8,1.0,2.053069,98.668333,0.9335,13.97,256.4
50,5,walking,up,0.95,flood,10.0,30,0.933333,0.095893,0.8,1.0,12.012248,117.635,0.9311,14.3,339.57
50,5,walking,up,0.95,gradient,0.0,30,0.16,0.161031,0.0,0.4,0.0,204.823529,1.0,5.6,256.63
50,5,walking,up,0.95,gradient,10.0,30,0.82,0.168973,0.4,1.0,10.774574,92.591111,0.7435,8.5,339.0
50,5,walking,up,0.95,gradient_scf,0.0,30,0.94,0.093218,0.8,1.0,2.053069,98.668333,0.9335,13.97,256.4
50,5,walking,up,0.95,gradient_scf,10.0,30,0.933333,0.095893,0.8,1.0,12.012248,117.635,0.9311,14.3,339.57
50,5,walking,up,0.95,managed,0.0,30,0.94,0.093218,0.8,1.0,2.053069,98.668333,0.9335,13.97,256.4
50,5,walking,up,0.95,managed,10.0,30,0.933333,0.095893,0.8,1.0,12.012248,117.635,0.9311,14.3,339.57
50,5,walking,up,0.95,trickle,0.0,30,0.94,0.093218,0.8,1.0,2.053069,98.668333,0.9335,13.97,256.4
50,5,walking,up,0.95,trickle,10.0,30,0.933333,0.095893,0.8,1.0,12.012248,117.635,0.9311,14.3,339.57
